,pmrB-G206D_AMR,soxR-G121D_AMR,pmrB-T156M_AMR,blaEC_AMR,parE-I529L_AMR,iss_VIR,IncFIA_PLASMID,gyrA-D87N+parC-S80I_AMR,parC-E84V_AMR,gyrA-S83L_AMR,mdtM_AMR,iha_VIR,sat_VIR,iucABCD_VIR,IncFIB_PLASMID,aac(6')-Ib-cr+blaOXA-OH_AMR,blaCTX-M-15_AMR,papCFGII_VIR,hlyA-alpha_VIR,cnf1_VIR,aac(3)_AMR,acrB-R717L_AMR,fdeC_VIR,acrF_AMR,marR-R94H_AMR,erm(B)_AMR,blaOXA-CH_AMR,p0111_PLASMID,ptsI-V25I_AMR,pmrB-V161G_AMR,blaCTX-M-24_AMR,astA_VIR,blaCTX-M-1_AMR,tsh_VIR,ibeA_VIR,sslE_VIR,iroBCDEN_VIR,mchF_VIR,cvaC_VIR,sfaF_VIR,focG_VIR,papG-III_VIR,mchB_VIR,ireA_VIR,lnu(F)+qacL_AMR/STRESS,qnrB_AMR,blaDHA_AMR,acrR-R45C_AMR,IncR_PLASMID,IncP6_PLASMID,qacF_STRESS,aph(3')-Ia_AMR,ncr_STRESS,BlaKPC_AMR,pKPC_PLASMID,qepA4_AMR,blaNDM+ble_AMR,rmtB1/C_AMR,cdtB_VIR,blaCMY_AMR,cmlA_AMR,ant(2'')-Ia_AMR,blaCARB-2_AMR,blaFOX-5_AMR,catB_AMR,merD_STRESS,merE_STRESS,merA_STRESS,arr_AMR,floR_AMR,IncC_PLASMID,aac(6')_AMR,blaVIM_AMR,qnrA_AMR,mcr+merB+terW+terZ_AMR/STRESS,IncHI+terD_PLASMID/STRESS,aph(3')-VI+terB+terC+terE_AMR/STRESS,IncN_PLASMID,qnrS1_AMR,blaLAP+blaSHV_AMR,basR-G53S_AMR,ampC-T32A_AMR,blaCTX-M_AMR,IncX_PLASMID,IncI_PLASMID,blaCTX-M-55_AMR,blaTEM-ES_AMR,kefB+psi-GI+trxLHR_STRESS,IncY_PLASMID,nfsA-R203C_AMR,nfsA-R15C_AMR,glpT-E448K_AMR,capU_VIR,afaC+nfaE_VIR,IncFII_PLASMID,blaTEM-CA_AMR,parC-S57T_AMR,merCPRT_STRESS,IncQ1_PLASMID,catA_AMR,papA_VIR,papE_VIR,papH_VIR,aap_VIR,aar+aatA+agg3DCB+agg5A+aggR_VIR,espX1_VIR,iutA_VIR,parC-S80R_AMR,rpoB-Q513L_AMR,rep21_PLASMID,parE-E460D_AMR,blaCTX-M-27_AMR,aph(6)-Id_AMR,aph(3'')-Ib_AMR,tet_AMR,dfrA_AMR,aadA+qacE_AMR/STRESS,sul_AMR,mph(A)_AMR,Col_PLASMID,senB_VIR,pmrB-E123D_AMR,ymgB_STRESS,uhpT-E350Q_AMR,blaCTX-M-195_AMR,parC-A56T_AMR,blaTEM-IR_AMR,dfrB_AMR,blaCTX-M-14_AMR,IncB/O/K/Z_PLASMID,emrE_STRESS,ybtPQ_VIR,emrD_AMR,parE-L445H_AMR,pcoABCDERS+sil_STRESS,acrB-R620C_AMR,sat2_AMR,marR-R77C_AMR,ampC-C11T_AMR
pmrB-G206D_AMR,1.0,-0.0027819308775916497,-0.0016043264774505,0.0032141238079017344,0.010780071177785884,0.021293487830660172,0.029525668979435662,0.02536589148357056,0.027612313852562412,0.017692453866257132,0.013206580780801093,0.01721874968426192,0.017123177317034353,0.014726681196646534,-0.03002654515089061,-0.02994299190881843,-0.03851847891318367,-0.030361086698319373,-0.024025212052289278,-0.022499423110308673,-0.03417853106948282,-0.0027819308775916545,0.006873140826715698,0.0035955454910322443,-0.0016043264774505005,-0.006263438400113544,-0.0027819308775916545,-0.0039409676701749295,0.0016043264774504293,-0.0032141238079016967,-0.0027819308775916536,-0.009088413814625926,-0.0016043264774505,-0.002270147559591377,-0.010513877829373016,-0.007436747875863718,-0.006472580883325473,-0.006472580883325476,-0.0060475737495120545,-0.004259160543528206,-0.003214123807901696,-0.0022701475595913764,-0.0022701475595913773,-0.004259160543528207,-0.001604326477450498,-0.003595545491032337,-0.0016043264774505,-0.0016043264774504996,-0.0016043264774504976,-0.0016043264774504976,-0.0016043264774504992,-0.004834956621682303,-0.002270147559591376,-0.008461980951445434,-0.002781930877591652,-0.001604326477450499,-0.006263438400113545,-0.002270147559591376,-0.0027819308775916506,-0.0050994098883619075,-0.004259160543528208,-0.00359554549103234,-0.0022701475595913773,-0.0016043264774504987,-0.005351372021994096,-0.002781930877591653,-0.002270147559591377,-0.001604326477450501,-0.0032141238079016945,-0.003214123807901694,-0.005099409888361897,-0.004259160543528204,-0.002270147559591377,-0.0016043264774504979,-0.0016043264774504992,-0.0022701475595913764,-0.001604326477450499,0.0972841232053172,-0.005592533434187985,-0.0016043264774504979,-0.001604326477450501,-0.00394096767017493,-0.004259160543528211,0.08442983416955732,-0.01263322020208239,-0.0016043264774504996,-0.003214123807901695,-0.005099409888361909,-0.011548938224991648,-0.0022701475595913773,-0.0016043264774504996,0.004834956621681975,-0.0027819308775916484,-0.024864412979183324,-0.07581565551312845,0.005156061784054447,-0.002270147559591377,-0.01419655158153296,-0.005592533434187971,-0.005351372021994087,-0.007791870679544565,-0.009822829115699459,-0.012160366331239056,-0.003940967670174927,-0.003595545491032345,-0.001604326477450499,-0.006047573749512073,-0.003940967670174931,-0.0027819308775916558,-0.001604326477450501,-0.004555835250593439,-0.017880094600976545,-0.03019374823802594,-0.03255232088640771,-0.04968619915345571,-0.05824427565829961,-0.05676040574126688,-0.06167833469762964,-0.05199901766117028,-0.05344673949318685,-0.047484461667158806,0.0032141238079015527,-0.14522657416470397,0.0016043264774505761,-0.001604326477450501,-0.0016043264774505007,-0.004555835250593437,-0.0016043264774505007,-0.00604757374951207,-0.005824237730666516,0.004555835250593244,0.0027819308775913747,0.0016043264774505167,-0.0066756346207780745,-0.0027819308775916545,-0.0032141238079016945,-0.0035955454910323397,-0.0016043264774504987,-0.0022701475595913773
soxR-G121D_AMR,-0.0027819308775916497,1.0,-0.0019660067234399284,0.003938717651998368,0.01321033637016807,0.02609390347224749,0.036181952079902116,0.031084392050922834,0.03383724911785993,0.021681050424654236,0.016183879636499213,0.021100554110584643,0.020983435856173693,0.018046672328548532,-0.03679574605172287,0.006506955222999111,-0.007393644117897914,-0.037205706830130046,-0.02944146910916278,-0.027571705466508677,-0.04188375796595126,-0.0034090909090909024,0.008422625485771756,0.004406127249758094,-0.001966006723439928,-0.007675471407816986,-0.0034090909090909033,-0.004829421595494665,0.0019660067234398395,-0.003938717651998636,-0.003409090909090903,-0.01113731083797451,-0.0019660067234399275,-0.0027819308775916506,-0.012884132246462338,-0.00911329241895327,-0.00793176308780286,-0.007931763087802841,-0.007410942111317489,-0.005219348045725245,-0.003938717651998639,-0.0027819308775916523,-0.0027819308775916558,-0.005219348045725264,-0.00196600672343993,-0.004406127249758509,-0.001966006723439928,-0.0019660067234399258,-0.001966006723439933,-0.001966006723439935,-0.0019660067234399266,-0.0059249519093355,-0.0027819308775916545,-0.010369654604591293,-0.0034090909090909046,-0.0019660067234399275,-0.00767547140781697,-0.0027819308775916566,-0.0034090909090909046,-0.00624902366632226,-0.005219348045725268,-0.00440612724975853,-0.0027819308775916623,-0.001966006723439934,-0.006557788282337522,-0.0034090909090909046,-0.0027819308775916514,-0.0019660067234399284,-0.003938717651998635,-0.003938717651998636,-0.0062490236663222485,-0.0052193480457252564,-0.002781930877591654,-0.00196600672343993,-0.0019660067234399266,-0.0027819308775916497,-0.0019660067234399266,-0.013530178895403991,-0.00685331725631599,-0.00196600672343993,-0.0019660067234399284,-0.004829421595494644,-0.005219348045725246,-0.015337928024980864,-0.015481260332660299,-0.0019660067234399258,-0.003938717651998644,-0.006249023666322239,-0.014152537228586993,-0.00278193087759165,-0.0019660067234399258,0.005924951909335913,-0.003409090909090899,0.016981438705581824,0.036693356520671745,0.025894548511091835,-0.002781930877591655,-0.017397030000595202,-0.006853317256316,-0.006557788282337495,-0.009548474303374245,-0.012037293129610195,-0.01490180602435782,-0.004829421595494654,-0.004406127249758499,-0.0019660067234399275,-0.007410942111317487,-0.004829421595494661,-0.003409090909090906,-0.0019660067234399284,-0.005582905262390825,-0.021910992990107656,-0.03700064349504774,-0.03989093406221991,-0.060887483296480985,-0.03166221026558237,-0.030033728094555602,-0.035354135511789946,-0.024647909458709996,-0.06549580192463654,-0.05818938489684083,0.003938717651998745,0.00933316741183204,0.001966006723440024,-0.0019660067234399284,-0.001966006723439928,-0.005582905262390815,-0.0019660067234399284,-0.007410942111317477,-0.0071372570971959,0.005582905262390217,0.003409090909090621,0.001966006723440011,-0.008180593371826965,-0.0034090909090909085,-0.0039387176519986395,-0.004406127249758503,-0.001966006723439927,-0.0027819308775916506
pmrB-T156M_AMR,-0.0016043264774505,-0.0019660067234399284,1.0,0.0022714399797646176,0.007618338969311679,0.015048231635721176,0.020865961909838932,0.01792622297140607,0.019513782718737948,0.012503359999125732,0.00933316741183196,0.01216859049991724,0.012101048952404988,0.010407431212535399,0.05343027209385476,0.053579364491562614,0.041650826375217755,0.052841536714142164,0.06677678739978603,0.07130522723115676,0.04693959708768647,-0.0019660067234399297,0.00485728857798602,0.002540992900558178,-0.0011337868480725635,-0.004426408328712821,-0.0019660067234399292,-0.0027851047626067586,0.0011337868480727137,-0.002271439979764521,-0.0019660067234399297,-0.006422834876626167,-0.0011337868480725637,-0.0016043264774505,-0.007430218582522049,-0.005255592956045327,-0.004574210537410235,-0.0045742105374102365,-0.004273855525243121,-0.0030099735159615395,-0.0022714399797645213,-0.0016043264774505002,-0.0016043264774505002,-0.003009973515961541,-0.0011337868480725633,-0.0025409929005580784,-0.0011337868480725633,-0.0011337868480725641,-0.0011337868480725626,-0.0011337868480725626,-0.0011337868480725643,-0.0034168919516781374,-0.0016043264774504985,-0.005980131130563732,-0.00196600672343993,-0.0011337868480725643,-0.004426408328712825,-0.0016043264774505007,-0.0019660067234399284,-0.0036037826125912696,-0.003009973515961543,-0.0025409929005580836,-0.0016043264774505002,-0.0011337868480725628,-0.0037818457171648785,-0.0019660067234399305,-0.0016043264774505,-0.001133786848072563,-0.0022714399797645205,-0.0022714399797645213,-0.0036037826125912627,-0.0030099735159615395,-0.0016043264774505005,-0.001133786848072563,-0.0011337868480725643,-0.0016043264774505015,-0.0011337868480725643,-0.00780279065212806,-0.003952275889110026,-0.0011337868480725628,-0.0011337868480725628,-0.0027851047626067577,-0.0030099735159615434,-0.008845311088753362,-0.008927970157724688,-0.0011337868480725641,-0.0022714399797645205,-0.00360378261259127,-0.00816170178123987,-0.0016043264774504992,-0.0011337868480725641,0.003416891951678207,-0.001966006723439928,-0.01757182519710214,-0.05357936449156272,-0.030224518350007775,-0.001604326477450501,-0.0100327855317232,-0.003952275889110015,-0.003781845717164875,-0.005506560305847992,-0.006941850439283748,-0.008593801578350277,-0.0027851047626067543,-0.0025409929005580844,-0.0011337868480725641,-0.00427385552524313,-0.0027851047626067573,-0.0019660067234399305,-0.001133786848072563,-0.003219635256108639,-0.012635966797167037,-0.021338097405641174,-0.023004914407382917,-0.035113525783370576,-0.041161568200154916,-0.040112908703581765,-0.04358843768652306,-0.03674800806791947,-0.03777112150267147,-0.03355754510240672,0.002271439979764448,0.005382393832244567,0.0011337868480725483,-0.0011337868480725637,-0.0011337868480725635,-0.0032196352561086406,-0.0011337868480725637,-0.0042738555252431285,-0.004116022662401915,0.00321963525610891,0.0019660067234399227,0.0011337868480724986,-0.004717709794083718,-0.00196600672343993,-0.0022714399797645196,-0.002540992900558081,-0.001133786848072564,-0.0016043264774504996
blaEC_AMR,0.0032141238079017344,0.003938717651998368,0.0022714399797646176,1.0,0.21980000732680874,-0.030147778676602593,0.07119320128558344,0.08605445200907053,0.07752784384183112,0.12998743554767947,0.17785513145462292,0.13390346659823205,0.13471868925738606,0.03892517089968232,-0.06965400122283114,0.04239393283812139,0.054535292032429857,0.04298588044576365,0.03401541266376983,0.03185516781821623,0.0483907004042095,0.003938717651998951,-0.009731140811914797,-0.005090650744835377,0.002271439979764586,0.00886791098493831,0.003938717651998944,0.0055797069055546255,-0.002271439979764564,0.004550625711035484,0.003938717651998765,-0.07876199324762967,0.0022714399797645127,0.00321412380790169,-0.22555579305156107,-0.3215138277915673,-0.3701404717668161,-0.37014047176681614,-0.3964643826579428,0.006030211228689376,0.0045506257110352845,0.0032141238079016715,0.003214123807901557,-0.5644708439426666,-0.499148935553253,-0.2196615796396574,0.0022714399797646055,0.0022714399797644186,0.0022714399797643735,0.002271439979764339,0.0022714399797645712,0.006845435717278972,0.0032141238079018103,0.011980654879961626,0.003938717651998586,0.0022714399797644225,0.008867910984938146,0.0032141238079017747,0.003938717651998613,0.00721985434787491,0.006030211228689176,0.0050906507448353795,0.0032141238079015718,0.0022714399797644285,0.007576587763275908,0.003938717651998625,0.0032141238079016602,0.0022714399797645604,0.0045506257110354545,0.004550625711035358,0.007219854347874839,0.006030211228689316,0.003214123807901626,0.002271439979764512,0.0022714399797645365,0.0032141238079017136,0.0022714399797645318,0.01563218930534141,0.00791802928464512,0.0022714399797645526,0.0022714399797646124,0.0055797069055543115,0.006030211228689081,0.01772078523807579,-0.05018981377942403,0.002271439979764452,0.004550625711035106,0.007219854347874577,0.016351235472822023,0.0032141238079017014,0.0022714399797643826,-0.0068454357172790135,0.00393871765199836,0.03520357141025548,0.0699075952500611,-0.007300063321929759,0.0032141238079016897,0.02009978348567012,0.007918029284644641,0.00757658776327557,0.011031898324584087,0.013907373020017199,0.0172169085542072,0.005579706905554662,0.0050906507448356545,0.002271439979764449,0.008562285163457244,0.005579706905554489,0.003938717651998787,0.002271439979764701,0.006450249668548669,0.025315023026466793,0.005449225017198023,0.00988191704417385,0.002829164415506363,0.013639992895631196,0.011868222541119345,0.052466369338186325,0.03976318661720561,0.07567104487722959,0.06722952351929173,-0.004550625711035147,-0.010783141961985607,-0.0022714399797647816,0.002271439979764562,0.002271439979764578,0.006450249668548119,0.002271439979764525,0.008562285163457356,0.008246081217902946,-0.006450249668547925,-0.0039387176519982605,-0.002271439979764632,0.009451507271782067,0.003938717651998736,0.004550625711035273,0.00509065074483594,0.0022714399797644836,0.003214123807901784
parE-I529L_AMR,0.010780071177785884,0.01321033637016807,0.007618338969311679,0.21980000732680874,1.0,0.29438601909738393,0.05956934509478096,0.09518445682551271,0.3904081068811068,0.14171671053996532,0.284789944493938,0.16515252883413406,0.24932651433922678,0.13521625877178817,-0.03239300179975255,0.1305086802753526,0.17214741121039684,0.1093429276083352,0.04864652929830364,0.03870545031107175,-0.004340605531403421,0.01321033637016812,0.041830542314131594,-0.01707388409732825,0.007618338969311694,-0.01097482475309998,0.013210336370168115,0.01871416323328597,-0.00761833896931196,0.01526265694800621,0.013210336370168167,-0.15695967689684498,-0.148823365912136,-0.21058743696139867,-0.35016462978178065,-0.37907143702589313,-0.4031844739339965,-0.3242898721647508,-0.35038380394797713,-0.21710109509013117,-0.21980000732680915,0.010780071177785906,0.010780071177785885,-0.21710109509013142,-0.14882336591213594,-0.05304816082332681,0.007618338969311731,0.007618338969311743,0.007618338969311696,0.0076183389693116835,0.0076183389693117365,-0.08181132459549179,0.010780071177785856,-0.05150036368743398,-0.07721390405509124,0.007618338969311746,-0.09240986892946415,0.010780071177785828,0.01321033637016815,-0.07523595975536289,0.020225140706322944,0.017073884097328195,0.010780071177785825,0.007618338969311674,0.025411639455847474,-0.07721390405509115,-0.09990368289180648,0.007618338969311727,0.015262656948006128,0.01526265694800614,0.024215166687729026,-0.09843797719190438,-0.09990368289180639,0.007618338969311719,0.007618338969311745,0.010780071177785906,0.007618338969311724,-0.019346217888835088,-0.018888283514176932,0.007618338969311679,0.007618338969311711,0.018714163233285983,0.020225140706322992,0.05943496193988495,-0.04620750540489096,0.007618338969311716,0.015262656948006145,0.02421516668772916,0.008875635179001903,0.0107800711777859,0.00761833896931174,-0.022959378258488178,0.013210336370168082,0.06675764497769934,0.04468007722409448,-0.019191765154490763,-0.21058743696139878,-0.04794758839641447,-0.10977849791754571,0.025411639455847533,0.03700064349504771,0.02003802060872041,0.05774497523073083,0.01871416323328598,0.017073884097328275,0.00761833896931175,0.02871763784570215,0.018714163233285987,0.013210336370168224,0.007618338969311698,-0.4226164350362998,-0.043059757690488205,-0.10100691105736427,-0.08264322218490056,0.004222603386585208,-0.0025655419329189584,0.0024080632700043143,-0.011639609279876555,0.02508715527683288,0.03134690074860764,0.004493029582449468,-0.015262656948005762,0.031349243518047,-0.007618338969311715,0.007618338969311729,0.007618338969311717,0.021633936555429646,0.007618338969311787,0.02871763784570212,0.02765709965753617,-0.021633936555429906,-0.01321033637016803,-0.007618338969311668,-0.6192570077398303,-0.1676381444803508,-0.14144578590187074,0.01707388409732826,0.00761833896931172,0.0107800711777859
iss_VIR,0.021293487830660172,0.02609390347224749,0.015048231635721176,-0.030147778676602593,0.29438601909738393,1.0,0.2798356452530336,0.3997065880365678,0.5328916149265084,-0.06347277758522185,-0.0766309212766616,0.1808968362691232,0.21192041610740903,0.228244759977929,0.1805406060123638,0.2538657116411076,0.24936341981758692,0.12378088141659904,0.05141978589499838,0.037817181778802285,0.006055535048807886,0.02609390347224757,0.15067028164292856,0.12834017634869063,0.015048231635721183,-0.08240941919753193,-0.026153073321390975,0.03696541520895675,-0.015048231635721004,-0.1509439803127848,-0.130647026908668,-0.09645276673478761,0.015048231635721143,0.0212934878306602,0.06972138176670092,0.00989722072037372,0.06071139371083985,0.060711393710839875,0.0567249197067322,0.03994999480067737,0.030147778676602437,0.02129348783066015,0.02129348783066015,0.03994999480067732,0.015048231635721113,0.033725430681547125,0.01504823163572115,0.015048231635721169,0.015048231635721103,0.01504823163572109,0.015048231635721132,-0.01518550295496421,-0.04265940249067643,-0.061893396277394985,-0.13064702690866814,-0.07534352710129774,-0.03535638515199641,0.021293487830660134,0.026093903472247534,-0.12455673991617192,-0.02861335876394487,-0.04730737283357155,-0.10661229281201293,-0.07534352710129773,-0.0046252382530942715,0.026093903472247562,0.02129348783066017,0.015048231635721143,0.030147778676602403,0.030147778676602417,-0.009631346660184725,0.005668318018366246,0.021293487830660172,0.015048231635721119,0.015048231635721132,0.021293487830660165,0.015048231635721143,0.020618636119878946,-0.026317582657414525,0.015048231635721113,0.01504823163572115,0.03696541520895686,0.03994999480067738,0.05554035096513322,-0.041041658405290435,0.015048231635721172,-0.015125161070744424,0.04783134996780905,-0.0643071194904659,0.0212934878306602,0.01504823163572117,0.10599001159537112,0.026093903472247493,-0.011382862182327229,-0.14589368520768092,-0.13704332582426998,0.021293487830660145,0.05539549348554841,-5.9474763067677906e-05,-0.05944517620587557,0.03491096137109369,-0.0923449148775332,-0.07625658772937965,-0.03704923701215163,-0.006790971076012183,-0.07534352710129776,0.03238667670330935,-4.191090159744525e-05,0.02609390347224764,-0.07534352710129774,-0.2139543923862748,-0.07258805532333219,-0.16057823800695895,-0.1319734440155653,0.027871765079995392,0.04383868799610416,0.03849703841348693,0.031811958922769654,0.036068938262181535,-0.14134160545364644,-0.20521309082947764,0.015125161070744242,0.04559310841900769,-0.015048231635721119,-0.07534352710129776,0.015048231635721193,0.04273273869671517,0.015048231635721193,0.05672491970673232,0.029387607964647382,-0.01064684731134095,0.07840005011502983,0.07534352710129795,-0.31350592603086586,-0.07840005011502947,-0.06039810081809116,-0.0067909710760122284,-0.07534352710129774,-0.10661229281201284
IncFIA_PLASMID,0.029525668979435662,0.036181952079902116,0.020865961909838932,0.07119320128558344,0.05956934509478096,0.2798356452530336,1.0,0.7737473999608908,0.7019853196182277,0.5527182038599984,0.3785073843406341,0.2429195519447912,0.16669801750162563,0.13120702225758266,0.16061806579609147,0.15925404602760534,0.22677833831479619,0.037689598907722,-0.014684926094661318,-0.008702080445608107,-0.09485076897933022,0.03618195207990221,-0.05359493678213272,-0.01305570908740725,0.02086596190983893,-0.07512296060237873,-0.050753187203236884,0.02046771201977351,-0.020865961909838786,0.004137651602577296,-0.09422075684480632,-0.14290363059974392,0.02086596190983896,-0.023680791650853444,-0.34407237767236243,-0.25187398399146654,-0.12440579385577254,-0.10544319831379993,-0.1035816447863861,-0.08721060705304924,-0.10885862772966468,-0.07688725228114265,-0.02368079165085346,-0.05868950852421871,-0.05433666815704995,-0.02065245209440765,0.020865961909838953,-0.05433666815704997,0.020865961909838898,0.02086596190983888,-0.054336668157049975,-0.06302631578535614,-0.023680791650853482,-0.00747023381138627,-0.05075318720323688,0.020865961909838946,0.042316238356429996,-0.02368079165085353,-0.09422075684480631,-0.10100078416708994,0.026873787062272954,0.013055709087407425,0.029525668979435628,0.02086596190983891,-0.09002837602139187,-0.00728561756166735,-0.02368079165085345,0.02086596190983896,0.004137651602577431,0.04180307804665805,0.018516359252288842,-0.0016473114665575739,-0.02368079165085348,0.020865961909838922,0.02086596190983895,0.029525668979435676,0.020865961909838953,0.01708882440716241,0.029045243039721093,0.02086596190983889,0.020865961909838953,0.05125645088427085,0.05539488559110354,0.028978792907803513,-0.009261858964956383,-0.05433666815704997,0.004137651602577325,0.06632321662004016,0.028677425910743015,0.02952566897943555,0.020865961909838946,0.0630263157853569,0.03618195207990212,-0.33028803801970974,-0.0581966815702748,-0.1713682804270764,-0.07688725228114267,-0.2220299502322433,-0.08018367350233058,-0.09002837602139177,0.0378209773540963,-0.06409541118107792,-0.06351441307095697,-0.13347598230271338,-0.1217769356398532,-0.05433666815704996,-0.06308459260733866,-0.07189850457371877,0.03618195207990219,-0.05433666815704996,0.05925345379666795,0.14796785854263078,0.0906156524463801,0.11928608321777567,0.1652251454454705,0.15368582401951467,0.1526832950043586,0.16958616658505588,0.15834442772216525,-0.12978783945691294,-0.20192414562777491,-0.04180307804665825,0.014536845871806708,-0.020865961909838977,0.020865961909838887,0.02086596190983893,-0.020829402890767488,0.020865961909838898,0.017909511750756654,-0.050254483412496026,-0.032559168234188855,0.05075318720323775,0.05433666815705005,0.08682368562695222,0.03618195207990223,0.04180307804665807,-0.054360613276222755,0.020865961909838946,-0.07688725228114261
gyrA-D87N+parC-S80I_AMR,0.02536589148357056,0.031084392050922834,0.01792622297140607,0.08605445200907053,0.09518445682551271,0.3997065880365678,0.7737473999608908,1.0,0.9186441824112666,0.6974899296449514,0.4676107881028147,0.32008081157612556,0.23757026325700586,0.19349418232036042,0.17208222055316472,0.32851320054428657,0.37455034600397197,0.16454316772874505,0.07150973555110421,0.08170240206468178,-0.015843945753360962,0.031084392050922807,-0.03815844334066415,-0.0037909149620518733,0.017926222971406062,0.006603771918365153,0.031084392050922786,0.010801770606004693,-0.017926222971405458,-0.004742433684823052,-0.10967211144120473,-0.15062136027321674,-0.06324739181706349,-0.08949606841382839,-0.41448879635012403,-0.2931790463852012,-0.1732958760423693,-0.15282767666497304,-0.15098868548652386,-0.10633769481443364,-0.12671046117119433,-0.0894960684138284,-0.03206508846512892,-0.0755520605452057,-0.06324739181706344,0.003790914962052387,0.01792622297140604,0.017926222971406076,0.01792622297140606,0.017926222971406083,0.017926222971406093,-0.0818828859295011,-0.03206508846512894,0.046979398331315966,-0.06275327694382885,0.017926222971406083,0.06998562630876139,0.025365891483570577,-0.10967211144120464,-0.09782881718930884,0.016804842262477696,0.003790914962052398,0.02536589148357055,0.01792622297140606,0.05979449284017072,-0.015834442446452993,-0.03206508846512896,0.01792622297140608,0.035913575477300674,0.03591357547730068,0.031177821965648916,0.016804842262477717,-0.032065088465128934,0.017926222971406072,0.017926222971406093,0.02536589148357058,0.017926222971406086,0.06129805553404946,0.03890884386925257,0.017926222971406065,0.01792622297140607,0.04403509271437445,0.047590476531705526,0.08430160175121945,-0.046191981142517956,-0.06324739181706349,-0.004742433684823052,0.056979149796640455,0.009791414060174386,0.025365891483570536,0.01792622297140608,0.08188288592950191,0.031084392050922862,-0.3744990179025224,-0.14065116953129755,-0.20315555837180116,-0.08949606841382841,-0.2603798409788392,-0.1025730056978716,-0.087893723041985,-0.0157821394755281,-0.09732734478369227,-0.12618530336264372,-0.15536483993584413,-0.1417472551028287,-0.06324739181706347,-0.12913245445626176,-0.1553648399358443,0.031084392050922817,-0.06324739181706346,0.050905423348066206,0.1333883025571213,0.04753409484555736,0.08238418414805677,0.1452930955035638,0.1382864872496538,0.14633388582154713,0.14742123843364038,0.15896735695822287,-0.1777957457180618,-0.2502549905259224,-0.035913575477301334,0.0024796225205662445,-0.01792622297140597,0.017926222971406083,0.017926222971406062,-0.035535901298746224,0.017926222971406072,0.06757362481610006,-0.02559483481631041,-0.022091648465794412,0.06275327694383011,0.0632473918170636,0.0745913729965214,0.031084392050922866,0.035913575477300744,0.040175457478272586,-0.06324739181706346,-0.08949606841382836
parC-E84V_AMR,0.027612313852562412,0.03383724911785993,0.019513782718737948,0.07752784384183112,0.3904081068811068,0.5328916149265084,0.7019853196182277,0.9186441824112666,1.0,0.6407450661587778,0.42757793681542267,0.2805792150286884,0.2428365993893008,0.2002386275713272,0.19159576847678042,0.352614441173516,0.4044349627042032,0.18496399878602107,0.09742272150150529,0.10464402614722541,-0.04175313351513685,0.03383724911786002,-0.028180329867033806,-0.008943682638113447,0.019513782718737955,-0.004621347862342308,0.033837249117860006,0.01615822689230607,-0.019513782718737445,0.0002201244856384809,-0.1007496471482227,-0.13057476782311858,-0.058101848545431184,-0.08221504259704397,-0.3807677214416898,-0.26932722536664816,-0.15612504992571485,-0.13655400803411827,-0.13542434085372065,-0.09537610173733224,-0.11640182800556612,-0.082215042597044,-0.02730136437224085,-0.06593985642657939,-0.05810184854543117,0.008943682638113806,0.019513782718737917,0.01951378271873784,0.0195137827187378,0.01951378271873782,0.019513782718737813,-0.07114140899909521,-0.027301364372240816,0.011951247991760106,-0.10074964714822283,0.019513782718737847,0.015579890565619675,0.0276123138525624,-0.10074964714822296,-0.08599719316478877,0.02236887950567973,0.00894368263811374,0.027612313852562367,0.0195137827187378,0.06508993795968043,-0.01102504963750099,-0.02730136437224078,0.01951378271873787,0.039094108649373197,0.039094108649373197,0.03735485616027359,-0.007067365805073232,-0.027301364372240844,0.019513782718737816,0.019513782718737802,0.027612313852562374,0.01951378271873782,0.06307431174450537,0.022929755251812567,0.019513782718737806,0.019513782718737868,0.04793487354243155,0.05180512481643275,0.09912194935641315,-0.025478842333285436,-0.05810184854543118,0.00022012448563836278,0.062025266025286366,0.003641588140470713,0.027612313852562548,0.019513782718737847,0.07114140899909586,0.033837249117859965,-0.3340311114356511,-0.14980896783321937,-0.21500698582838884,-0.08221504259704401,-0.2470439890122517,-0.08980395236149767,-0.07612484144670255,-0.003563779851217044,-0.07853029489116775,-0.11355996443538194,-0.1427250063583209,-0.13021529127297904,-0.05810184854543118,-0.11452610719873364,-0.14272500635832075,0.033837249117860076,-0.058101848545431156,-0.1649928823393639,0.09050415632761831,-0.008036077762152228,0.0316526988394999,0.11313999123890739,0.1065269327699849,0.10726024894068487,0.11349113058795983,0.11886222431040305,-0.19079244889276298,-0.2682409448153109,-0.03909410864937368,0.024600834707050184,0.058101848545431385,0.019513782718737924,0.01951378271873794,-0.027238802247024414,0.019513782718737955,0.07355799569614876,-0.015857108527903275,-0.027862829789910774,0.05588734839286315,0.058101848545431524,-0.24176295606456605,-0.05588734839286185,-0.03865385967809646,0.043733426115887035,-0.05810184854543117,-0.08221504259704397
gyrA-S83L_AMR,0.017692453866257132,0.021681050424654236,0.012503359999125732,0.12998743554767947,0.14171671053996532,-0.06347277758522185,0.5527182038599984,0.6974899296449514,0.6407450661587778,1.0,0.5577019517811631,0.1806600500883251,0.13914257153508924,0.08203627294345527,0.08013606944696872,0.23336148380585378,0.293096459840602,0.1753597701772524,0.1268152100756604,0.1393983875823064,-0.004738255266984566,0.021681050424654316,-0.004449927413532359,-0.02802197700997374,0.012503359999125732,0.048814269570255905,0.021681050424654312,-0.01152972293822615,-0.012503359999125285,0.02504935723296119,0.02168105042465432,-0.04230201761635469,-0.09067857345160339,-0.12831162803939714,-0.5447798528702276,-0.3520068880407167,-0.20973248091662094,-0.18371481013137542,-0.1751243540785324,-0.04507099339925596,-0.026629573693918968,-0.1283116280393972,-0.05530958708657019,-0.12333586492638104,-0.09067857345160336,-0.018227379438263573,0.012503359999125723,0.012503359999125715,0.012503359999125704,0.012503359999125722,0.012503359999125763,-0.10052275525057007,0.0176924538662571,0.06594866794806176,0.02168105042465426,0.012503359999125715,0.048814269570255864,0.017692453866257056,-0.15723827223861384,-0.0586478720054018,-0.005938557635693551,-0.018227379438263618,0.017692453866257077,0.012503359999125713,0.04170605660424623,-0.03795872379643524,-0.05530958708657,0.01250335999912578,0.02504935723296114,0.0250493572329611,0.006945631453457919,-0.0059385576356935825,-0.05530958708657014,0.012503359999125668,0.012503359999125756,0.01769245386625713,0.012503359999125755,0.05448869524857281,0.043585554323033196,0.012503359999125689,0.01250335999912578,0.030714033719258012,0.033193878127868996,0.026933443731276728,-0.027620723515543833,-0.09067857345160339,0.025049357232961176,0.03974238318288799,0.07484842643768007,0.017692453866257122,0.012503359999125718,-0.03768135979225261,0.021681050424654274,-0.37311289089786837,-0.05618995578293485,-0.09254354423135609,-0.12831162803939722,-0.3458829813552373,-0.04633511032004692,-0.14602434941894551,-0.004638974189286145,-0.028737738457146063,0.007873074168019798,-0.18050474956816234,-0.2032248052312145,-0.09067857345160339,-0.06399621562984822,0.030714033719257978,0.02168105042465433,0.012503359999125772,0.03550602014958921,0.12879893798950065,0.15856062848682792,0.1791921630815354,0.10935608433665452,0.11402939962116092,0.13227972181994802,0.12920046656994943,0.12656349894339222,-0.07951135721200527,-0.13660727630328262,-0.025049357232961707,-0.03709172293974496,-0.012503359999125715,0.012503359999125736,0.012503359999125729,-0.07437183893482888,0.012503359999125767,0.04713192281883604,-0.04105126922266853,0.0011199328785508884,0.037958723796436625,0.09067857345160348,0.05202673150346411,0.0216810504246543,0.025049357232961155,0.02802197700997416,0.0125033599991257,0.01769245386625712
mdtM_AMR,0.013206580780801093,0.016183879636499213,0.00933316741183196,0.17785513145462292,0.284789944493938,-0.0766309212766616,0.3785073843406341,0.4676107881028147,0.42757793681542267,0.5577019517811631,1.0,0.3127625284469989,0.2459745677746727,0.10146118928267504,0.00885934812527134,0.13512977714564256,0.15208822665966087,0.05042047553857258,-0.00250357913506118,0.03973296284874328,0.06878168495414279,0.016183879636499157,0.022284124238804843,-0.02091708170146912,0.009333167411831954,0.036437545589133584,0.01618387963649915,-0.030629418748819776,-0.009333167411831758,0.018698161504616125,0.016183879636499154,-0.13836556975229905,-0.12147932186828922,-0.17189517841677643,-0.7961090007988604,-0.5631092558548377,-0.3581634662063828,-0.32517865804407314,-0.31703466521484114,-0.22327987932725468,-0.24337289577436919,-0.17189517841677643,-0.07934429881798746,-0.17366837116269332,-0.12147932186828916,-0.03771715049661749,0.009333167411831971,0.009333167411831962,0.009333167411831983,0.009333167411831976,0.009333167411831987,-0.10328245518046601,0.01320658078080111,0.04922756431788063,0.016183879636499157,0.009333167411831968,0.03643754558913356,0.013206580780801096,-0.2106473222528457,-0.09507186122093961,-0.024833846669010184,-0.03771715049661761,0.013206580780801114,0.009333167411831971,0.03113160049794518,-0.05942652099328259,-0.07934429881798741,0.009333167411831976,0.01869816150461616,0.018698161504616163,-0.011913413020751709,-0.024833846669010118,-0.07934429881798748,0.009333167411831945,0.009333167411831975,0.013206580780801107,0.009333167411831962,0.024219893999733684,0.03253455673217514,0.00933316741183195,0.009333167411831976,0.0229265748258492,0.02477766149555093,-0.016707926622868925,-0.06858611558277034,-0.1214793218682892,0.018698161504616135,0.029665811079342057,0.06718593465716723,0.013206580780801072,0.009333167411831964,-0.028127354508801,-0.21064732225284566,-0.12352296259686993,-0.02770503288180018,-0.060973071786938414,-0.17189517841677648,-0.07818224983116318,-0.1574655331786097,-0.08786927932753355,-0.12040861655105022,-0.0763435712908305,-0.11287259059879273,-0.19129739947282687,-0.21361984709087795,-0.12147932186828919,-0.24659138152467902,-0.2448533930474961,0.016183879636499143,0.009333167411831943,0.02650356625796324,0.1040174294919697,0.039419508401571664,0.0571339133070356,0.14813532686472636,0.12337668945554911,0.1425782572185051,0.1314589196961966,0.17884161797546927,0.02748542342309583,-0.022940343523545875,-0.018698161504616385,0.012147683819628595,-0.009333167411831959,0.009333167411831956,0.00933316741183196,0.026503566257963213,0.009333167411831947,0.03518175323596997,0.03388249620675864,-0.026503566257962848,-0.016183879636498526,-0.00933316741183195,0.038835496622205215,0.016183879636499178,0.01869816150461615,0.020917081701469317,0.009333167411831983,0.01320658078080109
iha_VIR,0.01721874968426192,0.021100554110584643,0.01216859049991724,0.13390346659823205,0.16515252883413406,0.1808968362691232,0.2429195519447912,0.32008081157612556,0.2805792150286884,0.1806600500883251,0.3127625284469989,1.0,0.6382272895633166,0.5162027096954052,0.02352016954975245,0.1563341622297349,0.1979476511191536,0.10519958658784355,0.06765925104171898,0.06054291685158504,0.05726139695188082,0.021100554110584792,0.07322871832617213,0.11438074518593007,0.01216859049991723,0.04750729859770078,0.021100554110584795,0.029891685031578026,-0.012168590499916868,0.02437867664974514,-0.10067584640997987,-0.1813178055986707,-0.09317322725916999,-0.13184160297459382,-0.32436257291818577,-0.43189825116401753,-0.32277848517347296,-0.2962161923115734,-0.2944930810519568,-0.20740438448720844,-0.1866641810142246,-0.13184160297459382,-0.057311426645166134,-0.12750121192952732,-0.09317322725916995,-0.1143807451859296,0.012168590499917208,0.012168590499917205,-0.09317322725916996,0.012168590499917151,0.012168590499917187,-0.13969892315809654,-0.05731142664516609,-0.038710186635715974,-0.03978764614969739,0.012168590499917207,0.02008968770765518,0.01721874968426193,-0.16156404667026197,-0.09525480896857767,-0.08754962565068672,-0.11438074518592967,-0.13184160297459385,-0.09317322725916992,-0.023297304686068252,-0.03978764614969739,-0.05731142664516607,0.012168590499917236,0.024378676649745096,0.024378676649745103,-0.09525480896857777,-0.047598039371846285,-0.0573114266451661,0.012168590499917215,0.012168590499917187,0.01721874968426191,0.012168590499917179,-0.012917527318067354,0.04241857887047741,0.012168590499917184,0.012168590499917245,0.02989168503157812,0.03230513318583485,-0.15017344102773103,-0.1330094099361258,0.012168590499917198,0.024378676649745083,0.0051950273999584054,0.05664540470170529,0.017218749684262003,0.012168590499917208,-0.036672465387226544,0.021100554110584653,-0.09646832074075866,0.0009529855499674255,-0.08187254341467816,0.01721874968426195,-0.008841277745774135,-0.07998535950413556,-0.05524065878202813,-0.007633151497660567,-0.015075448984967677,0.003516572266652777,-0.09949242223745854,-0.06716326131534732,-0.09317322725916996,-0.039220773556330676,-0.013236350724767363,0.021100554110584833,0.012168590499917245,0.034555369077781665,0.03868003958760684,-0.03741488925372758,-0.026928487768295935,0.09317154279501139,0.10921964478106552,0.1355294489716195,0.10164911781750498,0.1596712837267701,0.04874260915631168,0.02711654710029451,-0.024378676649745256,0.1240819240866882,-0.012168590499917184,0.012168590499917257,0.012168590499917227,0.03455536907778155,0.012168590499917262,0.017506405887141807,-0.01465871061176074,-0.03455536907778119,0.03978764614969794,-0.012168590499917068,0.05063374890901844,0.021100554110584795,0.024378676649745135,0.027271706425817763,0.012168590499917191,0.017218749684261996
sat_VIR,0.017123177317034353,0.020983435856173693,0.012101048952404988,0.13471868925738606,0.24932651433922678,0.21192041610740903,0.16669801750162563,0.23757026325700586,0.2428365993893008,0.13914257153508924,0.2459745677746727,0.6382272895633166,1.0,0.7843717603858049,0.005601548202603859,0.1389732592848351,0.1886433343691436,0.0798299074100031,0.03960318560916589,0.022261030015714403,0.03241649142509773,0.020983435856173686,0.07405656769863676,0.11514059184383524,0.012101048952404981,0.047243610172534756,0.020983435856173696,0.029725771759634777,-0.01210104895240474,0.024243363233845704,-0.10131606157617856,-0.2021082507416987,-0.09369327010673974,-0.1325774719002065,-0.25890028619403,-0.43430887493441667,-0.32464837451819184,-0.29797198193494573,-0.296209729092846,-0.20861337835908517,-0.1877060400877962,-0.13257747190020652,-0.05772714729158592,-0.12836697753526805,-0.09369327010673971,-0.11514059184383489,0.012101048952405023,0.012101048952404974,-0.09369327010673968,0.01210104895240501,0.012101048952404983,-0.10523428535877208,0.017123177317034326,-0.03950841567872776,-0.10131606157617859,0.012101048952404974,0.019708225497717485,0.01712317731703431,-0.16246581029235446,-0.12967191691214358,-0.08824377712335967,-0.11514059184383511,-0.13257747190020655,-0.09369327010673971,-0.02379702416011129,-0.040166312860002294,-0.05772714729158591,0.012101048952405016,0.024243363233845797,0.0242433632338458,-0.0960448089434433,-0.04812057671145088,-0.05772714729158588,0.01210104895240499,0.012101048952405009,0.01712317731703434,0.012101048952404993,-0.04615681549985123,0.011450702567604963,0.012101048952404958,0.012101048952405012,0.029725771759634655,0.03212582411236625,-0.07935313830948693,-0.10579752257936123,0.012101048952404991,0.024243363233845735,0.038463622931355225,0.009399313352621052,0.017123177317034253,0.012101048952404991,-0.036468915513199765,0.02098343585617371,0.057416340205072774,0.01898952368293139,-0.0567860336854993,0.017123177317034336,-0.009939465579602963,-0.08074659561350564,-0.055877592608017265,-0.030587860003122108,-0.10583880466574674,-0.027076197134879028,-0.05690081722966386,-0.06772028279621081,-0.09369327010673972,-0.039840886019349334,-0.013587522735014583,0.020983435856173623,0.012101048952404998,0.03436357010957863,0.015876589238685696,-0.008351125151525939,0.001081420365445419,0.11122940361547519,0.10533907507609308,0.13187271098466113,0.097479570281343,0.17076124202317608,0.09510509232008872,0.03791991568280427,0.08173133842697514,0.07952603895209541,-0.012101048952405078,0.012101048952404967,0.012101048952404957,0.0343635701095786,0.012101048952404955,-0.011355459011182945,-0.044700367355533926,-0.034363570109578,0.04016631286000327,-0.01210104895240504,-0.0791214932800924,-0.10131606157617862,-0.08173133842697533,0.02712033529903765,0.012101048952404965,0.017123177317034236
iucABCD_VIR,0.014726681196646534,0.018046672328548532,0.010407431212535399,0.03892517089968232,0.13521625877178817,0.228244759977929,0.13120702225758266,0.19349418232036042,0.2002386275713272,0.08203627294345527,0.10146118928267504,0.5162027096954052,0.7843717603858049,1.0,0.07019607630486273,0.14078348924281475,0.1759797151011812,0.09952597186271558,0.05600703727085166,0.041996073684966585,0.03526398302191328,0.01804667232854841,0.09744107880841185,0.1371612009090513,0.010407431212535389,0.040631570456111175,0.018046672328548393,0.025565463460623678,-0.010407431212535196,0.0208503524123514,-0.11992052824381727,-0.15913825938935272,0.010407431212535451,0.01472668119664651,-0.14163744610491613,-0.21519876192018658,-0.0783872470705913,-0.07838724707059126,-0.05717279124139459,-0.1534238088717878,-0.09870069421171557,-0.06971266618412533,-0.06971266618412536,-0.06289709772324868,0.010407431212535482,-0.03017061751444675,0.010407431212535415,0.010407431212535442,-0.10894012412082556,0.010407431212535494,0.010407431212535456,-0.04856348751919928,0.01472668119664655,-0.03836489080068946,-0.050936927957634645,0.010407431212535446,0.009568646895291988,0.0147266811966466,-0.11992052824381713,-0.15659486881433848,-0.06289709772324871,-0.08366590921174885,-0.15415201356489772,-0.10894012412082554,-0.037665873443636734,-0.050936927957634576,-0.06971266618412532,0.01040743121253545,0.020850352412351433,0.020850352412351468,-0.08072476227767948,-0.06289709772324871,-0.06971266618412536,0.010407431212535456,0.010407431212535479,0.014726681196646565,0.010407431212535435,-0.05614209515136888,-0.03305974561522751,-0.10894012412082552,0.010407431212535435,0.025565463460623546,0.02762961342529028,-0.08215621791685394,-0.0800812580913012,0.010407431212535461,0.020850352412351447,0.033080397527308694,0.00478545342488894,0.014726681196646512,0.01040743121253545,-0.03136486192992081,0.01804667232854855,0.053644084858477846,0.01959586698032887,-0.04556048087278913,0.01472668119664661,0.004086443967091378,0.0016097975893401544,-0.0014754857932218546,0.00014270657307708797,-0.05806674839021775,-0.004875802375962547,0.02556546346062357,0.023324674182855415,0.010407431212535435,0.03923123421911098,-0.023296666919745787,0.018046672328548372,0.010407431212535418,0.029554172827430766,0.006163653922410779,0.03606516785851647,0.04743205928862219,0.12143855617546151,0.11573582840873886,0.1399691408058465,0.13460531588738345,0.16002763131241005,0.055790614478471265,0.002963988506389447,0.03892517089968182,0.027853358690168098,-0.010407431212535404,0.010407431212535399,0.010407431212535402,0.029554172827430832,0.010407431212535404,0.007096559065609081,-0.02887468460678141,-0.02955417282743059,-0.01804667232854791,-0.010407431212535387,-0.07354331000573609,-0.11992052824381742,-0.0987006942117156,0.02332467418285537,0.01040743121253545,0.014726681196646513
IncFIB_PLASMID,-0.03002654515089061,-0.03679574605172287,0.05343027209385476,-0.06965400122283114,-0.03239300179975255,0.1805406060123638,0.16061806579609147,0.17208222055316472,0.19159576847678042,0.08013606944696872,0.00885934812527134,0.02352016954975245,0.005601548202603859,0.07019607630486273,1.0,0.4677769886127073,0.3943742928656437,0.41281377435618116,0.33173582674999597,0.33965703243638234,0.19997296682990737,0.09264904981947743,0.05537436045659431,0.04755717687708305,0.05343027209385475,0.13087903007640778,0.0063525192386772525,-0.021563399294428125,-0.053430272093854064,-0.04251222931776477,-0.03679574605172285,0.04348929375639557,0.05343027209385472,0.07560468739188406,0.039917847712043424,0.0828933848822765,0.19673865863393233,0.1779153586476108,0.2014075784983438,0.028600154643511434,0.032265257709299576,0.02278907112049662,-0.03002654515089062,0.11353491882586796,0.053430272093854696,0.019363918234413625,0.053430272093854723,0.05343027209385472,0.05343027209385471,-0.02121993401195808,-0.0212199340119581,0.08603166522402102,0.02278907112049665,0.0776548277107562,-0.03679574605172286,-0.0212199340119581,0.09202019229649235,0.07560468739188406,0.006352519238677259,-0.043720491058657926,-0.05633460953884494,-0.047557176877082365,-0.030026545150890614,-0.02121993401195808,-0.025507805443438638,0.04950078452907731,0.022789071120496673,-0.021219934011958094,-0.005123485804232626,0.03226525770929959,0.003735186390383181,0.08522333076508216,0.022789071120496638,-0.02121993401195808,0.05343027209385471,0.07560468739188406,0.053430272093854723,0.025212211709167657,-0.030600106776182204,-0.02121993401195808,-0.021219934011958094,-0.021563399294428097,-0.028023021478059497,-0.063375279771927,-0.03534055112930805,-0.021219934011958094,0.03226525770929956,0.003735186390383237,-0.08695280820733096,-0.0300265451508906,-0.021219934011958094,-0.011040588824405782,-0.03679574605172287,-0.2309306794006629,-0.3841811414269108,-0.30303836812727614,-0.03002654515089062,-0.004280801999612121,0.07782643529191112,0.06503849488442566,-0.10306068245685258,-0.11722738760168826,-0.0665366622394516,-0.05212597004399477,-0.04755717687708235,-0.0212199340119581,0.02050951946507775,-0.05212597004399471,0.09264904981947758,-0.021219934011958094,-0.033760440342480484,-0.06857381715397257,-0.0828372717306632,-0.010115228620077812,0.18717168071166543,0.023706830543994965,0.0038456301779437934,0.04569676562834882,0.017925080157823795,0.01589679412297486,0.02975960301232512,0.04251222931776448,0.036303187639230995,0.021219934011958028,-0.021219934011958094,-0.02121993401195809,-0.03376044034248057,0.053430272093854723,0.04060930380210731,-0.035342323515840095,-0.04573414318394514,-0.006352519238676227,0.021219934011958028,-0.070024746903038,-0.03679574605172286,-0.04251222931776481,-0.047557176877082344,0.053430272093854696,-0.030026545150890604
aac(6')-Ib-cr+blaOXA-OH_AMR,-0.02994299190881843,0.006506955222999111,0.053579364491562614,0.04239393283812139,0.1305086802753526,0.2538657116411076,0.15925404602760534,0.32851320054428657,0.352614441173516,0.23336148380585378,0.13512977714564256,0.1563341622297349,0.1389732592848351,0.14078348924281475,0.4677769886127073,1.0,0.7105250248976273,0.41491355737277635,0.2771281443562347,0.31521221611306766,0.32409102943745144,0.09290757871034058,0.09065595727158973,0.04742484209491229,0.053579364491562614,0.07300879030851146,0.04970726696666995,0.00921795015529479,-0.053579364491561775,-0.042393932838121005,-0.036693356520671676,0.0030471492215088086,-0.02116088645006421,-0.02994299190881843,-0.13867687034048531,-0.09808987108969781,-0.00998859613128249,-0.00998859613128249,0.0007292966403634829,-0.05617785026986521,-0.04239393283812101,-0.029942991908818436,-0.02994299190881844,0.000513626059610186,-0.0211608864500642,-0.013923933639066084,-0.0211608864500642,0.053579364491562614,-0.021160886450064212,0.053579364491562594,-0.021160886450064212,-0.0387453585475435,0.022936331802154944,0.0051920518912482025,-0.036693356520671704,-0.021160886450064212,0.07300879030851129,0.022936331802154913,-0.036693356520671676,-0.0435041851642546,0.0005136260596101456,-0.047424842094911795,-0.029942991908818457,-0.02116088645006421,0.133390921392038,0.006506955222999099,0.022936331802154944,0.0535793644915626,0.10734143794612243,0.10734143794612239,0.05152165404424702,0.05720510238908559,-0.029942991908818436,-0.021160886450064198,-0.021160886450064212,-0.02994299190881844,-0.02116088645006421,0.025825145347924683,0.03479243944106711,-0.0211608864500642,-0.021160886450064205,-0.051980921928354185,-0.05617785026986527,-0.05256170790128565,-0.04486389531712203,-0.02116088645006421,-0.042393932838121026,-0.04350418516425454,-0.05350796340853982,-0.029942991908818422,-0.02116088645006421,-0.036336173853657866,0.0929075787103406,0.10105990329397552,-0.2969478672985778,-0.3213751606377693,-0.029942991908818446,-0.10457964129734659,-0.008630492045098597,0.04273540198532675,-0.0712089081526349,-0.07871612215346017,-0.0764662919973011,-0.05198092192835415,-0.04742484209491174,-0.021160886450064212,0.020853325810394095,-0.05198092192835416,0.006506955222999128,-0.021160886450064205,-0.03356079915467894,-0.22819447782632468,-0.2536976419657911,-0.18650484114634835,0.24033877033598708,0.17042919032290085,0.14467414175882812,0.13214203925670173,0.17209401004549352,-0.03187205789635221,-0.11349961626919634,-0.032473752554001464,0.035945151517921194,0.021160886450064344,-0.021160886450064212,-0.02116088645006421,-0.060090956409451994,-0.02116088645006421,-0.05964279086972817,-0.014205983640144474,-0.04602967260963883,-0.006506955222997659,0.02116088645006442,-0.08805087254864007,-0.036693356520671704,-0.04239393283812104,0.0530778832726252,-0.021160886450064212,-0.029942991908818422
blaCTX-M-15_AMR,-0.03851847891318367,-0.007393644117897914,0.041650826375217755,0.054535292032429857,0.17214741121039684,0.24936341981758692,0.22677833831479619,0.37455034600397197,0.4044349627042032,0.293096459840602,0.15208822665966087,0.1979476511191536,0.1886433343691436,0.1759797151011812,0.3943742928656437,0.7105250248976273,1.0,0.5275473848794956,0.3644473245871853,0.34415086640659703,0.20750296445801392,-0.007393644117897941,0.06744313498851508,0.06100702246978695,0.041650826375217755,0.1267576153286543,0.07222327973702738,0.017722876830436544,-0.041650826375217054,-0.05453529203242955,-0.04720210604536053,0.009407190726734814,-0.027221232968073033,-0.03851847891318366,-0.17839306513599024,-0.12618220125333215,-0.040357520345503294,-0.040357520345503294,-0.02843553582491744,-0.07226683784964409,-0.05453529203242958,-0.038518478913183676,-0.03851847891318368,-0.02002646304715886,-0.027221232968073023,-0.030136420268742616,-0.027221232968073026,0.04165082637521776,-0.02722123296807302,0.041650826375217775,-0.027221232968073033,-0.012850049177764007,0.010209052434009975,-0.03594395273250671,-0.047202106045360494,0.04165082637521777,0.03712999334338702,0.058936583781203755,-0.04720210604536048,-0.0646324423261235,-0.04614665044840153,-0.0610070224697865,-0.0385184789131837,-0.027221232968073033,0.09716111899443552,-0.047202106045360494,-0.03851847891318367,-0.027221232968073026,0.014454196312320115,-0.020040547860054724,-0.04274120850411842,-0.04614665044840147,-0.03851847891318369,-0.027221232968073023,-0.02722123296807303,0.010209052434009968,0.041650826375217755,0.02332035479811818,0.045156914142533394,-0.027221232968073023,0.04165082637521778,-0.06686793528456592,-0.07226683784964409,-0.0709708844138823,-0.05539370412437303,-0.02722123296807303,-0.05453529203242958,-0.08652367614812842,-0.023948696419448107,0.058936583781203616,0.04165082637521776,0.012850049177764715,0.07222327973702751,0.029926716249153558,-0.30433187649051857,-0.3016151479883071,-0.03851847891318369,-0.14776906036899268,0.04515691414253348,0.03450780735464483,0.1441157902131306,0.055887561602906165,0.10302251227563386,-0.06686793528456594,-0.061007022469786475,-0.02722123296807303,0.04574047047759986,0.01772287683043655,-0.007393644117897958,-0.02722123296807302,-0.07730063329606161,-0.28929461509562343,-0.29713196777166756,-0.2489696861138758,0.09824673656963964,0.17921429176402917,0.1658807767102486,0.14091371636204578,0.13618260947037336,-0.10473992092401899,-0.24047847937446265,-0.04894894048469573,0.05491877173899305,-0.0416508263752177,-0.02722123296807303,-0.027221232968073026,0.04493514607432239,0.04165082637521775,-0.06552353897617602,-0.04112324200410116,-0.04493514607432112,0.007393644117899224,0.027221232968073134,-0.11326809584961216,-0.047202106045360584,-0.054535292032429565,0.03160478413334493,0.04165082637521778,-0.038518478913183656
papCFGII_VIR,-0.030361086698319373,-0.037205706830130046,0.052841536714142164,0.04298588044576365,0.1093429276083352,0.12378088141659904,0.037689598907722,0.16454316772874505,0.18496399878602107,0.1753597701772524,0.05042047553857258,0.10519958658784355,0.0798299074100031,0.09952597186271558,0.41281377435618116,0.41491355737277635,0.5275473848794956,1.0,0.747805254728921,0.7022300197905179,0.26572479368260193,0.09162817211498699,0.05655493062880784,0.0480870364218244,0.052841536714142164,0.10960962138680401,0.048683545799947936,-0.022288402744057845,-0.052841536714141935,-0.04298588044576308,-0.03720570683013008,0.014222998896806274,-0.02145635646832205,-0.030361086698319367,-0.11686162230950904,-0.03385894923719544,0.0258421019889743,0.06331102818973684,0.03914893210653492,-0.028784292044734778,-0.0057735937461466085,0.07477161743742962,0.07477161743742965,0.05574962106668712,-0.021456356468322037,-0.014784406492043017,0.05284153671414217,0.052841536714142094,-0.02145635646832203,-0.02145635646832203,-0.021456356468322047,-0.03978394204723437,0.02220526536955511,-0.05511437373990068,-0.03720570683013007,-0.021456356468322047,0.012921014309333506,0.022205265369555173,0.005738919484908945,-0.04458395235023163,-0.05696226308187542,-0.04808703642182372,-0.03036108669831938,-0.02145635646832203,-0.02651008073933527,-0.037205706830130074,-0.030361086698319373,-0.021456356468322047,-0.04298588044576308,-0.042985880445763076,-0.04458395235023164,-0.0006063210075942058,-0.030361086698319384,-0.021456356468322037,-0.021456356468322047,-0.030361086698319384,-0.021456356468322047,-0.06812488131587999,-0.053211906148027774,-0.021456356468322037,-0.02145635646832204,-0.0527067329187148,-0.028784292044734854,-0.08604019239144832,-0.037824073397236445,-0.021456356468322047,-0.005773593746146606,-0.06819980713442746,0.06384683133142362,0.07477161743742973,0.05284153671414209,-0.00997416110815927,-0.037205706830130046,-0.25942734136630224,-0.4315538204040784,-0.1849056563649407,-0.030361086698319398,-0.10768352929531035,0.033119950771969484,0.04107914339781496,0.24095095960506221,0.32353351555901955,0.3900958837746163,0.09938491795457012,0.1184261132270792,0.05284153671414207,0.15917847047483485,0.0689665877799132,0.005738919484908964,0.052841536714142164,-0.034556872199164784,-0.17075880617683142,-0.1164150548260284,-0.15638329238220125,0.030800681182504248,0.04196966855764411,0.04266549012661629,0.048037399958419755,0.021982428835596573,-0.07588409809081181,-0.0902951142310843,-0.03143869295347035,0.021697269185503857,-0.05284153671414273,-0.02145635646832205,-0.021456356468322044,-0.034556872199164805,0.05284153671414221,0.019144009045151598,-0.05714554198576463,-0.018189399454874095,-0.04868354579994668,0.021456356468321586,-0.08928032921535199,-0.037205706830130074,-0.042985880445763125,-0.04808703642182362,-0.021456356468322044,-0.030361086698319363
hlyA-alpha_VIR,-0.024025212052289278,-0.02944146910916278,0.06677678739978603,0.03401541266376983,0.04864652929830364,0.05141978589499838,-0.014684926094661318,0.07150973555110421,0.09742272150150529,0.1268152100756604,-0.00250357913506118,0.06765925104171898,0.03960318560916589,0.05600703727085166,0.33173582674999597,0.2771281443562347,0.3644473245871853,0.747805254728921,1.0,0.9291964867060933,0.26279909266348933,0.06738094140625892,0.03287034206833947,0.038052038732343633,0.06677678739978603,0.04270982244379056,0.018969736148548053,-0.04170767823753804,0.0169787570235254,-0.034015412663769395,-0.029441469109162767,-0.03496168929026626,-0.016978757023525144,-0.024025212052289278,-0.044331920843763396,0.050710514105418054,0.01597695740479625,0.037096199004249854,0.003652155717549893,0.11374909431760201,0.13378128779493653,0.03523250370796603,0.09449021946822138,-0.013310298829067946,-0.01697875702352514,-0.03805203873234284,-0.01697875702352514,-0.016978757023525144,-0.016978757023525134,-0.016978757023525137,-0.016978757023525144,-0.05116885799284633,-0.02402521205228927,-0.024107139837117944,-0.029441469109162777,-0.016978757023525144,0.020910531566410727,0.03523250370796611,-0.029441469109162784,-0.02734559139349189,-0.04507514711573547,-0.03805203873234293,-0.02402521205228929,-0.016978757023525137,-0.05663413686740189,-0.029441469109162784,-0.024025212052289278,-0.016978757023525144,-0.03401541266376939,-0.034015412663769395,-0.027345591393491846,0.018454549457599567,-0.024025212052289285,-0.016978757023525137,-0.016978757023525144,-0.024025212052289288,-0.016978757023525144,-0.014375817249212546,-0.03485603475176192,-0.01697875702352514,-0.016978757023525144,-0.041707678237538015,-0.013310298829067962,-0.12099728229645307,-0.09958506107669338,-0.016978757023525144,0.007933762450907083,-0.05396759492210636,0.08695422311721572,0.09449021946822149,0.06677678739978592,-0.032969133827792846,-0.02944146910916279,-0.2219340579195954,-0.38342610206497224,-0.11827321014746056,-0.024025212052289285,-0.06789407032982332,0.038134981894417726,0.04495640219591099,0.2535757490186742,0.33763128167482537,0.35331724405386117,0.129744276528505,0.1496571802657507,0.06677678739978593,0.048755001851767524,0.026873103668879194,0.018969736148548088,0.066776787399786,-0.018484617976022903,-0.13784441723526566,-0.10770935575960287,-0.13887991771610736,-0.046522989224533184,0.03312110294714009,0.017116251377510994,0.016868177388966434,-0.024345117937520498,-0.08357832336030163,-0.08561438495996632,0.03401541266376914,0.008309985622250235,0.01697875702352455,-0.016978757023525144,-0.01697875702352514,-0.048214886961138154,-0.016978757023525144,-0.018899267349558928,-0.03824926073439562,-0.040975919994205474,-0.06738094140625757,0.016978757023524624,-0.0706489482017045,-0.029441469109162784,-0.03401541266376943,-0.03805203873234285,-0.01697875702352514,-0.024025212052289274
cnf1_VIR,-0.022499423110308673,-0.027571705466508677,0.07130522723115676,0.03185516781821623,0.03870545031107175,0.037817181778802285,-0.008702080445608107,0.08170240206468178,0.10464402614722541,0.1393983875823064,0.03973296284874328,0.06054291685158504,0.022261030015714403,0.041996073684966585,0.33965703243638234,0.31521221611306766,0.34415086640659703,0.7022300197905179,0.9291964867060933,1.0,0.2557616968436489,0.07323912652904889,0.04736409105934498,0.03563543654830185,0.07130522723115677,0.05140945107969259,0.02283371053127024,-0.03905891434267544,0.01590047310833292,-0.03185516781821594,-0.027571705466508695,-0.026331349088994756,-0.01590047310833274,-0.022499423110308666,-0.034508068122045266,0.06103981578381813,0.02380711749984222,0.04579632749185136,0.010503684123249441,0.12315419193197316,0.14285360971895614,0.03919930548100372,0.10089803407231607,-0.009139179693248652,-0.015900473108332727,-0.03563543654830112,-0.015900473108332737,-0.015900473108332737,-0.015900473108332723,-0.015900473108332723,-0.015900473108332737,-0.047919235157911924,-0.022499423110308652,-0.03275950905763012,-0.0275717054665087,-0.015900473108332737,0.028712178428008273,0.03919930548100374,-0.027571705466508677,-0.0228215822961274,-0.04221252259955411,-0.0356354365483012,-0.022499423110308673,-0.015900473108332727,-0.05303742606281747,-0.027571705466508716,-0.022499423110308673,-0.015900473108332737,-0.03185516781821594,-0.03185516781821594,-0.02282158229612738,0.02393416321305683,-0.022499423110308676,-0.015900473108332727,-0.015900473108332737,-0.022499423110308673,-0.015900473108332737,-0.0027338127954351634,-0.030094993292421345,-0.015900473108332727,-0.015900473108332733,-0.03905891434267542,-0.009139179693248624,-0.11211275962234855,-0.0896888980387858,-0.015900473108332737,0.01182202656607713,-0.050540230394449936,0.10333307828997766,0.10089803407231589,0.07130522723115683,-0.039684666797442425,-0.02757170546650869,-0.20352492156598784,-0.3607849778036292,-0.12885849227879612,-0.02249942311030868,-0.0763956317203104,0.020570171773752217,0.05273794878408898,0.25424045133535483,0.3179290665413419,0.24669861714782976,0.03234692699186375,0.04254118574275462,0.07130522723115681,-0.012976703423153806,-0.039058914342675416,0.022833710531270188,0.07130522723115681,-0.014197911554034865,-0.12371041783784743,-0.09166385184650609,-0.12112467055328284,-0.005126532815929115,-0.00870270014321368,-0.02649589720615917,-0.02322055153358259,-0.03839207195585296,-0.08094246909820546,-0.048257642008809165,0.03185516781821579,0.0190307982818335,0.015900473108332237,-0.01590047310833274,-0.015900473108332737,-0.04515286439900471,-0.015900473108332737,-0.012976703423153832,-0.03337125434567632,-0.047711994135903026,-0.07323912652904754,0.01590047310833236,-0.06616218722352417,-0.027571705466508705,-0.03185516781821595,-0.03563543654830114,-0.015900473108332733,-0.022499423110308663
aac(3)_AMR,-0.03417853106948282,-0.04188375796595126,0.04693959708768647,0.0483907004042095,-0.004340605531403421,0.006055535048807886,-0.09485076897933022,-0.015843945753360962,-0.04175313351513685,-0.004738255266984566,0.06878168495414279,0.05726139695188082,0.03241649142509773,0.03526398302191328,0.19997296682990737,0.32409102943745144,0.20750296445801392,0.26572479368260193,0.26279909266348933,0.2557616968436489,1.0,0.08139410298049841,0.035796260579109514,0.022266809785572262,0.04693959708768647,0.01672254966651571,0.04030148266501522,-0.03022727582972753,0.02415416659743799,0.09403926111884614,-0.0007911376504679583,0.006076513996953578,-0.024154166597437306,0.016120873821106066,-0.14692954110805076,-0.06488639528592927,-0.025742742274542985,-0.04366927336951263,-0.03362350527732542,-0.06412440035091685,-0.048390700404209,-0.034178531069482834,-0.03417853106948283,0.016763950377453946,-0.024154166597437278,-0.022266809785571703,-0.0241541665974373,-0.024154166597437313,-0.02415416659743729,-0.024154166597437292,0.04693959708768651,-0.02518111755337532,0.016120873821106066,0.06703471637623841,0.08139410298049837,0.04693959708768654,-0.020284997590460152,0.01612087382110611,-0.04188375796595126,-0.054177483860117906,-0.03716161677479332,-0.05413324907351311,-0.03417853106948282,-0.02415416659743728,0.07033860785601882,-0.0418837579659513,-0.03417853106948283,-0.024154166597437306,0.022824280357318597,0.022824280357318594,0.013614747951621514,-0.010198833198669648,0.016120873821106076,0.0469395970876865,-0.024154166597437302,-0.034178531069482834,-0.024154166597437302,0.029478200953859973,0.06036613898316717,0.04693959708768649,-0.024154166597437306,-0.05933380206489597,-0.010198833198669682,-0.08140399946920214,-0.07437524838972456,-0.024154166597437313,0.022824280357318632,-0.05417748386011785,-0.11121011165461019,-0.03417853106948282,-0.024154166597437313,-0.02243114540086541,-0.04188375796595126,-0.0012412301242070015,-0.10648155692875212,0.1882624568631548,-0.03417853106948284,0.17071350117647974,0.06036613898316722,0.07033860785601867,0.09286320050591146,0.06975431534018048,0.12627016525290916,0.08619882911094602,0.10519894736619377,0.04693959708768654,0.08122970617288101,0.11530535534611448,-0.041883757965951236,0.04693959708768649,-0.06859102880866509,-0.2328507006276624,-0.005060940936184241,0.06945644538229724,0.21402580518239178,0.172093300355456,0.17485025558567446,0.15874197751121544,0.16763388941843785,0.10514747442207552,0.15068875671056536,0.048390700404208745,-0.00806139422083815,0.024154166597437264,-0.024154166597437306,-0.024154166597437302,0.007116319238899003,-0.02415416659743731,-0.014481303368957671,0.011579265763763549,-0.007116319238897669,0.04188375796595198,0.024154166597437274,0.1431126201993542,0.04030148266501529,0.022824280357318594,-0.054133249073513044,-0.0241541665974373,-0.03417853106948282
acrB-R717L_AMR,-0.0027819308775916545,-0.0034090909090909024,-0.0019660067234399297,0.003938717651998951,0.01321033637016812,0.02609390347224757,0.03618195207990221,0.031084392050922807,0.03383724911786002,0.021681050424654316,0.016183879636499157,0.021100554110584792,0.020983435856173686,0.01804667232854841,0.09264904981947743,0.09290757871034058,-0.007393644117897941,0.09162817211498699,0.06738094140625892,0.07323912652904889,0.08139410298049841,1.0,0.008422625485771414,0.0044061272497587,-0.0019660067234399297,-0.007675471407816984,-0.003409090909090906,-0.004829421595494656,0.001966006723440229,-0.0039387176519986395,-0.003409090909090906,-0.0111373108379745,-0.0019660067234399305,-0.0027819308775916536,-0.012884132246462397,-0.009113292418953284,-0.007931763087802832,-0.007931763087802845,-0.00741094211131748,-0.005219348045725246,-0.003938717651998641,-0.002781930877591655,-0.0027819308775916545,-0.00521934804572525,-0.001966006723439929,-0.004406127249758501,-0.0019660067234399292,-0.0019660067234399305,-0.001966006723439928,-0.001966006723439928,-0.00196600672343993,-0.005924951909335495,-0.002781930877591651,-0.010369654604591287,-0.0034090909090909076,-0.00196600672343993,-0.007675471407816989,-0.002781930877591655,-0.003409090909090904,-0.006249023666322243,-0.005219348045725252,-0.0044061272497585065,-0.0027819308775916545,-0.001966006723439929,-0.006557788282337513,-0.0034090909090909076,-0.0027819308775916545,-0.0019660067234399292,-0.0039387176519986395,-0.0039387176519986395,-0.0062490236663222416,-0.005219348045725248,-0.0027819308775916553,-0.001966006723439929,-0.00196600672343993,-0.002781930877591655,-0.00196600672343993,-0.013530178895404003,-0.0068533172563159895,-0.0019660067234399284,-0.0019660067234399284,-0.004829421595494654,-0.00521934804572525,-0.015337928024980855,-0.01548126033266036,-0.0019660067234399305,-0.003938717651998642,-0.006249023666322244,-0.01415253722858697,-0.0027819308775916523,-0.0019660067234399305,0.005924951909335493,-0.0034090909090909024,-0.03046985995590153,-0.09290757871034071,-0.05240985674676468,-0.0027819308775916553,-0.017397030000595212,-0.0068533172563159765,-0.0065577882823375224,-0.009548474303374273,-0.012037293129610221,-0.01490180602435778,-0.004829421595494656,-0.004406127249758505,-0.00196600672343993,-0.007410942111317475,-0.004829421595494654,-0.0034090909090909085,-0.0019660067234399284,-0.0055829052623908295,-0.02191099299010755,-0.0370006434950477,-0.03989093406222005,0.055990011813937854,-0.07137489728903312,-0.06955650291943288,-0.07558313249234498,-0.06372170488427699,0.05205052551327816,0.058586130702955576,0.0039387176519982536,0.009333167411831884,0.0019660067234401495,-0.0019660067234399297,-0.0019660067234399297,-0.005582905262390831,-0.00196600672343993,-0.007410942111317477,-0.0071372570971959025,0.005582905262390998,0.0034090909090912455,0.0019660067234401495,-0.008180593371826974,-0.003409090909090913,-0.003938717651998644,-0.004406127249758501,-0.00196600672343993,-0.0027819308775916523
fdeC_VIR,0.006873140826715698,0.008422625485771756,0.00485728857798602,-0.009731140811914797,0.041830542314131594,0.15067028164292856,-0.05359493678213272,-0.03815844334066415,-0.028180329867033806,-0.004449927413532359,0.022284124238804843,0.07322871832617213,0.07405656769863676,0.09744107880841185,0.05537436045659431,0.09065595727158973,0.06744313498851508,0.05655493062880784,0.03287034206833947,0.04736409105934498,0.035796260579109514,0.008422625485771414,1.0,0.30952356547459303,0.004857288577986022,0.018963302187804957,0.008422625485771449,0.011931746760779665,-0.0048572885779859225,-0.3482937482264472,0.00842262548577156,0.02751625011135242,0.0048572885779860015,0.006873140826715722,-0.006254256978885789,0.0225156357029016,0.01959650584625953,0.01959650584625954,0.018309746370772293,0.01289511340158419,0.009731140811914691,0.00687314082671573,0.006873140826715795,0.012895113401584354,0.004857288577986071,0.010885940169094731,0.00485728857798605,0.004857288577986011,0.0048572885779861645,0.004857288577986138,0.004857288577986001,0.014638404279705027,0.006873140826715769,0.025619650364375055,0.008422625485771516,0.0048572885779860015,0.018963302187805044,0.006873140826715864,0.008422625485771471,-0.06029813737556587,-0.1678411585603033,-0.20272039692669713,-0.33029260083939577,-0.23341970110877377,-0.12830605943174553,-0.12930289866119646,-0.16170973000634017,0.004857288577985992,0.009731140811914606,0.009731140811914656,-0.13603534264245706,-0.07747302257935944,-0.1617097300063401,0.004857288577986075,0.004857288577986005,0.006873140826715695,0.004857288577986012,-0.03945348032210632,0.016932057878303312,0.004857288577986139,0.004857288577985954,0.011931746760779675,0.012895113401584422,-0.09255700836669246,-0.05880168339677798,0.004857288577986018,0.009731140811914694,0.015439067891325377,0.034965779419949286,0.006873140826715739,0.004857288577986026,-0.014638404279705199,0.008422625485771705,0.055740803391075185,0.016076323089495494,0.0005112239417311602,0.006873140826715814,-0.07415677210939672,0.016932057878303382,0.016201913117018903,0.023590812085231616,0.029739779488659707,0.03681695048673549,0.011931746760779597,0.010885940169094683,0.004857288577986008,0.018309746370772283,0.011931746760779577,0.008422625485771405,0.004857288577986017,-0.07078660964450675,-0.06768142790193,0.038240198538357216,0.0469397841440348,0.05417691025531988,0.02916800896611359,0.025379223005466543,0.05421681497286981,0.07698555858618653,-0.04792731000541849,-0.01651843446564764,-0.00973114081191484,-0.02305886695372125,-0.004857288577985923,0.004857288577986017,0.004857288577986043,0.013793331243313884,0.004857288577985958,0.018309746370772147,0.0176335701007681,-0.013793331243313538,-0.008422625485771258,-0.004857288577985916,0.02021127510520312,0.008422625485771464,0.009731140811914651,-0.09591722837880147,0.004857288577986011,0.006873140826715748
acrF_AMR,0.0035955454910322443,0.004406127249758094,0.002540992900558178,-0.005090650744835377,-0.01707388409732825,0.12834017634869063,-0.01305570908740725,-0.0037909149620518733,-0.008943682638113447,-0.02802197700997374,-0.02091708170146912,0.11438074518593007,0.11514059184383524,0.1371612009090513,0.04755717687708305,0.04742484209491229,0.06100702246978695,0.0480870364218244,0.038052038732343633,0.03563543654830185,0.022266809785572262,0.0044061272497587,0.30952356547459303,1.0,0.002540992900558181,0.009920270425919465,0.0044061272497586965,0.006241853520460959,-0.0025409929005581473,-0.21966157963965757,-0.25496789685269144,-0.06760806012008912,0.002540992900558038,0.0035955454910324316,0.016652277012984724,0.011778602311569098,0.010251518194073548,0.010251518194073515,0.009578375835030429,0.0067458194174047905,0.00509065074483556,0.0035955454910322694,0.003595545491032159,0.006745819417404678,0.0025409929005579656,0.005694760820045522,0.00254099290055811,0.0025409929005579895,0.002540992900557971,0.0025409929005578602,0.0025409929005580823,0.0076577870046278295,0.003595545491032366,0.013402405199002675,0.0044061272497583695,0.002540992900558013,0.00992027042591923,0.003595545491032332,0.004406127249758382,-0.13455679044223268,-0.5038163416313224,-0.5977220956719825,-0.6313777882252788,-0.44619835333799857,-0.2636714845299249,0.004406127249758449,0.003595545491032259,0.0025409929005580745,0.005090650744835751,0.005090650744835616,-0.27719021896623186,0.006745819417404706,0.0035955454910321836,0.002540992900557964,0.0025409929005581074,0.003595545491032308,0.002540992900558008,0.017487269044709666,0.00885766578819293,0.0025409929005580667,0.0025409929005581343,0.006241853520461395,0.0067458194174046405,-0.1644325381725168,-0.16276263409353753,0.0025409929005579565,0.0050906507448357,0.008076638081767356,0.01829164478125597,0.003595545491032396,0.002540992900557984,-0.007657787004628166,0.004406127249758112,0.002583739900645376,-0.047424842094912475,0.00701447815147044,0.0035955454910321675,-0.0878165528357233,0.008857665788192646,0.008475705230359842,0.012341059227703424,0.015557767946367021,0.01926004772106453,0.006241853520461184,0.005694760820045642,0.0025409929005579613,0.00957837583503076,0.006241853520461328,0.004406127249758645,0.0025409929005582,0.00721570402943599,-0.10932758278954396,0.014441109713793174,0.019155206460527062,0.048482888990487374,-0.00013950772743863017,-0.03269695657931583,0.004098323095965217,0.05205712495163671,-0.036888550905553,-0.04553483459666043,-0.005090650744836204,-0.012062782822883922,-0.0025409929005582718,0.0025409929005581603,0.002540992900558197,0.007215704029435573,0.002540992900558155,0.00957837583503055,0.009224647808782861,-0.007215704029435386,-0.004406127249758196,-0.002540992900558171,0.0105731223766082,0.00440612724975859,0.005090650744835823,0.005694760820045747,0.0025409929005579574,0.0035955454910325227
marR-R94H_AMR,-0.0016043264774505005,-0.001966006723439928,-0.0011337868480725635,0.002271439979764586,0.007618338969311694,0.015048231635721183,0.02086596190983893,0.017926222971406062,0.019513782718737955,0.012503359999125732,0.009333167411831954,0.01216859049991723,0.012101048952404981,0.010407431212535389,0.05343027209385475,0.053579364491562614,0.041650826375217755,0.052841536714142164,0.06677678739978603,0.07130522723115677,0.04693959708768647,-0.0019660067234399297,0.004857288577986022,0.002540992900558181,1.0,-0.0044264083287128215,-0.0019660067234399292,-0.0027851047626067586,0.001133786848072771,-0.002271439979764521,-0.0019660067234399297,-0.006422834876626167,-0.001133786848072564,-0.0016043264774504998,-0.007430218582522049,-0.005255592956045326,-0.004574210537410236,-0.004574210537410236,-0.004273855525243121,-0.0030099735159615395,-0.0022714399797645218,-0.0016043264774505007,-0.0016043264774505005,-0.0030099735159615404,-0.001133786848072563,-0.0025409929005580784,-0.0011337868480725633,-0.0011337868480725641,-0.0011337868480725628,-0.0011337868480725628,-0.0011337868480725643,-0.0034168919516781374,-0.0016043264774504987,-0.005980131130563731,-0.00196600672343993,-0.0011337868480725641,-0.004426408328712825,-0.0016043264774505007,-0.0019660067234399284,-0.0036037826125912696,-0.0030099735159615426,-0.0025409929005580836,-0.0016043264774505005,-0.001133786848072563,-0.0037818457171648785,-0.00196600672343993,-0.0016043264774505005,-0.0011337868480725633,-0.0022714399797645205,-0.0022714399797645213,-0.0036037826125912627,-0.0030099735159615395,-0.0016043264774505007,-0.001133786848072563,-0.0011337868480725643,-0.0016043264774505013,-0.0011337868480725641,-0.00780279065212806,-0.003952275889110025,-0.0011337868480725628,-0.001133786848072563,-0.0027851047626067577,-0.0030099735159615434,-0.008845311088753366,-0.008927970157724686,-0.0011337868480725641,-0.00227143997976452,-0.00360378261259127,-0.00816170178123987,-0.0016043264774504996,-0.0011337868480725641,0.0034168919516781933,-0.001966006723439928,-0.01757182519710214,-0.05357936449156272,-0.030224518350007768,-0.001604326477450501,-0.010032785531723203,-0.003952275889110013,-0.003781845717164875,-0.005506560305847992,-0.006941850439283748,-0.008593801578350279,-0.0027851047626067543,-0.0025409929005580853,-0.0011337868480725641,-0.00427385552524313,-0.002785104762606757,-0.0019660067234399305,-0.001133786848072563,-0.0032196352561086397,-0.012635966797167036,-0.021338097405641174,-0.023004914407382913,0.03228917697036036,-0.04116156820015492,-0.04011290870358176,-0.04358843768652306,-0.03674800806791947,-0.03777112150267147,-0.033557545102406716,0.002271439979764444,0.00538239383224456,0.001133786848072605,-0.0011337868480725637,-0.0011337868480725637,-0.0032196352561086406,-0.0011337868480725637,-0.004273855525243128,-0.004116022662401914,0.0032196352561089207,0.0019660067234399574,0.001133786848072566,-0.004717709794083718,-0.00196600672343993,-0.00227143997976452,-0.002540992900558081,-0.0011337868480725641,-0.0016043264774504996
erm(B)_AMR,-0.006263438400113544,-0.007675471407816986,-0.004426408328712821,0.00886791098493831,-0.01097482475309998,-0.08240941919753193,-0.07512296060237873,0.006603771918365153,-0.004621347862342308,0.048814269570255905,0.036437545589133584,0.04750729859770078,0.047243610172534756,0.040631570456111175,0.13087903007640778,0.07300879030851146,0.1267576153286543,0.10960962138680401,0.04270982244379056,0.05140945107969259,0.01672254966651571,-0.007675471407816984,0.018963302187804957,0.009920270425919465,-0.0044264083287128215,1.0,0.2935441398411786,-0.010873305629270524,0.004426408328713186,-0.008867910984938032,-0.007675471407816985,0.02254084254644801,-0.004426408328712823,-0.0062634384001135435,-0.02900825801052813,-0.020518319181873763,-0.017858139432909308,-0.017858139432909308,-0.01668552578891857,-0.011751213963106822,-0.008867910984938039,-0.006263438400113546,-0.006263438400113546,-0.011751213963106834,-0.004426408328712819,-0.009920270425919234,-0.00442640832871282,-0.004426408328712824,-0.004426408328712818,-0.004426408328712818,-0.004426408328712823,-0.013339861032019958,-0.00626343840011354,-0.023346982978433642,-0.0076754714078169865,-0.004426408328712823,0.05053763440860208,-0.006263438400113546,-0.007675471407816984,-0.014069499393437587,-0.011751213963106837,-0.00992027042591925,-0.006263438400113546,-0.004426408328712819,-0.014764674161482349,-0.007675471407816986,-0.006263438400113546,-0.004426408328712822,-0.008867910984938034,-0.008867910984938039,-0.014069499393437561,-0.011751213963106825,-0.006263438400113548,-0.004426408328712819,-0.004426408328712823,-0.006263438400113548,-0.004426408328712823,-0.030462813701267917,0.06026291459896114,-0.004426408328712819,-0.004426408328712819,-0.01087330562927053,-0.011751213963106832,0.03679471415195894,0.0005208310761306766,-0.004426408328712824,-0.008867910984938032,-0.014069499393437584,-0.03186403582151823,-0.006263438400113541,-0.004426408328712824,0.013339861032020027,-0.007675471407816986,-0.06860202474156833,0.004802630140994323,-0.06510926102229679,-0.006263438400113548,-0.039168919196147546,-0.015430049257201978,-0.014764674161482354,-0.02149811884112189,-0.02710162377819168,-0.03355099324567267,-0.010873305629270523,-0.00992027042591924,-0.004426408328712822,-0.01668552578891858,-0.010873305629270535,-0.007675471407816997,-0.00442640832871282,-0.012569752716116012,-0.022689692968927658,-0.08330589849034016,-0.08981330565553385,-0.06691407691059814,0.018125419891131842,0.07475496269753121,0.06532027904577022,0.12045301395742904,0.08190331804156135,0.07932165849851475,0.008867910984937617,0.021013361486739643,0.004426408328712842,-0.004426408328712821,-0.0044264083287128215,-0.012569752716116014,-0.004426408328712821,-0.01668552578891858,-0.016069331748731392,0.012569752716116553,0.007675471407817499,0.004426408328712841,-0.018418373753834306,-0.007675471407816996,-0.008867910984938035,-0.009920270425919234,-0.004426408328712822,-0.00626343840011354
blaOXA-CH_AMR,-0.0027819308775916545,-0.0034090909090909033,-0.0019660067234399292,0.003938717651998944,0.013210336370168115,-0.026153073321390975,-0.050753187203236884,0.031084392050922786,0.033837249117860006,0.021681050424654312,0.01618387963649915,0.021100554110584795,0.020983435856173696,0.018046672328548393,0.0063525192386772525,0.04970726696666995,0.07222327973702738,0.048683545799947936,0.018969736148548053,0.02283371053127024,0.04030148266501522,-0.003409090909090906,0.008422625485771449,0.0044061272497586965,-0.0019660067234399292,0.2935441398411786,1.0,-0.004829421595494656,0.001966006723439988,-0.003938717651998639,-0.0034090909090909046,-0.0111373108379745,-0.00196600672343993,-0.002781930877591653,-0.012884132246462397,-0.00911329241895328,-0.00793176308780283,-0.007931763087802841,-0.0074109421113174815,-0.005219348045725245,-0.00393871765199864,-0.0027819308775916545,-0.002781930877591655,-0.005219348045725245,-0.001966006723439929,-0.0044061272497585005,-0.001966006723439929,-0.00196600672343993,-0.0019660067234399275,-0.0019660067234399275,-0.0019660067234399305,-0.005924951909335492,-0.0027819308775916514,-0.01036965460459129,-0.0034090909090909076,-0.00196600672343993,-0.007675471407816992,-0.0027819308775916553,-0.0034090909090909055,-0.006249023666322242,-0.005219348045725248,-0.0044061272497585065,-0.002781930877591655,-0.001966006723439929,-0.006557788282337515,-0.0034090909090909076,-0.0027819308775916545,-0.001966006723439929,-0.003938717651998639,-0.00393871765199864,-0.006249023666322241,-0.005219348045725244,-0.002781930877591655,-0.001966006723439929,-0.0019660067234399305,-0.0027819308775916553,-0.00196600672343993,-0.013530178895403996,0.16124332544721243,-0.001966006723439929,-0.0019660067234399284,-0.004829421595494654,-0.00521934804572525,-0.015337928024980858,-0.015481260332660344,-0.00196600672343993,-0.003938717651998642,-0.006249023666322244,-0.014152537228586967,-0.002781930877591652,-0.0019660067234399305,0.005924951909335473,-0.003409090909090903,-0.030469859955901516,0.03669335652067164,0.025894548511091908,-0.0027819308775916553,-0.01739703000059521,-0.0068533172563159765,-0.006557788282337524,-0.009548474303374277,-0.012037293129610221,-0.014901806024357773,-0.004829421595494656,-0.004406127249758505,-0.00196600672343993,-0.007410942111317477,-0.004829421595494653,-0.003409090909090908,-0.001966006723439929,-0.005582905262390828,-0.021910992990107545,0.006044900913551979,0.0018928082591800587,-0.02192831825967467,0.008050476757868253,0.009489046730321618,0.0048748614687648215,0.05349968139242432,0.01286841636730665,0.0585861307029556,0.003938717651998323,0.009333167411831886,0.0019660067234398663,-0.0019660067234399297,-0.0019660067234399292,-0.005582905262390832,-0.0019660067234399297,-0.007410942111317477,-0.007137257097195902,0.005582905262390992,0.003409090909091167,0.0019660067234398663,-0.008180593371826972,-0.0034090909090909124,-0.003938717651998644,-0.0044061272497585005,-0.00196600672343993,-0.002781930877591652
p0111_PLASMID,-0.0039409676701749295,-0.004829421595494665,-0.0027851047626067586,0.0055797069055546255,0.01871416323328597,0.03696541520895675,0.02046771201977351,0.010801770606004693,0.01615822689230607,-0.01152972293822615,-0.030629418748819776,0.029891685031578026,0.029725771759634777,0.025565463460623678,-0.021563399294428125,0.00921795015529479,0.017722876830436544,-0.022288402744057845,-0.04170767823753804,-0.03905891434267544,-0.03022727582972753,-0.004829421595494656,0.011931746760779665,0.006241853520460959,-0.0027851047626067586,-0.010873305629270524,-0.004829421595494656,1.0,0.002785104762606629,-0.005579706905554687,-0.004829421595494656,-0.01577745237981758,-0.002785104762606757,-0.003940967670174931,0.0472624288257446,-0.012910166489484193,-0.011236376197664195,-0.011236376197664181,-0.010498565403438185,-0.007393886768818983,-0.0055797069055546844,-0.0039409676701749295,-0.003940967670174933,-0.00739388676881899,-0.002785104762606757,-0.006241853520461148,-0.002785104762606758,-0.002785104762606753,-0.0027851047626067543,-0.0027851047626067543,-0.002785104762606756,-0.00839346660627555,-0.0039409676701749295,-0.014689967273001925,-0.004829421595494656,-0.002785104762606755,-0.010873305629270509,-0.003940967670174934,-0.004829421595494651,-0.008852556487835546,-0.007393886768818981,-0.006241853520461156,-0.003940967670174933,-0.0027851047626067564,-0.009289961809158108,-0.004829421595494655,-0.00394096767017493,-0.0027851047626067577,-0.005579706905554684,-0.005579706905554679,-0.00885255648783555,-0.0073938867688189865,-0.00394096767017493,-0.002785104762606757,-0.002785104762606756,-0.00394096767017493,-0.002785104762606755,-0.01916726185685523,-0.009708617118472405,-0.0027851047626067573,-0.0027851047626067577,-0.0068415051311288486,-0.007393886768818989,-0.02172817411130238,0.03371610433439889,-0.002785104762606753,-0.005579706905554691,-0.008852556487835533,-0.02004891355068216,-0.003940967670174932,-0.002785104762606753,0.008393466606275525,-0.0048294215954946635,0.02405642119680965,0.021381485886529817,-0.04651329394680975,-0.00394096767017493,-0.024645160432153916,-0.009708617118472412,-0.009289961809158094,-0.013526658348057502,-0.017052394594822128,-0.021110350455599083,-0.006841505131128844,-0.006241853520461154,-0.002785104762606755,-0.010498565403438182,-0.0068415051311288486,-0.00482942159549466,-0.0027851047626067577,-0.007908912950338708,0.05277711375225812,0.008563390004262962,0.002681409597684423,0.024126414169745095,-0.01672454897068557,-0.014552109418438323,-0.02158893209416315,-0.007240414280177135,-0.03727677540766557,-0.027290268552348347,0.005579706905554767,0.0132216480742335,0.002785104762606896,-0.0027851047626067586,-0.0027851047626067586,-0.007908912950338715,-0.0027851047626067586,-0.010498565403438177,-0.010110854910286658,0.007908912950338166,0.0048294215954940165,0.0027851047626068766,-0.011588876726199418,-0.0048294215954946635,-0.005579706905554692,-0.006241853520461158,-0.0027851047626067556,-0.003940967670174932
ptsI-V25I_AMR,0.0016043264774504293,0.0019660067234398395,0.0011337868480727137,-0.002271439979764564,-0.00761833896931196,-0.015048231635721004,-0.020865961909838786,-0.017926222971405458,-0.019513782718737445,-0.012503359999125285,-0.009333167411831758,-0.012168590499916868,-0.01210104895240474,-0.010407431212535196,-0.053430272093854064,-0.053579364491561775,-0.041650826375217054,-0.052841536714141935,0.0169787570235254,0.01590047310833292,0.02415416659743799,0.001966006723440229,-0.0048572885779859225,-0.0025409929005581473,0.001133786848072771,0.004426408328713186,0.001966006723439988,0.002785104762606629,1.0,0.0022714399797645985,0.001966006723440243,0.006422834876626292,0.0011337868480725136,0.0016043264774505599,0.007430218582521829,0.005255592956045267,0.004574210537410089,0.004574210537410055,0.0042738555252429655,0.003009973515961404,0.002271439979764427,0.0016043264774504293,0.0016043264774504298,0.0030099735159614094,0.001133786848072512,0.002540992900558171,0.0011337868480728358,0.001133786848072514,0.0011337868480725125,0.0011337868480725125,0.0011337868480725134,0.0034168919516779773,0.0016043264774504276,0.005980131130563635,0.0019660067234398395,0.0011337868480725132,0.004426408328712909,0.0016043264774504285,0.0019660067234398377,0.0036037826125913416,0.0030099735159615066,0.00254099290055797,0.0016043264774504298,0.001133786848072513,0.003781845717165169,0.0019660067234398395,0.0016043264774504291,0.0011337868480725132,0.0022714399797646506,0.002271439979764546,0.003603782612591178,0.0030099735159614836,0.0016043264774504293,0.001133786848072512,0.0011337868480725134,0.0016043264774504293,0.0011337868480725132,0.007802790652128249,0.003952275889109917,0.001133786848072512,0.0011337868480725127,0.0027851047626068965,0.0030099735159615174,0.008845311088753163,0.008927970157724594,0.001133786848072514,0.0022714399797645465,0.003603782612591526,0.008161701781239893,0.0016043264774503827,0.001133786848072514,-0.003416891951677848,0.0019660067234398373,0.01757182519710171,0.05357936449156252,0.030224518350007452,0.0016043264774504296,0.010032785531722812,0.003952275889109825,0.0037818457171648443,0.0055065603058479795,0.006941850439283669,0.008593801578350125,0.002785104762606754,0.002540992900558126,0.0011337868480725138,0.004273855525243096,0.00278510476260681,0.0019660067234402155,0.0011337868480725119,0.003219635256109081,0.012635966797166944,0.021338097405641195,0.023004914407383278,-0.03228917697035979,-0.027544792330538383,-0.028264887406963906,-0.026011183429570525,-0.03085301510702393,-0.030017293714521085,-0.033786346546286684,-0.002271439979764586,-0.0053823938322444965,-0.0011337868480723484,0.0011337868480724449,0.0011337868480727482,0.0032196352561084758,0.001133786848072535,0.004273855525243032,0.004116022662402015,-0.003219635256108844,-0.001966006723439973,-0.0011337868480723499,0.004717709794083896,0.001966006723439887,0.0022714399797646063,0.0025409929005581937,0.0011337868480725138,0.0016043264774504794
pmrB-V161G_AMR,-0.0032141238079016967,-0.003938717651998636,-0.002271439979764521,0.004550625711035484,0.01526265694800621,-0.1509439803127848,0.004137651602577296,-0.004742433684823052,0.0002201244856384809,0.02504935723296119,0.018698161504616125,0.02437867664974514,0.024243363233845704,0.0208503524123514,-0.04251222931776477,-0.042393932838121005,-0.05453529203242955,-0.04298588044576308,-0.034015412663769395,-0.03185516781821594,0.09403926111884614,-0.0039387176519986395,-0.3482937482264472,-0.21966157963965757,-0.002271439979764521,-0.008867910984938032,-0.003938717651998639,-0.005579706905554687,0.0022714399797645985,1.0,0.2858852562409012,0.07876199324762984,-0.0022714399797645218,-0.0032141238079016945,-0.014885774672215713,-0.010529107810717987,-0.009164019417050768,-0.009164019417050768,-0.008562285163457296,-0.006030211228689302,-0.0045506257110352714,-0.003214123807901696,-0.0032141238079016967,-0.006030211228689304,-0.00227143997976452,-0.005090650744835626,-0.0022714399797645205,-0.002271439979764522,-0.0022714399797645196,-0.0022714399797645196,-0.002271439979764522,-0.006845435717279212,-0.0032141238079016927,-0.011980654879961621,-0.00393871765199864,-0.0022714399797645218,-0.008867910984938039,-0.0032141238079016967,-0.003938717651998637,-0.0072198543478748725,-0.006030211228689306,-0.005090650744835636,-0.0032141238079016967,-0.00227143997976452,-0.007576587763275719,-0.003938717651998641,-0.0032141238079016953,-0.002271439979764521,-0.00455062571103527,-0.004550625711035272,-0.007219854347874857,-0.006030211228689303,-0.0032141238079016962,-0.00227143997976452,-0.002271439979764522,-0.0032141238079016975,-0.0022714399797645218,-0.015632189305341306,-0.007918029284644974,-0.00227143997976452,-0.00227143997976452,-0.0055797069055546844,-0.006030211228689311,-0.017720785238075853,-0.017886385248581143,-0.002271439979764522,-0.004550625711035268,-0.007219854347874871,-0.016351235472822342,-0.0032141238079016936,-0.002271439979764522,0.006845435717279074,-0.003938717651998635,0.005913827472357783,0.04239393283812091,0.07515223082997233,-0.0032141238079016967,-0.020099783485670333,-0.00791802928464495,-0.007576587763275712,-0.011031898324584339,-0.013907373020017459,-0.017216908554207305,-0.005579706905554679,-0.005090650744835637,-0.002271439979764522,-0.008562285163457311,-0.0055797069055546844,-0.0039387176519986395,-0.00227143997976452,-0.006450249668548364,-0.025315023026466873,-0.005449225017198088,-0.009881917044173951,-0.03658797764377764,-0.04805174640089507,-0.04611541373003591,-0.05246636933818645,-0.03976318661720576,0.06013694826625327,0.06768790663419572,0.00455062571103543,0.010783141961985133,0.0022714399797642256,-0.002271439979764521,-0.0022714399797645205,-0.006450249668548363,-0.0022714399797645205,-0.00856228516345731,-0.008246081217902917,0.006450249668549128,0.00393871765199906,0.002271439979764249,-0.009451507271781802,-0.0039387176519986395,-0.004550625711035267,-0.005090650744835631,-0.002271439979764522,-0.0032141238079016936
blaCTX-M-24_AMR,-0.0027819308775916536,-0.003409090909090903,-0.0019660067234399297,0.003938717651998765,0.013210336370168167,-0.130647026908668,-0.09422075684480632,-0.10967211144120473,-0.1007496471482227,0.02168105042465432,0.016183879636499154,-0.10067584640997987,-0.10131606157617856,-0.11992052824381727,-0.03679574605172285,-0.036693356520671676,-0.04720210604536053,-0.03720570683013008,-0.029441469109162767,-0.027571705466508695,-0.0007911376504679583,-0.003409090909090906,0.00842262548577156,-0.25496789685269144,-0.0019660067234399297,-0.007675471407816985,-0.0034090909090909046,-0.004829421595494656,0.001966006723440243,0.2858852562409012,1.0,0.3060964139985253,-0.00196600672343993,-0.002781930877591653,-0.012884132246462404,-0.009113292418953284,-0.007931763087802838,-0.007931763087802841,-0.00741094211131748,-0.005219348045725247,-0.00393871765199864,-0.002781930877591655,-0.002781930877591655,-0.005219348045725246,-0.001966006723439929,-0.0044061272497585,-0.0019660067234399297,-0.0019660067234399314,-0.001966006723439929,-0.001966006723439929,-0.0019660067234399305,-0.005924951909335494,-0.0027819308775916514,-0.0103696546045913,-0.0034090909090909068,-0.0019660067234399305,-0.007675471407816992,-0.002781930877591655,-0.0034090909090909033,-0.006249023666322247,-0.005219348045725247,-0.004406127249758508,-0.002781930877591655,-0.001966006723439929,-0.006557788282337522,-0.0034090909090909076,-0.002781930877591654,-0.0019660067234399297,-0.0039387176519986395,-0.00393871765199864,-0.006249023666322245,-0.005219348045725242,-0.002781930877591655,-0.001966006723439929,-0.0019660067234399305,-0.0027819308775916558,-0.0019660067234399305,0.16346460576595498,-0.006853317256315997,-0.001966006723439929,-0.0019660067234399292,-0.004829421595494654,-0.00521934804572525,-0.015337928024980864,0.14164463476778894,-0.0019660067234399314,-0.003938717651998643,-0.006249023666322244,-0.014152537228586965,-0.0027819308775916523,-0.0019660067234399314,0.005924951909335661,-0.0034090909090909024,0.11188403602854845,0.03669335652067161,0.0650467511400202,-0.0027819308775916553,-0.017397030000595223,-0.0068533172563159835,-0.006557788282337525,-0.009548474303374277,-0.012037293129610226,-0.014901806024357773,-0.004829421595494657,-0.004406127249758506,-0.0019660067234399305,-0.007410942111317483,-0.004829421595494654,-0.003409090909090909,-0.001966006723439929,-0.005582905262390829,-0.02191099299010755,0.006044900913551981,0.0018928082591800576,-0.021928318259674635,-0.0316622102655825,-0.030033728094555553,-0.03535413551179004,-0.024647909458709944,0.05205052551327816,0.05858613070295561,0.00393871765199845,0.009333167411831855,0.001966006723439987,-0.00196600672343993,-0.0019660067234399297,-0.00558290526239083,-0.00196600672343993,-0.007410942111317484,-0.007137257097195906,0.005582905262391267,0.0034090909090910594,0.001966006723439987,-0.008180593371826974,-0.003409090909090913,-0.003938717651998645,-0.004406127249758503,-0.0019660067234399305,-0.002781930877591653
astA_VIR,-0.009088413814625926,-0.01113731083797451,-0.006422834876626167,-0.07876199324762967,-0.15695967689684498,-0.09645276673478761,-0.14290363059974392,-0.15062136027321674,-0.13057476782311858,-0.04230201761635469,-0.13836556975229905,-0.1813178055986707,-0.2021082507416987,-0.15913825938935272,0.04348929375639557,0.0030471492215088086,0.009407190726734814,0.014222998896806274,-0.03496168929026626,-0.026331349088994756,0.006076513996953578,-0.0111373108379745,0.02751625011135242,-0.06760806012008912,-0.006422834876626167,0.02254084254644801,-0.0111373108379745,-0.01577745237981758,0.006422834876626292,0.07876199324762984,0.3060964139985253,1.0,-0.006422834876626165,0.12034818938399813,0.19184695483808756,0.2932900403747569,0.15861037168945652,0.11247962129361,0.12356605462706635,0.19110051313646273,0.2620211237816404,-0.009088413814625926,-0.009088413814625933,0.05233262407437674,-0.006422834876626164,-0.014394573239854163,-0.006422834876626167,-0.006422834876626165,-0.006422834876626164,-0.006422834876626164,-0.006422834876626167,0.10316523057939617,0.12034818938399815,0.00186182313680813,-0.011137310837974508,-0.006422834876626167,-0.02507533919640748,-0.009088413814625933,-0.011137310837974508,0.2703369410496285,-0.017051320456666293,-0.014394573239854186,-0.009088413814625931,-0.006422834876626164,-0.021423930442939183,-0.011137310837974515,-0.009088413814625926,-0.006422834876626166,-0.012867572019375616,-0.01286757201937563,-0.020415213575002353,-0.017051320456666283,-0.009088413814625926,-0.006422834876626164,-0.006422834876626167,-0.00908841381462593,-0.006422834876626167,0.01175560538414798,-0.022389407202754823,-0.006422834876626163,-0.006422834876626167,-0.01577745237981757,-0.017051320456666307,0.02501154325875969,0.17296685055320452,-0.006422834876626165,-0.012867572019375623,-0.020415213575002398,-0.0462355538364953,-0.009088413814625926,-0.006422834876626165,0.019356489126866945,-0.011137310837974508,0.0504767483230299,-0.030363217877267812,0.002074715400110616,-0.00908841381462593,0.010618391539560788,0.13704483924912006,0.03405211231692974,-0.0311943357278935,-0.03932516873480335,-0.02300391181183371,-0.015777452379817553,-0.014394573239854174,-0.006422834876626167,-0.024211136662820227,-0.01577745237981756,-0.011137310837974512,-0.006422834876626167,-0.018239041710621698,-0.015464592710167124,0.08325750655470864,0.06783119464015214,-0.01415846913570867,-0.032291411044553305,-0.06479756516648556,0.007446811542000032,-0.04758092118307651,-0.040543969675281406,-0.04242440913872893,0.012867572019375582,0.030490940060071636,0.006422834876625974,-0.006422834876626168,-0.006422834876626165,-0.018239041710621712,-0.006422834876626168,-0.024211136662820206,-0.02331702290778977,0.018239041710622544,0.011137310837974585,0.006422834876625963,-0.026725544624859227,-0.011137310837974512,-0.012867572019375622,-0.014394573239854158,-0.006422834876626165,-0.009088413814625926
blaCTX-M-1_AMR,-0.0016043264774505,-0.0019660067234399275,-0.0011337868480725637,0.0022714399797645127,-0.148823365912136,0.015048231635721143,0.02086596190983896,-0.06324739181706349,-0.058101848545431184,-0.09067857345160339,-0.12147932186828922,-0.09317322725916999,-0.09369327010673974,0.010407431212535451,0.05343027209385472,-0.02116088645006421,-0.027221232968073033,-0.02145635646832205,-0.016978757023525144,-0.01590047310833274,-0.024154166597437306,-0.0019660067234399305,0.0048572885779860015,0.002540992900558038,-0.001133786848072564,-0.004426408328712823,-0.00196600672343993,-0.002785104762606757,0.0011337868480725136,-0.0022714399797645218,-0.00196600672343993,-0.006422834876626165,1.0,0.7067058133169443,0.15259131820691607,-0.005255592956045325,0.2478650334959168,0.24786503349591688,0.26528431795973395,-0.0030099735159615374,-0.002271439979764522,-0.0016043264774505002,-0.0016043264774505007,-0.0030099735159615404,-0.0011337868480725633,-0.0025409929005580784,-0.001133786848072564,-0.0011337868480725635,-0.0011337868480725622,-0.0011337868480725622,-0.0011337868480725637,-0.0034168919516781374,-0.001604326477450499,-0.0059801311305637305,-0.0019660067234399292,-0.0011337868480725637,-0.004426408328712823,-0.0016043264774505007,-0.0019660067234399284,-0.0036037826125912696,-0.003009973515961541,-0.002540992900558083,-0.0016043264774505007,-0.0011337868480725633,-0.003781845717164878,-0.00196600672343993,-0.0016043264774505007,-0.0011337868480725641,-0.0022714399797645213,-0.0022714399797645218,-0.0036037826125912627,-0.0030099735159615395,-0.0016043264774505002,-0.0011337868480725633,-0.0011337868480725637,-0.0016043264774505005,-0.0011337868480725637,-0.007802790652128065,-0.003952275889110025,-0.001133786848072563,-0.001133786848072564,-0.0027851047626067573,-0.003009973515961543,-0.008845311088753373,0.12699267896763564,-0.0011337868480725635,-0.0022714399797645213,-0.0036037826125912705,-0.00816170178123987,-0.0016043264774505,-0.0011337868480725635,0.0034168919516779,-0.0019660067234399275,-0.017571825197102136,-0.05357936449156271,-0.030224518350007775,-0.0016043264774505005,-0.010032785531723203,-0.003952275889110014,-0.0037818457171648738,-0.005506560305847992,-0.006941850439283748,-0.008593801578350279,-0.0027851047626067543,-0.002540992900558085,-0.0011337868480725637,-0.00427385552524313,-0.002785104762606757,-0.0019660067234399314,-0.001133786848072564,-0.00321963525610864,-0.012635966797167032,-0.021338097405641174,-0.02300491440738291,0.032289176970360295,-0.041161568200154916,-0.040112908703581765,0.0260111834295707,-0.03674800806791949,-0.03777112150267146,-0.03355754510240672,0.0022714399797643166,0.005382393832244607,0.0011337868480726172,-0.0011337868480725641,-0.001133786848072564,-0.0032196352561086393,-0.0011337868480725641,-0.00427385552524313,-0.004116022662401914,0.0032196352561085512,0.001966006723439894,0.0011337868480725255,-0.004717709794083719,-0.001966006723439931,-0.002271439979764521,-0.0025409929005580814,-0.0011337868480725635,-0.0016043264774505
tsh_VIR,-0.002270147559591377,-0.0027819308775916506,-0.0016043264774505,0.00321412380790169,-0.21058743696139867,0.0212934878306602,-0.023680791650853444,-0.08949606841382839,-0.08221504259704397,-0.12831162803939714,-0.17189517841677643,-0.13184160297459382,-0.1325774719002065,0.01472668119664651,0.07560468739188406,-0.02994299190881843,-0.03851847891318366,-0.030361086698319367,-0.024025212052289278,-0.022499423110308666,0.016120873821106066,-0.0027819308775916536,0.006873140826715722,0.0035955454910324316,-0.0016043264774504998,-0.0062634384001135435,-0.002781930877591653,-0.003940967670174931,0.0016043264774505599,-0.0032141238079016945,-0.002781930877591653,0.12034818938399813,0.7067058133169443,1.0,0.215919149569075,0.1489120229428899,0.35073297661519875,0.17213019786593678,0.18466698413688623,-0.004259160543528206,-0.0032141238079016945,-0.0022701475595913773,-0.0022701475595913777,-0.00425916054352821,-0.001604326477450499,-0.0035955454910323362,-0.0016043264774504998,-0.0016043264774505,-0.001604326477450498,-0.001604326477450498,-0.0016043264774505005,-0.004834956621682304,-0.002270147559591375,-0.00846198095144543,-0.002781930877591653,-0.0016043264774505005,-0.006263438400113546,-0.0022701475595913777,-0.0027819308775916514,-0.005099409888361907,-0.004259160543528211,-0.003595545491032343,-0.0022701475595913777,-0.001604326477450499,-0.005351372021994098,-0.002781930877591653,-0.0022701475595913773,-0.0016043264774504998,-0.003214123807901694,-0.0032141238079016953,-0.005099409888361897,-0.004259160543528208,-0.0022701475595913773,-0.001604326477450499,-0.0016043264774505005,-0.002270147559591378,-0.0016043264774505005,-0.011041073251549238,-0.005592533434187988,-0.0016043264774504987,-0.0016043264774504998,-0.00394096767017493,-0.004259160543528213,-0.012516256300818642,0.1796966666675512,-0.0016043264774505,-0.0032141238079016936,-0.0050994098883619075,-0.01154893822499165,-0.002270147559591376,-0.0016043264774505,0.004834956621682162,-0.00278193087759165,-0.02486441297918333,-0.07581565551312847,-0.042768175640367403,-0.0022701475595913777,-0.01419655158153296,-0.005592533434187973,-0.005351372021994091,-0.007791870679544565,-0.00982282911569946,-0.01216036633123905,-0.003940967670174925,-0.0035955454910323445,-0.0016043264774505005,-0.006047573749512071,-0.00394096767017493,-0.002781930877591655,-0.0016043264774504998,-0.004555835250593438,-0.017880094600976545,-0.03019374823802595,-0.032552320886407714,-0.0019982493137803083,-0.05824427565829961,-0.008382569573758507,0.03680623951214786,-0.05199901766117026,-0.05344673949318685,-0.0474844616671588,0.003214123807901532,0.007616173138554157,0.0016043264774504916,-0.0016043264774504998,-0.0016043264774504996,-0.004555835250593439,-0.0016043264774505,-0.006047573749512069,-0.005824237730666517,0.004555835250593602,0.0027819308775916558,0.0016043264774504727,-0.006675634620778073,-0.002781930877591654,-0.0032141238079016927,-0.00359554549103234,-0.0016043264774505002,-0.002270147559591376
ibeA_VIR,-0.010513877829373016,-0.012884132246462338,-0.007430218582522049,-0.22555579305156107,-0.35016462978178065,0.06972138176670092,-0.34407237767236243,-0.41448879635012403,-0.3807677214416898,-0.5447798528702276,-0.7961090007988604,-0.32436257291818577,-0.25890028619403,-0.14163744610491613,0.039917847712043424,-0.13867687034048531,-0.17839306513599024,-0.11686162230950904,-0.044331920843763396,-0.034508068122045266,-0.14692954110805076,-0.012884132246462397,-0.006254256978885789,0.016652277012984724,-0.007430218582522049,-0.02900825801052813,-0.012884132246462397,0.0472624288257446,0.007430218582521829,-0.014885774672215713,-0.012884132246462404,0.19184695483808756,0.15259131820691607,0.215919149569075,1.0,0.6013598142242188,0.4138727698431357,0.37352280232944596,0.359767852421762,0.2837204509280396,0.30570298229282,0.21591914956907501,0.10270263586985098,0.1623419828226819,0.15259131820691596,0.05507436007221323,-0.007430218582522048,-0.007430218582522039,-0.007430218582522041,-0.007430218582522041,-0.007430218582522043,0.031191637419680816,-0.010513877829373016,-0.03919050704086959,-0.012884132246462359,-0.0074302185825220425,-0.029008258010528115,-0.010513877829373016,0.26459608174442245,0.12897305811027482,-0.019725719335355434,-0.016652277012984818,-0.010513877829373009,-0.007430218582522034,-0.024784147365688486,0.07960927241716582,0.10270263586985089,-0.00743021858252205,-0.014885774672215706,-0.014885774672215694,-0.023617219216262864,0.04096351471732347,0.10270263586985094,-0.0074302185825220425,-0.007430218582522043,-0.010513877829373018,-0.0074302185825220425,-0.0021895297524206483,-0.025901053451485818,-0.007430218582522037,-0.007430218582522051,-0.018252052576347176,-0.019725719335355475,0.051543050447338395,0.07184456279931842,0.15259131820691607,-0.014885774672215708,-0.023617219216262916,-0.05348732730765511,-0.010513877829373021,-0.007430218582522039,0.022392440093116816,-0.01288413224646234,0.08167480619694231,-0.01662769499009325,0.007639017977266752,0.21591914956907507,0.012918239862013754,0.11355400872937985,0.023740025858042982,-0.0022960964792243244,-0.018277372528903178,-0.03385758178311882,-0.018252052576347176,-0.016652277012984842,-0.007430218582522042,-0.02800851041504027,-0.0182520525763472,-0.012884132246462395,-0.00743021858252205,-0.021099727651233507,-0.08280921185851804,-0.09222338974070589,-0.10454253851132775,-0.19779382640172594,-0.1928760712539237,-0.2191599404079085,-0.2189058176559865,-0.24082633599172826,-0.0416601543268377,0.006131854054742298,0.014885774672215982,0.0007430066670036597,0.0074302185825219705,-0.00743021858252205,-0.00743021858252205,-0.021099727651233476,-0.007430218582522052,-0.028008510415040214,-0.0269741601997338,0.021099727651233236,0.01288413224646179,0.007430218582521907,-0.03091728841143136,-0.012884132246462392,-0.014885774672215718,-0.016652277012984818,-0.0074302185825220425,-0.010513877829373021
sslE_VIR,-0.007436747875863718,-0.00911329241895327,-0.005255592956045327,-0.3215138277915673,-0.37907143702589313,0.00989722072037372,-0.25187398399146654,-0.2931790463852012,-0.26932722536664816,-0.3520068880407167,-0.5631092558548377,-0.43189825116401753,-0.43430887493441667,-0.21519876192018658,0.0828933848822765,-0.09808987108969781,-0.12618220125333215,-0.03385894923719544,0.050710514105418054,0.06103981578381813,-0.06488639528592927,-0.009113292418953284,0.0225156357029016,0.011778602311569098,-0.005255592956045326,-0.020518319181873763,-0.00911329241895328,-0.012910166489484193,0.005255592956045267,-0.010529107810717987,-0.009113292418953284,0.2932900403747569,-0.005255592956045325,0.1489120229428899,0.6013598142242188,1.0,0.536018076948147,0.4802959246117666,0.4561960098204858,0.4050979611391508,0.4321948063256617,0.305260793761644,0.14891202294289,0.23747776447285687,0.21572957752909858,0.087273834270484,-0.005255592956045326,-0.005255592956045323,-0.005255592956045324,-0.005255592956045324,-0.005255592956045323,0.1321573866256817,-0.007436747875863717,-0.02772049711058789,-0.009113292418953268,-0.005255592956045323,-0.020518319181873742,-0.00743674787586372,0.3740789554827496,0.1940177206770102,0.06985756780656394,0.08727383427048421,-0.007436747875863716,-0.005255592956045321,-0.01753049238996801,-0.009113292418953279,-0.007436747875863718,-0.005255592956045327,-0.01052910781071798,-0.010529107810717976,0.05353584502485753,-0.01395253052658274,-0.007436747875863715,-0.005255592956045322,-0.0052555929560453235,-0.007436747875863719,-0.0052555929560453235,-0.036169313181339674,-0.01832051003102214,-0.0052555929560453235,-0.005255592956045328,-0.012910166489484223,-0.01395253052658275,-0.04100184680313607,0.07862471845075139,-0.005255592956045323,-0.010529107810717975,-0.016705092801218596,-0.037833021668709305,-0.007436747875863719,-0.005255592956045323,0.015838773666616086,-0.00911329241895327,-0.04521063215329811,-0.09988351444676644,-0.005537094453490879,-0.007436747875863721,0.06213143922969465,0.17426294660460326,0.11649050137922465,0.11446745534081344,0.08057389868766378,0.05322004131644341,0.1680370876409057,0.1863262708525375,0.21572957752909852,0.15869152187994745,-0.012910166489484254,-0.009113292418953306,-0.005255592956045328,-0.014924403473021052,-0.058573177317155965,-0.00027925274025657475,-0.010896891490390685,-0.10325387918602097,-0.06947455578914759,-0.11047386886482496,-0.07914675634434265,-0.1554210234418737,-0.13019569457109376,-0.11095830913294503,0.010529107810718101,-0.022735572754176744,0.005255592956045353,-0.005255592956045328,-0.005255592956045327,-0.014924403473021023,-0.005255592956045328,-0.019811170884375617,-0.01907954722549219,0.0149244034730208,0.009113292418952756,0.005255592956045323,-0.021868627603683053,-0.009113292418953294,-0.010529107810717973,-0.011778602311569172,-0.005255592956045323,-0.007436747875863719
iroBCDEN_VIR,-0.006472580883325473,-0.00793176308780286,-0.004574210537410235,-0.3701404717668161,-0.4031844739339965,0.06071139371083985,-0.12440579385577254,-0.1732958760423693,-0.15612504992571485,-0.20973248091662094,-0.3581634662063828,-0.32277848517347296,-0.32464837451819184,-0.0783872470705913,0.19673865863393233,-0.00998859613128249,-0.040357520345503294,0.0258421019889743,0.01597695740479625,0.02380711749984222,-0.025742742274542985,-0.007931763087802832,0.01959650584625953,0.010251518194073548,-0.004574210537410236,-0.017858139432909308,-0.00793176308780283,-0.011236376197664195,0.004574210537410089,-0.009164019417050768,-0.007931763087802838,0.15861037168945652,0.2478650334959168,0.35073297661519875,0.4138727698431357,0.536018076948147,1.0,0.8726931949250286,0.8663673024087051,0.37081346245025176,0.3701404717668158,0.17213019786593692,0.17213019786593695,0.37081346245025115,0.24786503349591688,0.10289961387301477,-0.004574210537410236,-0.0045742105374102305,-0.004574210537410233,-0.004574210537410233,-0.004574210537410233,0.15527600140370454,-0.006472580883325475,-0.024126562130282213,-0.007931763087802843,-0.004574210537410233,-0.017858139432909287,-0.006472580883325481,-0.00793176308780285,-0.01453929407372676,-0.012143598770300636,-0.01025151819407372,-0.006472580883325477,-0.004574210537410232,-0.015257681423738094,-0.00793176308780284,-0.006472580883325475,-0.0045742105374102365,-0.009164019417050768,-0.00916401941705078,-0.01453929407372675,-0.01214359877030064,-0.006472580883325478,-0.004574210537410234,-0.004574210537410233,-0.006472580883325474,-0.004574210537410233,-0.03147999756995413,-0.015945274060510543,-0.004574210537410234,-0.004574210537410235,-0.011236376197664195,-0.01214359877030063,-0.0011347521292766783,0.06679906124618068,-0.0045742105374102305,-0.009164019417050766,-0.014539294073726769,-0.03292800790061548,-0.006472580883325474,-0.004574210537410231,0.013785292356432244,-0.007931763087802857,-0.0708927150766976,-0.12193343952567678,-0.0023792113933838277,-0.006472580883325479,0.05259876957321543,0.20404967899309584,-0.01525768142373806,0.031090273701295277,0.057860804229240316,0.0007624474490064829,-0.011236376197664186,-0.010251518194073713,-0.004574210537410233,-0.0172426722114216,-0.011236376197664202,-0.007931763087802851,-0.004574210537410235,-0.012989469352326694,-0.05097922292203913,0.06414034060215222,0.05301198589574108,-0.022693169945271735,-0.027468125853743683,-0.12735029118289704,-0.0003577531195657876,-0.14825813689660572,-0.13529276428637235,-0.11840537352295316,0.00916401941705084,0.021715018679039695,0.004574210537410323,-0.004574210537410236,-0.004574210537410236,-0.012989469352326696,-0.004574210537410236,-0.01724267221142157,-0.01660590283489791,0.012989469352326134,0.007931763087802215,0.004574210537410314,-0.01903338170594132,-0.00793176308780285,-0.009164019417050763,-0.0102515181940737,-0.004574210537410232,-0.006472580883325475
mchF_VIR,-0.006472580883325476,-0.007931763087802841,-0.0045742105374102365,-0.37014047176681614,-0.3242898721647508,0.060711393710839875,-0.10544319831379993,-0.15282767666497304,-0.13655400803411827,-0.18371481013137542,-0.32517865804407314,-0.2962161923115734,-0.29797198193494573,-0.07838724707059126,0.1779153586476108,-0.00998859613128249,-0.040357520345503294,0.06331102818973684,0.037096199004249854,0.04579632749185136,-0.04366927336951263,-0.007931763087802845,0.01959650584625954,0.010251518194073515,-0.004574210537410236,-0.017858139432909308,-0.007931763087802841,-0.011236376197664181,0.004574210537410055,-0.009164019417050768,-0.007931763087802841,0.11247962129361,0.24786503349591688,0.17213019786593678,0.37352280232944596,0.4802959246117666,0.8726931949250286,1.0,0.9343373004564074,0.3708134624502517,0.37014047176681575,0.3507329766151988,0.35073297661519887,0.3708134624502513,0.2478650334959168,0.1028996138730148,-0.0045742105374102365,-0.004574210537410231,-0.004574210537410231,-0.004574210537410231,-0.004574210537410235,0.1552760014037046,-0.006472580883325474,-0.02412656213028221,-0.00793176308780284,-0.004574210537410235,-0.017858139432909294,-0.00647258088332548,0.13797962871490368,-0.01453929407372677,-0.012143598770300629,-0.010251518194073725,-0.0064725808833254765,-0.004574210537410232,-0.0152576814237381,-0.007931763087802841,-0.006472580883325475,-0.0045742105374102365,-0.009164019417050766,-0.009164019417050764,-0.014539294073726734,-0.012143598770300624,-0.0064725808833254765,-0.004574210537410234,-0.004574210537410236,-0.006472580883325478,-0.004574210537410235,-0.03147999756995418,-0.015945274060510543,-0.004574210537410233,-0.004574210537410236,-0.011236376197664186,-0.012143598770300638,-0.0011347521292766922,0.03252621343654815,-0.004574210537410231,-0.009164019417050766,-0.014539294073726769,-0.032928007900615515,-0.006472580883325475,-0.004574210537410231,0.01378529235643221,-0.007931763087802841,-0.07089271507669757,-0.08424142933797414,0.014700818365623293,-0.006472580883325477,0.052598769573215465,0.20404967899309584,-0.015257681423738081,0.031090273701295384,0.05786080422924041,0.0007624474490064538,-0.011236376197664185,-0.010251518194073718,-0.004574210537410235,-0.01724267221142159,-0.011236376197664207,-0.007931763087802853,-0.004574210537410236,-0.012989469352326696,-0.05097922292203919,0.0641403406021522,0.05301198589574109,-0.005697352250890966,-0.027468125853743683,-0.14459198193948997,-0.017907531151599133,-0.1482581368966058,-0.13529276428637235,-0.1184053735229532,0.009164019417050829,0.021715018679039723,0.004574210537410342,-0.0045742105374102365,-0.0045742105374102365,-0.01298946935232669,-0.004574210537410236,-0.01724267221142158,-0.016605902834897907,0.01298946935232598,0.007931763087802107,0.00457421053741033,-0.019033381705941318,-0.007931763087802851,-0.009164019417050766,-0.01025151819407371,-0.004574210537410234,-0.006472580883325475
cvaC_VIR,-0.0060475737495120545,-0.007410942111317489,-0.004273855525243121,-0.3964643826579428,-0.35038380394797713,0.0567249197067322,-0.1035816447863861,-0.15098868548652386,-0.13542434085372065,-0.1751243540785324,-0.31703466521484114,-0.2944930810519568,-0.296209729092846,-0.05717279124139459,0.2014075784983438,0.0007292966403634829,-0.02843553582491744,0.03914893210653492,0.003652155717549893,0.010503684123249441,-0.03362350527732542,-0.00741094211131748,0.018309746370772293,0.009578375835030429,-0.004273855525243121,-0.01668552578891857,-0.0074109421113174815,-0.010498565403438185,0.0042738555252429655,-0.008562285163457296,-0.00741094211131748,0.12356605462706635,0.26528431795973395,0.18466698413688623,0.359767852421762,0.4561960098204858,0.8663673024087051,0.9343373004564074,1.0,0.295348982797014,0.2614554933841426,0.18466698413688626,-0.006047573749512064,0.3975807161603088,0.26528431795973395,0.11124599362685506,-0.004273855525243121,-0.004273855525243114,-0.004273855525243125,-0.004273855525243125,-0.0042738555252431155,0.16764591323770467,-0.006047573749512061,-0.022542346930101653,-0.0074109421113174815,-0.004273855525243115,-0.016685525788918548,-0.006047573749512065,0.1483952932290002,-0.013584604775387704,-0.011346217292868433,-0.009578375835030581,-0.0060475737495120615,-0.004273855525243119,-0.014255820872679298,-0.007410942111317476,-0.0060475737495120545,-0.004273855525243121,-0.008562285163457287,-0.008562285163457287,-0.013584604775387681,-0.011346217292868424,-0.006047573749512057,-0.004273855525243122,-0.0042738555252431155,-0.006047573749512052,-0.004273855525243115,-0.029412935947885188,-0.014898264320734956,-0.004273855525243121,-0.0042738555252431224,-0.010498565403438184,-0.01134621729286844,0.003551547014708186,0.03953971162820338,-0.004273855525243114,-0.008562285163457306,-0.013584604775387673,-0.0307658660112683,-0.006047573749512058,-0.0042738555252431155,0.01288011284631121,-0.007410942111317489,-0.06623770802678686,-0.1013494424905163,0.013735522946236405,-0.006047573749512058,0.06156841872680357,0.22001543916513985,-0.014255820872679287,-0.020757202492021367,0.019677609978557036,-0.032394683728175375,-0.010498565403438184,-0.00957837583503056,-0.004273855525243114,-0.016110471806674336,-0.010498565403438182,-0.007410942111317485,-0.004273855525243121,-0.012136545729014129,-0.04763178952434341,0.05992871268856923,0.04953107579365983,0.012825124333715566,-0.025664494558783713,-0.13279631710201034,-0.014389186852587173,-0.1385231073986712,-0.14237977500202062,-0.12649652780267331,0.008562285163457311,0.02028915193193441,0.004273855525243216,-0.0042738555252431224,-0.004273855525243121,-0.012136545729014132,-0.0042738555252431224,-0.016110471806674315,-0.015515514426399887,0.012136545729013546,0.007410942111316797,0.004273855525243192,-0.017783598481685568,-0.007410942111317489,-0.0085622851634573,-0.009578375835030569,-0.004273855525243115,-0.006047573749512059
sfaF_VIR,-0.004259160543528206,-0.005219348045725245,-0.0030099735159615395,0.006030211228689376,-0.21710109509013117,0.03994999480067737,-0.08721060705304924,-0.10633769481443364,-0.09537610173733224,-0.04507099339925596,-0.22327987932725468,-0.20740438448720844,-0.20861337835908517,-0.1534238088717878,0.028600154643511434,-0.05617785026986521,-0.07226683784964409,-0.028784292044734778,0.11374909431760201,0.12315419193197316,-0.06412440035091685,-0.005219348045725246,0.01289511340158419,0.0067458194174047905,-0.0030099735159615395,-0.011751213963106822,-0.005219348045725245,-0.007393886768818983,0.003009973515961404,-0.006030211228689302,-0.005219348045725247,0.19110051313646273,-0.0030099735159615374,-0.004259160543528206,0.2837204509280396,0.4050979611391508,0.37081346245025176,0.3708134624502517,0.295348982797014,1.0,0.754637862333118,0.264372179451858,0.2643721794518581,-0.007990867579908679,-0.003009973515961538,-0.006745819417404833,-0.0030099735159615395,-0.0030099735159615387,-0.0030099735159615387,-0.0030099735159615387,-0.0030099735159615395,-0.009071153276241839,-0.0042591605435282065,-0.01587603203862701,-0.0052193480457252495,-0.00300997351596154,0.08707089965044863,-0.004259160543528209,-0.005219348045725245,-0.009567309975082882,-0.007990867579908679,-0.006745819417404844,-0.004259160543528209,-0.0030099735159615387,-0.010040031307004826,-0.00521934804572525,-0.004259160543528206,-0.0030099735159615387,-0.006030211228689297,-0.006030211228689295,-0.00956730997508286,-0.007990867579908674,-0.004259160543528206,-0.0030099735159615387,-0.0030099735159615395,-0.004259160543528208,-0.0030099735159615395,-0.020714822414305015,-0.010492488755023162,-0.0030099735159615374,-0.0030099735159615395,-0.00739388676881898,-0.007990867579908691,-0.02348250216771314,0.0278468666352213,-0.0030099735159615387,-0.006030211228689307,-0.009567309975082873,-0.021667658474316592,-0.004259160543528206,-0.0030099735159615387,0.009071153276241686,-0.005219348045725244,-0.046649622510877946,-0.028859364224347924,-0.0031711945349980238,-0.004259160543528207,0.06669320779128501,0.2100995962612969,-0.010040031307004819,0.06555759015146749,0.04614613482360128,0.030480084021083122,-0.007393886768818978,-0.006745819417404842,-0.00300997351596154,-0.011346217292868457,-0.007393886768818979,-0.005219348045725245,-0.0030099735159615395,-0.008547476863413762,0.005275898643757804,0.028084254987303776,0.021175413318230814,-0.06765634618178797,-0.005046212909229395,-0.08055888051319776,-0.010133957754701028,-0.07192034991955408,-0.07456543834895701,-0.06354783839982721,0.00603021122868924,0.014289161066802369,0.0030099735159614814,-0.00300997351596154,-0.0030099735159615387,-0.00854747686341377,-0.003009973515961541,-0.011346217292868438,-0.010927203138745845,0.008547476863413684,0.005219348045725219,0.0030099735159615534,-0.012524560114914611,-0.005219348045725247,-0.006030211228689306,-0.0067458194174048365,-0.0030099735159615395,-0.0042591605435282065
focG_VIR,-0.003214123807901696,-0.003938717651998639,-0.0022714399797645213,0.0045506257110352845,-0.21980000732680915,0.030147778676602437,-0.10885862772966468,-0.12671046117119433,-0.11640182800556612,-0.026629573693918968,-0.24337289577436919,-0.1866641810142246,-0.1877060400877962,-0.09870069421171557,0.032265257709299576,-0.04239393283812101,-0.05453529203242958,-0.0057735937461466085,0.13378128779493653,0.14285360971895614,-0.048390700404209,-0.003938717651998641,0.009731140811914691,0.00509065074483556,-0.0022714399797645218,-0.008867910984938039,-0.00393871765199864,-0.0055797069055546844,0.002271439979764427,-0.0045506257110352714,-0.00393871765199864,0.2620211237816404,-0.002271439979764522,-0.0032141238079016945,0.30570298229282,0.4321948063256617,0.3701404717668158,0.37014047176681575,0.2614554933841426,0.754637862333118,1.0,0.3515447914892473,0.3515447914892471,-0.006030211228689305,-0.00227143997976452,-0.005090650744835628,-0.0022714399797645213,-0.002271439979764521,-0.002271439979764519,-0.002271439979764519,-0.002271439979764522,-0.0068454357172792095,-0.003214123807901693,-0.011980654879961626,-0.0039387176519986395,-0.002271439979764522,-0.00886791098493804,-0.0032141238079016967,-0.003938717651998636,-0.007219854347874874,-0.006030211228689308,-0.005090650744835636,-0.003214123807901696,-0.0022714399797645196,-0.007576587763275719,-0.0039387176519986395,-0.0032141238079016962,-0.0022714399797645218,-0.0045506257110352714,-0.0045506257110352714,-0.007219854347874857,-0.0060302112286893025,-0.0032141238079016967,-0.0022714399797645196,-0.0022714399797645218,-0.003214123807901697,-0.0022714399797645218,-0.015632189305341312,-0.007918029284644973,-0.0022714399797645196,-0.0022714399797645218,-0.005579706905554685,-0.00603021122868931,-0.017720785238075867,-0.017886385248581143,-0.002271439979764521,-0.004550625711035269,-0.007219854347874873,-0.01635123547282235,-0.0032141238079016945,-0.0022714399797645205,0.006845435717279135,-0.003938717651998637,-0.035203571410255846,0.004960090142060165,0.04122614707595112,-0.003214123807901698,0.10315097219382202,0.28339946481291733,-0.007576587763275709,0.09485034320376311,0.0713718657068952,0.05316517595211237,-0.00557970690555468,-0.005090650744835639,-0.0022714399797645218,-0.008562285163457313,-0.005579706905554687,-0.003938717651998642,-0.0022714399797645213,-0.006450249668548363,-0.025315023026466883,0.06915024304770075,0.062530802872885,-0.07034679087204904,0.02077176060963263,-0.08036260491895249,0.0172519212947987,-0.073621329127324,-0.04171904659135858,-0.0335001659809196,0.004550625711035376,0.01078314196198534,0.00227143997976435,-0.0022714399797645218,-0.0022714399797645213,-0.006450249668548364,-0.0022714399797645218,-0.00856228516345731,-0.008246081217902917,0.00645024966854843,0.003938717651998534,0.00227143997976433,-0.009451507271781803,-0.003938717651998641,-0.004550625711035268,-0.005090650744835631,-0.0022714399797645218,-0.0032141238079016953
papG-III_VIR,-0.0022701475595913764,-0.0027819308775916523,-0.0016043264774505002,0.0032141238079016715,0.010780071177785906,0.02129348783066015,-0.07688725228114265,-0.0894960684138284,-0.082215042597044,-0.1283116280393972,-0.17189517841677643,-0.13184160297459382,-0.13257747190020652,-0.06971266618412533,0.02278907112049662,-0.029942991908818436,-0.038518478913183676,0.07477161743742962,0.03523250370796603,0.03919930548100372,-0.034178531069482834,-0.002781930877591655,0.00687314082671573,0.0035955454910322694,-0.0016043264774505007,-0.006263438400113546,-0.0027819308775916545,-0.0039409676701749295,0.0016043264774504293,-0.003214123807901696,-0.002781930877591655,-0.009088413814625926,-0.0016043264774505002,-0.0022701475595913773,0.21591914956907501,0.305260793761644,0.17213019786593692,0.3507329766151988,0.18466698413688626,0.264372179451858,0.3515447914892473,1.0,0.4988649262202049,-0.004259160543528207,-0.001604326477450499,-0.003595545491032338,-0.0016043264774505007,-0.0016043264774504987,-0.0016043264774504983,-0.0016043264774504983,-0.0016043264774504996,-0.0048349566216823025,-0.0022701475595913755,-0.00846198095144543,-0.0027819308775916523,-0.0016043264774504996,-0.006263438400113545,-0.0022701475595913777,0.4066255632746468,-0.005099409888361908,-0.004259160543528212,-0.003595545491032343,-0.0022701475595913773,-0.001604326477450499,-0.005351372021994096,-0.002781930877591653,-0.0022701475595913773,-0.001604326477450501,-0.0032141238079016953,-0.003214123807901696,-0.005099409888361896,-0.004259160543528207,-0.002270147559591377,-0.001604326477450499,-0.0016043264774504992,-0.0022701475595913764,-0.0016043264774504992,-0.011041073251549243,-0.005592533434187989,-0.0016043264774504987,-0.0016043264774505007,-0.003940967670174931,-0.004259160543528214,-0.012516256300818656,-0.012633220202082391,-0.0016043264774504987,-0.003214123807901694,-0.005099409888361909,-0.01154893822499165,-0.0022701475595913773,-0.0016043264774504987,0.0048349566216820666,-0.0027819308775916514,-0.024864412979183327,0.029942991908818495,0.05308029920847639,-0.0022701475595913777,-0.014196551581532962,-0.005592533434187974,-0.005351372021994092,0.14177816866910425,0.11064325573378128,0.08726188802509506,-0.003940967670174928,-0.003595545491032345,-0.0016043264774504992,-0.006047573749512073,-0.003940967670174932,-0.0027819308775916558,-0.0016043264774505007,-0.0045558352505934395,-0.017880094600976556,0.02249613258050554,0.018593051609496203,-0.00199824931378029,-0.009633977542724412,-0.05676040574126689,-0.012436047592740836,-0.05199901766117029,-0.005485895008955136,0.00016187884659258278,0.0032141238079017365,0.0076161731385542795,0.001604326477450576,-0.001604326477450501,-0.0016043264774505007,-0.004555835250593439,-0.001604326477450501,-0.006047573749512071,-0.005824237730666516,0.004555835250593091,0.002781930877591218,0.0016043264774505623,-0.006675634620778074,-0.002781930877591655,-0.003214123807901694,-0.0035955454910323397,-0.0016043264774504987,-0.0022701475595913773
mchB_VIR,-0.0022701475595913773,-0.0027819308775916558,-0.0016043264774505002,0.003214123807901557,0.010780071177785885,0.02129348783066015,-0.02368079165085346,-0.03206508846512892,-0.02730136437224085,-0.05530958708657019,-0.07934429881798746,-0.057311426645166134,-0.05772714729158592,-0.06971266618412536,-0.03002654515089062,-0.02994299190881844,-0.03851847891318368,0.07477161743742965,0.09449021946822138,0.10089803407231607,-0.03417853106948283,-0.0027819308775916545,0.006873140826715795,0.003595545491032159,-0.0016043264774505005,-0.006263438400113546,-0.002781930877591655,-0.003940967670174933,0.0016043264774504298,-0.0032141238079016967,-0.002781930877591655,-0.009088413814625933,-0.0016043264774505007,-0.0022701475595913777,0.10270263586985098,0.14891202294289,0.17213019786593695,0.35073297661519887,-0.006047573749512064,0.2643721794518581,0.3515447914892471,0.4988649262202049,1.0,-0.004259160543528209,-0.0016043264774505,-0.003595545491032338,-0.0016043264774505005,-0.001604326477450499,-0.0016043264774505005,-0.0016043264774505005,-0.0016043264774505002,-0.004834956621682307,-0.0022701475595913777,-0.008461980951445435,-0.0027819308775916536,-0.0016043264774505002,-0.006263438400113546,-0.002270147559591379,-0.0027819308775916514,-0.005099409888361911,-0.0042591605435282134,-0.0035955454910323453,-0.002270147559591379,-0.0016043264774505,-0.005351372021994099,-0.0027819308775916527,-0.0022701475595913777,-0.0016043264774505007,-0.0032141238079016953,-0.0032141238079016962,-0.005099409888361901,-0.004259160543528209,-0.0022701475595913786,-0.0016043264774505,-0.0016043264774504996,-0.0022701475595913773,-0.0016043264774504996,-0.011041073251549238,-0.0055925334341879905,-0.0016043264774504998,-0.001604326477450501,-0.003940967670174933,-0.004259160543528215,-0.012516256300818653,-0.012633220202082397,-0.001604326477450499,-0.003214123807901695,-0.00509940988836191,-0.011548938224991654,-0.0022701475595913773,-0.001604326477450499,0.004834956621682221,-0.002781930877591657,-0.024864412979183348,0.029942991908818512,0.005156061784054456,-0.0022701475595913794,-0.014196551581532968,-0.00559253343418798,-0.005351372021994091,0.14177816866910425,0.11064325573378136,0.08726188802509514,-0.0039409676701749295,-0.003595545491032345,-0.0016043264774504996,-0.006047573749512072,-0.003940967670174934,-0.002781930877591656,-0.001604326477450501,-0.00455583525059344,-0.017880094600976573,0.022496132580505545,0.01859305160949623,-0.04968619915345573,-0.009633977542724421,-0.05676040574126691,-0.012436047592740841,-0.05199901766117029,-0.0054858950089551215,0.0001618788465925925,0.003214123807901881,0.007616173138554253,0.0016043264774505761,-0.0016043264774505007,-0.0016043264774505005,-0.004555835250593441,-0.0016043264774505011,-0.006047573749512071,-0.005824237730666518,0.004555835250592972,0.002781930877591399,0.0016043264774505625,-0.006675634620778075,-0.0027819308775916553,-0.003214123807901694,-0.0035955454910323406,-0.0016043264774504994,-0.0022701475595913773
ireA_VIR,-0.004259160543528207,-0.005219348045725264,-0.003009973515961541,-0.5644708439426666,-0.21710109509013142,0.03994999480067732,-0.05868950852421871,-0.0755520605452057,-0.06593985642657939,-0.12333586492638104,-0.17366837116269332,-0.12750121192952732,-0.12836697753526805,-0.06289709772324868,0.11353491882586796,0.000513626059610186,-0.02002646304715886,0.05574962106668712,-0.013310298829067946,-0.009139179693248652,0.016763950377453946,-0.00521934804572525,0.012895113401584354,0.006745819417404678,-0.0030099735159615404,-0.011751213963106834,-0.005219348045725245,-0.00739388676881899,0.0030099735159614094,-0.006030211228689304,-0.005219348045725246,0.05233262407437674,-0.0030099735159615404,-0.00425916054352821,0.1623419828226819,0.23747776447285687,0.37081346245025115,0.3708134624502513,0.3975807161603088,-0.007990867579908679,-0.006030211228689305,-0.004259160543528207,-0.004259160543528209,1.0,0.37667668571175866,0.16344156759883752,-0.0030099735159615404,-0.003009973515961539,-0.0030099735159615395,-0.0030099735159615395,-0.003009973515961541,0.11806897915108445,0.26437217945185837,0.05829611764448235,-0.005219348045725246,-0.003009973515961541,-0.011751213963106816,-0.00425916054352821,-0.00521934804572525,-0.009567309975082896,-0.007990867579908663,-0.006745819417404844,-0.004259160543528208,-0.0030099735159615382,-0.010040031307004826,-0.005219348045725246,-0.004259160543528209,-0.0030099735159615417,-0.006030211228689301,-0.006030211228689301,-0.009567309975082872,-0.00799086757990866,-0.004259160543528209,-0.0030099735159615387,-0.003009973515961541,-0.00425916054352821,-0.003009973515961541,-0.020714822414305036,-0.01049248875502316,-0.0030099735159615382,-0.0030099735159615417,-0.007393886768818993,-0.007990867579908677,-0.02348250216771315,0.02784686663522132,-0.003009973515961539,-0.006030211228689313,-0.009567309975082882,-0.021667658474316617,-0.004259160543528209,-0.0030099735159615404,0.00907115327624186,-0.005219348045725266,0.015620395141586509,-0.05720510238908541,-0.05455036470753511,-0.00425916054352821,-0.02663500533027543,-0.010492488755023156,-0.010040031307004826,-0.014618797803859123,0.11072147087627947,0.030480084021083154,-0.007393886768818991,-0.006745819417404846,-0.0030099735159615404,-0.011346217292868457,-0.007393886768818986,-0.005219348045725249,-0.0030099735159615417,-0.00854747686341377,0.005275898643757744,0.05632844308956941,0.04859167425664414,0.034595350315462875,-0.005046212909229384,-0.002760676182369869,-0.010133957754700959,-0.04628221145408524,-0.023147022056782828,-0.012466599158090844,0.00603021122868948,0.014289161066802534,0.0030099735159616918,-0.003009973515961542,-0.0030099735159615417,-0.008547476863413776,-0.0030099735159615426,-0.011346217292868447,-0.010927203138745864,0.008547476863413069,0.00521934804572469,0.0030099735159616814,-0.012524560114914625,-0.005219348045725253,-0.00603021122868931,-0.006745819417404836,-0.0030099735159615404,-0.004259160543528209
lnu(F)+qacL_AMR/STRESS,-0.001604326477450498,-0.00196600672343993,-0.0011337868480725633,-0.499148935553253,-0.14882336591213594,0.015048231635721113,-0.05433666815704995,-0.06324739181706344,-0.05810184854543117,-0.09067857345160336,-0.12147932186828916,-0.09317322725916995,-0.09369327010673971,0.010407431212535482,0.053430272093854696,-0.0211608864500642,-0.027221232968073023,-0.021456356468322037,-0.01697875702352514,-0.015900473108332727,-0.024154166597437278,-0.001966006723439929,0.004857288577986071,0.0025409929005579656,-0.001133786848072563,-0.004426408328712819,-0.001966006723439929,-0.002785104762606757,0.001133786848072512,-0.00227143997976452,-0.001966006723439929,-0.006422834876626164,-0.0011337868480725633,-0.001604326477450499,0.15259131820691596,0.21572957752909858,0.24786503349591688,0.2478650334959168,0.26528431795973395,-0.003009973515961538,-0.00227143997976452,-0.001604326477450499,-0.0016043264774505,0.37667668571175866,1.0,0.44619835333799845,-0.001133786848072563,-0.0011337868480725615,-0.001133786848072563,-0.001133786848072563,-0.001133786848072562,-0.0034168919516781356,-0.0016043264774504994,-0.005980131130563731,-0.001966006723439928,-0.001133786848072562,-0.0044264083287128215,-0.001604326477450501,-0.0019660067234399253,-0.003603782612591269,-0.0030099735159615413,-0.0025409929005580827,-0.0016043264774505007,-0.001133786848072563,-0.0037818457171648764,-0.0019660067234399275,-0.0016043264774504987,-0.0011337868480725635,-0.002271439979764519,-0.00227143997976452,-0.0036037826125912627,-0.0030099735159615387,-0.0016043264774504998,-0.001133786848072563,-0.001133786848072562,-0.0016043264774504983,-0.001133786848072562,-0.007802790652128056,-0.003952275889110023,-0.001133786848072563,-0.0011337868480725635,-0.002785104762606757,-0.0030099735159615426,-0.008845311088753369,0.12699267896763566,-0.0011337868480725615,-0.0022714399797645196,-0.0036037826125912675,-0.008161701781239865,-0.0016043264774504987,-0.0011337868480725615,0.0034168919516781556,-0.00196600672343993,-0.017571825197102136,-0.0535793644915627,0.03751215602323303,-0.0016043264774504994,-0.010032785531723196,-0.003952275889110014,-0.0037818457171648707,-0.005506560305847992,-0.006941850439283746,-0.008593801578350274,-0.002785104762606753,-0.0025409929005580823,-0.001133786848072562,-0.004273855525243128,-0.0027851047626067573,-0.0019660067234399297,-0.0011337868480725635,-0.0032196352561086384,-0.01263596679716704,-0.02133809740564116,-0.023004914407382906,-0.03511352578337056,0.027544792330538435,0.02826488740696392,-0.04358843768652304,-0.03674800806791947,-0.03777112150267144,-0.03355754510240671,0.0022714399797647213,0.005382393832244732,0.0011337868480726183,-0.0011337868480725633,-0.001133786848072563,-0.0032196352561086384,-0.0011337868480725635,-0.004273855525243125,-0.004116022662401912,0.0032196352561083856,0.0019660067234398373,0.0011337868480726064,-0.004717709794083715,-0.001966006723439929,-0.0022714399797645187,-0.0025409929005580784,-0.0011337868480725617,-0.001604326477450499
qnrB_AMR,-0.003595545491032337,-0.004406127249758509,-0.0025409929005580784,-0.2196615796396574,-0.05304816082332681,0.033725430681547125,-0.02065245209440765,0.003790914962052387,0.008943682638113806,-0.018227379438263573,-0.03771715049661749,-0.1143807451859296,-0.11514059184383489,-0.03017061751444675,0.019363918234413625,-0.013923933639066084,-0.030136420268742616,-0.014784406492043017,-0.03805203873234284,-0.03563543654830112,-0.022266809785571703,-0.004406127249758501,0.010885940169094731,0.005694760820045522,-0.0025409929005580784,-0.009920270425919234,-0.0044061272497585005,-0.006241853520461148,0.002540992900558171,-0.005090650744835626,-0.0044061272497585,-0.014394573239854163,-0.0025409929005580784,-0.0035955454910323362,0.05507436007221323,0.087273834270484,0.10289961387301477,0.1028996138730148,0.11124599362685506,-0.006745819417404833,-0.005090650744835628,-0.003595545491032338,-0.003595545491032338,0.16344156759883752,0.44619835333799845,1.0,0.44619835333799857,-0.002540992900558077,-0.0025409929005580775,-0.0025409929005580775,-0.002540992900558079,-0.007657787004627995,-0.003595545491032335,-0.013402405199002885,-0.004406127249758498,-0.0025409929005580784,-0.009920270425919238,-0.0035955454910323384,-0.0044061272497585,-0.00807663808176667,-0.0067458194174048434,-0.005694760820045565,-0.003595545491032338,-0.0025409929005580775,-0.008475705230359936,-0.004406127249758499,-0.0035955454910323362,-0.0025409929005580784,0.21966157963965754,-0.005090650744835626,-0.008076638081766662,-0.0067458194174048365,-0.003595545491032338,-0.0025409929005580766,-0.002540992900558079,-0.0035955454910323375,-0.0025409929005580784,0.11976836265732335,-0.008857665788192947,-0.0025409929005580775,-0.002540992900558078,-0.006241853520461149,-0.006745819417404852,0.10301378554716488,0.10183876554559593,-0.002540992900558077,-0.0050906507448356345,-0.008076638081766665,-0.018291644781255643,-0.003595545491032336,-0.002540992900558077,0.007657787004627967,-0.004406127249758509,-0.03938119687275345,-0.019576974816779516,-0.03737616544435454,-0.0035955454910323384,-0.022485034865476674,-0.008857665788192949,-0.00847570523035994,-0.012341059227703427,-0.015557767946367209,-0.019260047721064547,-0.0062418535204611485,-0.005694760820045556,-0.0025409929005580784,-0.009578375835030588,-0.0062418535204611415,-0.004406127249758499,-0.002540992900558078,-0.007215704029435827,0.01756308126562069,-0.014441109713793244,-0.019155206460527048,0.011941092630684578,0.03093583855954643,-0.028601159470654305,-0.004098323095965242,-0.021756240751046554,0.036888550905553305,0.015349204755180635,0.005090650744835692,0.012062782822883759,0.002540992900558224,-0.0025409929005580792,-0.0025409929005580784,-0.007215704029435838,-0.002540992900558079,0.11124599362685504,-0.009224647808782904,0.007215704029435703,0.004406127249758392,0.0025409929005581803,-0.010573122376608176,-0.004406127249758503,-0.005090650744835634,0.19544419134396337,-0.0025409929005580784,-0.003595545491032336
blaDHA_AMR,-0.0016043264774505,-0.001966006723439928,-0.0011337868480725633,0.0022714399797646055,0.007618338969311731,0.01504823163572115,0.020865961909838953,0.01792622297140604,0.019513782718737917,0.012503359999125723,0.009333167411831971,0.012168590499917208,0.012101048952405023,0.010407431212535415,0.053430272093854723,-0.0211608864500642,-0.027221232968073026,0.05284153671414217,-0.01697875702352514,-0.015900473108332737,-0.0241541665974373,-0.0019660067234399292,0.00485728857798605,0.00254099290055811,-0.0011337868480725633,-0.00442640832871282,-0.001966006723439929,-0.002785104762606758,0.0011337868480728358,-0.0022714399797645205,-0.0019660067234399297,-0.006422834876626167,-0.001133786848072564,-0.0016043264774504998,-0.007430218582522048,-0.005255592956045326,-0.004574210537410236,-0.0045742105374102365,-0.004273855525243121,-0.0030099735159615395,-0.0022714399797645213,-0.0016043264774505007,-0.0016043264774505005,-0.0030099735159615404,-0.001133786848072563,0.44619835333799857,1.0,-0.0011337868480725641,-0.0011337868480725626,-0.0011337868480725626,-0.0011337868480725641,-0.0034168919516781374,-0.0016043264774504987,-0.005980131130563732,-0.0019660067234399305,-0.0011337868480725641,-0.004426408328712822,-0.0016043264774505005,-0.0019660067234399284,-0.0036037826125912696,-0.0030099735159615426,-0.002540992900558083,-0.0016043264774505005,-0.0011337868480725628,-0.0037818457171648785,-0.00196600672343993,-0.0016043264774505005,-0.0011337868480725633,-0.0022714399797645205,-0.0022714399797645213,-0.003603782612591262,-0.0030099735159615395,-0.0016043264774505007,-0.0011337868480725628,-0.0011337868480725641,-0.0016043264774505013,-0.0011337868480725641,-0.00780279065212806,-0.003952275889110025,-0.0011337868480725628,-0.001133786848072563,-0.0027851047626067573,-0.003009973515961543,-0.008845311088753364,-0.008927970157724686,-0.0011337868480725641,-0.00227143997976452,-0.00360378261259127,-0.00816170178123987,-0.0016043264774504992,-0.0011337868480725641,0.00341689195167825,-0.0019660067234399275,-0.01757182519710214,0.021160886450064198,-0.03022451835000778,-0.001604326477450501,-0.010032785531723203,-0.003952275889110014,-0.003781845717164875,-0.005506560305847992,-0.006941850439283747,-0.008593801578350279,-0.002785104762606754,-0.002540992900558084,-0.0011337868480725641,-0.00427385552524313,-0.002785104762606757,-0.0019660067234399305,-0.001133786848072563,-0.0032196352561086393,0.08972695688997517,0.053134392749225115,0.04928454972684878,0.03228917697036033,0.027544792330538425,-0.04011290870358175,0.026011183429570723,0.030853015107024057,0.030017293714521387,0.0337863465462868,0.00227143997976437,0.005382393832244549,0.0011337868480726864,-0.0011337868480725635,-0.0011337868480725633,-0.0032196352561086406,-0.0011337868480725637,-0.004273855525243128,-0.004116022662401914,0.0032196352561089017,0.00196600672344002,0.0011337868480726864,-0.004717709794083718,-0.00196600672343993,-0.0022714399797645196,-0.0025409929005580805,-0.0011337868480725641,-0.0016043264774504992
acrR-R45C_AMR,-0.0016043264774504996,-0.0019660067234399258,-0.0011337868480725641,0.0022714399797644186,0.007618338969311743,0.015048231635721169,-0.05433666815704997,0.017926222971406076,0.01951378271873784,0.012503359999125715,0.009333167411831962,0.012168590499917205,0.012101048952404974,0.010407431212535442,0.05343027209385472,0.053579364491562614,0.04165082637521776,0.052841536714142094,-0.016978757023525144,-0.015900473108332737,-0.024154166597437313,-0.0019660067234399305,0.004857288577986011,0.0025409929005579895,-0.0011337868480725641,-0.004426408328712824,-0.00196600672343993,-0.002785104762606753,0.001133786848072514,-0.002271439979764522,-0.0019660067234399314,-0.006422834876626165,-0.0011337868480725635,-0.0016043264774505,-0.007430218582522039,-0.005255592956045323,-0.0045742105374102305,-0.004574210537410231,-0.004273855525243114,-0.0030099735159615387,-0.002271439979764521,-0.0016043264774504987,-0.001604326477450499,-0.003009973515961539,-0.0011337868480725615,-0.002540992900558077,-0.0011337868480725641,1.0,-0.0011337868480725609,-0.0011337868480725609,-0.0011337868480725633,-0.003416891951678136,-0.0016043264774504983,0.18959230547268718,-0.001966006723439928,-0.0011337868480725624,-0.004426408328712819,-0.0016043264774504983,-0.001966006723439926,-0.003603782612591271,-0.0030099735159615395,-0.002540992900558079,-0.0016043264774504983,-0.0011337868480725613,-0.0037818457171648785,-0.0019660067234399284,-0.0016043264774504992,-0.0011337868480725643,-0.002271439979764521,-0.0022714399797645213,-0.003603782612591262,-0.003009973515961538,-0.001604326477450498,-0.0011337868480725613,-0.0011337868480725628,-0.0016043264774504994,-0.0011337868480725628,-0.007802790652128056,-0.00395227588911002,-0.0011337868480725613,-0.0011337868480725646,-0.002785104762606756,-0.0030099735159615413,-0.008845311088753367,-0.008927970157724688,-0.0011337868480725626,-0.002271439979764521,-0.0036037826125912696,-0.008161701781239867,-0.0016043264774505007,-0.0011337868480725626,0.0034168919516779275,-0.0019660067234399258,-0.017571825197102126,0.02116088645006427,-0.030224518350007768,-0.0016043264774504985,0.11300818147538212,-0.003952275889110014,-0.0037818457171648733,-0.005506560305847991,-0.006941850439283742,-0.008593801578350279,-0.002785104762606754,-0.0025409929005580844,-0.0011337868480725624,-0.00427385552524313,-0.0027851047626067564,-0.0019660067234399323,-0.0011337868480725646,-0.0032196352561086423,-0.01263596679716702,-0.021338097405641156,-0.02300491440738289,-0.03511352578337059,-0.041161568200154916,-0.04011290870358175,-0.04358843768652305,-0.03674800806791947,0.030017293714521387,0.03378634654628678,0.0022714399797645174,0.005382393832244607,0.0011337868480726177,-0.0011337868480725646,-0.0011337868480725643,-0.0032196352561086362,-0.0011337868480725646,-0.004273855525243129,-0.004116022662401913,0.003219635256108389,0.0019660067234395823,0.0011337868480726068,-0.0047177097940837185,-0.0019660067234399314,-0.002271439979764521,-0.002540992900558081,-0.0011337868480725624,-0.0016043264774505007
IncR_PLASMID,-0.0016043264774504976,-0.001966006723439933,-0.0011337868480725626,0.0022714399797643735,0.007618338969311696,0.015048231635721103,0.020865961909838898,0.01792622297140606,0.0195137827187378,0.012503359999125704,0.009333167411831983,-0.09317322725916996,-0.09369327010673968,-0.10894012412082556,0.05343027209385471,-0.021160886450064212,-0.02722123296807302,-0.02145635646832203,-0.016978757023525134,-0.015900473108332723,-0.02415416659743729,-0.001966006723439928,0.0048572885779861645,0.002540992900557971,-0.0011337868480725628,-0.004426408328712818,-0.0019660067234399275,-0.0027851047626067543,0.0011337868480725125,-0.0022714399797645196,-0.001966006723439929,-0.006422834876626164,-0.0011337868480725622,-0.001604326477450498,-0.007430218582522041,-0.005255592956045324,-0.004574210537410233,-0.004574210537410231,-0.004273855525243125,-0.0030099735159615387,-0.002271439979764519,-0.0016043264774504983,-0.0016043264774505005,-0.0030099735159615395,-0.001133786848072563,-0.0025409929005580775,-0.0011337868480725626,-0.0011337868480725609,1.0,-0.0011337868480725643,-0.0011337868480725626,-0.0034168919516781387,-0.0016043264774505005,0.1895923054726872,-0.0019660067234399275,-0.0011337868480725624,-0.004426408328712822,-0.0016043264774505018,-0.001966006723439927,-0.0036037826125912696,-0.003009973515961547,-0.0025409929005580888,-0.0016043264774505018,-0.001133786848072564,-0.0037818457171648772,-0.001966006723439928,-0.0016043264774504976,-0.0011337868480725628,-0.0022714399797645183,-0.002271439979764519,-0.003603782612591263,0.3766766857117584,-0.0016043264774504998,-0.001133786848072564,-0.001133786848072562,-0.0016043264774504979,-0.0011337868480725617,-0.007802790652128059,-0.0039522758891100225,-0.0011337868480725637,-0.001133786848072563,-0.0027851047626067586,-0.0030099735159615447,-0.008845311088753373,-0.008927970157724677,-0.0011337868480725609,-0.002271439979764521,-0.0036037826125912666,-0.00816170178123986,-0.0016043264774504987,-0.0011337868480725609,0.003416891951678396,-0.0019660067234399327,-0.017571825197102146,0.02116088645006425,-0.03022451835000776,-0.0016043264774504994,-0.010032785531723194,-0.003952275889110015,-0.0037818457171648725,-0.005506560305847991,-0.006941850439283748,-0.008593801578350282,-0.002785104762606754,-0.0025409929005580814,-0.0011337868480725613,-0.0042738555252431285,-0.0027851047626067556,-0.0019660067234399292,-0.001133786848072563,-0.0032196352561086367,-0.012635966797167046,-0.021338097405641163,-0.023004914407382903,-0.035113525783370576,-0.041161568200154916,-0.04011290870358176,-0.043588437686523054,-0.036748008067919474,-0.03777112150267145,-0.033557545102406695,0.002271439979764589,-0.21064732225284583,0.001133786848072616,-0.001133786848072563,-0.001133786848072563,-0.0032196352561086384,-0.001133786848072563,-0.004273855525243125,-0.004116022662401912,0.003219635256108285,0.0019660067234397276,0.001133786848072605,-0.004717709794083715,-0.0019660067234399284,-0.002271439979764518,-0.0025409929005580775,-0.0011337868480725615,-0.0016043264774504987
IncP6_PLASMID,-0.0016043264774504976,-0.001966006723439935,-0.0011337868480725626,0.002271439979764339,0.0076183389693116835,0.01504823163572109,0.02086596190983888,0.017926222971406083,0.01951378271873782,0.012503359999125722,0.009333167411831976,0.012168590499917151,0.01210104895240501,0.010407431212535494,-0.02121993401195808,0.053579364491562594,0.041650826375217775,-0.02145635646832203,-0.016978757023525137,-0.015900473108332723,-0.024154166597437292,-0.001966006723439928,0.004857288577986138,0.0025409929005578602,-0.0011337868480725628,-0.004426408328712818,-0.0019660067234399275,-0.0027851047626067543,0.0011337868480725125,-0.0022714399797645196,-0.001966006723439929,-0.006422834876626164,-0.0011337868480725622,-0.001604326477450498,-0.007430218582522041,-0.005255592956045324,-0.004574210537410233,-0.004574210537410231,-0.004273855525243125,-0.0030099735159615387,-0.002271439979764519,-0.0016043264774504983,-0.0016043264774505005,-0.0030099735159615395,-0.001133786848072563,-0.0025409929005580775,-0.0011337868480725626,-0.0011337868480725609,-0.0011337868480725643,1.0,-0.0011337868480725626,-0.0034168919516781387,-0.0016043264774505005,0.18959230547268716,-0.0019660067234399275,-0.0011337868480725624,-0.004426408328712822,-0.0016043264774505018,-0.001966006723439927,-0.0036037826125912696,-0.0030099735159615443,-0.0025409929005580857,-0.0016043264774505018,-0.001133786848072564,-0.0037818457171648772,-0.001966006723439928,-0.0016043264774504976,-0.0011337868480725628,-0.0022714399797645183,-0.002271439979764519,-0.0036037826125912623,-0.00300997351596154,-0.0016043264774504998,-0.001133786848072564,-0.001133786848072562,-0.0016043264774504979,-0.0011337868480725617,-0.00780279065212806,-0.003952275889110022,-0.0011337868480725637,-0.001133786848072563,-0.0027851047626067573,-0.0030099735159615447,-0.008845311088753373,-0.008927970157724677,-0.0011337868480725609,-0.00227143997976452,-0.0036037826125912666,-0.00816170178123986,-0.0016043264774504987,-0.0011337868480725609,0.003416891951678377,-0.00196600672343993,0.06452299834279827,0.021160886450064247,-0.030224518350007758,-0.0016043264774504994,-0.010032785531723194,-0.003952275889110015,-0.003781845717164871,-0.0055065603058479925,-0.00694185043928375,-0.008593801578350282,-0.002785104762606754,-0.0025409929005580814,-0.0011337868480725613,-0.0042738555252431285,-0.0027851047626067556,-0.0019660067234399292,-0.001133786848072563,-0.0032196352561086367,-0.012635966797167046,-0.02133809740564116,-0.0230049144073829,0.03228917697036029,0.027544792330538463,0.02826488740696394,0.02601118342957079,0.030853015107023988,-0.037771121502671444,-0.033557545102406695,0.0022714399797645556,0.005382393832244656,0.001133786848072616,-0.001133786848072563,-0.001133786848072563,-0.003219635256108637,-0.001133786848072563,-0.004273855525243125,-0.004116022662401912,0.003219635256108286,0.001966006723439761,0.001133786848072605,-0.004717709794083715,-0.0019660067234399284,-0.002271439979764518,-0.0025409929005580775,-0.0011337868480725615,-0.0016043264774504987
qacF_STRESS,-0.0016043264774504992,-0.0019660067234399266,-0.0011337868480725643,0.0022714399797645712,0.0076183389693117365,0.015048231635721132,-0.054336668157049975,0.017926222971406093,0.019513782718737813,0.012503359999125763,0.009333167411831987,0.012168590499917187,0.012101048952404983,0.010407431212535456,-0.0212199340119581,-0.021160886450064212,-0.027221232968073033,-0.021456356468322047,-0.016978757023525144,-0.015900473108332737,0.04693959708768651,-0.00196600672343993,0.004857288577986001,0.0025409929005580823,-0.0011337868480725643,-0.004426408328712823,-0.0019660067234399305,-0.002785104762606756,0.0011337868480725134,-0.002271439979764522,-0.0019660067234399305,-0.006422834876626167,-0.0011337868480725637,-0.0016043264774505005,-0.007430218582522043,-0.005255592956045323,-0.004574210537410233,-0.004574210537410235,-0.0042738555252431155,-0.0030099735159615395,-0.002271439979764522,-0.0016043264774504996,-0.0016043264774505002,-0.003009973515961541,-0.001133786848072562,-0.002540992900558079,-0.0011337868480725641,-0.0011337868480725633,-0.0011337868480725626,-0.0011337868480725626,1.0,0.3318181739740769,-0.0016043264774504996,0.1895923054726872,-0.0019660067234399292,-0.0011337868480725626,-0.004426408328712821,-0.0016043264774504992,-0.001966006723439927,-0.0036037826125912705,-0.0030099735159615404,-0.0025409929005580823,-0.0016043264774504996,-0.0011337868480725624,-0.0037818457171648785,-0.0019660067234399292,-0.0016043264774505,-0.0011337868480725646,-0.0022714399797645213,-0.0022714399797645213,-0.003603782612591264,-0.0030099735159615382,-0.0016043264774504996,-0.001133786848072562,-0.0011337868480725628,-0.0016043264774504992,-0.0011337868480725626,0.14530530147740692,-0.003952275889110021,-0.0011337868480725617,-0.0011337868480725646,-0.002785104762606757,-0.003009973515961543,-0.008845311088753369,-0.008927970157724688,-0.0011337868480725633,-0.002271439979764521,-0.00360378261259127,-0.008161701781239867,-0.0016043264774505005,-0.0011337868480725633,0.0034168919516778477,-0.0019660067234399266,-0.01757182519710213,-0.05357936449156269,0.037512156023233025,-0.0016043264774505,-0.010032785531723199,-0.003952275889110014,-0.0037818457171648725,-0.005506560305847991,-0.006941850439283747,-0.008593801578350282,-0.0027851047626067543,-0.002540992900558085,-0.001133786848072563,-0.004273855525243131,-0.0027851047626067573,-0.001966006723439932,-0.0011337868480725646,-0.0032196352561086414,-0.012635966797167024,-0.021338097405641167,-0.023004914407382896,-0.035113525783370576,0.02754479233053841,0.028264887406963955,0.02601118342957076,-0.03674800806791948,-0.03777112150267145,-0.03355754510240673,0.00227143997976446,-0.21064732225284602,0.001133786848072618,-0.0011337868480725643,-0.0011337868480725643,-0.0032196352561086393,-0.0011337868480725646,-0.004273855525243132,-0.004116022662401914,0.0032196352561084667,0.0019660067234394756,0.0011337868480726075,-0.0047177097940837185,-0.001966006723439931,-0.002271439979764521,-0.0025409929005580805,-0.001133786848072563,-0.0016043264774505005
aph(3')-Ia_AMR,-0.004834956621682303,-0.0059249519093355,-0.0034168919516781374,0.006845435717278972,-0.08181132459549179,-0.01518550295496421,-0.06302631578535614,-0.0818828859295011,-0.07114140899909521,-0.10052275525057007,-0.10328245518046601,-0.13969892315809654,-0.10523428535877208,-0.04856348751919928,0.08603166522402102,-0.0387453585475435,-0.012850049177764007,-0.03978394204723437,-0.05116885799284633,-0.047919235157911924,-0.02518111755337532,-0.005924951909335495,0.014638404279705027,0.0076577870046278295,-0.0034168919516781374,-0.013339861032019958,-0.005924951909335492,-0.00839346660627555,0.0034168919516779773,-0.006845435717279212,-0.005924951909335494,0.10316523057939617,-0.0034168919516781374,-0.004834956621682304,0.031191637419680816,0.1321573866256817,0.15527600140370454,0.1552760014037046,0.16764591323770467,-0.009071153276241839,-0.0068454357172792095,-0.0048349566216823025,-0.004834956621682307,0.11806897915108445,-0.0034168919516781356,-0.007657787004627995,-0.0034168919516781374,-0.003416891951678136,-0.0034168919516781387,-0.0034168919516781387,0.3318181739740769,1.0,0.2323465265419554,0.1129546639592846,-0.005924951909335485,-0.0034168919516781356,0.0739127114959329,-0.004834956621682308,-0.005924951909335489,-0.010860714979622568,0.11806897915108445,0.142605011330628,-0.0048349566216823025,-0.0034168919516781335,-0.011397343526639743,-0.005924951909335489,-0.004834956621682303,-0.0034168919516781387,0.16105789034820805,0.16105789034820797,0.20225064784274893,-0.00907115327624184,-0.004834956621682304,-0.0034168919516781365,-0.0034168919516781356,-0.004834956621682303,-0.0034168919516781356,0.02775381310249268,-0.011910968714506842,-0.003416891951678136,-0.00341689195167814,-0.008393466606275563,-0.009071153276241825,-0.026657102541479176,-0.0269062120702954,-0.003416891951678136,-0.006845435717279218,0.09569496643156321,0.02465268536543102,-0.004834956621682306,-0.003416891951678136,0.01029748283752848,-0.0059249519093354935,0.0020236050208877554,-0.08639052878779256,0.09036834393824754,-0.004834956621682305,0.09336700810044313,0.18285542711715078,0.09025775075641979,-0.0165951136428054,0.036094570742626036,-0.02589912865659271,-0.008393466606275558,-0.007657787004627998,-0.003416891951678135,0.07738290019569662,-0.008393466606275568,-0.0059249519093355005,-0.00341689195167814,-0.00970301059025224,-0.038080996727304674,0.08531850147087285,0.07590922878164175,0.029599371451398095,0.060005008264339445,-0.006404845678793489,0.07838986972305742,0.0024354178931241897,-0.04573282685271469,-0.07858186356245567,0.0068454357172790786,-0.05611780612246499,0.003416891951678303,-0.0034168919516781395,-0.0034168919516781387,-0.009703010590252232,-0.0034168919516781395,-0.012880112846311461,-0.01240445215253181,0.009703010590251523,0.005924951909334721,0.0034168919516782597,-0.014217755879918371,-0.0059249519093355,-0.006845435717279214,-0.0076577870046279865,-0.003416891951678135,-0.004834956621682306
ncr_STRESS,-0.002270147559591376,-0.0027819308775916545,-0.0016043264774504985,0.0032141238079018103,0.010780071177785856,-0.04265940249067643,-0.023680791650853482,-0.03206508846512894,-0.027301364372240816,0.0176924538662571,0.01320658078080111,-0.05731142664516609,0.017123177317034326,0.01472668119664655,0.02278907112049665,0.022936331802154944,0.010209052434009975,0.02220526536955511,-0.02402521205228927,-0.022499423110308652,0.016120873821106066,-0.002781930877591651,0.006873140826715769,0.003595545491032366,-0.0016043264774504987,-0.00626343840011354,-0.0027819308775916514,-0.0039409676701749295,0.0016043264774504276,-0.0032141238079016927,-0.0027819308775916514,0.12034818938399815,-0.001604326477450499,-0.002270147559591375,-0.010513877829373016,-0.007436747875863717,-0.006472580883325475,-0.006472580883325474,-0.006047573749512061,-0.0042591605435282065,-0.003214123807901693,-0.0022701475595913755,-0.0022701475595913777,0.26437217945185837,-0.0016043264774504994,-0.003595545491032335,-0.0016043264774504987,-0.0016043264774504983,-0.0016043264774505005,-0.0016043264774505005,-0.0016043264774504996,0.2323465265419554,1.0,0.2682761368310106,-0.0027819308775916514,-0.0016043264774504996,-0.006263438400113547,-0.002270147559591379,-0.00278193087759165,-0.0050994098883619075,-0.00425916054352821,-0.003595545491032344,-0.0022701475595913786,-0.0016043264774504996,-0.005351372021994096,-0.002781930877591653,-0.002270147559591375,-0.0016043264774504985,-0.0032141238079016923,-0.0032141238079016936,-0.005099409888361899,-0.004259160543528211,-0.0022701475595913764,-0.0016043264774504996,-0.001604326477450499,-0.002270147559591376,-0.001604326477450499,-0.011041073251549238,-0.005592533434187985,-0.0016043264774504996,-0.0016043264774504992,-0.003940967670174931,-0.004259160543528213,-0.012516256300818642,-0.012633220202082384,-0.0016043264774504983,-0.003214123807901693,-0.005099409888361905,-0.011548938224991643,-0.002270147559591375,-0.0016043264774504983,0.004834956621682229,-0.002781930877591654,0.09130107199763608,-0.022936331802154892,0.0051560617840544385,-0.0022701475595913773,-0.014196551581532954,-0.005592533434187974,-0.005351372021994088,-0.007791870679544562,-0.00982282911569946,0.08726188802509503,-0.003940967670174925,-0.003595545491032341,-0.001604326477450499,-0.00604757374951207,-0.0039409676701749295,-0.002781930877591653,-0.0016043264774504992,-0.004555835250593434,-0.017880094600976566,0.07518601339903692,0.06973842410540014,-0.001998249313780306,0.038976320572850776,-0.008382569573758542,0.0368062395121479,-0.004170754541572995,-0.005485895008955139,0.00016187884659255795,0.0032141238079017617,0.007616173138554332,0.001604326477450574,-0.0016043264774504994,-0.001604326477450499,-0.004555835250593438,-0.0016043264774504992,-0.006047573749512067,-0.005824237730666515,0.00455583525059316,0.0027819308775916905,0.0016043264774504768,-0.00667563462077807,-0.0027819308775916523,-0.0032141238079016914,-0.0035955454910323367,-0.0016043264774504987,-0.002270147559591375
BlaKPC_AMR,-0.008461980951445434,-0.010369654604591293,-0.005980131130563732,0.011980654879961626,-0.05150036368743398,-0.061893396277394985,-0.00747023381138627,0.046979398331315966,0.011951247991760106,0.06594866794806176,0.04922756431788063,-0.038710186635715974,-0.03950841567872776,-0.03836489080068946,0.0776548277107562,0.0051920518912482025,-0.03594395273250671,-0.05511437373990068,-0.024107139837117944,-0.03275950905763012,0.06703471637623841,-0.010369654604591287,0.025619650364375055,0.013402405199002675,-0.005980131130563731,-0.023346982978433642,-0.01036965460459129,-0.014689967273001925,0.005980131130563635,-0.011980654879961621,-0.0103696546045913,0.00186182313680813,-0.0059801311305637305,-0.00846198095144543,-0.03919050704086959,-0.02772049711058789,-0.024126562130282213,-0.02412656213028221,-0.022542346930101653,-0.01587603203862701,-0.011980654879961626,-0.00846198095144543,-0.008461980951445435,0.05829611764448235,-0.005980131130563731,-0.013402405199002885,-0.005980131130563732,0.18959230547268718,0.1895923054726872,0.18959230547268716,0.1895923054726872,0.1129546639592846,0.2682761368310106,1.0,0.32875645709370965,-0.005980131130563734,-0.023346982978433607,-0.008461980951445435,-0.010369654604591291,-0.019008063663799056,0.058296117644482386,-0.013402405199002878,-0.008461980951445434,-0.00598013113056373,-0.019947253174310325,0.10267238262817567,0.12990707793978243,0.18959230547268716,0.08597229196268738,0.08597229196268748,0.10531875274460498,0.13246826732759184,-0.008461980951445432,-0.005980131130563731,-0.005980131130563734,-0.008461980951445437,-0.005980131130563734,0.19812286097368348,0.1495906648129361,-0.0059801311305637305,-0.005980131130563735,-0.01468996727300194,-0.01587603203862704,-0.019886466523426648,-0.020538133297458988,-0.005980131130563733,-0.011980654879961623,-0.019008063663799046,-0.01431702709077523,-0.008461980951445434,-0.005980131130563733,0.018022313422262393,-0.010369654604591296,-0.04457025888284557,0.024009106197746818,0.06553271672593561,-0.008461980951445434,0.16340784537680014,-0.02084618296748009,0.09866166637394581,-0.029044218287863268,-0.036614621157628174,-0.017876188892854916,-0.014689967273001935,-0.013402405199002909,-0.005980131130563733,-0.022542346930101702,-0.014689967273001953,-0.010369654604591319,-0.005980131130563733,-0.016981887783270134,-0.02665471044791366,0.047483713587856954,0.03400110960380649,-0.027199252580835966,-0.015777897198239417,-0.06464021857531309,-0.025960871664301104,-0.0881790810743216,0.02590017169455574,0.007181250437094319,0.011980654879961368,-0.18261874636818382,0.00598013113056406,-0.005980131130563737,-0.005980131130563734,-0.016981887783270106,-0.005980131130563735,-0.022542346930101674,-0.021709861337146256,0.016981887783269332,0.010369654604590927,0.005980131130563902,0.11872493588556526,-0.010369654604591324,-0.011980654879961628,-0.013402405199002872,-0.005980131130563734,-0.008461980951445434
pKPC_PLASMID,-0.002781930877591652,-0.0034090909090909046,-0.00196600672343993,0.003938717651998586,-0.07721390405509124,-0.13064702690866814,-0.05075318720323688,-0.06275327694382885,-0.10074964714822283,0.02168105042465426,0.016183879636499157,-0.03978764614969739,-0.10131606157617859,-0.050936927957634645,-0.03679574605172286,-0.036693356520671704,-0.047202106045360494,-0.03720570683013007,-0.029441469109162777,-0.0275717054665087,0.08139410298049837,-0.0034090909090909076,0.008422625485771516,0.0044061272497583695,-0.00196600672343993,-0.0076754714078169865,-0.0034090909090909076,-0.004829421595494656,0.0019660067234398395,-0.00393871765199864,-0.0034090909090909068,-0.011137310837974508,-0.0019660067234399292,-0.002781930877591653,-0.012884132246462359,-0.009113292418953268,-0.007931763087802843,-0.00793176308780284,-0.0074109421113174815,-0.0052193480457252495,-0.0039387176519986395,-0.0027819308775916523,-0.0027819308775916536,-0.005219348045725246,-0.001966006723439928,-0.004406127249758498,-0.0019660067234399305,-0.001966006723439928,-0.0019660067234399275,-0.0019660067234399275,-0.0019660067234399292,-0.005924951909335485,-0.0027819308775916514,0.32875645709370965,1.0,-0.001966006723439929,-0.007675471407816985,-0.0027819308775916536,-0.0034090909090909046,-0.006249023666322253,-0.0052193480457252495,-0.00440612724975851,-0.0027819308775916536,-0.001966006723439928,-0.006557788282337521,-0.003409090909090905,-0.0027819308775916523,-0.0019660067234399305,-0.003938717651998639,-0.003938717651998636,-0.006249023666322248,-0.00521934804572525,-0.0027819308775916523,-0.001966006723439928,-0.001966006723439929,-0.002781930877591653,-0.001966006723439929,-0.013530178895403979,-0.006853317256315991,-0.0019660067234399275,-0.00196600672343993,-0.004829421595494655,-0.005219348045725253,-0.015337928024980881,0.0630816872175644,-0.001966006723439928,-0.003938717651998643,-0.006249023666322247,-0.01415253722858698,-0.002781930877591653,-0.001966006723439928,0.005924951909335298,-0.003409090909090904,-0.030469859955901478,0.03669335652067172,0.0650467511400201,-0.0027819308775916527,-0.01739703000059517,-0.006853317256315986,-0.006557788282337516,-0.009548474303374261,-0.012037293129610199,-0.014901806024357788,-0.004829421595494657,-0.004406127249758504,-0.0019660067234399284,-0.00741094211131748,-0.004829421595494654,-0.00340909090909091,-0.0019660067234399297,-0.00558290526239083,-0.02191099299010756,0.0060449009135519,0.001892808259180082,-0.021928318259674635,-0.03166221026558246,0.009489046730321601,0.004874861468764875,-0.024647909458709906,0.05205052551327816,0.05858613070295557,0.003938717651998664,-0.11553329962828328,0.0019660067234400277,-0.0019660067234399305,-0.00196600672343993,-0.005582905262390835,-0.0019660067234399305,-0.007410942111317484,-0.007137257097195908,0.005582905262390491,0.003409090909090653,0.0019660067234399717,0.1334559546149027,-0.003409090909090913,-0.003938717651998644,-0.004406127249758507,-0.001966006723439928,-0.0027819308775916536
qepA4_AMR,-0.001604326477450499,-0.0019660067234399275,-0.0011337868480725643,0.0022714399797644225,0.007618338969311746,-0.07534352710129774,0.020865961909838946,0.017926222971406083,0.019513782718737847,0.012503359999125715,0.009333167411831968,0.012168590499917207,0.012101048952404974,0.010407431212535446,-0.0212199340119581,-0.021160886450064212,0.04165082637521777,-0.021456356468322047,-0.016978757023525144,-0.015900473108332737,0.04693959708768654,-0.00196600672343993,0.0048572885779860015,0.002540992900558013,-0.0011337868480725641,-0.004426408328712823,-0.00196600672343993,-0.002785104762606755,0.0011337868480725132,-0.0022714399797645218,-0.0019660067234399305,-0.006422834876626167,-0.0011337868480725637,-0.0016043264774505005,-0.0074302185825220425,-0.005255592956045323,-0.004574210537410233,-0.004574210537410235,-0.004273855525243115,-0.00300997351596154,-0.002271439979764522,-0.0016043264774504996,-0.0016043264774505002,-0.003009973515961541,-0.001133786848072562,-0.0025409929005580784,-0.0011337868480725641,-0.0011337868480725624,-0.0011337868480725624,-0.0011337868480725624,-0.0011337868480725626,-0.0034168919516781356,-0.0016043264774504996,-0.005980131130563734,-0.001966006723439929,1.0,0.25614149528818153,-0.001604326477450499,-0.001966006723439927,-0.0036037826125912705,-0.0030099735159615395,-0.002540992900558081,-0.0016043264774504996,-0.0011337868480725622,-0.0037818457171648785,-0.0019660067234399292,-0.0016043264774505,-0.0011337868480725646,-0.0022714399797645213,-0.0022714399797645213,-0.0036037826125912627,-0.003009973515961538,-0.0016043264774504996,-0.0011337868480725617,-0.0011337868480725626,-0.0016043264774504992,-0.0011337868480725626,-0.0078027906521280594,-0.00395227588911002,-0.0011337868480725617,-0.0011337868480725646,-0.0027851047626067564,-0.0030099735159615417,-0.008845311088753367,-0.008927970157724688,-0.0011337868480725624,-0.0022714399797645205,-0.00360378261259127,-0.008161701781239867,-0.0016043264774505005,-0.0011337868480725624,0.0034168919516779205,-0.001966006723439926,0.06452299834279829,0.021160886450064264,0.03751215602323302,-0.0016043264774505,-0.010032785531723199,-0.003952275889110014,-0.0037818457171648725,-0.005506560305847991,-0.006941850439283745,-0.008593801578350282,-0.002785104762606754,-0.0025409929005580844,-0.001133786848072563,-0.004273855525243131,-0.002785104762606758,-0.001966006723439932,-0.0011337868480725646,-0.003219635256108641,-0.012635966797167024,0.05313439274922502,0.049284549726848786,0.03228917697036034,0.027544792330538418,0.028264887406963948,0.02601118342957076,0.030853015107024033,-0.03777112150267145,-0.03355754510240673,0.00227143997976454,0.005382393832244604,0.0011337868480726177,-0.0011337868480725643,-0.0011337868480725641,-0.003219635256108639,-0.0011337868480725646,-0.004273855525243131,-0.004116022662401914,0.003219635256108384,0.0019660067234395814,0.0011337868480726073,-0.0047177097940837185,-0.001966006723439931,-0.002271439979764521,-0.00254099290055808,-0.001133786848072563,-0.0016043264774505005
blaNDM+ble_AMR,-0.006263438400113545,-0.00767547140781697,-0.004426408328712825,0.008867910984938146,-0.09240986892946415,-0.03535638515199641,0.042316238356429996,0.06998562630876139,0.015579890565619675,0.048814269570255864,0.03643754558913356,0.02008968770765518,0.019708225497717485,0.009568646895291988,0.09202019229649235,0.07300879030851129,0.03712999334338702,0.012921014309333506,0.020910531566410727,0.028712178428008273,-0.020284997590460152,-0.007675471407816989,0.018963302187805044,0.00992027042591923,-0.004426408328712825,0.05053763440860208,-0.007675471407816992,-0.010873305629270509,0.004426408328712909,-0.008867910984938039,-0.007675471407816992,-0.02507533919640748,-0.004426408328712823,-0.006263438400113546,-0.029008258010528115,-0.020518319181873742,-0.017858139432909287,-0.017858139432909294,-0.016685525788918548,0.08707089965044863,-0.00886791098493804,-0.006263438400113545,-0.006263438400113546,-0.011751213963106816,-0.0044264083287128215,-0.009920270425919238,-0.004426408328712822,-0.004426408328712819,-0.004426408328712822,-0.004426408328712822,-0.004426408328712821,0.0739127114959329,-0.006263438400113547,-0.023346982978433607,-0.007675471407816985,0.25614149528818153,1.0,0.36244430208657,-0.0076754714078169735,0.0687529537025984,-0.011751213963106823,-0.00992027042591924,-0.006263438400113546,-0.00442640832871282,-0.01476467416148238,-0.007675471407816987,-0.006263438400113545,-0.004426408328712824,0.12163817901006661,0.25214426900507153,0.23439785989466969,0.28471512687755984,-0.006263438400113547,-0.00442640832871282,-0.004426408328712822,0.1780904318432283,0.25614149528818153,-0.030462813701267907,0.1359558784551242,-0.004426408328712819,-0.004426408328712826,-0.01087330562927052,-0.011751213963106829,0.036794714151958986,0.03589728032408444,-0.004426408328712819,-0.008867910984938039,0.06875295370259832,0.08297655042501473,-0.006263438400113547,-0.004426408328712819,0.0133398610320198,-0.00767547140781697,0.016866176805951687,-0.014650224971381964,-0.029849231900746273,-0.006263438400113549,0.056903735387736694,-0.015430049257201971,-0.014764674161482354,-0.02149811884112187,-0.027101623778191617,-0.03355099324567266,-0.010873305629270517,-0.009920270425919253,-0.004426408328712821,-0.016685525788918597,-0.010873305629270542,-0.0076754714078169925,-0.004426408328712826,0.26490753849214504,0.057237164311244614,0.03299308707008725,0.023076586008290143,0.09097374055036479,0.05389021489419195,0.07475496269753111,0.08343516798968217,0.08526359747292614,-0.023957569732088818,0.009210522908736448,0.008867910984938039,-0.03521329970353662,0.004426408328712917,-0.004426408328712825,-0.004426408328712825,-0.012569752716116007,-0.004426408328712825,-0.016685525788918593,0.05669589868270364,0.012569752716115797,0.007675471407816883,0.004426408328712901,-0.01841837375383432,-0.007675471407817001,-0.008867910984938039,-0.009920270425919241,-0.00442640832871282,-0.006263438400113547
rmtB1/C_AMR,-0.002270147559591376,-0.0027819308775916566,-0.0016043264774505007,0.0032141238079017747,0.010780071177785828,0.021293487830660134,-0.02368079165085353,0.025365891483570577,0.0276123138525624,0.017692453866257056,0.013206580780801096,0.01721874968426193,0.01712317731703431,0.0147266811966466,0.07560468739188406,0.022936331802154913,0.058936583781203755,0.022205265369555173,0.03523250370796611,0.03919930548100374,0.01612087382110611,-0.002781930877591655,0.006873140826715864,0.003595545491032332,-0.0016043264774505007,-0.006263438400113546,-0.0027819308775916553,-0.003940967670174934,0.0016043264774504285,-0.0032141238079016967,-0.002781930877591655,-0.009088413814625933,-0.0016043264774505007,-0.0022701475595913777,-0.010513877829373016,-0.00743674787586372,-0.006472580883325481,-0.00647258088332548,-0.006047573749512065,-0.004259160543528209,-0.0032141238079016967,-0.0022701475595913777,-0.002270147559591379,-0.00425916054352821,-0.001604326477450501,-0.0035955454910323384,-0.0016043264774505005,-0.0016043264774504983,-0.0016043264774505018,-0.0016043264774505018,-0.0016043264774504992,-0.004834956621682308,-0.002270147559591379,-0.008461980951445435,-0.0027819308775916536,-0.001604326477450499,0.36244430208657,1.0,-0.00278193087759165,0.2200395366828163,-0.004259160543528216,-0.003595545491032348,-0.00227014755959138,-0.001604326477450501,-0.005351372021994101,-0.0027819308775916527,-0.0022701475595913773,-0.0016043264774505011,-0.0032141238079016953,-0.0032141238079016967,0.22003953668281592,0.26437217945185854,-0.0022701475595913786,-0.001604326477450501,-0.0016043264774504992,-0.0022701475595913764,-0.001604326477450499,-0.011041073251549242,-0.0055925334341879905,-0.0016043264774505007,-0.0016043264774505011,-0.003940967670174935,-0.004259160543528215,0.08442983416955735,-0.012633220202082397,-0.0016043264774504983,-0.0032141238079016962,-0.00509940988836191,-0.011548938224991655,-0.0022701475595913773,-0.0016043264774504983,0.004834956621682415,-0.0027819308775916566,-0.024864412979183355,0.02994299190881854,0.0051560617840544325,-0.002270147559591378,0.07285591401911713,-0.005592533434187977,-0.0053513720219940915,-0.007791870679544571,-0.009822829115699469,-0.01216036633123906,-0.0039409676701749295,-0.003595545491032345,-0.001604326477450499,-0.0060475737495120745,-0.003940967670174936,-0.002781930877591656,-0.0016043264774505011,-0.00455583525059344,-0.017880094600976573,0.02249613258050553,0.018593051609496244,0.04568970052589511,-0.009633977542724418,0.039995266593749766,0.036806239512148016,0.04365750857802416,-0.0534467394931869,0.00016187884659259216,0.0032141238079020835,0.007616173138554416,0.0016043264774505764,-0.0016043264774505011,-0.0016043264774505007,-0.00455583525059344,-0.0016043264774505011,-0.006047573749512071,-0.005824237730666518,0.0045558352505929555,0.002781930877591665,0.0016043264774505623,-0.0066756346207780745,-0.0027819308775916553,-0.0032141238079016945,-0.0035955454910323397,-0.001604326477450499,-0.0022701475595913777
cdtB_VIR,-0.0027819308775916506,-0.0034090909090909046,-0.0019660067234399284,0.003938717651998613,0.01321033637016815,0.026093903472247534,-0.09422075684480631,-0.10967211144120464,-0.10074964714822296,-0.15723827223861384,-0.2106473222528457,-0.16156404667026197,-0.16246581029235446,-0.11992052824381713,0.006352519238677259,-0.036693356520671676,-0.04720210604536048,0.005738919484908945,-0.029441469109162784,-0.027571705466508677,-0.04188375796595126,-0.003409090909090904,0.008422625485771471,0.004406127249758382,-0.0019660067234399284,-0.007675471407816984,-0.0034090909090909055,-0.004829421595494651,0.0019660067234398377,-0.003938717651998637,-0.0034090909090909033,-0.011137310837974508,-0.0019660067234399284,-0.0027819308775916514,0.26459608174442245,0.3740789554827496,-0.00793176308780285,0.13797962871490368,0.1483952932290002,-0.005219348045725245,-0.003938717651998636,0.4066255632746468,-0.0027819308775916514,-0.00521934804572525,-0.0019660067234399253,-0.0044061272497585,-0.0019660067234399284,-0.001966006723439926,-0.001966006723439927,-0.001966006723439927,-0.001966006723439927,-0.005924951909335489,-0.00278193087759165,-0.010369654604591291,-0.0034090909090909046,-0.001966006723439927,-0.0076754714078169735,-0.00278193087759165,1.0,0.17768057291242914,-0.00521934804572525,-0.004406127249758511,-0.0027819308775916493,-0.001966006723439925,-0.006557788282337513,-0.003409090909090903,-0.0027819308775916514,-0.001966006723439929,-0.003938717651998634,-0.003938717651998634,-0.006249023666322243,-0.005219348045725248,-0.00278193087759165,-0.0019660067234399253,-0.0019660067234399266,-0.0027819308775916497,-0.0019660067234399266,-0.013530178895403991,-0.006853317256315989,-0.0019660067234399253,-0.0019660067234399297,-0.004829421595494656,-0.005219348045725252,-0.015337928024980884,-0.015481260332660365,-0.001966006723439926,-0.003938717651998639,-0.006249023666322241,-0.014152537228586977,-0.0027819308775916506,-0.0019660067234399266,0.005924951909335184,-0.0034090909090909046,-0.030469859955901485,0.03669335652067168,-0.01325765411783643,-0.002781930877591651,-0.0173970300005952,-0.0068533172563160025,-0.006557788282337513,-0.009548474303374266,-0.01203729312961022,-0.01490180602435781,-0.004829421595494656,-0.004406127249758499,-0.0019660067234399258,-0.007410942111317482,-0.004829421595494656,-0.0034090909090909063,-0.0019660067234399284,-0.005582905262390826,-0.0219109929901076,-0.037000643495047746,-0.03989093406222,-0.021928318259674656,-0.031662210265582434,-0.030033728094555675,-0.07558313249234483,-0.06372170488427699,0.01286841636730667,0.019660958836356827,0.003938717651998692,0.009333167411832025,0.0019660067234400246,-0.0019660067234399284,-0.0019660067234399284,-0.0055829052623908295,-0.001966006723439929,-0.0074109421113174815,-0.007137257097195898,0.005582905262390408,0.0034090909090903772,0.001966006723440013,-0.008180593371826967,-0.00340909090909091,-0.00393871765199864,-0.004406127249758503,-0.001966006723439926,-0.002781930877591651
blaCMY_AMR,-0.0050994098883619075,-0.00624902366632226,-0.0036037826125912696,0.00721985434787491,-0.07523595975536289,-0.12455673991617192,-0.10100078416708994,-0.09782881718930884,-0.08599719316478877,-0.0586478720054018,-0.09507186122093961,-0.09525480896857767,-0.12967191691214358,-0.15659486881433848,-0.043720491058657926,-0.0435041851642546,-0.0646324423261235,-0.04458395235023163,-0.02734559139349189,-0.0228215822961274,-0.054177483860117906,-0.006249023666322243,-0.06029813737556587,-0.13455679044223268,-0.0036037826125912696,-0.014069499393437587,-0.006249023666322242,-0.008852556487835546,0.0036037826125913416,-0.0072198543478748725,-0.006249023666322247,0.2703369410496285,-0.0036037826125912696,-0.005099409888361907,0.12897305811027482,0.1940177206770102,-0.01453929407372676,-0.01453929407372677,-0.013584604775387704,-0.009567309975082882,-0.007219854347874874,-0.005099409888361908,-0.005099409888361911,-0.009567309975082896,-0.003603782612591269,-0.00807663808176667,-0.0036037826125912696,-0.003603782612591271,-0.0036037826125912696,-0.0036037826125912696,-0.0036037826125912705,-0.010860714979622568,-0.0050994098883619075,-0.019008063663799056,-0.006249023666322253,-0.0036037826125912705,0.0687529537025984,0.2200395366828163,0.17768057291242914,1.0,0.11111747156774841,0.1345567904422328,0.22003953668281637,0.314610222079217,0.08447297449951953,-0.006249023666322253,-0.005099409888361907,-0.00360378261259127,-0.007219854347874868,-0.007219854347874876,0.19083619702176396,0.11111747156774847,-0.00509940988836191,-0.00360378261259127,-0.0036037826125912705,-0.005099409888361911,-0.0036037826125912705,-0.024801453050573016,-0.012562452240076467,-0.0036037826125912696,-0.0036037826125912696,-0.00885255648783554,-0.009567309975082896,0.05899247352515917,0.10123073678090522,-0.003603782612591271,-0.007219854347874875,-0.011454753722794963,-0.025942265090117708,-0.005099409888361907,-0.003603782612591271,0.010860714979622476,-0.006249023666322257,-0.05585268361902633,0.019747725362129043,-0.0960697276466667,-0.005099409888361911,0.0463284624808784,-0.01256245224007645,-0.012020733758016978,-0.017502801623723013,-0.02206492336264845,-0.02731570996503222,-0.008852556487835528,-0.00807663808176668,-0.0036037826125912705,-0.013584604775387712,-0.008852556487835539,-0.006249023666322248,-0.0036037826125912696,-0.010233727419377826,0.024908974312627903,0.026861487845037203,0.018787918610036213,-0.004488647562600618,-0.08715640551282516,-0.06229794359791312,-0.005812478071377972,-0.07383041555173028,-0.05541649861943655,-0.04244737351361737,0.0072198543478750755,-0.05155769468984457,0.003603782612591111,-0.0036037826125912705,-0.0036037826125912696,-0.010233727419377838,-0.00360378261259127,-0.013584604775387695,0.0757803404211713,0.010233727419378412,0.006249023666322668,0.0036037826125910697,-0.014995411664964329,-0.0062490236663222485,-0.007219854347874871,-0.008076638081766674,-0.0036037826125912705,-0.005099409888361907
cmlA_AMR,-0.004259160543528208,-0.005219348045725268,-0.003009973515961543,0.006030211228689176,0.020225140706322944,-0.02861335876394487,0.026873787062272954,0.016804842262477696,0.02236887950567973,-0.005938557635693551,-0.024833846669010184,-0.08754962565068672,-0.08824377712335967,-0.06289709772324871,-0.05633460953884494,0.0005136260596101456,-0.04614665044840153,-0.05696226308187542,-0.04507514711573547,-0.04221252259955411,-0.03716161677479332,-0.005219348045725252,-0.1678411585603033,-0.5038163416313224,-0.0030099735159615426,-0.011751213963106837,-0.005219348045725248,-0.007393886768818981,0.0030099735159615066,-0.006030211228689306,-0.005219348045725247,-0.017051320456666293,-0.003009973515961541,-0.004259160543528211,-0.019725719335355434,0.06985756780656394,-0.012143598770300636,-0.012143598770300629,-0.011346217292868433,-0.007990867579908679,-0.006030211228689308,-0.004259160543528212,-0.0042591605435282134,-0.007990867579908663,-0.0030099735159615413,-0.0067458194174048434,-0.0030099735159615426,-0.0030099735159615395,-0.003009973515961547,-0.0030099735159615443,-0.0030099735159615404,0.11806897915108445,-0.00425916054352821,0.058296117644482386,-0.0052193480457252495,-0.0030099735159615395,-0.011751213963106823,-0.004259160543528216,-0.00521934804572525,0.11111747156774841,1.0,0.8441911156638063,0.5330035194472453,0.37667668571175883,0.22022873866923567,0.2142418102578649,0.2643721794518583,0.3766766857117586,0.3743038255522148,0.3743038255522148,0.5938565977390735,0.13600782778864995,-0.004259160543528209,-0.0030099735159615413,-0.0030099735159615404,-0.004259160543528209,-0.0030099735159615395,-0.020714822414305,0.099803553753137,-0.0030099735159615426,-0.003009973515961543,-0.007393886768818998,-0.007990867579908686,0.0804525826146964,0.07939567845681539,-0.0030099735159615395,-0.006030211228689316,-0.00956730997508288,0.03411234861845761,-0.00425916054352821,-0.0030099735159615395,0.009071153276242168,-0.0052193480457252625,-0.04664962251087787,0.027832112105127583,0.02251839055127044,-0.004259160543528213,0.2533496340344064,-0.010492488755023167,0.10509435368111539,-0.0146187978038591,-0.018429201229076864,-0.022814795564295894,-0.007393886768818993,-0.006745819417404848,-0.003009973515961539,0.09088551607042566,-0.00739388676881899,-0.00521934804572525,-0.0030099735159615417,-0.008547476863413773,0.04409771949740876,-0.00015993311496192262,-0.0062408476201824,-0.04209342205747536,0.04706847713579478,0.07503752814845809,0.042658282347959826,-0.07192034991955414,-0.023147022056782828,-0.012466599158090825,0.006030211228689351,0.014289161066802475,0.0030099735159617013,-0.0030099735159615434,-0.0030099735159615426,-0.008547476863413781,-0.003009973515961543,-0.011346217292868447,-0.010927203138745858,0.008547476863413119,0.005219348045725067,0.00300997351596163,-0.012524560114914632,-0.005219348045725256,-0.006030211228689311,-0.006745819417404839,-0.003009973515961539,-0.00425916054352821
ant(2'')-Ia_AMR,-0.00359554549103234,-0.00440612724975853,-0.0025409929005580836,0.0050906507448353795,0.017073884097328195,-0.04730737283357155,0.013055709087407425,0.003790914962052398,0.00894368263811374,-0.018227379438263618,-0.03771715049661761,-0.11438074518592967,-0.11514059184383511,-0.08366590921174885,-0.047557176877082365,-0.047424842094911795,-0.0610070224697865,-0.04808703642182372,-0.03805203873234293,-0.0356354365483012,-0.05413324907351311,-0.0044061272497585065,-0.20272039692669713,-0.5977220956719825,-0.0025409929005580836,-0.00992027042591925,-0.0044061272497585065,-0.006241853520461156,0.00254099290055797,-0.005090650744835636,-0.004406127249758508,-0.014394573239854186,-0.002540992900558083,-0.003595545491032343,-0.016652277012984818,0.08727383427048421,-0.01025151819407372,-0.010251518194073725,-0.009578375835030581,-0.006745819417404844,-0.005090650744835636,-0.003595545491032343,-0.0035955454910323453,-0.006745819417404844,-0.0025409929005580827,-0.005694760820045565,-0.002540992900558083,-0.002540992900558079,-0.0025409929005580888,-0.0025409929005580857,-0.0025409929005580823,0.142605011330628,-0.003595545491032344,-0.013402405199002878,-0.00440612724975851,-0.002540992900558081,-0.00992027042591924,-0.003595545491032348,-0.004406127249758511,0.1345567904422328,0.8441911156638063,1.0,0.6313777882252792,0.44619835333799895,0.2636714845299251,-0.00440612724975851,-0.0035955454910323427,-0.0025409929005580836,-0.0050906507448356345,-0.005090650744835631,0.4198236474902321,-0.006745819417404847,-0.003595545491032343,-0.0025409929005580827,-0.0025409929005580823,-0.003595545491032342,-0.002540992900558081,-0.01748726904470975,-0.008857665788192947,-0.0025409929005580844,-0.0025409929005580836,-0.006241853520461172,-0.006745819417404859,0.10301378554716503,0.10183876554559593,-0.002540992900558079,-0.005090650744835642,-0.008076638081766684,-0.01829164478125565,-0.0035955454910323427,-0.002540992900558079,0.007657787004628472,-0.004406127249758522,-0.039381196872753474,0.013923933639066176,0.023347209141413718,-0.0035955454910323436,0.1981181405369226,-0.008857665788192954,-0.008475705230359946,-0.012341059227703427,-0.015557767946367195,-0.019260047721064592,-0.006241853520461163,-0.005694760820045565,-0.00254099290055808,0.1112459936268551,-0.006241853520461155,-0.004406127249758507,-0.0025409929005580836,-0.0072157040294358425,0.06344533202758224,-0.014441109713793369,-0.01915520646052705,-0.048482888990487215,0.03093583855954652,0.06334601460430112,0.02709839495349451,-0.052057124951636856,-0.02388120739594588,-0.014836425086299305,0.0050906507448358835,0.01206278282288388,0.0025409929005582106,-0.002540992900558084,-0.0025409929005580836,-0.007215704029435864,-0.0025409929005580836,-0.009578375835030569,-0.00922464780878291,0.007215704029435068,0.004406127249758206,0.0025409929005581946,-0.010573122376608204,-0.00440612724975851,-0.005090650744835641,-0.005694760820045562,-0.002540992900558081,-0.0035955454910323427
blaCARB-2_AMR,-0.0022701475595913773,-0.0027819308775916623,-0.0016043264774505002,0.0032141238079015718,0.010780071177785825,-0.10661229281201293,0.029525668979435628,0.02536589148357055,0.027612313852562367,0.017692453866257077,0.013206580780801114,-0.13184160297459385,-0.13257747190020655,-0.15415201356489772,-0.030026545150890614,-0.029942991908818457,-0.0385184789131837,-0.03036108669831938,-0.02402521205228929,-0.022499423110308673,-0.03417853106948282,-0.0027819308775916545,-0.33029260083939577,-0.6313777882252788,-0.0016043264774505005,-0.006263438400113546,-0.002781930877591655,-0.003940967670174933,0.0016043264774504298,-0.0032141238079016967,-0.002781930877591655,-0.009088413814625931,-0.0016043264774505007,-0.0022701475595913777,-0.010513877829373009,-0.007436747875863716,-0.006472580883325477,-0.0064725808833254765,-0.0060475737495120615,-0.004259160543528209,-0.003214123807901696,-0.0022701475595913773,-0.002270147559591379,-0.004259160543528208,-0.0016043264774505007,-0.003595545491032338,-0.0016043264774505005,-0.0016043264774504983,-0.0016043264774505018,-0.0016043264774505018,-0.0016043264774504996,-0.0048349566216823025,-0.0022701475595913786,-0.008461980951445434,-0.0027819308775916536,-0.0016043264774504996,-0.006263438400113546,-0.00227014755959138,-0.0027819308775916493,0.22003953668281637,0.5330035194472453,0.6313777882252792,1.0,0.7067058133169436,0.4242178548344408,-0.0027819308775916523,-0.002270147559591377,-0.0016043264774505007,-0.003214123807901695,-0.0032141238079016967,0.4451784832539945,-0.004259160543528209,-0.0022701475595913803,-0.0016043264774505018,-0.001604326477450499,-0.0022701475595913764,-0.001604326477450499,-0.011041073251549242,-0.0055925334341879905,-0.0016043264774505015,-0.001604326477450501,-0.003940967670174928,-0.004259160543528209,0.18137592463993327,0.17969666666755152,-0.0016043264774504983,-0.003214123807901695,-0.005099409888361909,-0.011548938224991655,-0.0022701475595913773,-0.0016043264774504983,0.004834956621682647,-0.002781930877591656,-0.02486441297918334,0.029942991908818512,-0.04276817564036743,-0.0022701475595913786,0.1599083796197671,-0.005592533434187975,-0.005351372021994078,-0.007791870679544573,-0.009822829115699473,-0.012160366331239066,-0.003940967670174929,-0.003595545491032344,-0.001604326477450498,-0.006047573749512073,-0.003940967670174934,-0.002781930877591656,-0.001604326477450501,-0.00455583525059344,0.12696507542344812,-0.030193748238025925,-0.032552320886407714,-0.04968619915345574,0.03897632057285082,0.03999526659374982,0.03680623951214805,-0.05199901766117029,0.04247494947527656,0.04780821936034409,0.003214123807901881,0.007616173138554277,0.0016043264774505761,-0.0016043264774505007,-0.0016043264774505005,-0.004555835250593436,-0.0016043264774505011,-0.006047573749512069,-0.005824237730666518,0.004555835250592942,0.0027819308775914177,0.0016043264774505607,-0.0066756346207780745,-0.0027819308775916553,-0.003214123807901694,-0.0035955454910323393,-0.0016043264774504987,-0.0022701475595913773
blaFOX-5_AMR,-0.0016043264774504987,-0.001966006723439934,-0.0011337868480725628,0.0022714399797644285,0.007618338969311674,-0.07534352710129773,0.02086596190983891,0.01792622297140606,0.0195137827187378,0.012503359999125713,0.009333167411831971,-0.09317322725916992,-0.09369327010673971,-0.10894012412082554,-0.02121993401195808,-0.02116088645006421,-0.027221232968073033,-0.02145635646832203,-0.016978757023525137,-0.015900473108332727,-0.02415416659743728,-0.001966006723439929,-0.23341970110877377,-0.44619835333799857,-0.001133786848072563,-0.004426408328712819,-0.001966006723439929,-0.0027851047626067564,0.001133786848072513,-0.00227143997976452,-0.001966006723439929,-0.006422834876626164,-0.0011337868480725633,-0.001604326477450499,-0.007430218582522034,-0.005255592956045321,-0.004574210537410232,-0.004574210537410232,-0.004273855525243119,-0.0030099735159615387,-0.0022714399797645196,-0.001604326477450499,-0.0016043264774505,-0.0030099735159615382,-0.001133786848072563,-0.0025409929005580775,-0.0011337868480725628,-0.0011337868480725613,-0.001133786848072564,-0.001133786848072564,-0.0011337868480725624,-0.0034168919516781335,-0.0016043264774504996,-0.00598013113056373,-0.001966006723439928,-0.0011337868480725622,-0.00442640832871282,-0.001604326477450501,-0.001966006723439925,0.314610222079217,0.37667668571175883,0.44619835333799895,0.7067058133169436,1.0,0.29979722412434257,-0.001966006723439927,-0.0016043264774504987,-0.0011337868480725633,-0.002271439979764519,-0.00227143997976452,0.3146102220792175,-0.0030099735159615387,-0.0016043264774505007,-0.001133786848072564,-0.001133786848072562,-0.0016043264774504979,-0.0011337868480725617,-0.007802790652128059,-0.003952275889110023,-0.001133786848072564,-0.0011337868480725633,-0.002785104762606752,-0.00300997351596154,0.12817942033877672,0.1269926789676357,-0.0011337868480725613,-0.002271439979764519,-0.0036037826125912675,-0.008161701781239867,-0.0016043264774504987,-0.0011337868480725613,0.003416891951678376,-0.00196600672343993,-0.017571825197102132,0.02116088645006425,-0.030224518350007758,-0.0016043264774504998,0.11300818147538205,-0.003952275889110012,-0.003781845717164861,-0.0055065603058479925,-0.006941850439283749,-0.00859380157835028,-0.002785104762606753,-0.002540992900558082,-0.001133786848072561,-0.004273855525243128,-0.0027851047626067564,-0.00196600672343993,-0.0011337868480725633,-0.003219635256108638,0.08972695688997498,-0.021338097405641143,-0.023004914407382893,-0.035113525783370576,0.027544792330538453,0.028264887406963948,0.02601118342957082,-0.03674800806791946,0.030017293714521415,0.03378634654628682,0.002271439979764661,0.005382393832244659,0.0011337868480726164,-0.0011337868480725633,-0.001133786848072563,-0.0032196352561086354,-0.0011337868480725635,-0.004273855525243125,-0.0041160226624019115,0.003219635256108286,0.001966006723439761,0.0011337868480726055,-0.004717709794083715,-0.001966006723439929,-0.0022714399797645187,-0.0025409929005580784,-0.0011337868480725617,-0.0016043264774504987
catB_AMR,-0.005351372021994096,-0.006557788282337522,-0.0037818457171648785,0.007576587763275908,0.025411639455847474,-0.0046252382530942715,-0.09002837602139187,0.05979449284017072,0.06508993795968043,0.04170605660424623,0.03113160049794518,-0.023297304686068252,-0.02379702416011129,-0.037665873443636734,-0.025507805443438638,0.133390921392038,0.09716111899443552,-0.02651008073933527,-0.05663413686740189,-0.05303742606281747,0.07033860785601882,-0.006557788282337513,-0.12830605943174553,-0.2636714845299249,-0.0037818457171648785,-0.014764674161482349,-0.006557788282337515,-0.009289961809158108,0.003781845717165169,-0.007576587763275719,-0.006557788282337522,-0.021423930442939183,-0.003781845717164878,-0.005351372021994098,-0.024784147365688486,-0.01753049238996801,-0.015257681423738094,-0.0152576814237381,-0.014255820872679298,-0.010040031307004826,-0.007576587763275719,-0.005351372021994096,-0.005351372021994099,-0.010040031307004826,-0.0037818457171648764,-0.008475705230359936,-0.0037818457171648785,-0.0037818457171648785,-0.0037818457171648772,-0.0037818457171648772,-0.0037818457171648785,-0.011397343526639743,-0.005351372021994096,-0.019947253174310325,-0.006557788282337521,-0.0037818457171648785,-0.01476467416148238,-0.005351372021994101,-0.006557788282337513,0.08447297449951953,0.22022873866923567,0.2636714845299251,0.4242178548344408,0.29979722412434257,1.0,-0.006557788282337519,-0.005351372021994096,-0.003781845717164878,-0.007576587763275716,-0.007576587763275718,0.18096668275705527,-0.010040031307004826,-0.005351372021994097,-0.0037818457171648772,-0.0037818457171648785,-0.0053513720219940985,-0.0037818457171648785,-0.026026894261341867,-0.013183163722259106,-0.0037818457171648772,-0.0037818457171648772,-0.00928996180915811,-0.010040031307004824,0.05359714884104617,0.05265183886842306,-0.0037818457171648785,-0.007576587763275725,-0.012020733758016993,-0.02722407388887217,-0.005351372021994097,-0.0037818457171648785,0.011397343526640048,-0.006557788282337515,0.16543404274323328,-0.1107270415403601,0.08404479767907994,-0.0053513720219940985,0.04115548239213258,0.16319158728917701,0.17149708090075047,-0.018367616050921527,-0.023155152485349825,0.05655863003878456,-0.009289961809158117,-0.008475705230359948,-0.0037818457171648777,-0.014255820872679322,-0.009289961809158117,-0.006557788282337543,-0.0037818457171648772,-0.010739376475258092,0.019931718482970654,-0.026009729319497757,-0.032893484930321314,-0.07624649956590393,0.0710438851367987,0.07354545789604199,0.06565752969789158,0.041415901895738697,-0.043765544309968506,-0.07109205640089877,0.007576587763275439,0.017953447861185703,0.0037818457171650325,-0.00378184571716488,-0.0037818457171648785,-0.010739376475258071,-0.00378184571716488,-0.014255820872679332,0.0710470143803406,0.010739376475257897,0.006557788282337813,0.0037818457171650186,-0.01573633581119159,-0.006557788282337539,-0.007576587763275723,-0.008475705230359945,-0.0037818457171648777,-0.005351372021994098
merD_STRESS,-0.002781930877591653,-0.0034090909090909046,-0.0019660067234399305,0.003938717651998625,-0.07721390405509115,0.026093903472247562,-0.00728561756166735,-0.015834442446452993,-0.01102504963750099,-0.03795872379643524,-0.05942652099328259,-0.03978764614969739,-0.040166312860002294,-0.050936927957634576,0.04950078452907731,0.006506955222999099,-0.047202106045360494,-0.037205706830130074,-0.029441469109162784,-0.027571705466508716,-0.0418837579659513,-0.0034090909090909076,-0.12930289866119646,0.004406127249758449,-0.00196600672343993,-0.007675471407816986,-0.0034090909090909076,-0.004829421595494655,0.0019660067234398395,-0.003938717651998641,-0.0034090909090909076,-0.011137310837974515,-0.00196600672343993,-0.002781930877591653,0.07960927241716582,-0.009113292418953279,-0.00793176308780284,-0.007931763087802841,-0.007410942111317476,-0.00521934804572525,-0.0039387176519986395,-0.002781930877591653,-0.0027819308775916527,-0.005219348045725246,-0.0019660067234399275,-0.004406127249758499,-0.00196600672343993,-0.0019660067234399284,-0.001966006723439928,-0.001966006723439928,-0.0019660067234399292,-0.005924951909335489,-0.002781930877591653,0.10267238262817567,-0.003409090909090905,-0.0019660067234399292,-0.007675471407816987,-0.0027819308775916527,-0.003409090909090903,-0.006249023666322253,0.2142418102578649,-0.00440612724975851,-0.0027819308775916523,-0.001966006723439927,-0.006557788282337519,1.0,0.8160330574268845,0.576695305542379,0.2858852562409012,0.2858852562409013,0.17768057291242925,0.43370296856145574,0.4066255632746469,-0.0019660067234399275,0.5766953055423788,0.406625563274647,-0.0019660067234399292,0.07496721343527546,-0.0068533172563159895,-0.001966006723439927,-0.0019660067234399314,-0.004829421595494656,-0.005219348045725252,-0.015337928024980874,-0.015481260332660384,-0.0019660067234399284,-0.003938717651998642,-0.006249023666322245,0.15587046104137633,-0.002781930877591654,-0.0019660067234399292,0.0059249519093350885,-0.003409090909090903,-0.030469859955901478,-0.049707266966669966,-0.052409856746764724,-0.0027819308775916536,0.1959582129233712,-0.006853317256315986,-0.006557788282337515,-0.00954847430337426,-0.012037293129610195,-0.014901806024357792,-0.004829421595494658,-0.004406127249758505,-0.0019660067234399292,-0.007410942111317483,-0.004829421595494656,-0.0034090909090909107,-0.0019660067234399305,-0.0055829052623908295,-0.02191099299010756,0.049090445322151656,0.0436765505805801,0.017030846777131615,0.047763163781319035,0.04901182155519872,0.004874861468764871,-0.06372170488427698,-0.02631369277866493,-0.01926421303024199,0.003938717651998481,0.009333167411832006,0.0019660067234400285,-0.001966006723439931,-0.0019660067234399305,-0.005582905262390834,-0.001966006723439931,-0.007410942111317487,-0.007137257097195906,0.0055829052623905485,0.003409090909090456,0.0019660067234399587,-0.008180593371826974,-0.003409090909090914,-0.003938717651998646,-0.004406127249758509,-0.001966006723439929,-0.0027819308775916545
merE_STRESS,-0.002270147559591377,-0.0027819308775916514,-0.0016043264774505,0.0032141238079016602,-0.09990368289180648,0.02129348783066017,-0.02368079165085345,-0.03206508846512896,-0.02730136437224078,-0.05530958708657,-0.07934429881798741,-0.05731142664516607,-0.05772714729158591,-0.06971266618412532,0.022789071120496673,0.022936331802154944,-0.03851847891318367,-0.030361086698319373,-0.024025212052289278,-0.022499423110308673,-0.03417853106948283,-0.0027819308775916545,-0.16170973000634017,0.003595545491032259,-0.0016043264774505005,-0.006263438400113546,-0.0027819308775916545,-0.00394096767017493,0.0016043264774504291,-0.0032141238079016953,-0.002781930877591654,-0.009088413814625926,-0.0016043264774505007,-0.0022701475595913773,0.10270263586985089,-0.007436747875863718,-0.006472580883325475,-0.006472580883325475,-0.0060475737495120545,-0.004259160543528206,-0.0032141238079016962,-0.0022701475595913773,-0.0022701475595913777,-0.004259160543528209,-0.0016043264774504987,-0.0035955454910323362,-0.0016043264774505005,-0.0016043264774504992,-0.0016043264774504976,-0.0016043264774504976,-0.0016043264774505,-0.004834956621682303,-0.002270147559591375,0.12990707793978243,-0.0027819308775916523,-0.0016043264774505,-0.006263438400113545,-0.0022701475595913773,-0.0027819308775916514,-0.005099409888361907,0.2643721794518583,-0.0035955454910323427,-0.002270147559591377,-0.0016043264774504987,-0.005351372021994096,0.8160330574268845,1.0,0.7067058133169442,0.35154479148924694,0.3515447914892471,0.22003953668281612,0.5330035194472446,0.4988649262202047,-0.0016043264774504987,-0.0016043264774505,-0.0022701475595913777,-0.0016043264774505,0.09728412320531722,-0.005592533434187986,-0.0016043264774504983,-0.0016043264774505005,-0.003940967670174931,-0.0042591605435282134,-0.01251625630081865,-0.012633220202082395,-0.0016043264774504992,-0.003214123807901694,-0.005099409888361908,0.09250935210835151,-0.002270147559591377,-0.0016043264774504992,0.004834956621682006,-0.0027819308775916506,-0.02486441297918332,-0.022936331802154944,-0.04276817564036741,-0.0022701475595913777,0.15990837961976703,-0.005592533434187971,-0.0053513720219940915,-0.007791870679544565,-0.009822829115699462,-0.012160366331239056,-0.003940967670174927,-0.003595545491032345,-0.0016043264774505,-0.006047573749512073,-0.00394096767017493,-0.0027819308775916553,-0.0016043264774505005,-0.004555835250593439,-0.01788009460097655,0.022496132580505562,0.018593051609496206,-0.0019982493137803052,0.03897632057285075,0.0399952665937498,-0.012436047592740912,-0.05199901766117026,-0.005485895008955131,0.00016187884659258638,0.0032141238079015405,0.00761617313855423,0.0016043264774505757,-0.0016043264774505007,-0.0016043264774505005,-0.004555835250593439,-0.0016043264774505007,-0.006047573749512072,-0.005824237730666516,0.004555835250593207,0.0027819308775913995,0.0016043264774505007,-0.0066756346207780745,-0.002781930877591655,-0.0032141238079016945,-0.00359554549103234,-0.0016043264774504998,-0.002270147559591377
merA_STRESS,-0.001604326477450501,-0.0019660067234399284,-0.001133786848072563,0.0022714399797645604,0.007618338969311727,0.015048231635721143,0.02086596190983896,0.01792622297140608,0.01951378271873787,0.01250335999912578,0.009333167411831976,0.012168590499917236,0.012101048952405016,0.01040743121253545,-0.021219934011958094,0.0535793644915626,-0.027221232968073026,-0.021456356468322047,-0.016978757023525144,-0.015900473108332737,-0.024154166597437306,-0.0019660067234399292,0.004857288577985992,0.0025409929005580745,-0.0011337868480725633,-0.004426408328712822,-0.001966006723439929,-0.0027851047626067577,0.0011337868480725132,-0.002271439979764521,-0.0019660067234399297,-0.006422834876626166,-0.0011337868480725641,-0.0016043264774504998,-0.00743021858252205,-0.005255592956045327,-0.0045742105374102365,-0.0045742105374102365,-0.004273855525243121,-0.0030099735159615387,-0.0022714399797645218,-0.001604326477450501,-0.0016043264774505007,-0.0030099735159615417,-0.0011337868480725635,-0.0025409929005580784,-0.0011337868480725633,-0.0011337868480725643,-0.0011337868480725628,-0.0011337868480725628,-0.0011337868480725646,-0.0034168919516781387,-0.0016043264774504985,0.18959230547268716,-0.0019660067234399305,-0.0011337868480725646,-0.004426408328712824,-0.0016043264774505011,-0.001966006723439929,-0.00360378261259127,0.3766766857117586,-0.0025409929005580836,-0.0016043264774505007,-0.0011337868480725633,-0.003781845717164878,0.576695305542379,0.7067058133169442,1.0,0.49914893555325324,0.4991489355532531,0.31461022207921757,0.37667668571175855,-0.001604326477450501,-0.0011337868480725635,-0.0011337868480725646,-0.0016043264774505018,-0.0011337868480725646,-0.007802790652128063,-0.003952275889110026,-0.0011337868480725633,-0.0011337868480725637,-0.0027851047626067573,-0.0030099735159615434,-0.008845311088753369,-0.008927970157724688,-0.0011337868480725643,-0.0022714399797645205,-0.0036037826125912705,0.13891549562355213,-0.0016043264774504996,-0.0011337868480725646,0.0034168919516779214,-0.0019660067234399284,-0.017571825197102143,0.021160886450064212,-0.03022451835000778,-0.0016043264774505011,0.1130081814753821,-0.003952275889110015,-0.0037818457171648738,-0.005506560305847992,-0.00694185043928375,-0.008593801578350279,-0.0027851047626067543,-0.002540992900558085,-0.0011337868480725643,-0.00427385552524313,-0.0027851047626067577,-0.0019660067234399305,-0.0011337868480725635,-0.0032196352561086384,-0.01263596679716704,0.0531343927492251,0.049284549726848835,0.0322891769703603,0.02754479233053844,0.028264887406963965,0.026011183429570702,-0.03674800806791946,0.030017293714521404,0.03378634654628681,0.0022714399797642802,0.005382393832244643,0.0011337868480726166,-0.0011337868480725637,-0.0011337868480725633,-0.0032196352561086406,-0.0011337868480725637,-0.0042738555252431285,-0.004116022662401915,0.0032196352561085647,0.0019660067234398867,0.0011337868480725205,-0.0047177097940837185,-0.00196600672343993,-0.00227143997976452,-0.002540992900558081,-0.0011337868480725641,-0.0016043264774504996
arr_AMR,-0.0032141238079016945,-0.003938717651998635,-0.0022714399797645205,0.0045506257110354545,0.015262656948006128,0.030147778676602403,0.004137651602577431,0.035913575477300674,0.039094108649373197,0.02504935723296114,0.01869816150461616,0.024378676649745096,0.024243363233845797,0.020850352412351433,-0.005123485804232626,0.10734143794612243,0.014454196312320115,-0.04298588044576308,-0.03401541266376939,-0.03185516781821594,0.022824280357318597,-0.0039387176519986395,0.009731140811914606,0.005090650744835751,-0.0022714399797645205,-0.008867910984938034,-0.003938717651998639,-0.005579706905554684,0.0022714399797646506,-0.00455062571103527,-0.0039387176519986395,-0.012867572019375616,-0.0022714399797645213,-0.003214123807901694,-0.014885774672215706,-0.01052910781071798,-0.009164019417050768,-0.009164019417050766,-0.008562285163457287,-0.006030211228689297,-0.0045506257110352714,-0.0032141238079016953,-0.0032141238079016953,-0.006030211228689301,-0.002271439979764519,0.21966157963965754,-0.0022714399797645205,-0.002271439979764521,-0.0022714399797645183,-0.0022714399797645183,-0.0022714399797645213,0.16105789034820805,-0.0032141238079016923,0.08597229196268738,-0.003938717651998639,-0.0022714399797645213,0.12163817901006661,-0.0032141238079016953,-0.003938717651998634,-0.007219854347874868,0.3743038255522148,-0.0050906507448356345,-0.003214123807901695,-0.002271439979764519,-0.007576587763275716,0.2858852562409012,0.35154479148924694,0.49914893555325324,1.0,0.7488623435722411,0.47091499984013807,0.18413680716176273,-0.0032141238079016953,-0.002271439979764519,-0.0022714399797645213,-0.0032141238079016962,-0.0022714399797645213,0.061052383786971885,0.1377407177641363,-0.0022714399797645187,-0.0022714399797645205,-0.005579706905554684,-0.006030211228689307,0.05090839618833197,-0.017886385248581143,-0.0022714399797645205,-0.004550625711035267,0.1521584303814627,0.1309767331241383,-0.0032141238079016936,-0.0022714399797645205,0.006845435717278986,-0.003938717651998635,-0.03520357141025583,0.004960090142060176,0.007300063321929816,-0.003214123807901696,0.10315097219382198,-0.007918029284644948,0.14447175303155263,-0.011031898324584337,-0.013907373020017459,-0.01721690855420731,-0.0055797069055546775,-0.005090650744835638,-0.0022714399797645213,-0.00856228516345731,-0.0055797069055546844,-0.00393871765199864,-0.0022714399797645205,-0.006450249668548362,-0.025315023026466866,0.03185050901525132,0.026324442914355504,0.030929648812765047,0.05518351411489634,0.05662615983671356,0.05211106661129129,-0.005905044107087414,0.02618494998038266,0.033958549095823846,0.004550625711034981,0.010783141961985295,0.0022714399797646254,-0.0022714399797645213,-0.0022714399797645205,-0.006450249668548362,-0.002271439979764521,0.12644660411034264,-0.008246081217902913,0.006450249668548298,0.003938717651998654,0.0022714399797645456,-0.0094515072717818,-0.0039387176519986395,-0.004550625711035268,0.2196615796396576,-0.0022714399797645213,-0.003214123807901694
floR_AMR,-0.003214123807901694,-0.003938717651998636,-0.0022714399797645213,0.004550625711035358,0.01526265694800614,0.030147778676602417,0.04180307804665805,0.03591357547730068,0.039094108649373197,0.0250493572329611,0.018698161504616163,0.024378676649745103,0.0242433632338458,0.020850352412351468,0.03226525770929959,0.10734143794612239,-0.020040547860054724,-0.042985880445763076,-0.034015412663769395,-0.03185516781821594,0.022824280357318594,-0.0039387176519986395,0.009731140811914656,0.005090650744835616,-0.0022714399797645213,-0.008867910984938039,-0.00393871765199864,-0.005579706905554679,0.002271439979764546,-0.004550625711035272,-0.00393871765199864,-0.01286757201937563,-0.0022714399797645218,-0.0032141238079016953,-0.014885774672215694,-0.010529107810717976,-0.00916401941705078,-0.009164019417050764,-0.008562285163457287,-0.006030211228689295,-0.0045506257110352714,-0.003214123807901696,-0.0032141238079016962,-0.006030211228689301,-0.00227143997976452,-0.005090650744835626,-0.0022714399797645213,-0.0022714399797645213,-0.002271439979764519,-0.002271439979764519,-0.0022714399797645213,0.16105789034820797,-0.0032141238079016936,0.08597229196268748,-0.003938717651998636,-0.0022714399797645213,0.25214426900507153,-0.0032141238079016967,-0.003938717651998634,-0.007219854347874876,0.3743038255522148,-0.005090650744835631,-0.0032141238079016967,-0.00227143997976452,-0.007576587763275718,0.2858852562409013,0.3515447914892471,0.4991489355532531,0.7488623435722411,1.0,0.6302932845694756,0.374303825552215,-0.0032141238079016962,-0.0022714399797645196,-0.002271439979764521,-0.003214123807901696,-0.002271439979764521,-0.01563218930534128,0.2833994648129175,-0.0022714399797645196,-0.0022714399797645213,-0.0055797069055546844,-0.006030211228689306,-0.01772078523807588,-0.017886385248581153,-0.0022714399797645213,-0.00455062571103527,0.1521584303814628,0.1309767331241382,-0.0032141238079016953,-0.002271439979764521,0.006845435717279009,-0.003938717651998634,0.0059138274723577735,0.00496009014206022,0.007300063321929814,-0.0032141238079016962,0.16477635003356808,-0.007918029284644957,0.14447175303155263,-0.011031898324584333,-0.013907373020017452,-0.017216908554207315,-0.005579706905554678,-0.005090650744835639,-0.0022714399797645213,-0.008562285163457316,-0.005579706905554689,-0.003938717651998643,-0.002271439979764521,-0.006450249668548364,-0.025315023026466866,0.0691502430477007,0.06253080287288493,0.03092964881276508,0.05518351411489632,0.056626159836713506,0.05211106661129135,-0.005905044107087446,-0.0077670483054879365,0.03395854909582385,0.004550625711035169,0.010783141961985394,0.002271439979764639,-0.002271439979764522,-0.0022714399797645218,-0.006450249668548363,-0.002271439979764522,-0.008562285163457313,-0.008246081217902912,0.006450249668548109,0.00393871765199853,0.0022714399797645565,-0.0094515072717818,-0.003938717651998641,-0.00455062571103527,-0.005090650744835629,-0.0022714399797645205,-0.0032141238079016953
IncC_PLASMID,-0.005099409888361897,-0.0062490236663222485,-0.0036037826125912627,0.007219854347874839,0.024215166687729026,-0.009631346660184725,0.018516359252288842,0.031177821965648916,0.03735485616027359,0.006945631453457919,-0.011913413020751709,-0.09525480896857777,-0.0960448089434433,-0.08072476227767948,0.003735186390383181,0.05152165404424702,-0.04274120850411842,-0.04458395235023164,-0.027345591393491846,-0.02282158229612738,0.013614747951621514,-0.0062490236663222416,-0.13603534264245706,-0.27719021896623186,-0.0036037826125912627,-0.014069499393437561,-0.006249023666322241,-0.00885255648783555,0.003603782612591178,-0.007219854347874857,-0.006249023666322245,-0.020415213575002353,-0.0036037826125912627,-0.005099409888361897,-0.023617219216262864,0.05353584502485753,-0.01453929407372675,-0.014539294073726734,-0.013584604775387681,-0.00956730997508286,-0.007219854347874857,-0.005099409888361896,-0.005099409888361901,-0.009567309975082872,-0.0036037826125912627,-0.008076638081766662,-0.003603782612591262,-0.003603782612591262,-0.003603782612591263,-0.0036037826125912623,-0.003603782612591264,0.20225064784274893,-0.005099409888361899,0.10531875274460498,-0.006249023666322248,-0.0036037826125912627,0.23439785989466969,0.22003953668281592,-0.006249023666322243,0.19083619702176396,0.5938565977390735,0.4198236474902321,0.4451784832539945,0.3146102220792175,0.18096668275705527,0.17768057291242925,0.22003953668281612,0.31461022207921757,0.47091499984013807,0.6302932845694756,1.0,0.4731718161962424,0.22003953668281603,0.3146102220792175,-0.003603782612591263,-0.0050994098883619,-0.0036037826125912627,-0.024801453050572988,0.1723149698930485,-0.0036037826125912614,-0.003603782612591263,-0.008852556487835523,-0.009567309975082885,0.05899247352515894,0.05802786554961506,-0.003603782612591262,-0.00721985434787487,0.08969072164948443,0.06755577603059215,-0.005099409888361897,-0.003603782612591262,0.010860714979622618,-0.006249023666322254,-0.029758546245692765,0.01974772536212926,0.011582010312732626,-0.005099409888361897,0.320091585419989,-0.01256245224007644,0.08447297449951922,-0.017502801623723002,-0.022064923362648425,-0.027315709965032197,-0.008852556487835523,-0.008076638081766674,-0.0036037826125912627,0.07209543820080748,-0.008852556487835514,-0.006249023666322244,-0.003603782612591263,-0.010233727419377805,0.02490897431262789,0.026861487845037068,0.01878791861003625,-0.004488647562600633,0.04387498960832914,0.0681068391684811,0.060554997838450066,-0.030855954818587286,0.009223882200857413,0.0003636268433490929,0.007219854347875067,0.017108133984563886,0.0036037826125914435,-0.003603782612591264,-0.0036037826125912627,-0.010233727419377813,-0.003603782612591263,-0.01358460477538769,-0.013082927297147759,0.010233727419377064,0.006249023666321918,0.0036037826125913733,-0.014995411664964339,-0.006249023666322249,-0.007219854347874869,-0.008076638081766665,-0.0036037826125912623,-0.005099409888361897
aac(6')_AMR,-0.004259160543528204,-0.0052193480457252564,-0.0030099735159615395,0.006030211228689316,-0.09843797719190438,0.005668318018366246,-0.0016473114665575739,0.016804842262477717,-0.007067365805073232,-0.0059385576356935825,-0.024833846669010118,-0.047598039371846285,-0.04812057671145088,-0.06289709772324871,0.08522333076508216,0.05720510238908559,-0.04614665044840147,-0.0006063210075942058,0.018454549457599567,0.02393416321305683,-0.010198833198669648,-0.005219348045725248,-0.07747302257935944,0.006745819417404706,-0.0030099735159615395,-0.011751213963106825,-0.005219348045725244,-0.0073938867688189865,0.0030099735159614836,-0.006030211228689303,-0.005219348045725242,-0.017051320456666283,-0.0030099735159615395,-0.004259160543528208,0.04096351471732347,-0.01395253052658274,-0.01214359877030064,-0.012143598770300624,-0.011346217292868424,-0.007990867579908674,-0.0060302112286893025,-0.004259160543528207,-0.004259160543528209,-0.00799086757990866,-0.0030099735159615387,-0.0067458194174048365,-0.0030099735159615395,-0.003009973515961538,0.3766766857117584,-0.00300997351596154,-0.0030099735159615382,-0.00907115327624184,-0.004259160543528211,0.13246826732759184,-0.00521934804572525,-0.003009973515961538,0.28471512687755984,0.26437217945185854,-0.005219348045725248,0.11111747156774847,0.13600782778864995,-0.006745819417404847,-0.004259160543528209,-0.0030099735159615387,-0.010040031307004826,0.43370296856145574,0.5330035194472446,0.37667668571175855,0.18413680716176273,0.374303825552215,0.4731718161962424,1.0,0.5330035194472448,0.37667668571175866,-0.0030099735159615382,-0.0042591605435282065,-0.003009973515961538,0.03735244168674689,0.09980355375313688,-0.0030099735159615382,-0.0030099735159615426,-0.0073938867688189925,-0.007990867579908682,-0.02348250216771313,-0.02370194518637285,-0.003009973515961538,-0.006030211228689309,-0.009567309975082879,0.03411234861845762,-0.004259160543528209,-0.003009973515961538,0.009071153276241877,-0.0052193480457252564,-0.015514613684645765,-0.0005136260596101068,-0.0545503647075351,-0.004259160543528209,0.2533496340344064,-0.010492488755023153,-0.01004003130700483,-0.014618797803859128,-0.01842920122907686,-0.022814795564295904,-0.007393886768818989,-0.006745819417404843,-0.003009973515961537,-0.011346217292868466,-0.007393886768818986,-0.005219348045725247,-0.0030099735159615417,0.1262279172507713,0.0052758986437577825,0.0280842549873037,0.021175413318230838,0.00903242619115016,0.021011132113282645,0.049104793371515305,0.01626216229662936,0.004994065476852384,-0.023147022056782793,-0.012466599158090836,0.006030211228689454,-0.06764154816687601,0.003009973515961675,-0.003009973515961542,-0.0030099735159615395,-0.008547476863413775,-0.0030099735159615426,-0.011346217292868447,-0.010927203138745862,0.008547476863413226,0.005219348045725048,0.003009973515961605,-0.012524560114914617,-0.00521934804572525,-0.006030211228689307,-0.006745819417404843,-0.0030099735159615374,-0.004259160543528209
blaVIM_AMR,-0.002270147559591377,-0.002781930877591654,-0.0016043264774505005,0.003214123807901626,-0.09990368289180639,0.021293487830660172,-0.02368079165085348,-0.032065088465128934,-0.027301364372240844,-0.05530958708657014,-0.07934429881798748,-0.0573114266451661,-0.05772714729158588,-0.06971266618412536,0.022789071120496638,-0.029942991908818436,-0.03851847891318369,-0.030361086698319384,-0.024025212052289285,-0.022499423110308676,0.016120873821106076,-0.0027819308775916553,-0.1617097300063401,0.0035955454910321836,-0.0016043264774505007,-0.006263438400113548,-0.002781930877591655,-0.00394096767017493,0.0016043264774504293,-0.0032141238079016962,-0.002781930877591655,-0.009088413814625926,-0.0016043264774505002,-0.0022701475595913773,0.10270263586985094,-0.007436747875863715,-0.006472580883325478,-0.0064725808833254765,-0.006047573749512057,-0.004259160543528206,-0.0032141238079016967,-0.002270147559591377,-0.0022701475595913786,-0.004259160543528209,-0.0016043264774504998,-0.003595545491032338,-0.0016043264774505007,-0.001604326477450498,-0.0016043264774504998,-0.0016043264774504998,-0.0016043264774504996,-0.004834956621682304,-0.0022701475595913764,-0.008461980951445432,-0.0027819308775916523,-0.0016043264774504996,-0.006263438400113547,-0.0022701475595913786,-0.00278193087759165,-0.00509940988836191,-0.004259160543528209,-0.003595545491032343,-0.0022701475595913803,-0.0016043264774505007,-0.005351372021994097,0.4066255632746469,0.4988649262202047,-0.001604326477450501,-0.0032141238079016953,-0.0032141238079016962,0.22003953668281603,0.5330035194472448,1.0,0.7067058133169439,-0.0016043264774504992,-0.0022701475595913764,-0.0016043264774504992,0.09728412320531735,-0.005592533434187987,-0.0016043264774504992,-0.001604326477450501,-0.003940967670174932,-0.004259160543528215,-0.012516256300818663,-0.012633220202082395,-0.001604326477450498,-0.0032141238079016953,-0.005099409888361909,-0.01154893822499165,-0.0022701475595913773,-0.001604326477450498,0.0048349566216822045,-0.002781930877591654,-0.024864412979183327,-0.02293633180215486,0.0051560617840544385,-0.0022701475595913773,0.1599083796197671,-0.005592533434187974,-0.005351372021994089,-0.0077918706795445675,-0.009822829115699462,-0.012160366331239054,-0.003940967670174928,-0.003595545491032345,-0.0016043264774504992,-0.006047573749512074,-0.003940967670174934,-0.0027819308775916558,-0.001604326477450501,-0.00455583525059344,-0.017880094600976556,-0.03019374823802595,-0.032552320886407714,-0.049686199153455714,0.03897632057285077,0.039995266593749794,-0.012436047592740841,-0.0041707545415730135,-0.005485895008955141,-0.04748446166715881,0.003214123807901864,0.007616173138554294,0.001604326477450576,-0.001604326477450501,-0.0016043264774505007,-0.004555835250593439,-0.001604326477450501,-0.006047573749512071,-0.005824237730666517,0.004555835250593066,0.002781930877591379,0.0016043264774505599,-0.0066756346207780745,-0.0027819308775916553,-0.003214123807901695,-0.0035955454910323397,-0.0016043264774504987,-0.0022701475595913773
qnrA_AMR,-0.0016043264774504979,-0.00196600672343993,-0.001133786848072563,0.002271439979764512,0.007618338969311719,0.015048231635721119,0.020865961909838922,0.017926222971406072,0.019513782718737816,0.012503359999125668,0.009333167411831945,0.012168590499917215,0.01210104895240499,0.010407431212535456,-0.02121993401195808,-0.021160886450064198,-0.027221232968073023,-0.021456356468322037,-0.016978757023525137,-0.015900473108332727,0.0469395970876865,-0.001966006723439929,0.004857288577986075,0.002540992900557964,-0.001133786848072563,-0.004426408328712819,-0.001966006723439929,-0.002785104762606757,0.001133786848072512,-0.00227143997976452,-0.001966006723439929,-0.006422834876626164,-0.0011337868480725633,-0.001604326477450499,-0.0074302185825220425,-0.005255592956045322,-0.004574210537410234,-0.004574210537410234,-0.004273855525243122,-0.0030099735159615387,-0.0022714399797645196,-0.001604326477450499,-0.0016043264774505,-0.0030099735159615387,-0.001133786848072563,-0.0025409929005580766,-0.0011337868480725628,-0.0011337868480725613,-0.001133786848072564,-0.001133786848072564,-0.001133786848072562,-0.0034168919516781365,-0.0016043264774504996,-0.005980131130563731,-0.001966006723439928,-0.0011337868480725617,-0.00442640832871282,-0.001604326477450501,-0.0019660067234399253,-0.00360378261259127,-0.0030099735159615413,-0.0025409929005580827,-0.0016043264774505018,-0.001133786848072564,-0.0037818457171648772,-0.0019660067234399275,-0.0016043264774504987,-0.0011337868480725635,-0.002271439979764519,-0.0022714399797645196,0.3146102220792175,0.37667668571175866,0.7067058133169439,1.0,-0.001133786848072562,-0.0016043264774504979,-0.0011337868480725617,-0.007802790652128056,-0.003952275889110023,-0.001133786848072563,-0.0011337868480725633,-0.0027851047626067564,-0.0030099735159615426,-0.008845311088753369,-0.00892797015772468,-0.0011337868480725613,-0.0022714399797645196,-0.0036037826125912675,-0.008161701781239865,-0.0016043264774504987,-0.0011337868480725613,0.003416891951678171,-0.00196600672343993,-0.01757182519710214,0.02116088645006426,0.03751215602323303,-0.0016043264774504992,0.11300818147538212,-0.003952275889110014,-0.0037818457171648703,-0.005506560305847992,-0.006941850439283746,-0.008593801578350274,-0.002785104762606753,-0.002540992900558082,-0.0011337868480725617,-0.0042738555252431285,-0.002785104762606757,-0.00196600672343993,-0.0011337868480725633,-0.003219635256108638,-0.01263596679716704,-0.02133809740564116,-0.023004914407382906,-0.035113525783370576,0.027544792330538435,0.02826488740696392,0.026011183429570768,0.030853015107024005,0.030017293714521377,-0.033557545102406716,0.00227143997976473,0.005382393832244729,0.0011337868480726164,-0.0011337868480725633,-0.001133786848072563,-0.0032196352561086384,-0.0011337868480725635,-0.004273855525243125,-0.004116022662401912,0.003219635256108361,0.001966006723439854,0.0011337868480726064,-0.004717709794083715,-0.001966006723439929,-0.0022714399797645187,-0.0025409929005580784,-0.0011337868480725617,-0.0016043264774504987
mcr+merB+terW+terZ_AMR/STRESS,-0.0016043264774504992,-0.0019660067234399266,-0.0011337868480725643,0.0022714399797645365,0.007618338969311745,0.015048231635721132,0.02086596190983895,0.017926222971406093,0.019513782718737802,0.012503359999125756,0.009333167411831975,0.012168590499917187,0.012101048952405009,0.010407431212535479,0.05343027209385471,-0.021160886450064212,-0.02722123296807303,-0.021456356468322047,-0.016978757023525144,-0.015900473108332737,-0.024154166597437302,-0.00196600672343993,0.004857288577986005,0.0025409929005581074,-0.0011337868480725643,-0.004426408328712823,-0.0019660067234399305,-0.002785104762606756,0.0011337868480725134,-0.002271439979764522,-0.0019660067234399305,-0.006422834876626167,-0.0011337868480725637,-0.0016043264774505005,-0.007430218582522043,-0.0052555929560453235,-0.004574210537410233,-0.004574210537410236,-0.0042738555252431155,-0.0030099735159615395,-0.0022714399797645218,-0.0016043264774504992,-0.0016043264774504996,-0.003009973515961541,-0.001133786848072562,-0.002540992900558079,-0.0011337868480725641,-0.0011337868480725628,-0.001133786848072562,-0.001133786848072562,-0.0011337868480725628,-0.0034168919516781356,-0.001604326477450499,-0.005980131130563734,-0.001966006723439929,-0.0011337868480725626,-0.004426408328712822,-0.0016043264774504992,-0.0019660067234399266,-0.0036037826125912705,-0.0030099735159615404,-0.0025409929005580823,-0.001604326477450499,-0.001133786848072562,-0.0037818457171648785,0.5766953055423788,-0.0016043264774505,-0.0011337868480725646,-0.0022714399797645213,-0.002271439979764521,-0.003603782612591263,-0.0030099735159615382,-0.0016043264774504992,-0.001133786848072562,1.0,0.7067058133169439,-0.0011337868480725626,-0.00780279065212806,-0.0039522758891100225,-0.0011337868480725617,-0.0011337868480725646,-0.002785104762606757,-0.003009973515961543,-0.008845311088753367,-0.008927970157724688,-0.0011337868480725628,-0.0022714399797645205,-0.00360378261259127,0.13891549562355213,-0.0016043264774505005,-0.0011337868480725628,0.003416891951677825,-0.0019660067234399266,-0.01757182519710213,-0.05357936449156269,-0.030224518350007765,-0.0016043264774504994,0.11300818147538215,-0.003952275889110013,-0.0037818457171648725,-0.005506560305847991,-0.006941850439283747,-0.008593801578350282,-0.0027851047626067543,-0.0025409929005580853,-0.0011337868480725626,-0.004273855525243131,-0.0027851047626067573,-0.001966006723439932,-0.0011337868480725646,-0.0032196352561086414,-0.012635966797167024,0.053134392749225046,0.04928454972684879,0.03228917697036031,0.02754479233053841,0.028264887406963948,0.026011183429570758,-0.03674800806791948,-0.03777112150267145,-0.03355754510240673,0.0022714399797644632,0.005382393832244674,0.0011337868480726194,-0.0011337868480725643,-0.0011337868480725643,-0.003219635256108639,-0.0011337868480725646,-0.004273855525243132,-0.004116022662401914,0.0032196352561084775,0.0019660067234395107,0.0011337868480726075,-0.0047177097940837185,-0.001966006723439931,-0.002271439979764521,-0.0025409929005580805,-0.0011337868480725626,-0.0016043264774505005
IncHI+terD_PLASMID/STRESS,-0.0022701475595913764,-0.0027819308775916497,-0.0016043264774505015,0.0032141238079017136,0.010780071177785906,0.021293487830660165,0.029525668979435676,0.02536589148357058,0.027612313852562374,0.01769245386625713,0.013206580780801107,0.01721874968426191,0.01712317731703434,0.014726681196646565,0.07560468739188406,-0.02994299190881844,0.010209052434009968,-0.030361086698319384,-0.024025212052289288,-0.022499423110308673,-0.034178531069482834,-0.002781930877591655,0.006873140826715695,0.003595545491032308,-0.0016043264774505013,-0.006263438400113548,-0.0027819308775916553,-0.00394096767017493,0.0016043264774504293,-0.0032141238079016975,-0.0027819308775916558,-0.00908841381462593,-0.0016043264774505005,-0.002270147559591378,-0.010513877829373018,-0.007436747875863719,-0.006472580883325474,-0.006472580883325478,-0.006047573749512052,-0.004259160543528208,-0.003214123807901697,-0.0022701475595913764,-0.0022701475595913773,-0.00425916054352821,-0.0016043264774504983,-0.0035955454910323375,-0.0016043264774505013,-0.0016043264774504994,-0.0016043264774504979,-0.0016043264774504979,-0.0016043264774504992,-0.004834956621682303,-0.002270147559591376,-0.008461980951445437,-0.002781930877591653,-0.0016043264774504992,0.1780904318432283,-0.0022701475595913764,-0.0027819308775916497,-0.005099409888361911,-0.004259160543528209,-0.003595545491032342,-0.0022701475595913764,-0.0016043264774504979,-0.0053513720219940985,0.406625563274647,-0.0022701475595913777,-0.0016043264774505018,-0.0032141238079016962,-0.003214123807901696,-0.0050994098883619,-0.0042591605435282065,-0.0022701475595913764,-0.0016043264774504979,0.7067058133169439,1.0,0.706705813316944,-0.01104107325154924,0.20016609249864467,-0.0016043264774504976,-0.0016043264774505018,-0.003940967670174931,-0.004259160543528213,-0.01251625630081865,-0.0126332202020824,-0.0016043264774504994,-0.0032141238079016953,-0.00509940988836191,0.09250935210835153,-0.002270147559591378,-0.0016043264774504994,0.0048349566216819104,-0.0027819308775916497,-0.02486441297918332,-0.022936331802154892,-0.04276817564036742,-0.002270147559591377,0.07285591401911712,-0.005592533434187972,-0.00535137202199409,-0.007791870679544563,-0.009822829115699464,-0.01216036633123906,-0.003940967670174928,-0.0035955454910323458,-0.0016043264774504992,-0.0060475737495120745,-0.003940967670174933,-0.002781930877591657,-0.0016043264774505018,-0.004555835250593442,0.054542490411235905,0.07518601339903694,0.06973842410540017,0.045689700525895126,-0.009633977542724426,-0.00838256957375855,0.03680623951214796,-0.05199901766117029,-0.005485895008955137,0.0001618788465925753,0.0032141238079016624,0.007616173138554275,0.0016043264774505792,-0.0016043264774505015,-0.0016043264774505013,-0.004555835250593438,-0.0016043264774505018,-0.006047573749512075,-0.005824237730666518,0.004555835250593177,0.0027819308775911184,0.0016043264774505623,-0.006675634620778075,-0.002781930877591656,-0.003214123807901696,-0.0035955454910323397,-0.0016043264774504987,-0.002270147559591378
aph(3')-VI+terB+terC+terE_AMR/STRESS,-0.001604326477450499,-0.0019660067234399266,-0.0011337868480725643,0.0022714399797645318,0.007618338969311724,0.015048231635721143,0.020865961909838953,0.017926222971406086,0.01951378271873782,0.012503359999125755,0.009333167411831962,0.012168590499917179,0.012101048952404993,0.010407431212535435,0.053430272093854723,-0.02116088645006421,0.041650826375217755,-0.021456356468322047,-0.016978757023525144,-0.015900473108332737,-0.024154166597437302,-0.00196600672343993,0.004857288577986012,0.002540992900558008,-0.0011337868480725641,-0.004426408328712823,-0.00196600672343993,-0.002785104762606755,0.0011337868480725132,-0.0022714399797645218,-0.0019660067234399305,-0.006422834876626167,-0.0011337868480725637,-0.0016043264774505005,-0.0074302185825220425,-0.0052555929560453235,-0.004574210537410233,-0.004574210537410235,-0.004273855525243115,-0.0030099735159615395,-0.0022714399797645218,-0.0016043264774504992,-0.0016043264774504996,-0.003009973515961541,-0.001133786848072562,-0.0025409929005580784,-0.0011337868480725641,-0.0011337868480725628,-0.0011337868480725617,-0.0011337868480725617,-0.0011337868480725626,-0.0034168919516781356,-0.001604326477450499,-0.005980131130563734,-0.001966006723439929,-0.0011337868480725626,0.25614149528818153,-0.001604326477450499,-0.0019660067234399266,-0.0036037826125912705,-0.0030099735159615395,-0.002540992900558081,-0.001604326477450499,-0.0011337868480725617,-0.0037818457171648785,-0.0019660067234399292,-0.0016043264774505,-0.0011337868480725646,-0.0022714399797645213,-0.002271439979764521,-0.0036037826125912627,-0.003009973515961538,-0.0016043264774504992,-0.0011337868480725617,-0.0011337868480725626,0.706705813316944,1.0,-0.0078027906521280594,0.28686935828456883,-0.0011337868480725617,-0.0011337868480725646,-0.0027851047626067564,-0.0030099735159615417,-0.008845311088753367,-0.008927970157724688,-0.0011337868480725628,-0.0022714399797645205,-0.00360378261259127,-0.008161701781239867,-0.0016043264774505005,-0.0011337868480725628,0.003416891951677891,-0.001966006723439926,-0.01757182519710213,0.021160886450064257,-0.030224518350007765,-0.0016043264774504994,-0.010032785531723199,-0.003952275889110013,-0.0037818457171648725,-0.005506560305847991,-0.006941850439283745,-0.008593801578350282,-0.002785104762606754,-0.0025409929005580844,-0.0011337868480725626,-0.004273855525243131,-0.0027851047626067573,-0.001966006723439932,-0.0011337868480725646,-0.003219635256108641,0.08972695688997512,0.05313439274922504,0.04928454972684879,0.032289176970360316,-0.041161568200154916,-0.04011290870358175,0.02601118342957076,-0.036748008067919474,0.03001729371452139,0.03378634654628678,0.002271439979764531,0.005382393832244648,0.0011337868480726192,-0.0011337868480725643,-0.0011337868480725641,-0.003219635256108638,-0.0011337868480725646,-0.004273855525243131,-0.004116022662401914,0.0032196352561084307,0.001966006723439591,0.0011337868480726073,-0.0047177097940837185,-0.001966006723439931,-0.002271439979764521,-0.00254099290055808,-0.0011337868480725626,-0.0016043264774505005
IncN_PLASMID,0.0972841232053172,-0.013530178895403991,-0.00780279065212806,0.01563218930534141,-0.019346217888835088,0.020618636119878946,0.01708882440716241,0.06129805553404946,0.06307431174450537,0.05448869524857281,0.024219893999733684,-0.012917527318067354,-0.04615681549985123,-0.05614209515136888,0.025212211709167657,0.025825145347924683,0.02332035479811818,-0.06812488131587999,-0.014375817249212546,-0.0027338127954351634,0.029478200953859973,-0.013530178895404003,-0.03945348032210632,0.017487269044709666,-0.00780279065212806,-0.030462813701267917,-0.013530178895403996,-0.01916726185685523,0.007802790652128249,-0.015632189305341306,0.16346460576595498,0.01175560538414798,-0.007802790652128065,-0.011041073251549238,-0.0021895297524206483,-0.036169313181339674,-0.03147999756995413,-0.03147999756995418,-0.029412935947885188,-0.020714822414305015,-0.015632189305341312,-0.011041073251549243,-0.011041073251549238,-0.020714822414305036,-0.007802790652128056,0.11976836265732335,-0.00780279065212806,-0.007802790652128056,-0.007802790652128059,-0.00780279065212806,0.14530530147740692,0.02775381310249268,-0.011041073251549238,0.19812286097368348,-0.013530178895403979,-0.0078027906521280594,-0.030462813701267907,-0.011041073251549242,-0.013530178895403991,-0.024801453050573016,-0.020714822414305,-0.01748726904470975,-0.011041073251549242,-0.007802790652128059,-0.026026894261341867,0.07496721343527546,0.09728412320531722,-0.007802790652128063,0.061052383786971885,-0.01563218930534128,-0.024801453050572988,0.03735244168674689,0.09728412320531735,-0.007802790652128056,-0.00780279065212806,-0.01104107325154924,-0.0078027906521280594,1.0,0.3286139423578619,0.1453053014774068,-0.007802790652128065,-0.019167261856855234,-0.020714822414305025,0.022949369391430677,0.000918111378430369,-0.007802790652128056,-0.01563218930534132,0.023864509268662484,-0.03367612583254426,-0.011041073251549235,-0.007802790652128056,0.02351526005545913,-0.013530178895403993,-0.04559949745636524,0.008465987497515247,0.01989734092258101,0.09728412320531733,-0.05022901261169059,-0.027199805161441656,0.0668286517296272,-0.03789648588082778,-0.0477742406416128,-0.05914306973642333,-0.01916726185685522,-0.017487269044709774,-0.007802790652128058,-0.02941293594788526,-0.01916726185685525,-0.013530178895403993,-0.007802790652128065,-0.02215772737383048,-0.07130665608429994,-0.044345246244644684,-0.014598857809750034,-0.025180988771643154,0.05296632744279951,-0.025083398478231562,-0.012584984844142923,-0.04613120657609261,-0.0111303581979311,-0.024960731336015417,0.01563218930534143,-0.06207335278470312,0.0078027906521283335,-0.007802790652128064,-0.007802790652128061,-0.0221577273738305,-0.007802790652128064,0.09426145663298446,0.014429679845437157,-0.03219025393475967,-0.07496721343527564,0.007802790652128233,0.005008069352338303,-0.013530178895404003,-0.015632189305341316,0.051140546806306725,-0.0078027906521280594,-0.011041073251549235
qnrS1_AMR,-0.005592533434187985,-0.00685331725631599,-0.003952275889110026,0.00791802928464512,-0.018888283514176932,-0.026317582657414525,0.029045243039721093,0.03890884386925257,0.022929755251812567,0.043585554323033196,0.03253455673217514,0.04241857887047741,0.011450702567604963,-0.03305974561522751,-0.030600106776182204,0.03479243944106711,0.045156914142533394,-0.053211906148027774,-0.03485603475176192,-0.030094993292421345,0.06036613898316717,-0.0068533172563159895,0.016932057878303312,0.00885766578819293,-0.003952275889110025,0.06026291459896114,0.16124332544721243,-0.009708617118472405,0.003952275889109917,-0.007918029284644974,-0.006853317256315997,-0.022389407202754823,-0.003952275889110025,-0.005592533434187988,-0.025901053451485818,-0.01832051003102214,-0.015945274060510543,-0.015945274060510543,-0.014898264320734956,-0.010492488755023162,-0.007918029284644973,-0.005592533434187989,-0.0055925334341879905,-0.01049248875502316,-0.003952275889110023,-0.008857665788192947,-0.003952275889110025,-0.00395227588911002,-0.0039522758891100225,-0.003952275889110022,-0.003952275889110021,-0.011910968714506842,-0.005592533434187985,0.1495906648129361,-0.006853317256315991,-0.00395227588911002,0.1359558784551242,-0.0055925334341879905,-0.006853317256315989,-0.012562452240076467,0.099803553753137,-0.008857665788192947,-0.0055925334341879905,-0.003952275889110023,-0.013183163722259106,-0.0068533172563159895,-0.005592533434187986,-0.003952275889110026,0.1377407177641363,0.2833994648129175,0.1723149698930485,0.09980355375313688,-0.005592533434187987,-0.003952275889110023,-0.0039522758891100225,0.20016609249864467,0.28686935828456883,0.3286139423578619,1.0,0.2868693582845691,-0.003952275889110025,-0.009708617118472422,-0.010492488755023165,-0.030833934797521997,0.008361822318933435,-0.00395227588911002,-0.007918029284644973,-0.012562452240076464,-0.028450936098736772,-0.005592533434187988,-0.00395227588911002,0.011910968714506703,-0.00685331725631599,-0.037405842040005834,0.030341957788181564,0.03237899563966438,-0.005592533434187988,0.03651154088197989,-0.013777267508610786,0.075004211783459,-0.01919535895634276,-0.024198647359184273,-0.029957195950588166,-0.009708617118472412,-0.008857665788192949,-0.00395227588911002,-0.014898264320734978,-0.009708617118472434,-0.006853317256316015,-0.003952275889110025,-0.01122335015270203,-0.014312170463668238,0.0337857862669974,0.02480465564916955,-0.02450267377694859,0.03614259208395515,-0.02065055216678947,-0.01041818728917829,-0.010274699598706668,0.02586945971911305,0.03952455128421733,0.007918029284645025,-0.04399243817340965,0.003952275889110049,-0.003952275889110026,-0.003952275889110025,-0.01122335015270201,-0.003952275889110027,-0.014898264320734999,-0.014348073586579788,0.011223350152701683,0.006853317256316091,0.003952275889109948,0.054737715380648706,-0.006853317256316011,-0.007918029284644969,-0.00885766578819294,-0.00395227588911002,-0.005592533434187988
blaLAP+blaSHV_AMR,-0.0016043264774504979,-0.00196600672343993,-0.0011337868480725628,0.0022714399797645526,0.007618338969311679,0.015048231635721113,0.02086596190983889,0.017926222971406065,0.019513782718737806,0.012503359999125689,0.00933316741183195,0.012168590499917184,0.012101048952404958,-0.10894012412082552,-0.02121993401195808,-0.0211608864500642,-0.027221232968073023,-0.021456356468322037,-0.01697875702352514,-0.015900473108332727,0.04693959708768649,-0.0019660067234399284,0.004857288577986139,0.0025409929005580667,-0.0011337868480725628,-0.004426408328712819,-0.001966006723439929,-0.0027851047626067573,0.001133786848072512,-0.00227143997976452,-0.001966006723439929,-0.006422834876626163,-0.001133786848072563,-0.0016043264774504987,-0.007430218582522037,-0.0052555929560453235,-0.004574210537410234,-0.004574210537410233,-0.004273855525243121,-0.0030099735159615374,-0.0022714399797645196,-0.0016043264774504987,-0.0016043264774504998,-0.0030099735159615382,-0.001133786848072563,-0.0025409929005580775,-0.0011337868480725628,-0.0011337868480725613,-0.0011337868480725637,-0.0011337868480725637,-0.0011337868480725617,-0.003416891951678136,-0.0016043264774504996,-0.0059801311305637305,-0.0019660067234399275,-0.0011337868480725617,-0.004426408328712819,-0.0016043264774505007,-0.0019660067234399253,-0.0036037826125912696,-0.0030099735159615426,-0.0025409929005580844,-0.0016043264774505015,-0.001133786848072564,-0.0037818457171648772,-0.001966006723439927,-0.0016043264774504983,-0.0011337868480725633,-0.0022714399797645187,-0.0022714399797645196,-0.0036037826125912614,-0.0030099735159615382,-0.0016043264774504992,-0.001133786848072563,-0.0011337868480725617,-0.0016043264774504976,-0.0011337868480725617,0.1453053014774068,0.2868693582845691,1.0,-0.001133786848072563,-0.0027851047626067564,-0.0030099735159615434,-0.008845311088753367,-0.00892797015772468,-0.0011337868480725613,-0.0022714399797645196,-0.003603782612591267,-0.008161701781239865,-0.0016043264774504985,-0.0011337868480725613,0.0034168919516782015,-0.0019660067234399297,-0.01757182519710214,0.021160886450064254,-0.030224518350007758,-0.0016043264774504992,-0.010032785531723196,-0.003952275889110014,-0.0037818457171648703,-0.00550656030584799,-0.006941850439283744,-0.008593801578350272,-0.0027851047626067525,-0.002540992900558082,-0.0011337868480725617,-0.004273855525243127,-0.002785104762606757,-0.0019660067234399292,-0.001133786848072563,-0.003219635256108638,-0.012635966797167041,-0.021338097405641156,-0.02300491440738291,-0.03511352578337056,0.027544792330538453,-0.040112908703581744,-0.043588437686523034,-0.03674800806791945,0.03001729371452136,0.033786346546286754,0.0022714399797647707,0.005382393832244754,0.0011337868480726183,-0.001133786848072563,-0.0011337868480725628,-0.0032196352561086375,-0.0011337868480725633,-0.004273855525243125,-0.004116022662401911,0.003219635256108305,0.0019660067234399128,0.0011337868480726064,-0.004717709794083714,-0.001966006723439929,-0.0022714399797645183,-0.002540992900558078,-0.0011337868480725615,-0.0016043264774504987
basR-G53S_AMR,-0.001604326477450501,-0.0019660067234399284,-0.0011337868480725628,0.0022714399797646124,0.007618338969311711,0.01504823163572115,0.020865961909838953,0.01792622297140607,0.019513782718737868,0.01250335999912578,0.009333167411831976,0.012168590499917245,0.012101048952405012,0.010407431212535435,-0.021219934011958094,-0.021160886450064205,0.04165082637521778,-0.02145635646832204,-0.016978757023525144,-0.015900473108332733,-0.024154166597437306,-0.0019660067234399284,0.004857288577985954,0.0025409929005581343,-0.001133786848072563,-0.004426408328712819,-0.0019660067234399284,-0.0027851047626067577,0.0011337868480725127,-0.00227143997976452,-0.0019660067234399292,-0.006422834876626167,-0.001133786848072564,-0.0016043264774504998,-0.007430218582522051,-0.005255592956045328,-0.004574210537410235,-0.004574210537410236,-0.0042738555252431224,-0.0030099735159615395,-0.0022714399797645218,-0.0016043264774505007,-0.001604326477450501,-0.0030099735159615417,-0.0011337868480725635,-0.002540992900558078,-0.001133786848072563,-0.0011337868480725646,-0.001133786848072563,-0.001133786848072563,-0.0011337868480725646,-0.00341689195167814,-0.0016043264774504992,-0.005980131130563735,-0.00196600672343993,-0.0011337868480725646,-0.004426408328712826,-0.0016043264774505011,-0.0019660067234399297,-0.0036037826125912696,-0.003009973515961543,-0.0025409929005580836,-0.001604326477450501,-0.0011337868480725633,-0.0037818457171648772,-0.0019660067234399314,-0.0016043264774505005,-0.0011337868480725637,-0.0022714399797645205,-0.0022714399797645213,-0.003603782612591263,-0.0030099735159615426,-0.001604326477450501,-0.0011337868480725633,-0.0011337868480725646,-0.0016043264774505018,-0.0011337868480725646,-0.007802790652128065,-0.003952275889110025,-0.001133786848072563,1.0,-0.0027851047626067577,-0.0030099735159615443,0.1281794203387768,-0.008927970157724688,-0.0011337868480725646,-0.0022714399797645205,-0.003603782612591269,-0.008161701781239867,-0.001604326477450499,-0.0011337868480725646,0.003416891951677977,-0.0019660067234399284,0.06452299834279834,0.021160886450064215,-0.030224518350007768,-0.0016043264774505011,-0.010032785531723204,-0.003952275889110015,-0.0037818457171648755,-0.005506560305847992,-0.0069418504392837485,-0.008593801578350279,-0.002785104762606754,-0.002540992900558084,-0.0011337868480725646,-0.00427385552524313,-0.0027851047626067573,-0.00196600672343993,-0.0011337868480725633,-0.0032196352561086375,-0.01263596679716704,-0.02133809740564118,-0.023004914407382917,-0.035113525783370576,0.027544792330538453,0.028264887406963965,0.026011183429570706,0.030853015107024078,0.0300172937145214,-0.03355754510240671,-0.49914893555325307,0.0053823938322446405,0.0011337868480726162,-0.0011337868480725635,-0.0011337868480725633,-0.0032196352561086406,-0.0011337868480725633,-0.004273855525243129,-0.004116022662401915,0.0032196352561086007,0.0019660067234399865,0.0011337868480725962,-0.004717709794083718,-0.0019660067234399297,-0.002271439979764519,-0.00254099290055808,-0.0011337868480725643,-0.0016043264774504992
ampC-T32A_AMR,-0.00394096767017493,-0.004829421595494644,-0.0027851047626067577,0.0055797069055543115,0.018714163233285983,0.03696541520895686,0.05125645088427085,0.04403509271437445,0.04793487354243155,0.030714033719258012,0.0229265748258492,0.02989168503157812,0.029725771759634655,0.025565463460623546,-0.021563399294428097,-0.051980921928354185,-0.06686793528456592,-0.0527067329187148,-0.041707678237538015,-0.03905891434267542,-0.05933380206489597,-0.004829421595494654,0.011931746760779675,0.006241853520461395,-0.0027851047626067577,-0.01087330562927053,-0.004829421595494654,-0.0068415051311288486,0.0027851047626068965,-0.0055797069055546844,-0.004829421595494654,-0.01577745237981757,-0.0027851047626067573,-0.00394096767017493,-0.018252052576347176,-0.012910166489484223,-0.011236376197664195,-0.011236376197664186,-0.010498565403438184,-0.00739388676881898,-0.005579706905554685,-0.003940967670174931,-0.003940967670174933,-0.007393886768818993,-0.002785104762606757,-0.006241853520461149,-0.0027851047626067573,-0.002785104762606756,-0.0027851047626067586,-0.0027851047626067573,-0.002785104762606757,-0.008393466606275563,-0.003940967670174931,-0.01468996727300194,-0.004829421595494655,-0.0027851047626067564,-0.01087330562927052,-0.003940967670174935,-0.004829421595494656,-0.00885255648783554,-0.007393886768818998,-0.006241853520461172,-0.003940967670174928,-0.002785104762606752,-0.00928996180915811,-0.004829421595494656,-0.003940967670174931,-0.0027851047626067573,-0.005579706905554684,-0.0055797069055546844,-0.008852556487835523,-0.0073938867688189925,-0.003940967670174932,-0.0027851047626067564,-0.002785104762606757,-0.003940967670174931,-0.0027851047626067564,-0.019167261856855234,-0.009708617118472422,-0.0027851047626067564,-0.0027851047626067577,1.0,0.4589491144359794,0.14656987624203088,0.14501075901579796,-0.0027851047626067564,-0.005579706905554687,0.38198781245010305,0.16059588915597442,-0.00394096767017493,-0.0027851047626067564,0.008393466606275976,-0.004829421595494645,-0.04316452790693372,0.02138148588652962,-0.01878119499000153,-0.003940967670174933,-0.024645160432153944,-0.009708617118472427,-0.009289961809158087,-0.01352665834805749,-0.017052394594822103,-0.021110350455599072,-0.006841505131128843,-0.006241853520461153,-0.0027851047626067564,-0.01049856540343819,-0.00684150513112885,-0.004829421595494657,-0.0027851047626067573,-0.007908912950338706,-0.031039777332713,0.03905320199524805,0.03227746803212552,-0.0034689533326965117,-0.016724548970685524,-0.01455210941843829,-0.021588932094163196,-0.007240414280177129,-0.06503005760409793,0.00028102107204928777,0.0055797069055547556,0.013221648074233374,0.0027851047626067625,-0.0027851047626067577,-0.0027851047626067577,-0.00790891295033869,-0.0027851047626067573,-0.010498565403438187,-0.010110854910286661,0.007908912950339166,0.004829421595495041,0.0027851047626067543,-0.011588876726199415,-0.004829421595494658,-0.005579706905554686,-0.006241853520461153,-0.0027851047626067564,-0.00394096767017493
blaCTX-M_AMR,-0.004259160543528211,-0.005219348045725246,-0.0030099735159615434,0.006030211228689081,0.020225140706322992,0.03994999480067738,0.05539488559110354,0.047590476531705526,0.05180512481643275,0.033193878127868996,0.02477766149555093,0.03230513318583485,0.03212582411236625,0.02762961342529028,-0.028023021478059497,-0.05617785026986527,-0.07226683784964409,-0.028784292044734854,-0.013310298829067962,-0.009139179693248624,-0.010198833198669682,-0.00521934804572525,0.012895113401584422,0.0067458194174046405,-0.0030099735159615434,-0.011751213963106832,-0.00521934804572525,-0.007393886768818989,0.0030099735159615174,-0.006030211228689311,-0.00521934804572525,-0.017051320456666307,-0.003009973515961543,-0.004259160543528213,-0.019725719335355475,-0.01395253052658275,-0.01214359877030063,-0.012143598770300638,-0.01134621729286844,-0.007990867579908691,-0.00603021122868931,-0.004259160543528214,-0.004259160543528215,-0.007990867579908677,-0.0030099735159615426,-0.006745819417404852,-0.003009973515961543,-0.0030099735159615413,-0.0030099735159615447,-0.0030099735159615447,-0.003009973515961543,-0.009071153276241825,-0.004259160543528213,-0.01587603203862704,-0.005219348045725253,-0.0030099735159615417,-0.011751213963106829,-0.004259160543528215,-0.005219348045725252,-0.009567309975082896,-0.007990867579908686,-0.006745819417404859,-0.004259160543528209,-0.00300997351596154,-0.010040031307004824,-0.005219348045725252,-0.0042591605435282134,-0.0030099735159615434,-0.006030211228689307,-0.006030211228689306,-0.009567309975082885,-0.007990867579908682,-0.004259160543528215,-0.0030099735159615426,-0.003009973515961543,-0.004259160543528213,-0.0030099735159615417,-0.020714822414305025,-0.010492488755023165,-0.0030099735159615434,-0.0030099735159615443,0.4589491144359794,1.0,0.23635520978831073,0.23404211392159796,-0.0030099735159615413,-0.006030211228689319,-0.009567309975082884,-0.021667658474316575,-0.004259160543528213,-0.0030099735159615413,0.009071153276242376,-0.005219348045725258,-0.04664962251087794,0.05617785026986529,-0.054550364707535125,-0.004259160543528215,-0.02663500533027551,-0.010492488755023167,-0.01004003130700484,-0.014618797803859114,-0.018429201229076878,-0.02281479556429587,-0.007393886768819001,-0.006745819417404849,-0.0030099735159615417,-0.011346217292868466,-0.007393886768818989,-0.005219348045725256,-0.0030099735159615443,-0.008547476863413776,-0.03354592220989331,0.0845726311918352,0.07600793519505723,0.06015827443977564,0.047068477135794796,0.04910479337151551,0.04265828234795984,0.056270342407789914,-0.07456543834895724,0.06415525970451395,0.006030211228689472,0.014289161066802432,0.003009973515961589,-0.0030099735159615447,-0.0030099735159615434,-0.008547476863413781,-0.0030099735159615456,-0.01134621729286844,-0.01092720313874585,0.008547476863413422,0.005219348045725145,0.003009973515961575,-0.012524560114914639,-0.00521934804572526,-0.0060302112286893155,-0.00674581941740485,-0.0030099735159615417,-0.004259160543528213
IncX_PLASMID,0.08442983416955732,-0.015337928024980864,-0.008845311088753362,0.01772078523807579,0.05943496193988495,0.05554035096513322,0.028978792907803513,0.08430160175121945,0.09912194935641315,0.026933443731276728,-0.016707926622868925,-0.15017344102773103,-0.07935313830948693,-0.08215621791685394,-0.063375279771927,-0.05256170790128565,-0.0709708844138823,-0.08604019239144832,-0.12099728229645307,-0.11211275962234855,-0.08140399946920214,-0.015337928024980855,-0.09255700836669246,-0.1644325381725168,-0.008845311088753366,0.03679471415195894,-0.015337928024980858,-0.02172817411130238,0.008845311088753163,-0.017720785238075853,-0.015337928024980864,0.02501154325875969,-0.008845311088753373,-0.012516256300818642,0.051543050447338395,-0.04100184680313607,-0.0011347521292766783,-0.0011347521292766922,0.003551547014708186,-0.02348250216771314,-0.017720785238075867,-0.012516256300818656,-0.012516256300818653,-0.02348250216771315,-0.008845311088753369,0.10301378554716488,-0.008845311088753364,-0.008845311088753367,-0.008845311088753373,-0.008845311088753373,-0.008845311088753369,-0.026657102541479176,-0.012516256300818642,-0.019886466523426648,-0.015337928024980881,-0.008845311088753367,0.036794714151958986,0.08442983416955735,-0.015337928024980884,0.05899247352515917,0.0804525826146964,0.10301378554716503,0.18137592463993327,0.12817942033877672,0.05359714884104617,-0.015337928024980874,-0.01251625630081865,-0.008845311088753369,0.05090839618833197,-0.01772078523807588,0.05899247352515894,-0.02348250216771313,-0.012516256300818663,-0.008845311088753369,-0.008845311088753367,-0.01251625630081865,-0.008845311088753367,0.022949369391430677,-0.030833934797521997,-0.008845311088753367,0.1281794203387768,0.14656987624203088,0.23635520978831073,1.0,0.19079544018111513,0.12817942033877672,0.050908396188331914,-0.02811514206466612,-0.06367404189899256,-0.012516256300818639,-0.008845311088753367,0.026657102541479363,-0.01533792802498086,-0.035961191164600864,0.04233204334831347,0.033063031331885005,-0.012516256300818662,-0.04459029853690255,-0.030833934797522045,-0.029504312838749668,-0.04295978473996998,-0.05415729312035038,-0.06704509628485579,-0.021728174111302376,-0.01982371970353952,-0.008845311088753367,-0.033342759032201644,-0.021728174111302376,-0.015337928024980886,-0.008845311088753366,-0.02511819173155232,0.013502630373793964,-0.013575296846228366,-0.011272470920703725,-0.03408061362476825,-0.039010363772621647,-0.050895969572232254,-0.06380200592743412,-0.05537890935378466,-0.01632873845842699,0.06080513777374198,-0.05090839618833194,0.012423201860323831,0.008845311088753145,-0.008845311088753367,-0.008845311088753366,-0.025118191731552296,-0.008845311088753367,0.04044585306161802,-0.03211141579142195,0.02511819173155207,0.015337928024980896,0.008845311088753133,-0.03680551668602386,-0.015337928024980893,-0.017720785238075878,0.16443253817251705,-0.008845311088753366,-0.012516256300818639
IncI_PLASMID,-0.01263322020208239,-0.015481260332660299,-0.008927970157724688,-0.05018981377942403,-0.04620750540489096,-0.041041658405290435,-0.009261858964956383,-0.046191981142517956,-0.025478842333285436,-0.027620723515543833,-0.06858611558277034,-0.1330094099361258,-0.10579752257936123,-0.0800812580913012,-0.03534055112930805,-0.04486389531712203,-0.05539370412437303,-0.037824073397236445,-0.09958506107669338,-0.0896888980387858,-0.07437524838972456,-0.01548126033266036,-0.05880168339677798,-0.16276263409353753,-0.008927970157724686,0.0005208310761306766,-0.015481260332660344,0.03371610433439889,0.008927970157724594,-0.017886385248581143,0.14164463476778894,0.17296685055320452,0.12699267896763564,0.1796966666675512,0.07184456279931842,0.07862471845075139,0.06679906124618068,0.03252621343654815,0.03953971162820338,0.0278468666352213,-0.017886385248581143,-0.012633220202082391,-0.012633220202082397,0.02784686663522132,0.12699267896763566,0.10183876554559593,-0.008927970157724686,-0.008927970157724688,-0.008927970157724677,-0.008927970157724677,-0.008927970157724688,-0.0269062120702954,-0.012633220202082384,-0.020538133297458988,0.0630816872175644,-0.008927970157724688,0.03589728032408444,-0.012633220202082397,-0.015481260332660365,0.10123073678090522,0.07939567845681539,0.10183876554559593,0.17969666666755152,0.1269926789676357,0.05265183886842306,-0.015481260332660384,-0.012633220202082395,-0.008927970157724688,-0.017886385248581143,-0.017886385248581153,0.05802786554961506,-0.02370194518637285,-0.012633220202082395,-0.00892797015772468,-0.008927970157724688,-0.0126332202020824,-0.008927970157724688,0.000918111378430369,0.008361822318933435,-0.00892797015772468,-0.008927970157724688,0.14501075901579796,0.23404211392159796,0.19079544018111513,1.0,0.12699267896763566,-0.017886385248581146,0.014824994318324899,0.035571869160298655,-0.01263322020208239,0.1269926789676357,0.02690621207029555,-0.015481260332660294,-0.026911356656241676,0.014422179462855726,-0.0540743331349889,-0.012633220202082395,-0.02888826043282994,0.008361822318933404,0.011435904718762106,-0.014659610357000185,-0.05466339080107831,0.008642609189914966,-0.021931223006300585,-0.020008971550286473,-0.008927970157724686,0.0029426829408831026,0.03371610433439895,-0.01548126033266037,-0.008927970157724688,-0.025352920202031233,0.05337072340386767,0.01396974003389902,-0.004490440937078016,-0.0019690807676350634,0.011683815459715096,0.02761898979833085,-0.0030605926184390543,-0.004854033482919007,-0.030528640907426283,0.01918696339070676,0.017886385248581313,0.04238349703305624,0.008927970157724983,-0.008927970157724688,-0.008927970157724686,-0.025352920202031226,-0.00892797015772469,-0.0336543457464373,-0.032411495653626575,0.025352920202030366,0.015481260332659546,0.008927970157724965,-0.03714946272836762,-0.015481260332660361,-0.017886385248581146,-0.02000897155028649,-0.008927970157724686,-0.01263322020208239
blaCTX-M-55_AMR,-0.0016043264774504996,-0.0019660067234399258,-0.0011337868480725641,0.002271439979764452,0.007618338969311716,0.015048231635721172,-0.05433666815704997,-0.06324739181706349,-0.05810184854543118,-0.09067857345160339,-0.1214793218682892,0.012168590499917198,0.012101048952404991,0.010407431212535461,-0.021219934011958094,-0.02116088645006421,-0.02722123296807303,-0.021456356468322047,-0.016978757023525144,-0.015900473108332737,-0.024154166597437313,-0.0019660067234399305,0.004857288577986018,0.0025409929005579565,-0.0011337868480725641,-0.004426408328712824,-0.00196600672343993,-0.002785104762606753,0.001133786848072514,-0.002271439979764522,-0.0019660067234399314,-0.006422834876626165,-0.0011337868480725635,-0.0016043264774505,0.15259131820691607,-0.005255592956045323,-0.0045742105374102305,-0.004574210537410231,-0.004273855525243114,-0.0030099735159615387,-0.002271439979764521,-0.0016043264774504987,-0.001604326477450499,-0.003009973515961539,-0.0011337868480725615,-0.002540992900558077,-0.0011337868480725641,-0.0011337868480725626,-0.0011337868480725609,-0.0011337868480725609,-0.0011337868480725633,-0.003416891951678136,-0.0016043264774504983,-0.005980131130563733,-0.001966006723439928,-0.0011337868480725624,-0.004426408328712819,-0.0016043264774504983,-0.001966006723439926,-0.003603782612591271,-0.0030099735159615395,-0.002540992900558079,-0.0016043264774504983,-0.0011337868480725613,-0.0037818457171648785,-0.0019660067234399284,-0.0016043264774504992,-0.0011337868480725643,-0.0022714399797645205,-0.0022714399797645213,-0.003603782612591262,-0.003009973515961538,-0.001604326477450498,-0.0011337868480725613,-0.0011337868480725628,-0.0016043264774504994,-0.0011337868480725628,-0.007802790652128056,-0.00395227588911002,-0.0011337868480725613,-0.0011337868480725646,-0.0027851047626067564,-0.0030099735159615413,0.12817942033877672,0.12699267896763566,1.0,-0.002271439979764521,-0.0036037826125912696,-0.008161701781239867,-0.0016043264774505007,-0.0011337868480725626,0.0034168919516779053,-0.0019660067234399258,0.06452299834279829,0.02116088645006427,0.037512156023233025,-0.0016043264774504985,-0.0100327855317232,-0.003952275889110014,-0.0037818457171648733,-0.005506560305847991,-0.006941850439283742,-0.008593801578350279,-0.002785104762606754,-0.0025409929005580844,-0.0011337868480725624,-0.00427385552524313,-0.0027851047626067564,-0.0019660067234399323,-0.0011337868480725646,-0.0032196352561086423,-0.012635966797167024,-0.021338097405641156,-0.02300491440738289,-0.03511352578337059,-0.041161568200154916,-0.04011290870358175,-0.04358843768652305,-0.03674800806791947,-0.03777112150267145,0.03378634654628678,0.0022714399797645443,0.005382393832244619,0.0011337868480726177,-0.0011337868480725646,-0.0011337868480725643,-0.0032196352561086362,-0.0011337868480725646,-0.004273855525243129,-0.004116022662401913,0.0032196352561084736,0.001966006723439611,0.0011337868480726068,-0.0047177097940837185,-0.0019660067234399314,-0.002271439979764521,-0.002540992900558081,-0.0011337868480725624,-0.0016043264774505007
blaTEM-ES_AMR,-0.003214123807901695,-0.003938717651998644,-0.0022714399797645205,0.004550625711035106,0.015262656948006145,-0.015125161070744424,0.004137651602577325,-0.004742433684823052,0.00022012448563836278,0.025049357232961176,0.018698161504616135,0.024378676649745083,0.024243363233845735,0.020850352412351447,0.03226525770929956,-0.042393932838121026,-0.05453529203242958,-0.005773593746146606,0.007933762450907083,0.01182202656607713,0.022824280357318632,-0.003938717651998642,0.009731140811914694,0.0050906507448357,-0.00227143997976452,-0.008867910984938032,-0.003938717651998642,-0.005579706905554691,0.0022714399797645465,-0.004550625711035268,-0.003938717651998643,-0.012867572019375623,-0.0022714399797645213,-0.0032141238079016936,-0.014885774672215708,-0.010529107810717975,-0.009164019417050766,-0.009164019417050766,-0.008562285163457306,-0.006030211228689307,-0.004550625711035269,-0.003214123807901694,-0.003214123807901695,-0.006030211228689313,-0.0022714399797645196,-0.0050906507448356345,-0.00227143997976452,-0.002271439979764521,-0.002271439979764521,-0.00227143997976452,-0.002271439979764521,-0.006845435717279218,-0.003214123807901693,-0.011980654879961623,-0.003938717651998643,-0.0022714399797645205,-0.008867910984938039,-0.0032141238079016962,-0.003938717651998639,-0.007219854347874875,-0.006030211228689316,-0.005090650744835642,-0.003214123807901695,-0.002271439979764519,-0.007576587763275725,-0.003938717651998642,-0.003214123807901694,-0.0022714399797645205,-0.004550625711035267,-0.00455062571103527,-0.00721985434787487,-0.006030211228689309,-0.0032141238079016953,-0.0022714399797645196,-0.0022714399797645205,-0.0032141238079016953,-0.0022714399797645205,-0.01563218930534132,-0.007918029284644973,-0.0022714399797645196,-0.0022714399797645205,-0.005579706905554687,-0.006030211228689319,0.050908396188331914,-0.017886385248581146,-0.002271439979764521,1.0,0.15215843038146287,0.05731274882565795,-0.0032141238079016927,-0.0022714399797645205,0.006845435717279249,-0.00393871765199864,-0.03520357141025586,0.004960090142060147,-0.060552104186112614,-0.003214123807901695,-0.020099783485670344,-0.00791802928464496,-0.007576587763275717,-0.011031898324584344,0.07137186570689515,0.05316517595211249,-0.005579706905554684,-0.005090650744835642,-0.0022714399797645205,-0.008562285163457318,-0.005579706905554685,-0.003938717651998641,-0.0022714399797645205,-0.006450249668548361,-0.02531502302646689,0.10644997708015028,0.09873716283141452,0.030929648812765057,0.05518351411489649,0.02237896864779708,0.05211106661129127,0.027953098403030844,0.02618494998038266,0.00022919155745212622,0.0045506257110352185,0.010783141961985349,0.00227143997976445,-0.0022714399797645205,-0.00227143997976452,-0.006450249668548368,-0.002271439979764521,-0.008562285163457313,-0.008246081217902924,0.0064502496685486695,0.0039387176519986725,0.0022714399797644394,-0.009451507271781808,-0.003938717651998644,-0.0045506257110352714,-0.005090650744835636,-0.00227143997976452,-0.003214123807901693
kefB+psi-GI+trxLHR_STRESS,-0.005099409888361909,-0.006249023666322239,-0.00360378261259127,0.007219854347874577,0.02421516668772916,0.04783134996780905,0.06632321662004016,0.056979149796640455,0.062025266025286366,0.03974238318288799,0.029665811079342057,0.0051950273999584054,0.038463622931355225,0.033080397527308694,0.003735186390383237,-0.04350418516425454,-0.08652367614812842,-0.06819980713442746,-0.05396759492210636,-0.050540230394449936,-0.05417748386011785,-0.006249023666322244,0.015439067891325377,0.008076638081767356,-0.00360378261259127,-0.014069499393437584,-0.006249023666322244,-0.008852556487835533,0.003603782612591526,-0.007219854347874871,-0.006249023666322244,-0.020415213575002398,-0.0036037826125912705,-0.0050994098883619075,-0.023617219216262916,-0.016705092801218596,-0.014539294073726769,-0.014539294073726769,-0.013584604775387673,-0.009567309975082873,-0.007219854347874873,-0.005099409888361909,-0.00509940988836191,-0.009567309975082882,-0.0036037826125912675,-0.008076638081766665,-0.00360378261259127,-0.0036037826125912696,-0.0036037826125912666,-0.0036037826125912666,-0.00360378261259127,0.09569496643156321,-0.005099409888361905,-0.019008063663799046,-0.006249023666322247,-0.00360378261259127,0.06875295370259832,-0.00509940988836191,-0.006249023666322241,-0.011454753722794963,-0.00956730997508288,-0.008076638081766684,-0.005099409888361909,-0.0036037826125912675,-0.012020733758016993,-0.006249023666322245,-0.005099409888361908,-0.0036037826125912705,0.1521584303814627,0.1521584303814628,0.08969072164948443,-0.009567309975082879,-0.005099409888361909,-0.0036037826125912675,-0.00360378261259127,-0.00509940988836191,-0.00360378261259127,0.023864509268662484,-0.012562452240076464,-0.003603782612591267,-0.003603782612591269,0.38198781245010305,-0.009567309975082884,-0.02811514206466612,0.014824994318324899,-0.0036037826125912696,0.15215843038146287,1.0,0.4415479405134317,-0.005099409888361906,-0.0036037826125912696,0.010860714979622514,-0.006249023666322239,-0.05585268361902621,0.043504185164254396,0.05464270549649252,-0.00509940988836191,-0.03188957264458171,-0.012562452240076436,-0.012020733758016981,-0.017502801623723002,-0.022064923362648446,-0.027315709965032204,-0.008852556487835523,-0.008076638081766679,-0.00360378261259127,-0.013584604775387704,-0.008852556487835532,-0.0062490236663222485,-0.003603782612591269,-0.010233727419377827,-0.04016387869935562,0.05053283891007483,0.04176538693782289,-0.004488647562600604,-0.021640707952248015,-0.01882968267578177,-0.027934970041320627,-0.009368724452015883,0.00922388220085724,-0.02104187333513417,0.0072198543478748795,0.01710813398456366,0.0036037826125911556,-0.0036037826125912696,-0.00360378261259127,-0.010233727419377827,-0.0036037826125912683,-0.013584604775387697,-0.013082927297147743,0.010233727419379125,0.006249023666322936,0.003603782612591148,-0.014995411664964323,-0.006249023666322248,-0.007219854347874868,-0.008076638081766674,-0.0036037826125912696,-0.005099409888361907
IncY_PLASMID,-0.011548938224991648,-0.014152537228586993,-0.00816170178123987,0.016351235472822023,0.008875635179001903,-0.0643071194904659,0.028677425910743015,0.009791414060174386,0.003641588140470713,0.07484842643768007,0.06718593465716723,0.05664540470170529,0.009399313352621052,0.00478545342488894,-0.08695280820733096,-0.05350796340853982,-0.023948696419448107,0.06384683133142362,0.08695422311721572,0.10333307828997766,-0.11121011165461019,-0.01415253722858697,0.034965779419949286,0.01829164478125597,-0.00816170178123987,-0.03186403582151823,-0.014152537228586967,-0.02004891355068216,0.008161701781239893,-0.016351235472822342,-0.014152537228586965,-0.0462355538364953,-0.00816170178123987,-0.01154893822499165,-0.05348732730765511,-0.037833021668709305,-0.03292800790061548,-0.032928007900615515,-0.0307658660112683,-0.021667658474316592,-0.01635123547282235,-0.01154893822499165,-0.011548938224991654,-0.021667658474316617,-0.008161701781239865,-0.018291644781255643,-0.00816170178123987,-0.008161701781239867,-0.00816170178123986,-0.00816170178123986,-0.008161701781239867,0.02465268536543102,-0.011548938224991643,-0.01431702709077523,-0.01415253722858698,-0.008161701781239867,0.08297655042501473,-0.011548938224991655,-0.014152537228586977,-0.025942265090117708,0.03411234861845761,-0.01829164478125565,-0.011548938224991655,-0.008161701781239867,-0.02722407388887217,0.15587046104137633,0.09250935210835151,0.13891549562355213,0.1309767331241383,0.1309767331241382,0.06755577603059215,0.03411234861845762,-0.01154893822499165,-0.008161701781239865,0.13891549562355213,0.09250935210835153,-0.008161701781239867,-0.03367612583254426,-0.028450936098736772,-0.008161701781239865,-0.008161701781239867,0.16059588915597442,-0.021667658474316575,-0.06367404189899256,0.035571869160298655,-0.008161701781239867,0.05731274882565795,0.4415479405134317,1.0,0.19656764244169456,0.13891549562355218,0.024596910059174533,-0.014152537228586993,-0.05412929487179964,0.04252782590220919,0.001352376577029086,-0.011548938224991654,-0.0360701678616002,-0.028450936098736744,-0.027224073888872147,-0.00858214044457482,0.1501418797028179,0.16522656753534376,-0.020048913550682147,-0.018291644781255632,-0.008161701781239867,-0.030765866011268347,-0.02004891355068215,-0.014152537228586995,-0.008161701781239867,0.08123751822080587,-0.04584693011974869,0.010507133531959726,-0.006302296279185579,-0.03492114245810068,0.036785402077679344,0.01260513156529608,0.01342093691715489,-0.065908800668364,-0.06276436990206963,-0.05359090784599071,0.016351235472822658,0.038745813115265405,0.008161701781239664,-0.00816170178123987,-0.008161701781239867,-0.023176933873767066,-0.00816170178123987,-0.030765866011268336,-0.029629687054898116,0.02317693387376775,-0.07085896190639426,0.008161701781239622,-0.03396100465903588,-0.014152537228586988,-0.016351235472822356,-0.01829164478125563,-0.008161701781239867,-0.011548938224991645
nfsA-R203C_AMR,-0.0022701475595913773,-0.00278193087759165,-0.0016043264774504992,0.0032141238079017014,0.0107800711777859,0.0212934878306602,0.02952566897943555,0.025365891483570536,0.027612313852562548,0.017692453866257122,0.013206580780801072,0.017218749684262003,0.017123177317034253,0.014726681196646512,-0.0300265451508906,-0.029942991908818422,0.058936583781203616,0.07477161743742973,0.09449021946822149,0.10089803407231589,-0.03417853106948282,-0.0027819308775916523,0.006873140826715739,0.003595545491032396,-0.0016043264774504996,-0.006263438400113541,-0.002781930877591652,-0.003940967670174932,0.0016043264774503827,-0.0032141238079016936,-0.0027819308775916523,-0.009088413814625926,-0.0016043264774505,-0.002270147559591376,-0.010513877829373021,-0.007436747875863719,-0.006472580883325474,-0.006472580883325475,-0.006047573749512058,-0.004259160543528206,-0.0032141238079016945,-0.0022701475595913773,-0.0022701475595913773,-0.004259160543528209,-0.0016043264774504987,-0.003595545491032336,-0.0016043264774504992,-0.0016043264774505007,-0.0016043264774504987,-0.0016043264774504987,-0.0016043264774505005,-0.004834956621682306,-0.002270147559591375,-0.008461980951445434,-0.002781930877591653,-0.0016043264774505005,-0.006263438400113547,-0.0022701475595913773,-0.0027819308775916506,-0.005099409888361907,-0.00425916054352821,-0.0035955454910323427,-0.0022701475595913773,-0.0016043264774504987,-0.005351372021994097,-0.002781930877591654,-0.002270147559591377,-0.0016043264774504996,-0.0032141238079016936,-0.0032141238079016953,-0.005099409888361897,-0.004259160543528209,-0.0022701475595913773,-0.0016043264774504987,-0.0016043264774505005,-0.002270147559591378,-0.0016043264774505005,-0.011041073251549235,-0.005592533434187988,-0.0016043264774504985,-0.001604326477450499,-0.00394096767017493,-0.004259160543528213,-0.012516256300818639,-0.01263322020208239,-0.0016043264774505007,-0.0032141238079016927,-0.005099409888361906,0.19656764244169456,1.0,-0.0016043264774505007,0.004834956621682257,-0.00278193087759165,-0.024864412979183327,0.02994299190881836,-0.04276817564036741,-0.0022701475595913777,-0.01419655158153296,-0.005592533434187972,-0.005351372021994091,-0.0077918706795445615,-0.009822829115699459,-0.012160366331239047,-0.003940967670174925,-0.0035955454910323427,-0.0016043264774505005,-0.00604757374951207,-0.00394096767017493,-0.002781930877591653,-0.001604326477450499,-0.004555835250593437,-0.01788009460097655,-0.03019374823802594,-0.03255232088640771,-0.049686199153455686,0.0389763205728507,0.03999526659374979,0.036806239512147794,-0.05199901766117024,-0.05344673949318685,-0.04748446166715879,0.0032141238079018003,0.007616173138554033,0.001604326477450112,-0.0016043264774504992,-0.0016043264774504992,-0.004555835250593439,-0.0016043264774504992,-0.006047573749512068,-0.005824237730666518,0.004555835250593993,0.002781930877592051,0.0016043264774501088,-0.006675634620778071,-0.0027819308775916527,-0.003214123807901692,-0.0035955454910323384,-0.0016043264774505002,-0.002270147559591375
nfsA-R15C_AMR,-0.0016043264774504996,-0.0019660067234399258,-0.0011337868480725641,0.0022714399797643826,0.00761833896931174,0.01504823163572117,0.020865961909838946,0.01792622297140608,0.019513782718737847,0.012503359999125718,0.009333167411831964,0.012168590499917208,0.012101048952404991,0.01040743121253545,-0.021219934011958094,-0.02116088645006421,0.04165082637521776,0.05284153671414209,0.06677678739978592,0.07130522723115683,-0.024154166597437313,-0.0019660067234399305,0.004857288577986026,0.002540992900557984,-0.0011337868480725641,-0.004426408328712824,-0.0019660067234399305,-0.002785104762606753,0.001133786848072514,-0.002271439979764522,-0.0019660067234399314,-0.006422834876626165,-0.0011337868480725635,-0.0016043264774505,-0.007430218582522039,-0.005255592956045323,-0.004574210537410231,-0.004574210537410231,-0.0042738555252431155,-0.0030099735159615387,-0.0022714399797645205,-0.0016043264774504987,-0.001604326477450499,-0.0030099735159615404,-0.0011337868480725615,-0.002540992900558077,-0.0011337868480725641,-0.0011337868480725626,-0.0011337868480725609,-0.0011337868480725609,-0.0011337868480725633,-0.003416891951678136,-0.0016043264774504983,-0.005980131130563733,-0.001966006723439928,-0.0011337868480725624,-0.004426408328712819,-0.0016043264774504983,-0.0019660067234399266,-0.003603782612591271,-0.0030099735159615395,-0.002540992900558079,-0.0016043264774504983,-0.0011337868480725613,-0.0037818457171648785,-0.0019660067234399292,-0.0016043264774504992,-0.0011337868480725646,-0.0022714399797645205,-0.002271439979764521,-0.003603782612591262,-0.003009973515961538,-0.001604326477450498,-0.0011337868480725613,-0.0011337868480725628,-0.0016043264774504994,-0.0011337868480725628,-0.007802790652128056,-0.00395227588911002,-0.0011337868480725613,-0.0011337868480725646,-0.0027851047626067564,-0.0030099735159615413,-0.008845311088753367,0.1269926789676357,-0.0011337868480725626,-0.0022714399797645205,-0.0036037826125912696,0.13891549562355218,-0.0016043264774505007,1.0,0.0034168919516779357,-0.0019660067234399258,-0.017571825197102126,0.02116088645006427,-0.030224518350007765,-0.0016043264774504985,-0.010032785531723199,-0.003952275889110014,-0.0037818457171648733,-0.005506560305847991,-0.006941850439283742,-0.008593801578350279,-0.002785104762606754,-0.0025409929005580844,-0.0011337868480725624,-0.00427385552524313,-0.0027851047626067564,-0.0019660067234399323,-0.0011337868480725646,-0.0032196352561086423,-0.012635966797167024,-0.021338097405641156,-0.02300491440738289,-0.03511352578337059,0.02754479233053843,0.028264887406963965,0.02601118342957076,-0.03674800806791947,-0.03777112150267145,-0.03355754510240671,0.0022714399797645157,0.00538239383224458,0.0011337868480726177,-0.0011337868480725646,-0.0011337868480725643,-0.0032196352561086362,-0.0011337868480725646,-0.004273855525243129,-0.004116022662401913,0.0032196352561084315,0.0019660067234395793,0.0011337868480726073,-0.0047177097940837185,-0.0019660067234399314,-0.002271439979764521,-0.002540992900558081,-0.0011337868480725624,-0.0016043264774505007
glpT-E448K_AMR,0.004834956621681975,0.005924951909335913,0.003416891951678207,-0.0068454357172790135,-0.022959378258488178,0.10599001159537112,0.0630263157853569,0.08188288592950191,0.07114140899909586,-0.03768135979225261,-0.028127354508801,-0.036672465387226544,-0.036468915513199765,-0.03136486192992081,-0.011040588824405782,-0.036336173853657866,0.012850049177764715,-0.00997416110815927,-0.032969133827792846,-0.039684666797442425,-0.02243114540086541,0.005924951909335493,-0.014638404279705199,-0.007657787004628166,0.0034168919516781933,0.013339861032020027,0.005924951909335473,0.008393466606275525,-0.003416891951677848,0.006845435717279074,0.005924951909335661,0.019356489126866945,0.0034168919516779,0.004834956621682162,0.022392440093116816,0.015838773666616086,0.013785292356432244,0.01378529235643221,0.01288011284631121,0.009071153276241686,0.006845435717279135,0.0048349566216820666,0.004834956621682221,0.00907115327624186,0.0034168919516781556,0.007657787004627967,0.00341689195167825,0.0034168919516779275,0.003416891951678396,0.003416891951678377,0.0034168919516778477,0.01029748283752848,0.004834956621682229,0.018022313422262393,0.005924951909335298,0.0034168919516779205,0.0133398610320198,0.004834956621682415,0.005924951909335184,0.010860714979622476,0.009071153276242168,0.007657787004628472,0.004834956621682647,0.003416891951678376,0.011397343526640048,0.0059249519093350885,0.004834956621682006,0.0034168919516779214,0.006845435717278986,0.006845435717279009,0.010860714979622618,0.009071153276241877,0.0048349566216822045,0.003416891951678171,0.003416891951677825,0.0048349566216819104,0.003416891951677891,0.02351526005545913,0.011910968714506703,0.0034168919516782015,0.003416891951677977,0.008393466606275976,0.009071153276242376,0.026657102541479363,0.02690621207029555,0.0034168919516779053,0.006845435717279249,0.010860714979622514,0.024596910059174533,0.004834956621682257,0.0034168919516779357,1.0,0.00592495190933592,0.02546629087824866,0.011308996386591,0.06840559974631945,0.004834956621682367,0.030235792728179205,0.011910968714506791,0.011397343526639596,0.016595113642805515,0.020920645654044688,0.025899128656592888,0.008393466606275416,0.007657787004627832,0.003416891951677936,0.012880112846311294,0.008393466606275409,0.0059249519093354346,0.003416891951678056,0.009703010590252302,0.0380809967273053,0.06430659644130374,0.0693298806748909,0.08325142730328533,0.03202177818361902,0.029301520716748086,0.03813917904034337,0.020201150524020522,-0.06776376142987987,-0.056720935642578636,-0.00684543571727958,0.05611780612246584,-0.0034168919516778347,0.0034168919516781695,0.0034168919516781473,0.009703010590252366,0.003416891951678071,0.01288011284631097,0.012404452152531404,-0.00970301059025215,-0.005924951909335301,-0.00341689195167762,0.014217755879918276,0.005924951909335347,0.006845435717279155,0.007657787004627851,0.003416891951677996,0.004834956621682254
capU_VIR,-0.0027819308775916484,-0.003409090909090899,-0.001966006723439928,0.00393871765199836,0.013210336370168082,0.026093903472247493,0.03618195207990212,0.031084392050922862,0.033837249117859965,0.021681050424654274,-0.21064732225284566,0.021100554110584653,0.02098343585617371,0.01804667232854855,-0.03679574605172287,0.0929075787103406,0.07222327973702751,-0.037205706830130046,-0.02944146910916279,-0.02757170546650869,-0.04188375796595126,-0.0034090909090909024,0.008422625485771705,0.004406127249758112,-0.001966006723439928,-0.007675471407816986,-0.003409090909090903,-0.0048294215954946635,0.0019660067234398373,-0.003938717651998635,-0.0034090909090909024,-0.011137310837974508,-0.0019660067234399275,-0.00278193087759165,-0.01288413224646234,-0.00911329241895327,-0.007931763087802857,-0.007931763087802841,-0.007410942111317489,-0.005219348045725244,-0.003938717651998637,-0.0027819308775916514,-0.002781930877591657,-0.005219348045725266,-0.00196600672343993,-0.004406127249758509,-0.0019660067234399275,-0.0019660067234399258,-0.0019660067234399327,-0.00196600672343993,-0.0019660067234399266,-0.0059249519093354935,-0.002781930877591654,-0.010369654604591296,-0.003409090909090904,-0.001966006723439926,-0.00767547140781697,-0.0027819308775916566,-0.0034090909090909046,-0.006249023666322257,-0.0052193480457252625,-0.004406127249758522,-0.002781930877591656,-0.00196600672343993,-0.006557788282337515,-0.003409090909090903,-0.0027819308775916506,-0.0019660067234399284,-0.003938717651998635,-0.003938717651998634,-0.006249023666322254,-0.0052193480457252564,-0.002781930877591654,-0.00196600672343993,-0.0019660067234399266,-0.0027819308775916497,-0.001966006723439926,-0.013530178895403993,-0.00685331725631599,-0.0019660067234399297,-0.0019660067234399284,-0.004829421595494645,-0.005219348045725258,-0.01533792802498086,-0.015481260332660294,-0.0019660067234399258,-0.00393871765199864,-0.006249023666322239,-0.014152537228586993,-0.00278193087759165,-0.0019660067234399258,0.00592495190933592,1.0,0.11188403602854825,0.03669335652067176,-0.013257654117836465,-0.0027819308775916527,-0.017397030000595212,-0.006853317256316013,-0.006557788282337497,-0.009548474303374245,-0.012037293129610192,-0.014901806024357821,-0.004829421595494654,-0.004406127249758499,-0.001966006723439926,-0.007410942111317487,-0.004829421595494662,-0.003409090909090906,-0.001966006723439928,-0.0055829052623908235,-0.021910992990107684,-0.03700064349504774,-0.039890934062219906,0.05599001181393781,0.04776316378131907,0.04901182155519873,0.045103858449319884,0.05349968139242424,-0.06549580192463653,-0.058189384896840814,0.003938717651998735,0.009333167411832039,0.001966006723440024,-0.0019660067234399284,-0.001966006723439928,-0.005582905262390817,-0.001966006723439929,-0.007410942111317476,-0.0071372570971959,0.005582905262390212,0.00340909090909062,0.001966006723440012,-0.008180593371826963,-0.0034090909090909085,-0.0039387176519986395,-0.004406127249758504,-0.001966006723439926,-0.00278193087759165
afaC+nfaE_VIR,-0.024864412979183324,0.016981438705581824,-0.01757182519710214,0.03520357141025548,0.06675764497769934,-0.011382862182327229,-0.33028803801970974,-0.3744990179025224,-0.3340311114356511,-0.37311289089786837,-0.12352296259686993,-0.09646832074075866,0.057416340205072774,0.053644084858477846,-0.2309306794006629,0.10105990329397552,0.029926716249153558,-0.25942734136630224,-0.2219340579195954,-0.20352492156598784,-0.0012412301242070015,-0.03046985995590153,0.055740803391075185,0.002583739900645376,-0.01757182519710214,-0.06860202474156833,-0.030469859955901516,0.02405642119680965,0.01757182519710171,0.005913827472357783,0.11188403602854845,0.0504767483230299,-0.017571825197102136,-0.02486441297918333,0.08167480619694231,-0.04521063215329811,-0.0708927150766976,-0.07089271507669757,-0.06623770802678686,-0.046649622510877946,-0.035203571410255846,-0.024864412979183327,-0.024864412979183348,0.015620395141586509,-0.017571825197102136,-0.03938119687275345,-0.01757182519710214,-0.017571825197102126,-0.017571825197102146,0.06452299834279827,-0.01757182519710213,0.0020236050208877554,0.09130107199763608,-0.04457025888284557,-0.030469859955901478,0.06452299834279829,0.016866176805951687,-0.024864412979183355,-0.030469859955901485,-0.05585268361902633,-0.04664962251087787,-0.039381196872753474,-0.02486441297918334,-0.017571825197102132,0.16543404274323328,-0.030469859955901478,-0.02486441297918332,-0.017571825197102143,-0.03520357141025583,0.0059138274723577735,-0.029758546245692765,-0.015514613684645765,-0.024864412979183327,-0.01757182519710214,-0.01757182519710213,-0.02486441297918332,-0.01757182519710213,-0.04559949745636524,-0.037405842040005834,-0.01757182519710214,0.06452299834279834,-0.04316452790693372,-0.04664962251087794,-0.035961191164600864,-0.026911356656241676,0.06452299834279829,-0.03520357141025586,-0.05585268361902621,-0.05412929487179964,-0.024864412979183327,-0.017571825197102126,0.02546629087824866,0.11188403602854825,1.0,0.18699552573097478,0.09257764140396314,0.09130107199763605,0.14719599112812962,0.010289982539525082,0.09075190586067945,-0.05067155401402133,-0.07966261717700968,-0.05252681915455161,0.057666895748681245,0.07101117404356802,0.06452299834279829,7.509944220722751e-05,-0.009554053355062068,-0.030469859955901516,-0.01757182519710214,0.008382509596630758,-0.17065478616124677,-0.16581948321461557,-0.19648572490598917,0.0472029568207508,0.08885590335498468,0.0848114446631187,0.06639985258827001,0.1289360527106498,0.08722178347906004,0.00453418429039473,-0.005913827472357478,0.03027371278385255,0.017571825197102264,-0.017571825197102143,-0.01757182519710214,0.03752328114712298,-0.017571825197102143,-0.06623770802678694,0.027910429807746436,0.04989903350435212,0.03046985995590063,0.017571825197102237,-0.07311671675608498,-0.030469859955901527,-0.035203571410255846,-0.03938119687275348,-0.017571825197102126,-0.024864412979183334
IncFII_PLASMID,-0.07581565551312845,0.036693356520671745,-0.05357936449156272,0.0699075952500611,0.04468007722409448,-0.14589368520768092,-0.0581966815702748,-0.14065116953129755,-0.14980896783321937,-0.05618995578293485,-0.02770503288180018,0.0009529855499674255,0.01898952368293139,0.01959586698032887,-0.3841811414269108,-0.2969478672985778,-0.30433187649051857,-0.4315538204040784,-0.38342610206497224,-0.3607849778036292,-0.10648155692875212,-0.09290757871034071,0.016076323089495494,-0.047424842094912475,-0.05357936449156272,0.004802630140994323,0.03669335652067164,0.021381485886529817,0.05357936449156252,0.04239393283812091,0.03669335652067161,-0.030363217877267812,-0.05357936449156271,-0.07581565551312847,-0.01662769499009325,-0.09988351444676644,-0.12193343952567678,-0.08424142933797414,-0.1013494424905163,-0.028859364224347924,0.004960090142060165,0.029942991908818495,0.029942991908818512,-0.05720510238908541,-0.0535793644915627,-0.019576974816779516,0.021160886450064198,0.02116088645006427,0.02116088645006425,0.021160886450064247,-0.05357936449156269,-0.08639052878779256,-0.022936331802154892,0.024009106197746818,0.03669335652067172,0.021160886450064264,-0.014650224971381964,0.02994299190881854,0.03669335652067168,0.019747725362129043,0.027832112105127583,0.013923933639066176,0.029942991908818512,0.02116088645006425,-0.1107270415403601,-0.049707266966669966,-0.022936331802154944,0.021160886450064212,0.004960090142060176,0.00496009014206022,0.01974772536212926,-0.0005136260596101068,-0.02293633180215486,0.02116088645006426,-0.05357936449156269,-0.022936331802154892,0.021160886450064257,0.008465987497515247,0.030341957788181564,0.021160886450064254,0.021160886450064215,0.02138148588652962,0.05617785026986529,0.04233204334831347,0.014422179462855726,0.02116088645006427,0.004960090142060147,0.043504185164254396,0.04252782590220919,0.02994299190881836,0.02116088645006427,0.011308996386591,0.03669335652067176,0.18699552573097478,1.0,0.26069208981807807,0.029942991908818533,0.08620824504437578,0.030341957788181505,-0.042735401985326785,-0.03926856707111909,-0.010264190763609436,-0.07040696805096437,0.051980921928354136,0.0474248420949117,0.021160886450064267,-0.04097735498042476,0.05198092192835412,-0.006506955222999246,0.021160886450064212,0.03356079915467896,0.16705874788491437,0.15918122919033975,0.19190165499960826,0.03138867423082034,0.03987272784949705,0.06462208018302401,0.0756980403009535,0.07519896679404027,0.15839169070735276,0.2090239998424031,-0.04239393283812062,-0.035945151517921214,0.05357936449156298,0.021160886450064177,0.021160886450064184,0.060090956409452036,0.021160886450064146,0.03951876169969763,0.07682104297915052,0.019499515354865916,0.006506955222998109,-0.021160886450063896,0.03316928163538176,-0.04970726696667007,-0.032473752554000826,-0.05307788327262515,0.02116088645006426,0.029942991908818377
blaTEM-CA_AMR,0.005156061784054447,0.025894548511091835,-0.030224518350007775,-0.007300063321929759,-0.019191765154490763,-0.13704332582426998,-0.1713682804270764,-0.20315555837180116,-0.21500698582838884,-0.09254354423135609,-0.060973071786938414,-0.08187254341467816,-0.0567860336854993,-0.04556048087278913,-0.30303836812727614,-0.3213751606377693,-0.3016151479883071,-0.1849056563649407,-0.11827321014746056,-0.12885849227879612,0.1882624568631548,-0.05240985674676468,0.0005112239417311602,0.00701447815147044,-0.030224518350007768,-0.06510926102229679,0.025894548511091908,-0.04651329394680975,0.030224518350007452,0.07515223082997233,0.0650467511400202,0.002074715400110616,-0.030224518350007775,-0.042768175640367403,0.007639017977266752,-0.005537094453490879,-0.0023792113933838277,0.014700818365623293,0.013735522946236405,-0.0031711945349980238,0.04122614707595112,0.05308029920847639,0.005156061784054456,-0.05455036470753511,0.03751215602323303,-0.03737616544435454,-0.03022451835000778,-0.030224518350007768,-0.03022451835000776,-0.030224518350007758,0.037512156023233025,0.09036834393824754,0.0051560617840544385,0.06553271672593561,0.0650467511400201,0.03751215602323302,-0.029849231900746273,0.0051560617840544325,-0.01325765411783643,-0.0960697276466667,0.02251839055127044,0.023347209141413718,-0.04276817564036743,-0.030224518350007758,0.08404479767907994,-0.052409856746764724,-0.04276817564036741,-0.03022451835000778,0.007300063321929816,0.007300063321929814,0.011582010312732626,-0.0545503647075351,0.0051560617840544385,0.03751215602323303,-0.030224518350007765,-0.04276817564036742,-0.030224518350007765,0.01989734092258101,0.03237899563966438,-0.030224518350007758,-0.030224518350007768,-0.01878119499000153,-0.054550364707535125,0.033063031331885005,-0.0540743331349889,0.037512156023233025,-0.060552104186112614,0.05464270549649252,0.001352376577029086,-0.04276817564036741,-0.030224518350007765,0.06840559974631945,-0.013257654117836465,0.09257764140396314,0.26069208981807807,1.0,0.0051560617840544585,0.1654430050787973,0.05205597647230273,0.08404479767907991,0.09636698793835592,0.10295241709762556,0.16072959380335805,0.09214720083723142,0.08407058372718218,0.03751215602323302,0.05021211471022688,0.09214720083723155,-0.05240985674676465,0.037512156023233045,-0.08582911774291413,-0.1844807466249295,0.11644606212864655,0.10083536641682266,-0.10605274590115733,0.06488132077619381,0.027135139490085492,0.020004375041098782,0.012903218313689577,0.03883254213532122,0.1032923712133135,0.02662602043209176,-0.04653132173844479,0.03022451835000773,-0.03022451835000778,-0.03022451835000778,-0.08582911774291432,-0.03022451835000778,0.03197381882823159,0.041602112361216526,-0.010347419017229853,0.013257654117836148,0.0302245183500077,0.13950920587202573,0.06504675114002022,0.07515223082997234,-0.0070144781514704,-0.03022451835000776,-0.04276817564036741
parC-S57T_AMR,-0.002270147559591377,-0.002781930877591655,-0.001604326477450501,0.0032141238079016897,-0.21058743696139878,0.021293487830660145,-0.07688725228114267,-0.08949606841382841,-0.08221504259704401,-0.12831162803939722,-0.17189517841677648,0.01721874968426195,0.017123177317034336,0.01472668119664661,-0.03002654515089062,-0.029942991908818446,-0.03851847891318369,-0.030361086698319398,-0.024025212052289285,-0.02249942311030868,-0.03417853106948284,-0.0027819308775916553,0.006873140826715814,0.0035955454910321675,-0.001604326477450501,-0.006263438400113548,-0.0027819308775916553,-0.00394096767017493,0.0016043264774504296,-0.0032141238079016967,-0.0027819308775916553,-0.00908841381462593,-0.0016043264774505005,-0.0022701475595913777,0.21591914956907507,-0.007436747875863721,-0.006472580883325479,-0.006472580883325477,-0.006047573749512058,-0.004259160543528207,-0.003214123807901698,-0.0022701475595913777,-0.0022701475595913794,-0.00425916054352821,-0.0016043264774504994,-0.0035955454910323384,-0.001604326477450501,-0.0016043264774504985,-0.0016043264774504994,-0.0016043264774504994,-0.0016043264774505,-0.004834956621682305,-0.0022701475595913773,-0.008461980951445434,-0.0027819308775916527,-0.0016043264774505,-0.006263438400113549,-0.002270147559591378,-0.002781930877591651,-0.005099409888361911,-0.004259160543528213,-0.0035955454910323436,-0.0022701475595913786,-0.0016043264774504998,-0.0053513720219940985,-0.0027819308775916536,-0.0022701475595913777,-0.0016043264774505011,-0.003214123807901696,-0.0032141238079016962,-0.005099409888361897,-0.004259160543528209,-0.0022701475595913773,-0.0016043264774504992,-0.0016043264774504994,-0.002270147559591377,-0.0016043264774504994,0.09728412320531733,-0.005592533434187988,-0.0016043264774504992,-0.0016043264774505011,-0.003940967670174933,-0.004259160543528215,-0.012516256300818662,-0.012633220202082395,-0.0016043264774504985,-0.003214123807901695,-0.00509940988836191,-0.011548938224991654,-0.0022701475595913777,-0.0016043264774504985,0.004834956621682367,-0.0027819308775916527,0.09130107199763605,0.029942991908818533,0.0051560617840544585,1.0,-0.014196551581532971,-0.005592533434187976,-0.0053513720219940915,-0.0077918706795445675,-0.009822829115699466,-0.012160366331239054,-0.0039409676701749295,-0.0035955454910323453,-0.0016043264774504994,-0.006047573749512076,-0.003940967670174934,-0.0027819308775916566,-0.0016043264774505011,-0.00455583525059344,-0.017880094600976563,-0.030193748238025953,-0.032552320886407714,-0.04968619915345572,-0.05824427565829963,-0.056760405741266895,-0.061678334697629685,-0.051999017661170294,0.04247494947527651,0.04780821936034403,0.003214123807901963,0.007616173138554354,0.0016043264774505761,-0.0016043264774505011,-0.001604326477450501,-0.0045558352505934395,-0.0016043264774505011,-0.006047573749512072,-0.005824237730666517,0.004555835250593065,0.0027819308775915053,0.0016043264774505627,-0.006675634620778077,-0.002781930877591656,-0.0032141238079016953,-0.0035955454910323406,-0.0016043264774504992,-0.002270147559591378
merCPRT_STRESS,-0.01419655158153296,-0.017397030000595202,-0.0100327855317232,0.02009978348567012,-0.04794758839641447,0.05539549348554841,-0.2220299502322433,-0.2603798409788392,-0.2470439890122517,-0.3458829813552373,-0.07818224983116318,-0.008841277745774135,-0.009939465579602963,0.004086443967091378,-0.004280801999612121,-0.10457964129734659,-0.14776906036899268,-0.10768352929531035,-0.06789407032982332,-0.0763956317203104,0.17071350117647974,-0.017397030000595212,-0.07415677210939672,-0.0878165528357233,-0.010032785531723203,-0.039168919196147546,-0.01739703000059521,-0.024645160432153916,0.010032785531722812,-0.020099783485670333,-0.017397030000595223,0.010618391539560788,-0.010032785531723203,-0.01419655158153296,0.012918239862013754,0.06213143922969465,0.05259876957321543,0.052598769573215465,0.06156841872680357,0.06669320779128501,0.10315097219382202,-0.014196551581532962,-0.014196551581532968,-0.02663500533027543,-0.010032785531723196,-0.022485034865476674,-0.010032785531723203,0.11300818147538212,-0.010032785531723194,-0.010032785531723194,-0.010032785531723199,0.09336700810044313,-0.014196551581532954,0.16340784537680014,-0.01739703000059517,-0.010032785531723199,0.056903735387736694,0.07285591401911713,-0.0173970300005952,0.0463284624808784,0.2533496340344064,0.1981181405369226,0.1599083796197671,0.11300818147538205,0.04115548239213258,0.1959582129233712,0.15990837961976703,0.1130081814753821,0.10315097219382198,0.16477635003356808,0.320091585419989,0.2533496340344064,0.1599083796197671,0.11300818147538212,0.11300818147538215,0.07285591401911712,-0.010032785531723199,-0.05022901261169059,0.03651154088197989,-0.010032785531723196,-0.010032785531723204,-0.024645160432153944,-0.02663500533027551,-0.04459029853690255,-0.02888826043282994,-0.0100327855317232,-0.020099783485670344,-0.03188957264458171,-0.0360701678616002,-0.01419655158153296,-0.010032785531723199,0.030235792728179205,-0.017397030000595212,0.14719599112812962,0.08620824504437578,0.1654430050787973,-0.014196551581532971,1.0,0.28670869630494866,0.07846584271272088,-0.022745195548555877,-0.06142785724585764,-0.024233742330612585,-0.02464516043215392,-0.022485034865476723,-0.010032785531723199,0.09469755567730186,0.12647759416223434,-0.017397030000595236,-0.010032785531723204,0.015184926011072844,-0.04891177220835545,-0.014916041510251402,-0.01699423301179618,0.09519450622682803,0.12552385183225195,0.1408649907885446,0.15318564164161963,0.07361715414550345,0.04900657370710814,0.1086090788437008,0.020099783485670625,0.04762835541617096,0.010032785531723308,-0.010032785531723206,-0.010032785531723206,0.14621055794375012,0.11300818147538215,-0.004689855174192829,-0.0020623762169747996,-0.015184926011073975,0.017397030000594157,0.010032785531723203,-0.011630390505437977,-0.017397030000595233,-0.02009978348567034,-0.02248503486547669,-0.010032785531723197,-0.01419655158153296
IncQ1_PLASMID,-0.005592533434187971,-0.006853317256316,-0.003952275889110015,0.007918029284644641,-0.10977849791754571,-5.9474763067677906e-05,-0.08018367350233058,-0.1025730056978716,-0.08980395236149767,-0.04633511032004692,-0.1574655331786097,-0.07998535950413556,-0.08074659561350564,0.0016097975893401544,0.07782643529191112,-0.008630492045098597,0.04515691414253348,0.033119950771969484,0.038134981894417726,0.020570171773752217,0.06036613898316722,-0.0068533172563159765,0.016932057878303382,0.008857665788192646,-0.003952275889110013,-0.015430049257201978,-0.0068533172563159765,-0.009708617118472412,0.003952275889109825,-0.00791802928464495,-0.0068533172563159835,0.13704483924912006,-0.003952275889110014,-0.005592533434187973,0.11355400872937985,0.17426294660460326,0.20404967899309584,0.20404967899309584,0.22001543916513985,0.2100995962612969,0.28339946481291733,-0.005592533434187974,-0.00559253343418798,-0.010492488755023156,-0.003952275889110014,-0.008857665788192949,-0.003952275889110014,-0.003952275889110014,-0.003952275889110015,-0.003952275889110015,-0.003952275889110014,0.18285542711715078,-0.005592533434187974,-0.02084618296748009,-0.006853317256315986,-0.003952275889110014,-0.015430049257201971,-0.005592533434187977,-0.0068533172563160025,-0.01256245224007645,-0.010492488755023167,-0.008857665788192954,-0.005592533434187975,-0.003952275889110012,0.16319158728917701,-0.006853317256315986,-0.005592533434187971,-0.003952275889110015,-0.007918029284644948,-0.007918029284644957,-0.01256245224007644,-0.010492488755023153,-0.005592533434187974,-0.003952275889110014,-0.003952275889110013,-0.005592533434187972,-0.003952275889110013,-0.027199805161441656,-0.013777267508610786,-0.003952275889110014,-0.003952275889110015,-0.009708617118472427,-0.010492488755023167,-0.030833934797522045,0.008361822318933404,-0.003952275889110014,-0.00791802928464496,-0.012562452240076436,-0.028450936098736744,-0.005592533434187972,-0.003952275889110014,0.011910968714506791,-0.006853317256316013,0.010289982539525082,0.030341957788181505,0.05205597647230273,-0.005592533434187976,0.28670869630494866,1.0,0.3395663383006134,0.04221588002355085,-0.024198647359184186,0.13332801407638295,-0.009708617118472408,-0.008857665788192937,-0.003952275889110013,0.1417108713365151,0.22842218609294807,-0.006853317256315996,-0.003952275889110015,-0.011223350152701999,-0.04404780933288957,0.14195420277808757,0.12980231115356405,0.01465725553535117,0.07605992643058723,-0.0007873304203024266,0.07045442261275074,-0.010274699598706737,-0.013514562577398635,-0.03872697065292142,0.007918029284644947,0.0187625261353477,0.003952275889110125,-0.003952275889110015,-0.003952275889110014,-0.011223350152702012,-0.0039522758891100155,-0.014898264320734959,-0.01434807358657978,0.011223350152701272,0.006853317256315268,0.00395227588911009,-0.01644549917180019,-0.006853317256316002,-0.007918029284644959,-0.008857665788192923,-0.003952275889110014,-0.005592533434187972
catA_AMR,-0.005351372021994087,-0.006557788282337495,-0.003781845717164875,0.00757658776327557,0.025411639455847533,-0.05944517620587557,-0.09002837602139177,-0.087893723041985,-0.07612484144670255,-0.14602434941894551,-0.08786927932753355,-0.05524065878202813,-0.055877592608017265,-0.0014754857932218546,0.06503849488442566,0.04273540198532675,0.03450780735464483,0.04107914339781496,0.04495640219591099,0.05273794878408898,0.07033860785601867,-0.0065577882823375224,0.016201913117018903,0.008475705230359842,-0.003781845717164875,-0.014764674161482354,-0.006557788282337524,-0.009289961809158094,0.0037818457171648443,-0.007576587763275712,-0.006557788282337525,0.03405211231692974,-0.0037818457171648738,-0.005351372021994091,0.023740025858042982,0.11649050137922465,-0.01525768142373806,-0.015257681423738081,-0.014255820872679287,-0.010040031307004819,-0.007576587763275709,-0.005351372021994092,-0.005351372021994091,-0.010040031307004826,-0.0037818457171648707,-0.00847570523035994,-0.003781845717164875,-0.0037818457171648733,-0.0037818457171648725,-0.003781845717164871,-0.0037818457171648725,0.09025775075641979,-0.005351372021994088,0.09866166637394581,-0.006557788282337516,-0.0037818457171648725,-0.014764674161482354,-0.0053513720219940915,-0.006557788282337513,-0.012020733758016978,0.10509435368111539,-0.008475705230359946,-0.005351372021994078,-0.003781845717164861,0.17149708090075047,-0.006557788282337515,-0.0053513720219940915,-0.0037818457171648738,0.14447175303155263,0.14447175303155263,0.08447297449951922,-0.01004003130700483,-0.005351372021994089,-0.0037818457171648703,-0.0037818457171648725,-0.00535137202199409,-0.0037818457171648725,0.0668286517296272,0.075004211783459,-0.0037818457171648703,-0.0037818457171648755,-0.009289961809158087,-0.01004003130700484,-0.029504312838749668,0.011435904718762106,-0.0037818457171648733,-0.007576587763275717,-0.012020733758016981,-0.027224073888872147,-0.005351372021994091,-0.0037818457171648733,0.011397343526639596,-0.006557788282337497,0.09075190586067945,-0.042735401985326785,0.08404479767907991,-0.0053513720219940915,0.07846584271272088,0.3395663383006134,1.0,0.10984269994088619,0.08010747198214449,0.14178264083101424,0.2392868950843754,0.2636714845299249,0.2997972241243424,0.14922326783609774,-0.009289961809158113,-0.006557788282337537,-0.0037818457171648746,-0.01073937647525808,-0.04214837823823949,0.08690369737232394,0.07671008938467382,0.0055090063438631405,0.050209693646996886,-0.030127337956775798,0.044552470097149535,-0.04058015499649728,-0.06432138240874626,-0.09151309927727898,0.007576587763275637,0.017953447861185783,0.003781845717164959,-0.003781845717164876,-0.003781845717164876,-0.010739376475258047,-0.003781845717164876,-0.014255820872679336,-0.013729355481606365,0.01073937647525765,0.006557788282336925,0.0037818457171649327,-0.01573633581119158,-0.006557788282337533,-0.007576587763275713,-0.008475705230359946,-0.003781845717164871,-0.0053513720219940915
papA_VIR,-0.007791870679544565,-0.009548474303374245,-0.005506560305847992,0.011031898324584087,0.03700064349504771,0.03491096137109369,0.0378209773540963,-0.0157821394755281,-0.003563779851217044,-0.004638974189286145,-0.12040861655105022,-0.007633151497660567,-0.030587860003122108,0.00014270657307708797,-0.10306068245685258,-0.0712089081526349,0.1441157902131306,0.24095095960506221,0.2535757490186742,0.25424045133535483,0.09286320050591146,-0.009548474303374273,0.023590812085231616,0.012341059227703424,-0.005506560305847992,-0.02149811884112189,-0.009548474303374277,-0.013526658348057502,0.0055065603058479795,-0.011031898324584339,-0.009548474303374277,-0.0311943357278935,-0.005506560305847992,-0.007791870679544565,-0.0022960964792243244,0.11446745534081344,0.031090273701295277,0.031090273701295384,-0.020757202492021367,0.06555759015146749,0.09485034320376311,0.14177816866910425,0.14177816866910425,-0.014618797803859123,-0.005506560305847992,-0.012341059227703427,-0.005506560305847992,-0.005506560305847991,-0.005506560305847991,-0.0055065603058479925,-0.005506560305847991,-0.0165951136428054,-0.007791870679544562,-0.029044218287863268,-0.009548474303374261,-0.005506560305847991,-0.02149811884112187,-0.007791870679544571,-0.009548474303374266,-0.017502801623723013,-0.0146187978038591,-0.012341059227703427,-0.007791870679544573,-0.0055065603058479925,-0.018367616050921527,-0.00954847430337426,-0.007791870679544565,-0.005506560305847992,-0.011031898324584337,-0.011031898324584333,-0.017502801623723002,-0.014618797803859128,-0.0077918706795445675,-0.005506560305847992,-0.005506560305847991,-0.007791870679544563,-0.005506560305847991,-0.03789648588082778,-0.01919535895634276,-0.00550656030584799,-0.005506560305847992,-0.01352665834805749,-0.014618797803859114,-0.04295978473996998,-0.014659610357000185,-0.005506560305847991,-0.011031898324584344,-0.017502801623723002,-0.00858214044457482,-0.0077918706795445615,-0.005506560305847991,0.016595113642805515,-0.009548474303374245,-0.05067155401402133,-0.03926856707111909,0.09636698793835592,-0.0077918706795445675,-0.022745195548555877,0.04221588002355085,0.10984269994088619,1.0,0.6853771532137581,0.6110857182560431,0.1595753608017219,0.17717468508642034,0.2058974723056204,0.26384853975106726,0.24612637037661161,-0.009548474303374273,-0.005506560305847991,-0.015637080047926157,-0.06137018903472057,0.11652879119650847,0.10197972745356913,0.01449096970713101,0.003203996261752469,-0.0071131964197432155,0.023451915132034123,-0.007177888118651295,-0.05461562869141073,-0.04921664494635509,0.011031898324584247,0.026141136032283904,0.005506560305848205,-0.0055065603058479925,-0.005506560305847992,-0.015637080047926136,-0.005506560305847991,-0.020757202492021423,-0.019990642023484276,-0.05940390735598055,0.009548474303374068,0.005506560305848245,-0.022912907775191515,-0.009548474303374277,-0.011031898324584337,-0.01234105922770342,-0.005506560305847989,-0.0077918706795445615
papE_VIR,-0.009822829115699459,-0.012037293129610195,-0.006941850439283748,0.013907373020017199,0.02003802060872041,-0.0923449148775332,-0.06409541118107792,-0.09732734478369227,-0.07853029489116775,-0.028737738457146063,-0.0763435712908305,-0.015075448984967677,-0.10583880466574674,-0.05806674839021775,-0.11722738760168826,-0.07871612215346017,0.055887561602906165,0.32353351555901955,0.33763128167482537,0.3179290665413419,0.06975431534018048,-0.012037293129610221,0.029739779488659707,0.015557767946367021,-0.006941850439283748,-0.02710162377819168,-0.012037293129610221,-0.017052394594822128,0.006941850439283669,-0.013907373020017459,-0.012037293129610226,-0.03932516873480335,-0.006941850439283748,-0.00982282911569946,-0.018277372528903178,0.08057389868766378,0.057860804229240316,0.05786080422924041,0.019677609978557036,0.04614613482360128,0.0713718657068952,0.11064325573378128,0.11064325573378136,0.11072147087627947,-0.006941850439283746,-0.015557767946367209,-0.006941850439283747,-0.006941850439283742,-0.006941850439283748,-0.00694185043928375,-0.006941850439283747,0.036094570742626036,-0.00982282911569946,-0.036614621157628174,-0.012037293129610199,-0.006941850439283745,-0.027101623778191617,-0.009822829115699469,-0.01203729312961022,-0.02206492336264845,-0.018429201229076864,-0.015557767946367195,-0.009822829115699473,-0.006941850439283749,-0.023155152485349825,-0.012037293129610195,-0.009822829115699462,-0.00694185043928375,-0.013907373020017459,-0.013907373020017452,-0.022064923362648425,-0.01842920122907686,-0.009822829115699462,-0.006941850439283746,-0.006941850439283747,-0.009822829115699464,-0.006941850439283745,-0.0477742406416128,-0.024198647359184273,-0.006941850439283744,-0.0069418504392837485,-0.017052394594822103,-0.018429201229076878,-0.05415729312035038,-0.05466339080107831,-0.006941850439283742,0.07137186570689515,-0.022064923362648446,0.1501418797028179,-0.009822829115699459,-0.006941850439283742,0.020920645654044688,-0.012037293129610192,-0.07966261717700968,-0.010264190763609436,0.10295241709762556,-0.009822829115699466,-0.06142785724585764,-0.024198647359184186,0.08010747198214449,0.6853771532137581,1.0,0.6882752947294322,0.2617858355390281,0.2897202119790157,0.16332631450203697,0.06552280684152778,-0.017052394594822134,-0.012037293129610228,-0.006941850439283748,-0.01971289969975094,-0.05995697802989264,0.09733978091811786,0.08045132041211295,-0.008646337308293988,-0.018315284431939752,-0.024641634970375526,0.005375661099698723,-0.018046672328548386,-0.03526636504011779,-0.022206627284368424,-0.1566511044338077,-0.003786478721747689,0.006941850439283998,-0.0069418504392837485,-0.0069418504392837485,-0.019712899699750895,-0.0069418504392837485,-0.02616758688441363,-0.02520122170729914,-0.040726303199138864,-0.08637872384674047,0.006941850439284034,-0.028885178781309456,-0.012037293129610228,-0.013907373020017462,-0.015557767946367193,-0.006941850439283744,-0.009822829115699459
papH_VIR,-0.012160366331239056,-0.01490180602435782,-0.008593801578350277,0.0172169085542072,0.05774497523073083,-0.07625658772937965,-0.06351441307095697,-0.12618530336264372,-0.11355996443538194,0.007873074168019798,-0.11287259059879273,0.003516572266652777,-0.027076197134879028,-0.004875802375962547,-0.0665366622394516,-0.0764662919973011,0.10302251227563386,0.3900958837746163,0.35331724405386117,0.24669861714782976,0.12627016525290916,-0.01490180602435778,0.03681695048673549,0.01926004772106453,-0.008593801578350279,-0.03355099324567267,-0.014901806024357773,-0.021110350455599083,0.008593801578350125,-0.017216908554207305,-0.014901806024357773,-0.02300391181183371,-0.008593801578350279,-0.01216036633123905,-0.03385758178311882,0.05322004131644341,0.0007624474490064829,0.0007624474490064538,-0.032394683728175375,0.030480084021083122,0.05316517595211237,0.08726188802509506,0.08726188802509514,0.030480084021083154,-0.008593801578350274,-0.019260047721064547,-0.008593801578350279,-0.008593801578350279,-0.008593801578350282,-0.008593801578350282,-0.008593801578350282,-0.02589912865659271,0.08726188802509503,-0.017876188892854916,-0.014901806024357788,-0.008593801578350282,-0.03355099324567266,-0.01216036633123906,-0.01490180602435781,-0.02731570996503222,-0.022814795564295894,-0.019260047721064592,-0.012160366331239066,-0.00859380157835028,0.05655863003878456,-0.014901806024357792,-0.012160366331239056,-0.008593801578350279,-0.01721690855420731,-0.017216908554207315,-0.027315709965032197,-0.022814795564295904,-0.012160366331239054,-0.008593801578350274,-0.008593801578350282,-0.01216036633123906,-0.008593801578350282,-0.05914306973642333,-0.029957195950588166,-0.008593801578350272,-0.008593801578350279,-0.021110350455599072,-0.02281479556429587,-0.06704509628485579,0.008642609189914966,-0.008593801578350279,0.05316517595211249,-0.027315709965032204,0.16522656753534376,-0.012160366331239047,-0.008593801578350279,0.025899128656592888,-0.014901806024357821,-0.05252681915455161,-0.07040696805096437,0.16072959380335805,-0.012160366331239054,-0.024233742330612585,0.13332801407638295,0.14178264083101424,0.6110857182560431,0.6882752947294322,1.0,0.2665507522032583,0.2956773992733801,0.13193076867504425,0.2702984986208073,0.2665507522032587,-0.014901806024357766,-0.008593801578350277,-0.024403975573270884,-0.09577725441962975,0.08914362605284645,0.0691554851879531,-0.03908693215178748,0.054478210393808776,0.051076365692789234,0.060386498875861755,-0.012852389915867048,-0.029385972150470414,-0.02749113514838737,0.017216908554207395,-0.01984909805194534,-0.1319307686750443,-0.008593801578350277,-0.008593801578350279,-0.024403975573270925,-0.008593801578350277,-0.03239468372817536,-0.031198352770459473,-0.025477298573021615,-0.06632223545408654,0.008593801578350413,-0.03575898057339299,-0.014901806024357783,-0.01721690855420732,-0.019260047721064558,-0.00859380157835028,-0.012160366331239047
aap_VIR,-0.003940967670174927,-0.004829421595494654,-0.0027851047626067543,0.005579706905554662,0.01871416323328598,-0.03704923701215163,-0.13347598230271338,-0.15536483993584413,-0.1427250063583209,-0.18050474956816234,-0.19129739947282687,-0.09949242223745854,-0.05690081722966386,0.02556546346062357,-0.05212597004399477,-0.05198092192835415,-0.06686793528456594,0.09938491795457012,0.129744276528505,0.03234692699186375,0.08619882911094602,-0.004829421595494656,0.011931746760779597,0.006241853520461184,-0.0027851047626067543,-0.010873305629270523,-0.004829421595494656,-0.006841505131128844,0.002785104762606754,-0.005579706905554679,-0.004829421595494657,-0.015777452379817553,-0.0027851047626067543,-0.003940967670174925,-0.018252052576347176,0.1680370876409057,-0.011236376197664186,-0.011236376197664185,-0.010498565403438184,-0.007393886768818978,-0.00557970690555468,-0.003940967670174928,-0.0039409676701749295,-0.007393886768818991,-0.002785104762606753,-0.0062418535204611485,-0.002785104762606754,-0.002785104762606754,-0.002785104762606754,-0.002785104762606754,-0.0027851047626067543,-0.008393466606275558,-0.003940967670174925,-0.014689967273001935,-0.004829421595494657,-0.002785104762606754,-0.010873305629270517,-0.0039409676701749295,-0.004829421595494656,-0.008852556487835528,-0.007393886768818993,-0.006241853520461163,-0.003940967670174929,-0.002785104762606753,-0.009289961809158117,-0.004829421595494658,-0.003940967670174927,-0.0027851047626067543,-0.0055797069055546775,-0.005579706905554678,-0.008852556487835523,-0.007393886768818989,-0.003940967670174928,-0.002785104762606753,-0.0027851047626067543,-0.003940967670174928,-0.002785104762606754,-0.01916726185685522,-0.009708617118472412,-0.0027851047626067525,-0.002785104762606754,-0.006841505131128843,-0.007393886768819001,-0.021728174111302376,-0.021931223006300585,-0.002785104762606754,-0.005579706905554684,-0.008852556487835523,-0.020048913550682147,-0.003940967670174925,-0.002785104762606754,0.008393466606275416,-0.004829421595494654,0.057666895748681245,0.051980921928354136,0.09214720083723142,-0.0039409676701749295,-0.02464516043215392,-0.009708617118472408,0.2392868950843754,0.1595753608017219,0.2617858355390281,0.2665507522032583,1.0,0.912350922907404,0.40708947946768737,0.32058119356927306,-0.006841505131128843,-0.004829421595494652,-0.002785104762606754,-0.007908912950338695,-0.031039777332712952,-0.021926421986721917,-0.026914648836756844,-0.05865968833757958,0.011404549583819831,0.013442471445354721,0.03540068536217795,0.020436147665261743,-0.0927833398005302,-0.08243284780114371,0.005579706905554757,0.013221648074233277,0.0027851047626066645,-0.0027851047626067543,-0.0027851047626067543,-0.007908912950338711,-0.0027851047626067547,-0.010498565403438182,-0.010110854910286661,0.007908912950338857,0.00482942159549453,0.002785104762606656,-0.011588876726199408,-0.004829421595494655,-0.005579706905554682,-0.006241853520461148,-0.002785104762606754,-0.003940967670174925
aar+aatA+agg3DCB+agg5A+aggR_VIR,-0.003595545491032345,-0.004406127249758499,-0.0025409929005580844,0.0050906507448356545,0.017073884097328275,-0.006790971076012183,-0.1217769356398532,-0.1417472551028287,-0.13021529127297904,-0.2032248052312145,-0.21361984709087795,-0.06716326131534732,-0.06772028279621081,0.023324674182855415,-0.04755717687708235,-0.04742484209491174,-0.061007022469786475,0.1184261132270792,0.1496571802657507,0.04254118574275462,0.10519894736619377,-0.004406127249758505,0.010885940169094683,0.005694760820045642,-0.0025409929005580853,-0.00992027042591924,-0.004406127249758505,-0.006241853520461154,0.002540992900558126,-0.005090650744835637,-0.004406127249758506,-0.014394573239854174,-0.002540992900558085,-0.0035955454910323445,-0.016652277012984842,0.1863262708525375,-0.010251518194073713,-0.010251518194073718,-0.00957837583503056,-0.006745819417404842,-0.005090650744835639,-0.003595545491032345,-0.003595545491032345,-0.006745819417404846,-0.0025409929005580823,-0.005694760820045556,-0.002540992900558084,-0.0025409929005580844,-0.0025409929005580814,-0.0025409929005580814,-0.002540992900558085,-0.007657787004627998,-0.003595545491032341,-0.013402405199002909,-0.004406127249758504,-0.0025409929005580844,-0.009920270425919253,-0.003595545491032345,-0.004406127249758499,-0.00807663808176668,-0.006745819417404848,-0.005694760820045565,-0.003595545491032344,-0.002540992900558082,-0.008475705230359948,-0.004406127249758505,-0.003595545491032345,-0.002540992900558085,-0.005090650744835638,-0.005090650744835639,-0.008076638081766674,-0.006745819417404843,-0.003595545491032345,-0.002540992900558082,-0.0025409929005580853,-0.0035955454910323458,-0.0025409929005580844,-0.017487269044709774,-0.008857665788192949,-0.002540992900558082,-0.002540992900558084,-0.006241853520461153,-0.006745819417404849,-0.01982371970353952,-0.020008971550286473,-0.0025409929005580844,-0.005090650744835642,-0.008076638081766679,-0.018291644781255632,-0.0035955454910323427,-0.0025409929005580844,0.007657787004627832,-0.004406127249758499,0.07101117404356802,0.0474248420949117,0.08407058372718218,-0.0035955454910323453,-0.022485034865476723,-0.008857665788192937,0.2636714845299249,0.17717468508642034,0.2897202119790157,0.2956773992733801,0.912350922907404,1.0,0.4461983533379985,0.3528947325506265,-0.006241853520461147,-0.004406127249758509,-0.002540992900558084,-0.007215704029435845,-0.028319169496340953,-0.014441109713793244,-0.019155206460527055,-0.04848288899048714,0.03093583855954641,0.03269695657931596,0.05829511300295409,0.03884552765013363,-0.08465096569744508,-0.07520768476925914,0.005090650744835643,0.012062782822883625,0.0025409929005579756,-0.0025409929005580844,-0.0025409929005580844,-0.007215704029435844,-0.0025409929005580844,-0.009578375835030583,-0.00922464780878292,0.007215704029436145,0.004406127249758427,0.0025409929005579647,-0.010573122376608193,-0.004406127249758511,-0.005090650744835644,-0.005694760820045561,-0.0025409929005580844,-0.0035955454910323427
espX1_VIR,-0.001604326477450499,-0.0019660067234399275,-0.0011337868480725641,0.002271439979764449,0.00761833896931175,-0.07534352710129776,-0.05433666815704996,-0.06324739181706347,-0.05810184854543118,-0.09067857345160339,-0.12147932186828919,-0.09317322725916996,-0.09369327010673972,0.010407431212535435,-0.0212199340119581,-0.021160886450064212,-0.02722123296807303,0.05284153671414207,0.06677678739978593,0.07130522723115681,0.04693959708768654,-0.00196600672343993,0.004857288577986008,0.0025409929005579613,-0.0011337868480725641,-0.004426408328712822,-0.00196600672343993,-0.002785104762606755,0.0011337868480725138,-0.002271439979764522,-0.0019660067234399305,-0.006422834876626167,-0.0011337868480725637,-0.0016043264774505005,-0.007430218582522042,0.21572957752909852,-0.004574210537410233,-0.004574210537410235,-0.004273855525243114,-0.00300997351596154,-0.0022714399797645218,-0.0016043264774504992,-0.0016043264774504996,-0.0030099735159615404,-0.001133786848072562,-0.0025409929005580784,-0.0011337868480725641,-0.0011337868480725624,-0.0011337868480725613,-0.0011337868480725613,-0.001133786848072563,-0.003416891951678135,-0.001604326477450499,-0.005980131130563733,-0.0019660067234399284,-0.001133786848072563,-0.004426408328712821,-0.001604326477450499,-0.0019660067234399258,-0.0036037826125912705,-0.003009973515961539,-0.00254099290055808,-0.001604326477450498,-0.001133786848072561,-0.0037818457171648777,-0.0019660067234399292,-0.0016043264774505,-0.0011337868480725643,-0.0022714399797645213,-0.0022714399797645213,-0.0036037826125912627,-0.003009973515961537,-0.0016043264774504992,-0.0011337868480725617,-0.0011337868480725626,-0.0016043264774504992,-0.0011337868480725626,-0.007802790652128058,-0.00395227588911002,-0.0011337868480725617,-0.0011337868480725646,-0.0027851047626067564,-0.0030099735159615417,-0.008845311088753367,-0.008927970157724686,-0.0011337868480725624,-0.0022714399797645205,-0.00360378261259127,-0.008161701781239867,-0.0016043264774505005,-0.0011337868480725624,0.003416891951677936,-0.001966006723439926,0.06452299834279829,0.021160886450064267,0.03751215602323302,-0.0016043264774504994,-0.010032785531723199,-0.003952275889110013,0.2997972241243424,0.2058974723056204,0.16332631450203697,0.13193076867504425,0.40708947946768737,0.4461983533379985,1.0,0.26528431795973406,-0.002785104762606757,-0.001966006723439932,-0.0011337868480725646,-0.003219635256108641,-0.012635966797167024,0.05313439274922502,0.04928454972684879,0.032289176970360337,-0.041161568200154916,-0.04011290870358175,0.026011183429570765,0.03085301510702403,-0.03777112150267145,-0.03355754510240673,0.002271439979764542,0.005382393832244613,0.0011337868480726177,-0.0011337868480725643,-0.0011337868480725641,-0.0032196352561086375,-0.0011337868480725646,-0.00427385552524313,-0.004116022662401913,0.0032196352561083825,0.0019660067234396113,0.0011337868480726073,-0.004717709794083719,-0.001966006723439931,-0.0022714399797645205,-0.00254099290055808,-0.0011337868480725626,-0.0016043264774505005
iutA_VIR,-0.006047573749512073,-0.007410942111317487,-0.00427385552524313,0.008562285163457244,0.02871763784570215,0.03238667670330935,-0.06308459260733866,-0.12913245445626176,-0.11452610719873364,-0.06399621562984822,-0.24659138152467902,-0.039220773556330676,-0.039840886019349334,0.03923123421911098,0.02050951946507775,0.020853325810394095,0.04574047047759986,0.15917847047483485,0.048755001851767524,-0.012976703423153806,0.08122970617288101,-0.007410942111317475,0.018309746370772283,0.00957837583503076,-0.00427385552524313,-0.01668552578891858,-0.007410942111317477,-0.010498565403438182,0.004273855525243096,-0.008562285163457311,-0.007410942111317483,-0.024211136662820227,-0.00427385552524313,-0.006047573749512071,-0.02800851041504027,0.15869152187994745,-0.0172426722114216,-0.01724267221142159,-0.016110471806674336,-0.011346217292868457,-0.008562285163457313,-0.006047573749512073,-0.006047573749512072,-0.011346217292868457,-0.004273855525243128,-0.009578375835030588,-0.00427385552524313,-0.00427385552524313,-0.0042738555252431285,-0.0042738555252431285,-0.004273855525243131,0.07738290019569662,-0.00604757374951207,-0.022542346930101702,-0.00741094211131748,-0.004273855525243131,-0.016685525788918597,-0.0060475737495120745,-0.007410942111317482,-0.013584604775387712,0.09088551607042566,0.1112459936268551,-0.006047573749512073,-0.004273855525243128,-0.014255820872679322,-0.007410942111317483,-0.006047573749512073,-0.00427385552524313,-0.00856228516345731,-0.008562285163457316,0.07209543820080748,-0.011346217292868466,-0.006047573749512074,-0.0042738555252431285,-0.004273855525243131,-0.0060475737495120745,-0.004273855525243131,-0.02941293594788526,-0.014898264320734978,-0.004273855525243127,-0.00427385552524313,-0.01049856540343819,-0.011346217292868466,-0.033342759032201644,0.0029426829408831026,-0.00427385552524313,-0.008562285163457318,-0.013584604775387704,-0.030765866011268347,-0.00604757374951207,-0.00427385552524313,0.012880112846311294,-0.007410942111317487,7.509944220722751e-05,-0.04097735498042476,0.05021211471022688,-0.006047573749512076,0.09469755567730186,0.1417108713365151,0.14922326783609774,0.26384853975106726,0.06552280684152778,0.2702984986208073,0.32058119356927306,0.3528947325506265,0.26528431795973406,1.0,0.5413010328844143,-0.007410942111317495,-0.00427385552524313,-0.012136545729014153,-0.04763178952434339,0.03987677888636901,0.030066928074121972,0.0309734973892778,0.08533182558198057,0.08813472011150848,0.0980502112963904,0.043494606638570986,0.04014249753976834,0.036696314153145705,0.008562285163457216,0.020289151931934295,0.004273855525243063,-0.00427385552524313,-0.00427385552524313,-0.012136545729014155,-0.00427385552524313,-0.01611047180667435,-0.015515514426399911,0.012136545729014245,0.00741094211131736,0.004273855525243088,-0.01778359848168561,-0.007410942111317502,-0.00856228516345732,-0.009578375835030581,-0.00427385552524313,-0.00604757374951207
parC-S80R_AMR,-0.003940967670174931,-0.004829421595494661,-0.0027851047626067573,0.005579706905554489,0.018714163233285987,-4.191090159744525e-05,-0.07189850457371877,-0.1553648399358443,-0.14272500635832075,0.030714033719257978,-0.2448533930474961,-0.013236350724767363,-0.013587522735014583,-0.023296666919745787,-0.05212597004399471,-0.05198092192835416,0.01772287683043655,0.0689665877799132,0.026873103668879194,-0.039058914342675416,0.11530535534611448,-0.004829421595494654,0.011931746760779577,0.006241853520461328,-0.002785104762606757,-0.010873305629270535,-0.004829421595494653,-0.0068415051311288486,0.00278510476260681,-0.0055797069055546844,-0.004829421595494654,-0.01577745237981756,-0.002785104762606757,-0.00394096767017493,-0.0182520525763472,-0.012910166489484254,-0.011236376197664202,-0.011236376197664207,-0.010498565403438182,-0.007393886768818979,-0.005579706905554687,-0.003940967670174932,-0.003940967670174934,-0.007393886768818986,-0.0027851047626067573,-0.0062418535204611415,-0.002785104762606757,-0.0027851047626067564,-0.0027851047626067556,-0.0027851047626067556,-0.0027851047626067573,-0.008393466606275568,-0.0039409676701749295,-0.014689967273001953,-0.004829421595494654,-0.002785104762606758,-0.010873305629270542,-0.003940967670174936,-0.004829421595494656,-0.008852556487835539,-0.00739388676881899,-0.006241853520461155,-0.003940967670174934,-0.0027851047626067564,-0.009289961809158117,-0.004829421595494656,-0.00394096767017493,-0.0027851047626067577,-0.0055797069055546844,-0.005579706905554689,-0.008852556487835514,-0.007393886768818986,-0.003940967670174934,-0.002785104762606757,-0.0027851047626067573,-0.003940967670174933,-0.0027851047626067573,-0.01916726185685525,-0.009708617118472434,-0.002785104762606757,-0.0027851047626067573,-0.00684150513112885,-0.007393886768818989,-0.021728174111302376,0.03371610433439895,-0.0027851047626067564,-0.005579706905554685,-0.008852556487835532,-0.02004891355068215,-0.00394096767017493,-0.0027851047626067564,0.008393466606275409,-0.004829421595494662,-0.009554053355062068,0.05198092192835412,0.09214720083723155,-0.003940967670174934,0.12647759416223434,0.22842218609294807,-0.009289961809158113,0.24612637037661161,-0.017052394594822134,0.2665507522032587,-0.006841505131128843,-0.006241853520461147,-0.002785104762606757,0.5413010328844143,1.0,-0.004829421595494656,-0.0027851047626067573,-0.007908912950338706,-0.03103977733271295,0.10003282597721798,0.09146958490100794,-0.0034689533326965243,0.06766274669283075,0.06943163317294095,0.0638954940903486,0.020436147665261823,0.07373635337806356,0.08299488994524246,0.005579706905554694,0.013221648074233363,0.0027851047626067963,-0.0027851047626067573,-0.0027851047626067573,-0.007908912950338711,-0.002785104762606757,-0.010498565403438196,-0.010110854910286661,0.007908912950339013,0.004829421595494606,0.0027851047626067877,-0.011588876726199404,-0.004829421595494654,-0.005579706905554682,-0.006241853520461138,-0.002785104762606757,-0.00394096767017493
rpoB-Q513L_AMR,-0.0027819308775916558,-0.003409090909090906,-0.0019660067234399305,0.003938717651998787,0.013210336370168224,0.02609390347224764,0.03618195207990219,0.031084392050922817,0.033837249117860076,0.02168105042465433,0.016183879636499143,0.021100554110584833,0.020983435856173623,0.018046672328548372,0.09264904981947758,0.006506955222999128,-0.007393644117897958,0.005738919484908964,0.018969736148548088,0.022833710531270188,-0.041883757965951236,-0.0034090909090909085,0.008422625485771405,0.004406127249758645,-0.0019660067234399305,-0.007675471407816997,-0.003409090909090908,-0.00482942159549466,0.0019660067234402155,-0.0039387176519986395,-0.003409090909090909,-0.011137310837974512,-0.0019660067234399314,-0.002781930877591655,-0.012884132246462395,-0.009113292418953306,-0.007931763087802851,-0.007931763087802853,-0.007410942111317485,-0.005219348045725245,-0.003938717651998642,-0.0027819308775916558,-0.002781930877591656,-0.005219348045725249,-0.0019660067234399297,-0.004406127249758499,-0.0019660067234399305,-0.0019660067234399323,-0.0019660067234399292,-0.0019660067234399292,-0.001966006723439932,-0.0059249519093355005,-0.002781930877591653,-0.010369654604591319,-0.00340909090909091,-0.001966006723439932,-0.0076754714078169925,-0.002781930877591656,-0.0034090909090909063,-0.006249023666322248,-0.00521934804572525,-0.004406127249758507,-0.002781930877591656,-0.00196600672343993,-0.006557788282337543,-0.0034090909090909107,-0.0027819308775916553,-0.0019660067234399305,-0.00393871765199864,-0.003938717651998643,-0.006249023666322244,-0.005219348045725247,-0.0027819308775916558,-0.00196600672343993,-0.001966006723439932,-0.002781930877591657,-0.001966006723439932,-0.013530178895403993,-0.006853317256316015,-0.0019660067234399292,-0.00196600672343993,-0.004829421595494657,-0.005219348045725256,-0.015337928024980886,-0.01548126033266037,-0.0019660067234399323,-0.003938717651998641,-0.0062490236663222485,-0.014152537228586995,-0.002781930877591653,-0.0019660067234399323,0.0059249519093354346,-0.003409090909090906,-0.030469859955901516,-0.006506955222999246,-0.05240985674676465,-0.0027819308775916566,-0.017397030000595236,-0.006853317256315996,-0.006557788282337537,-0.009548474303374273,-0.012037293129610228,-0.014901806024357766,-0.004829421595494652,-0.004406127249758509,-0.001966006723439932,-0.007410942111317495,-0.004829421595494656,1.0,-0.00196600672343993,-0.005582905262390831,0.09642177037542768,0.04909044532215175,0.04367655058058012,0.05599001181393789,0.008050476757868212,0.009489046730321589,0.004874861468764784,0.014425885966857113,0.012868416367306576,0.019660958836356806,0.003938717651998666,0.009333167411831777,0.0019660067234398724,-0.00196600672343993,-0.00196600672343993,-0.005582905262390832,-0.00196600672343993,-0.0074109421113175,-0.007137257097195916,0.005582905262391461,0.003409090909091375,0.0019660067234399075,-0.008180593371826982,-0.003409090909090909,-0.003938717651998641,-0.004406127249758503,-0.0019660067234399314,-0.0027819308775916536
rep21_PLASMID,-0.001604326477450501,-0.0019660067234399284,-0.001133786848072563,0.002271439979764701,0.007618338969311698,-0.07534352710129774,-0.05433666815704996,-0.06324739181706346,-0.058101848545431156,0.012503359999125772,0.009333167411831943,0.012168590499917245,0.012101048952404998,0.010407431212535418,-0.021219934011958094,-0.021160886450064205,-0.02722123296807302,0.052841536714142164,0.066776787399786,0.07130522723115681,0.04693959708768649,-0.0019660067234399284,0.004857288577986017,0.0025409929005582,-0.001133786848072563,-0.00442640832871282,-0.001966006723439929,-0.0027851047626067577,0.0011337868480725119,-0.00227143997976452,-0.001966006723439929,-0.006422834876626167,-0.001133786848072564,-0.0016043264774504998,-0.00743021858252205,-0.005255592956045328,-0.004574210537410235,-0.004574210537410236,-0.004273855525243121,-0.0030099735159615395,-0.0022714399797645213,-0.0016043264774505007,-0.001604326477450501,-0.0030099735159615417,-0.0011337868480725635,-0.002540992900558078,-0.001133786848072563,-0.0011337868480725646,-0.001133786848072563,-0.001133786848072563,-0.0011337868480725646,-0.00341689195167814,-0.0016043264774504992,-0.005980131130563733,-0.0019660067234399297,-0.0011337868480725646,-0.004426408328712826,-0.0016043264774505011,-0.0019660067234399284,-0.0036037826125912696,-0.0030099735159615417,-0.0025409929005580836,-0.001604326477450501,-0.0011337868480725633,-0.0037818457171648772,-0.0019660067234399305,-0.0016043264774505005,-0.0011337868480725635,-0.0022714399797645205,-0.002271439979764521,-0.003603782612591263,-0.0030099735159615417,-0.001604326477450501,-0.0011337868480725633,-0.0011337868480725646,-0.0016043264774505018,-0.0011337868480725646,-0.007802790652128065,-0.003952275889110025,-0.001133786848072563,-0.0011337868480725633,-0.0027851047626067573,-0.0030099735159615443,-0.008845311088753366,-0.008927970157724688,-0.0011337868480725646,-0.0022714399797645205,-0.003603782612591269,-0.008161701781239867,-0.001604326477450499,-0.0011337868480725646,0.003416891951678056,-0.001966006723439928,-0.01757182519710214,0.021160886450064212,0.037512156023233045,-0.0016043264774505011,-0.010032785531723204,-0.003952275889110015,-0.0037818457171648746,-0.005506560305847991,-0.006941850439283748,-0.008593801578350277,-0.002785104762606754,-0.002540992900558084,-0.0011337868480725646,-0.00427385552524313,-0.0027851047626067573,-0.00196600672343993,1.0,-0.0032196352561086375,0.08972695688997517,0.05313439274922513,0.04928454972684883,0.03228917697036031,0.027544792330538463,0.02826488740696396,0.026011183429570726,0.03085301510702408,0.030017293714521397,0.033786346546286816,0.0022714399797643227,0.005382393832244633,0.0011337868480725262,-0.0011337868480725635,-0.0011337868480725633,-0.0032196352561086397,-0.0011337868480725633,-0.00427385552524313,-0.004116022662401915,0.0032196352561086783,0.0019660067234400693,0.001133786848072508,-0.004717709794083716,-0.0019660067234399297,-0.002271439979764519,-0.00254099290055808,-0.0011337868480725643,-0.0016043264774504992
parE-E460D_AMR,-0.004555835250593439,-0.005582905262390825,-0.003219635256108639,0.006450249668548669,-0.4226164350362998,-0.2139543923862748,0.05925345379666795,0.050905423348066206,-0.1649928823393639,0.03550602014958921,0.02650356625796324,0.034555369077781665,0.03436357010957863,0.029554172827430766,-0.033760440342480484,-0.03356079915467894,-0.07730063329606161,-0.034556872199164784,-0.018484617976022903,-0.014197911554034865,-0.06859102880866509,-0.0055829052623908295,-0.07078660964450675,0.00721570402943599,-0.0032196352561086397,-0.012569752716116012,-0.005582905262390828,-0.007908912950338708,0.003219635256109081,-0.006450249668548364,-0.005582905262390829,-0.018239041710621698,-0.00321963525610864,-0.004555835250593438,-0.021099727651233507,-0.014924403473021052,-0.012989469352326694,-0.012989469352326696,-0.012136545729014129,-0.008547476863413762,-0.006450249668548363,-0.0045558352505934395,-0.00455583525059344,-0.00854747686341377,-0.0032196352561086384,-0.007215704029435827,-0.0032196352561086393,-0.0032196352561086423,-0.0032196352561086367,-0.0032196352561086367,-0.0032196352561086414,-0.00970301059025224,-0.004555835250593434,-0.016981887783270134,-0.00558290526239083,-0.003219635256108641,0.26490753849214504,-0.00455583525059344,-0.005582905262390826,-0.010233727419377826,-0.008547476863413773,-0.0072157040294358425,-0.00455583525059344,-0.003219635256108638,-0.010739376475258092,-0.0055829052623908295,-0.004555835250593439,-0.0032196352561086384,-0.006450249668548362,-0.006450249668548364,-0.010233727419377805,0.1262279172507713,-0.00455583525059344,-0.003219635256108638,-0.0032196352561086414,-0.004555835250593442,-0.003219635256108641,-0.02215772737383048,-0.01122335015270203,-0.003219635256108638,-0.0032196352561086375,-0.007908912950338706,-0.008547476863413776,-0.02511819173155232,-0.025352920202031233,-0.0032196352561086423,-0.006450249668548361,-0.010233727419377827,0.08123751822080587,-0.004555835250593437,-0.0032196352561086423,0.009703010590252302,-0.0055829052623908235,0.008382509596630758,0.03356079915467896,-0.08582911774291413,-0.00455583525059344,0.015184926011072844,-0.011223350152701999,-0.01073937647525808,-0.015637080047926157,-0.01971289969975094,-0.024403975573270884,-0.007908912950338695,-0.007215704029435845,-0.003219635256108641,-0.012136545729014153,-0.007908912950338706,-0.005582905262390831,-0.0032196352561086375,1.0,0.2547992811147999,0.09801648402258896,0.08863380908844934,0.09169216660189176,0.07821945073746038,0.08026431790076477,0.073864433482646,0.08761387148271947,0.08524065815416478,0.09594370643869686,0.006450249668547772,0.015284482241098562,0.0032196352561086796,-0.00321963525610864,-0.0032196352561086397,-0.009142857142857166,-0.00321963525610864,-0.012136545729014146,-0.011688344860711603,0.009142857142857468,0.005582905262391225,0.0032196352561087178,-0.013396966816948682,-0.00558290526239083,-0.00645024966854836,-0.007215704029435833,-0.0032196352561086406,-0.004555835250593437
blaCTX-M-27_AMR,-0.017880094600976545,-0.021910992990107656,-0.012635966797167037,0.025315023026466793,-0.043059757690488205,-0.07258805532333219,0.14796785854263078,0.1333883025571213,0.09050415632761831,0.12879893798950065,0.1040174294919697,0.03868003958760684,0.015876589238685696,0.006163653922410779,-0.06857381715397257,-0.22819447782632468,-0.28929461509562343,-0.17075880617683142,-0.13784441723526566,-0.12371041783784743,-0.2328507006276624,-0.02191099299010755,-0.06768142790193,-0.10932758278954396,-0.012635966797167036,-0.022689692968927658,-0.021910992990107545,0.05277711375225812,0.012635966797166944,-0.025315023026466873,-0.02191099299010755,-0.015464592710167124,-0.012635966797167032,-0.017880094600976545,-0.08280921185851804,-0.058573177317155965,-0.05097922292203913,-0.05097922292203919,-0.04763178952434341,0.005275898643757804,-0.025315023026466883,-0.017880094600976556,-0.017880094600976573,0.005275898643757744,-0.01263596679716704,0.01756308126562069,0.08972695688997517,-0.01263596679716702,-0.012635966797167046,-0.012635966797167046,-0.012635966797167024,-0.038080996727304674,-0.017880094600976566,-0.02665471044791366,-0.02191099299010756,-0.012635966797167024,0.057237164311244614,-0.017880094600976573,-0.0219109929901076,0.024908974312627903,0.04409771949740876,0.06344533202758224,0.12696507542344812,0.08972695688997498,0.019931718482970654,-0.02191099299010756,-0.01788009460097655,-0.01263596679716704,-0.025315023026466866,-0.025315023026466866,0.02490897431262789,0.0052758986437577825,-0.017880094600976556,-0.01263596679716704,-0.012635966797167024,0.054542490411235905,0.08972695688997512,-0.07130665608429994,-0.014312170463668238,-0.012635966797167041,-0.01263596679716704,-0.031039777332713,-0.03354592220989331,0.013502630373793964,0.05337072340386767,-0.012635966797167024,-0.02531502302646689,-0.04016387869935562,-0.04584693011974869,-0.01788009460097655,-0.012635966797167024,0.0380809967273053,-0.021910992990107684,-0.17065478616124677,0.16705874788491437,-0.1844807466249295,-0.017880094600976563,-0.04891177220835545,-0.04404780933288957,-0.04214837823823949,-0.06137018903472057,-0.05995697802989264,-0.09577725441962975,-0.031039777332712952,-0.028319169496340953,-0.012635966797167024,-0.04763178952434339,-0.03103977733271295,0.09642177037542768,0.08972695688997517,0.2547992811147999,1.0,0.4551161075921354,0.4236190266977322,0.24270107434001761,0.11028404789054982,0.14022437719684042,0.19738004943245313,0.1710544278987287,0.07808742776421349,0.12866063540217562,0.02531502302646678,0.05998636328260432,0.012635966797167279,-0.012635966797167041,0.08972695688997515,-0.03588258610014626,-0.01263596679716704,-0.04763178952434337,-0.04587275446607481,0.03588258610014519,0.021910992990107264,0.012635966797167324,-0.05257851104733953,-0.02191099299010761,-0.025315023026466862,-0.028319169496340953,-0.012635966797167024,-0.01788009460097655
aph(6)-Id_AMR,-0.03019374823802594,-0.03700064349504774,-0.021338097405641174,0.005449225017198023,-0.10100691105736427,-0.16057823800695895,0.0906156524463801,0.04753409484555736,-0.008036077762152228,0.15856062848682792,0.039419508401571664,-0.03741488925372758,-0.008351125151525939,0.03606516785851647,-0.0828372717306632,-0.2536976419657911,-0.29713196777166756,-0.1164150548260284,-0.10770935575960287,-0.09166385184650609,-0.005060940936184241,-0.0370006434950477,0.038240198538357216,0.014441109713793174,-0.021338097405641174,-0.08330589849034016,0.006044900913551979,0.008563390004262962,0.021338097405641195,-0.005449225017198088,0.006044900913551981,0.08325750655470864,-0.021338097405641174,-0.03019374823802595,-0.09222338974070589,-0.00027925274025657475,0.06414034060215222,0.0641403406021522,0.05992871268856923,0.028084254987303776,0.06915024304770075,0.02249613258050554,0.022496132580505545,0.05632844308956941,-0.02133809740564116,-0.014441109713793244,0.053134392749225115,-0.021338097405641156,-0.021338097405641163,-0.02133809740564116,-0.021338097405641167,0.08531850147087285,0.07518601339903692,0.047483713587856954,0.0060449009135519,0.05313439274922502,0.03299308707008725,0.02249613258050553,-0.037000643495047746,0.026861487845037203,-0.00015993311496192262,-0.014441109713793369,-0.030193748238025925,-0.021338097405641143,-0.026009729319497757,0.049090445322151656,0.022496132580505562,0.0531343927492251,0.03185050901525132,0.0691502430477007,0.026861487845037068,0.0280842549873037,-0.03019374823802595,-0.02133809740564116,0.053134392749225046,0.07518601339903694,0.05313439274922504,-0.044345246244644684,0.0337857862669974,-0.021338097405641156,-0.02133809740564118,0.03905320199524805,0.0845726311918352,-0.013575296846228366,0.01396974003389902,-0.021338097405641156,0.10644997708015028,0.05053283891007483,0.010507133531959726,-0.03019374823802594,-0.021338097405641156,0.06430659644130374,-0.03700064349504774,-0.16581948321461557,0.15918122919033975,0.11644606212864655,-0.030193748238025953,-0.014916041510251402,0.14195420277808757,0.08690369737232394,0.11652879119650847,0.09733978091811786,0.08914362605284645,-0.021926421986721917,-0.014441109713793244,0.05313439274922502,0.03987677888636901,0.10003282597721798,0.04909044532215175,0.05313439274922513,0.09801648402258896,0.4551161075921354,1.0,0.9275451769902373,0.5224514701519061,0.3599594429540057,0.3234044805328597,0.4791809500187282,0.3845400872680245,0.07075135921105546,0.1900125760622189,0.042748959049647636,0.004877433339801071,0.02133809740564137,0.05313439274922514,0.05313439274922516,-0.06059418560223568,-0.02133809740564118,-0.020279022520232053,-0.035870552464003835,0.03415907399809797,0.03700064349504774,0.021338097405641403,0.11172332336527332,0.0060449009135519795,-0.005449225017198102,0.018939780017304782,-0.02133809740564116,-0.030193748238025942
aph(3'')-Ib_AMR,-0.03255232088640771,-0.03989093406221991,-0.023004914407382917,0.00988191704417385,-0.08264322218490056,-0.1319734440155653,0.11928608321777567,0.08238418414805677,0.0316526988394999,0.1791921630815354,0.0571339133070356,-0.026928487768295935,0.001081420365445419,0.04743205928862219,-0.010115228620077812,-0.18650484114634835,-0.2489696861138758,-0.15638329238220125,-0.13887991771610736,-0.12112467055328284,0.06945644538229724,-0.03989093406222005,0.0469397841440348,0.019155206460527062,-0.023004914407382913,-0.08981330565553385,0.0018928082591800587,0.002681409597684423,0.023004914407383278,-0.009881917044173951,0.0018928082591800576,0.06783119464015214,-0.02300491440738291,-0.032552320886407714,-0.10454253851132775,-0.010896891490390685,0.05301198589574108,0.05301198589574109,0.04953107579365983,0.021175413318230814,0.062530802872885,0.018593051609496203,0.01859305160949623,0.04859167425664414,-0.023004914407382906,-0.019155206460527048,0.04928454972684878,-0.02300491440738289,-0.023004914407382903,-0.0230049144073829,-0.023004914407382896,0.07590922878164175,0.06973842410540014,0.03400110960380649,0.001892808259180082,0.049284549726848786,0.023076586008290143,0.018593051609496244,-0.03989093406222,0.018787918610036213,-0.0062408476201824,-0.01915520646052705,-0.032552320886407714,-0.023004914407382893,-0.032893484930321314,0.0436765505805801,0.018593051609496206,0.049284549726848835,0.026324442914355504,0.06253080287288493,0.01878791861003625,0.021175413318230838,-0.032552320886407714,-0.023004914407382906,0.04928454972684879,0.06973842410540017,0.04928454972684879,-0.014598857809750034,0.02480465564916955,-0.02300491440738291,-0.023004914407382917,0.03227746803212552,0.07600793519505723,-0.011272470920703725,-0.004490440937078016,-0.02300491440738289,0.09873716283141452,0.04176538693782289,-0.006302296279185579,-0.03255232088640771,-0.02300491440738289,0.0693298806748909,-0.039890934062219906,-0.19648572490598917,0.19190165499960826,0.10083536641682266,-0.032552320886407714,-0.01699423301179618,0.12980231115356405,0.07671008938467382,0.10197972745356913,0.08045132041211295,0.0691554851879531,-0.026914648836756844,-0.019155206460527055,0.04928454972684879,0.030066928074121972,0.09146958490100794,0.04367655058058012,0.04928454972684883,0.08863380908844934,0.4236190266977322,0.9275451769902373,1.0,0.5480844846746739,0.3951760529820032,0.3661333763481228,0.5177243700549139,0.4356470093333669,0.12447191827520679,0.2381641445599669,0.046088277002703314,0.01561665238350045,0.02300491440738327,0.04928454972684878,0.04928454972684877,-0.06532747633797842,-0.023004914407382917,0.03006692807412195,-0.002766321564696698,-0.011653166375235426,0.039890934062220176,0.023004914407383278,0.09891003117495335,0.0018928082591800916,-0.009881917044173991,0.01324718301197365,-0.023004914407382896,-0.03255232088640771
tet_AMR,-0.04968619915345571,-0.060887483296480985,-0.035113525783370576,0.002829164415506363,0.004222603386585208,0.027871765079995392,0.1652251454454705,0.1452930955035638,0.11313999123890739,0.10935608433665452,0.14813532686472636,0.09317154279501139,0.11122940361547519,0.12143855617546151,0.18717168071166543,0.24033877033598708,0.09824673656963964,0.030800681182504248,-0.046522989224533184,-0.005126532815929115,0.21402580518239178,0.055990011813937854,0.05417691025531988,0.048482888990487374,0.03228917697036036,-0.06691407691059814,-0.02192831825967467,0.024126414169745095,-0.03228917697035979,-0.03658797764377764,-0.021928318259674635,-0.01415846913570867,0.032289176970360295,-0.0019982493137803083,-0.19779382640172594,-0.10325387918602097,-0.022693169945271735,-0.005697352250890966,0.012825124333715566,-0.06765634618178797,-0.07034679087204904,-0.00199824931378029,-0.04968619915345573,0.034595350315462875,-0.03511352578337056,0.011941092630684578,0.03228917697036033,-0.03511352578337059,-0.035113525783370576,0.03228917697036029,-0.035113525783370576,0.029599371451398095,-0.001998249313780306,-0.027199252580835966,-0.021928318259674635,0.03228917697036034,0.09097374055036479,0.04568970052589511,-0.021928318259674656,-0.004488647562600618,-0.04209342205747536,-0.048482888990487215,-0.04968619915345574,-0.035113525783370576,-0.07624649956590393,0.017030846777131615,-0.0019982493137803052,0.0322891769703603,0.030929648812765047,0.03092964881276508,-0.004488647562600633,0.00903242619115016,-0.049686199153455714,-0.035113525783370576,0.03228917697036031,0.045689700525895126,0.032289176970360316,-0.025180988771643154,-0.02450267377694859,-0.03511352578337056,-0.035113525783370576,-0.0034689533326965117,0.06015827443977564,-0.03408061362476825,-0.0019690807676350634,-0.03511352578337059,0.030929648812765057,-0.004488647562600604,-0.03492114245810068,-0.049686199153455686,-0.03511352578337059,0.08325142730328533,0.05599001181393781,0.0472029568207508,0.03138867423082034,-0.10605274590115733,-0.04968619915345572,0.09519450622682803,0.01465725553535117,0.0055090063438631405,0.01449096970713101,-0.008646337308293988,-0.03908693215178748,-0.05865968833757958,-0.04848288899048714,0.032289176970360337,0.0309734973892778,-0.0034689533326965243,0.05599001181393789,0.03228917697036031,0.09169216660189176,0.24270107434001761,0.5224514701519061,0.5480844846746739,1.0,0.4645028104862585,0.46564427291545485,0.5478457879775168,0.5459020519563166,0.1263846579827439,0.13956359617611475,0.07034679087204872,0.05033746425702731,0.035113525783370944,0.03228917697036038,0.03228917697036036,-0.004010177499137114,0.03228917697036037,-0.0053232487218466485,-0.05218323651717644,-0.019915408526120122,0.021928318259675162,0.035113525783371013,0.0353686194085142,-0.021928318259674687,-0.07034679087204902,0.04215308344127051,-0.03511352578337057,-0.0496861991534557
dfrA_AMR,-0.05824427565829961,-0.03166221026558237,-0.041161568200154916,0.013639992895631196,-0.0025655419329189584,0.04383868799610416,0.15368582401951467,0.1382864872496538,0.1065269327699849,0.11402939962116092,0.12337668945554911,0.10921964478106552,0.10533907507609308,0.11573582840873886,0.023706830543994965,0.17042919032290085,0.17921429176402917,0.04196966855764411,0.03312110294714009,-0.00870270014321368,0.172093300355456,-0.07137489728903312,0.02916800896611359,-0.00013950772743863017,-0.04116156820015492,0.018125419891131842,0.008050476757868253,-0.01672454897068557,-0.027544792330538383,-0.04805174640089507,-0.0316622102655825,-0.032291411044553305,-0.041161568200154916,-0.05824427565829961,-0.1928760712539237,-0.06947455578914759,-0.027468125853743683,-0.027468125853743683,-0.025664494558783713,-0.005046212909229395,0.02077176060963263,-0.009633977542724412,-0.009633977542724421,-0.005046212909229384,0.027544792330538435,0.03093583855954643,0.027544792330538425,-0.041161568200154916,-0.041161568200154916,0.027544792330538463,0.02754479233053841,0.060005008264339445,0.038976320572850776,-0.015777897198239417,-0.03166221026558246,0.027544792330538418,0.05389021489419195,-0.009633977542724418,-0.031662210265582434,-0.08715640551282516,0.04706847713579478,0.03093583855954652,0.03897632057285082,0.027544792330538453,0.0710438851367987,0.047763163781319035,0.03897632057285075,0.02754479233053844,0.05518351411489634,0.05518351411489632,0.04387498960832914,0.021011132113282645,0.03897632057285077,0.027544792330538435,0.02754479233053841,-0.009633977542724426,-0.041161568200154916,0.05296632744279951,0.03614259208395515,0.027544792330538453,0.027544792330538453,-0.016724548970685524,0.047068477135794796,-0.039010363772621647,0.011683815459715096,-0.041161568200154916,0.05518351411489649,-0.021640707952248015,0.036785402077679344,0.0389763205728507,0.02754479233053843,0.03202177818361902,0.04776316378131907,0.08885590335498468,0.03987272784949705,0.06488132077619381,-0.05824427565829963,0.12552385183225195,0.07605992643058723,0.050209693646996886,0.003203996261752469,-0.018315284431939752,0.054478210393808776,0.011404549583819831,0.03093583855954641,-0.041161568200154916,0.08533182558198057,0.06766274669283075,0.008050476757868212,0.027544792330538463,0.07821945073746038,0.11028404789054982,0.3599594429540057,0.3951760529820032,0.4645028104862585,1.0,0.8900552922343999,0.8583457109409621,0.786069448025779,0.13605769712235619,0.10814181874261479,0.0480517464008948,0.047147071305497404,0.04116156820015489,0.027544792330538425,-0.04116156820015492,-0.043722242414336206,-0.04116156820015494,-0.007165107868656356,-0.015123366260762786,-0.029442773476741714,0.0316622102655831,0.041161568200154985,0.030529567272053977,-0.03166221026558252,-0.04805174640089496,0.06173216939165405,-0.04116156820015491,0.038976320572850685
aadA+qacE_AMR/STRESS,-0.05676040574126688,-0.030033728094555602,-0.040112908703581765,0.011868222541119345,0.0024080632700043143,0.03849703841348693,0.1526832950043586,0.14633388582154713,0.10726024894068487,0.13227972181994802,0.1425782572185051,0.1355294489716195,0.13187271098466113,0.1399691408058465,0.0038456301779437934,0.14467414175882812,0.1658807767102486,0.04266549012661629,0.017116251377510994,-0.02649589720615917,0.17485025558567446,-0.06955650291943288,0.025379223005466543,-0.03269695657931583,-0.04011290870358176,0.07475496269753121,0.009489046730321618,-0.014552109418438323,-0.028264887406963906,-0.04611541373003591,-0.030033728094555553,-0.06479756516648556,-0.040112908703581765,-0.008382569573758507,-0.2191599404079085,-0.11047386886482496,-0.12735029118289704,-0.14459198193948997,-0.13279631710201034,-0.08055888051319776,-0.08036260491895249,-0.05676040574126689,-0.05676040574126691,-0.002760676182369869,0.02826488740696392,-0.028601159470654305,-0.04011290870358175,-0.04011290870358175,-0.04011290870358176,0.02826488740696394,0.028264887406963955,-0.006404845678793489,-0.008382569573758542,-0.06464021857531309,0.009489046730321601,0.028264887406963948,0.07475496269753111,0.039995266593749766,-0.030033728094555675,-0.06229794359791312,0.07503752814845809,0.06334601460430112,0.03999526659374982,0.028264887406963948,0.07354545789604199,0.04901182155519872,0.0399952665937498,0.028264887406963965,0.05662615983671356,0.056626159836713506,0.0681068391684811,0.049104793371515305,0.039995266593749794,0.02826488740696392,0.028264887406963948,-0.00838256957375855,-0.04011290870358175,-0.025083398478231562,-0.02065055216678947,-0.040112908703581744,0.028264887406963965,-0.01455210941843829,0.04910479337151551,-0.050895969572232254,0.02761898979833085,-0.04011290870358175,0.02237896864779708,-0.01882968267578177,0.01260513156529608,0.03999526659374979,0.028264887406963965,0.029301520716748086,0.04901182155519873,0.0848114446631187,0.06462208018302401,0.027135139490085492,-0.056760405741266895,0.1408649907885446,-0.0007873304203024266,-0.030127337956775798,-0.0071131964197432155,-0.024641634970375526,0.051076365692789234,0.013442471445354721,0.03269695657931596,-0.04011290870358175,0.08813472011150848,0.06943163317294095,0.009489046730321589,0.02826488740696396,0.08026431790076477,0.14022437719684042,0.3234044805328597,0.3661333763481228,0.46564427291545485,0.8900552922343999,1.0,0.8869891341900769,0.8468566585105328,0.15915466753757182,0.11903774794425463,0.04611541373003577,0.04287779304811597,0.040112908703581765,0.028264887406963975,-0.04011290870358176,-0.01682252142303707,0.028264887406963975,0.014491041040335544,-0.011958659951168762,-0.03172089823886382,0.030033728094556247,0.04011290870358182,0.050664555872073344,-0.030033728094555626,-0.046115413730036005,0.002047898554330837,-0.040112908703581744,0.039995266593749794
sul_AMR,-0.06167833469762964,-0.035354135511789946,-0.04358843768652306,0.052466369338186325,-0.011639609279876555,0.031811958922769654,0.16958616658505588,0.14742123843364038,0.11349113058795983,0.12920046656994943,0.1314589196961966,0.10164911781750498,0.097479570281343,0.13460531588738345,0.04569676562834882,0.13214203925670173,0.14091371636204578,0.048037399958419755,0.016868177388966434,-0.02322055153358259,0.15874197751121544,-0.07558313249234498,0.05421681497286981,0.004098323095965217,-0.04358843768652306,0.06532027904577022,0.0048748614687648215,-0.02158893209416315,-0.026011183429570525,-0.05246636933818645,-0.03535413551179004,0.007446811542000032,0.0260111834295707,0.03680623951214786,-0.2189058176559865,-0.07914675634434265,-0.0003577531195657876,-0.017907531151599133,-0.014389186852587173,-0.010133957754701028,0.0172519212947987,-0.012436047592740836,-0.012436047592740841,-0.010133957754700959,-0.04358843768652304,-0.004098323095965242,0.026011183429570723,-0.04358843768652305,-0.043588437686523054,0.02601118342957079,0.02601118342957076,0.07838986972305742,0.0368062395121479,-0.025960871664301104,0.004874861468764875,0.02601118342957076,0.08343516798968217,0.036806239512148016,-0.07558313249234483,-0.005812478071377972,0.042658282347959826,0.02709839495349451,0.03680623951214805,0.02601118342957082,0.06565752969789158,0.004874861468764871,-0.012436047592740912,0.026011183429570702,0.05211106661129129,0.05211106661129135,0.060554997838450066,0.01626216229662936,-0.012436047592740841,0.026011183429570768,0.026011183429570758,0.03680623951214796,0.02601118342957076,-0.012584984844142923,-0.01041818728917829,-0.043588437686523034,0.026011183429570706,-0.021588932094163196,0.04265828234795984,-0.06380200592743412,-0.0030605926184390543,-0.04358843768652305,0.05211106661129127,-0.027934970041320627,0.01342093691715489,0.036806239512147794,0.02601118342957076,0.03813917904034337,0.045103858449319884,0.06639985258827001,0.0756980403009535,0.020004375041098782,-0.061678334697629685,0.15318564164161963,0.07045442261275074,0.044552470097149535,0.023451915132034123,0.005375661099698723,0.060386498875861755,0.03540068536217795,0.05829511300295409,0.026011183429570765,0.0980502112963904,0.0638954940903486,0.004874861468764784,0.026011183429570726,0.073864433482646,0.19738004943245313,0.4791809500187282,0.5177243700549139,0.5478457879775168,0.8583457109409621,0.8869891341900769,1.0,0.819569409620564,0.12664526896311779,0.10505686132886628,0.05246636933818622,0.041721997861083354,0.04358843768652313,0.026011183429570706,0.02601118342957071,-0.024957225252469756,0.026011183429570664,0.02309061253040527,-0.0027514344771651955,-0.024453604115088016,0.03535413551179053,0.043588437686523186,0.04009060414826936,-0.03535413551179009,-0.05246636933818651,-0.004098323095965297,-0.04358843768652305,-0.06167833469762965
mph(A)_AMR,-0.05199901766117028,-0.024647909458709996,-0.03674800806791947,0.03976318661720561,0.02508715527683288,0.036068938262181535,0.15834442772216525,0.15896735695822287,0.11886222431040305,0.12656349894339222,0.17884161797546927,0.1596712837267701,0.17076124202317608,0.16002763131241005,0.017925080157823795,0.17209401004549352,0.13618260947037336,0.021982428835596573,-0.024345117937520498,-0.03839207195585296,0.16763388941843785,-0.06372170488427699,0.07698555858618653,0.05205712495163671,-0.03674800806791947,0.12045301395742904,0.05349968139242432,-0.007240414280177135,-0.03085301510702393,-0.03976318661720576,-0.024647909458709944,-0.04758092118307651,-0.03674800806791949,-0.05199901766117026,-0.24082633599172826,-0.1554210234418737,-0.14825813689660572,-0.1482581368966058,-0.1385231073986712,-0.07192034991955408,-0.073621329127324,-0.05199901766117029,-0.05199901766117029,-0.04628221145408524,-0.03674800806791947,-0.021756240751046554,0.030853015107024057,-0.03674800806791947,-0.036748008067919474,0.030853015107023988,-0.03674800806791948,0.0024354178931241897,-0.004170754541572995,-0.0881790810743216,-0.024647909458709906,0.030853015107024033,0.08526359747292614,0.04365750857802416,-0.06372170488427699,-0.07383041555173028,-0.07192034991955414,-0.052057124951636856,-0.05199901766117029,-0.03674800806791946,0.041415901895738697,-0.06372170488427698,-0.05199901766117026,-0.03674800806791946,-0.005905044107087414,-0.005905044107087446,-0.030855954818587286,0.004994065476852384,-0.0041707545415730135,0.030853015107024005,-0.03674800806791948,-0.05199901766117029,-0.036748008067919474,-0.04613120657609261,-0.010274699598706668,-0.03674800806791945,0.030853015107024078,-0.007240414280177129,0.056270342407789914,-0.05537890935378466,-0.004854033482919007,-0.03674800806791947,0.027953098403030844,-0.009368724452015883,-0.065908800668364,-0.05199901766117024,-0.03674800806791947,0.020201150524020522,0.05349968139242424,0.1289360527106498,0.07519896679404027,0.012903218313689577,-0.051999017661170294,0.07361715414550345,-0.010274699598706737,-0.04058015499649728,-0.007177888118651295,-0.018046672328548386,-0.012852389915867048,0.020436147665261743,0.03884552765013363,0.03085301510702403,0.043494606638570986,0.020436147665261823,0.014425885966857113,0.03085301510702408,0.08761387148271947,0.1710544278987287,0.3845400872680245,0.4356470093333669,0.5459020519563166,0.786069448025779,0.8468566585105328,0.819569409620564,1.0,0.18102668552653953,0.14012873409571866,0.039763186617205466,0.07234172948504607,0.03674800806791954,0.030853015107024043,-0.036748008067919474,-0.008370059682592385,0.030853015107024047,0.043494606638570944,-0.0012613847247416087,-0.015625923108735503,0.02464790945871067,0.03674800806791963,0.04564789291480863,-0.02464790945870998,-0.03976318661720579,0.008544643449543577,-0.03674800806791947,-0.05199901766117024
Col_PLASMID,-0.05344673949318685,-0.06549580192463654,-0.03777112150267147,0.07567104487722959,0.03134690074860764,-0.14134160545364644,-0.12978783945691294,-0.1777957457180618,-0.19079244889276298,-0.07951135721200527,0.02748542342309583,0.04874260915631168,0.09510509232008872,0.055790614478471265,0.01589679412297486,-0.03187205789635221,-0.10473992092401899,-0.07588409809081181,-0.08357832336030163,-0.08094246909820546,0.10514747442207552,0.05205052551327816,-0.04792731000541849,-0.036888550905553,-0.03777112150267147,0.08190331804156135,0.01286841636730665,-0.03727677540766557,-0.030017293714521085,0.06013694826625327,0.05205052551327816,-0.040543969675281406,-0.03777112150267146,-0.05344673949318685,-0.0416601543268377,-0.13019569457109376,-0.13529276428637235,-0.13529276428637235,-0.14237977500202062,-0.07456543834895701,-0.04171904659135858,-0.005485895008955136,-0.0054858950089551215,-0.023147022056782828,-0.03777112150267144,0.036888550905553305,0.030017293714521387,0.030017293714521387,-0.03777112150267145,-0.037771121502671444,-0.03777112150267145,-0.04573282685271469,-0.005485895008955139,0.02590017169455574,0.05205052551327816,-0.03777112150267145,-0.023957569732088818,-0.0534467394931869,0.01286841636730667,-0.05541649861943655,-0.023147022056782828,-0.02388120739594588,0.04247494947527656,0.030017293714521415,-0.043765544309968506,-0.02631369277866493,-0.005485895008955131,0.030017293714521404,0.02618494998038266,-0.0077670483054879365,0.009223882200857413,-0.023147022056782793,-0.005485895008955141,0.030017293714521377,-0.03777112150267145,-0.005485895008955137,0.03001729371452139,-0.0111303581979311,0.02586945971911305,0.03001729371452136,0.0300172937145214,-0.06503005760409793,-0.07456543834895724,-0.01632873845842699,-0.030528640907426283,-0.03777112150267145,0.02618494998038266,0.00922388220085724,-0.06276436990206963,-0.05344673949318685,-0.03777112150267145,-0.06776376142987987,-0.06549580192463653,0.08722178347906004,0.15839169070735276,0.03883254213532122,0.04247494947527651,0.04900657370710814,-0.013514562577398635,-0.06432138240874626,-0.05461562869141073,-0.03526636504011779,-0.029385972150470414,-0.0927833398005302,-0.08465096569744508,-0.03777112150267145,0.04014249753976834,0.07373635337806356,0.012868416367306576,0.030017293714521397,0.08524065815416478,0.07808742776421349,0.07075135921105546,0.12447191827520679,0.1263846579827439,0.13605769712235619,0.15915466753757182,0.12664526896311779,0.18102668552653953,1.0,0.6878060094768109,0.04171904659135842,0.047660217031324295,0.037771121502671354,0.03001729371452141,0.030017293714521408,-0.03507184368427434,-0.03777112150267147,-0.014614184222768405,-0.023539655763574783,-0.013053157051100625,-0.05205052551327771,-0.030017293714521488,0.025348812142156445,-0.0654958019246366,-0.04171904659135866,0.006503671754803716,0.03001729371452138,0.042474949475276504
senB_VIR,-0.047484461667158806,-0.05818938489684083,-0.03355754510240672,0.06722952351929173,0.004493029582449468,-0.20521309082947764,-0.20192414562777491,-0.2502549905259224,-0.2682409448153109,-0.13660727630328262,-0.022940343523545875,0.02711654710029451,0.03791991568280427,0.002963988506389447,0.02975960301232512,-0.11349961626919634,-0.24047847937446265,-0.0902951142310843,-0.08561438495996632,-0.048257642008809165,0.15068875671056536,0.058586130702955576,-0.01651843446564764,-0.04553483459666043,-0.033557545102406716,0.07932165849851475,0.0585861307029556,-0.027290268552348347,-0.033786346546286684,0.06768790663419572,0.05858613070295561,-0.04242440913872893,-0.03355754510240672,-0.0474844616671588,0.006131854054742298,-0.11095830913294503,-0.11840537352295316,-0.1184053735229532,-0.12649652780267331,-0.06354783839982721,-0.0335001659809196,0.00016187884659258278,0.0001618788465925925,-0.012466599158090844,-0.03355754510240671,0.015349204755180635,0.0337863465462868,0.03378634654628678,-0.033557545102406695,-0.033557545102406695,-0.03355754510240673,-0.07858186356245567,0.00016187884659255795,0.007181250437094319,0.05858613070295557,-0.03355754510240673,0.009210522908736448,0.00016187884659259216,0.019660958836356827,-0.04244737351361737,-0.012466599158090825,-0.014836425086299305,0.04780821936034409,0.03378634654628682,-0.07109205640089877,-0.01926421303024199,0.00016187884659258638,0.03378634654628681,0.033958549095823846,0.03395854909582385,0.0003636268433490929,-0.012466599158090836,-0.04748446166715881,-0.033557545102406716,-0.03355754510240673,0.0001618788465925753,0.03378634654628678,-0.024960731336015417,0.03952455128421733,0.033786346546286754,-0.03355754510240671,0.00028102107204928777,0.06415525970451395,0.06080513777374198,0.01918696339070676,0.03378634654628678,0.00022919155745212622,-0.02104187333513417,-0.05359090784599071,-0.04748446166715879,-0.03355754510240671,-0.056720935642578636,-0.058189384896840814,0.00453418429039473,0.2090239998424031,0.1032923712133135,0.04780821936034403,0.1086090788437008,-0.03872697065292142,-0.09151309927727898,-0.04921664494635509,-0.022206627284368424,-0.02749113514838737,-0.08243284780114371,-0.07520768476925914,-0.03355754510240673,0.036696314153145705,0.08299488994524246,0.019660958836356806,0.033786346546286816,0.09594370643869686,0.12866063540217562,0.1900125760622189,0.2381641445599669,0.13956359617611475,0.10814181874261479,0.11903774794425463,0.10505686132886628,0.14012873409571866,0.6878060094768109,1.0,0.03350016598091991,0.013988714551778223,0.03355754510240665,0.03378634654628682,0.03378634654628681,-0.023579844330729356,-0.03355754510240672,-0.035833837827218426,-0.00898779063292198,-0.0003248658231557195,-0.019660958836356636,-0.03378634654628693,0.041684741727696165,-0.05818938489684077,-0.0672295235192914,0.015349204755180635,0.033786346546286775,0.04780821936034402
pmrB-E123D_AMR,0.0032141238079015527,0.003938717651998745,0.002271439979764448,-0.004550625711035147,-0.015262656948005762,0.015125161070744242,-0.04180307804665825,-0.035913575477301334,-0.03909410864937368,-0.025049357232961707,-0.018698161504616385,-0.024378676649745256,0.08173133842697514,0.03892517089968182,0.04251222931776448,-0.032473752554001464,-0.04894894048469573,-0.03143869295347035,0.03401541266376914,0.03185516781821579,0.048390700404208745,0.0039387176519982536,-0.00973114081191484,-0.005090650744836204,0.002271439979764444,0.008867910984937617,0.003938717651998323,0.005579706905554767,-0.002271439979764586,0.00455062571103543,0.00393871765199845,0.012867572019375582,0.0022714399797643166,0.003214123807901532,0.014885774672215982,0.010529107810718101,0.00916401941705084,0.009164019417050829,0.008562285163457311,0.00603021122868924,0.004550625711035376,0.0032141238079017365,0.003214123807901881,0.00603021122868948,0.0022714399797647213,0.005090650744835692,0.00227143997976437,0.0022714399797645174,0.002271439979764589,0.0022714399797645556,0.00227143997976446,0.0068454357172790786,0.0032141238079017617,0.011980654879961368,0.003938717651998664,0.00227143997976454,0.008867910984938039,0.0032141238079020835,0.003938717651998692,0.0072198543478750755,0.006030211228689351,0.0050906507448358835,0.003214123807901881,0.002271439979764661,0.007576587763275439,0.003938717651998481,0.0032141238079015405,0.0022714399797642802,0.004550625711034981,0.004550625711035169,0.007219854347875067,0.006030211228689454,0.003214123807901864,0.00227143997976473,0.0022714399797644632,0.0032141238079016624,0.002271439979764531,0.01563218930534143,0.007918029284645025,0.0022714399797647707,-0.49914893555325307,0.0055797069055547556,0.006030211228689472,-0.05090839618833194,0.017886385248581313,0.0022714399797645443,0.0045506257110352185,0.0072198543478748795,0.016351235472822658,0.0032141238079018003,0.0022714399797645157,-0.00684543571727958,0.003938717651998735,-0.005913827472357478,-0.04239393283812062,0.02662602043209176,0.003214123807901963,0.020099783485670625,0.007918029284644947,0.007576587763275637,0.011031898324584247,-0.1566511044338077,0.017216908554207395,0.005579706905554757,0.005090650744835643,0.002271439979764542,0.008562285163457216,0.005579706905554694,0.003938717651998666,0.0022714399797643227,0.006450249668547772,0.02531502302646678,0.042748959049647636,0.046088277002703314,0.07034679087204872,0.0480517464008948,0.04611541373003577,0.05246636933818622,0.039763186617205466,0.04171904659135842,0.03350016598091991,1.0,0.09741588477020917,-0.002271439979764339,0.0022714399797645565,0.0022714399797644155,0.006450249668548277,0.002271439979764658,0.008562285163457294,0.008246081217902915,-0.0064502496685487675,-0.003938717651998891,-0.002271439979764401,0.009451507271781394,0.003938717651998581,0.004550625711035318,0.005090650744835411,0.002271439979764631,0.003214123807901737
ymgB_STRESS,-0.14522657416470397,0.00933316741183204,0.005382393832244567,-0.010783141961985607,0.031349243518047,0.04559310841900769,0.014536845871806708,0.0024796225205662445,0.024600834707050184,-0.03709172293974496,0.012147683819628595,0.1240819240866882,0.07952603895209541,0.027853358690168098,0.036303187639230995,0.035945151517921194,0.05491877173899305,0.021697269185503857,0.008309985622250235,0.0190307982818335,-0.00806139422083815,0.009333167411831884,-0.02305886695372125,-0.012062782822883922,0.00538239383224456,0.021013361486739643,0.009333167411831886,0.0132216480742335,-0.0053823938322444965,0.010783141961985133,0.009333167411831855,0.030490940060071636,0.005382393832244607,0.007616173138554157,0.0007430066670036597,-0.022735572754176744,0.021715018679039695,0.021715018679039723,0.02028915193193441,0.014289161066802369,0.01078314196198534,0.0076161731385542795,0.007616173138554253,0.014289161066802534,0.005382393832244732,0.012062782822883759,0.005382393832244549,0.005382393832244607,-0.21064732225284583,0.005382393832244656,-0.21064732225284602,-0.05611780612246499,0.007616173138554332,-0.18261874636818382,-0.11553329962828328,0.005382393832244604,-0.03521329970353662,0.007616173138554416,0.009333167411832025,-0.05155769468984457,0.014289161066802475,0.01206278282288388,0.007616173138554277,0.005382393832244659,0.017953447861185703,0.009333167411832006,0.00761617313855423,0.005382393832244643,0.010783141961985295,0.010783141961985394,0.017108133984563886,-0.06764154816687601,0.007616173138554294,0.005382393832244729,0.005382393832244674,0.007616173138554275,0.005382393832244648,-0.06207335278470312,-0.04399243817340965,0.005382393832244754,0.0053823938322446405,0.013221648074233374,0.014289161066802432,0.012423201860323831,0.04238349703305624,0.005382393832244619,0.010783141961985349,0.01710813398456366,0.038745813115265405,0.007616173138554033,0.00538239383224458,0.05611780612246584,0.009333167411832039,0.03027371278385255,-0.035945151517921214,-0.04653132173844479,0.007616173138554354,0.04762835541617096,0.0187625261353477,0.017953447861185783,0.026141136032283904,-0.003786478721747689,-0.01984909805194534,0.013221648074233277,0.012062782822883625,0.005382393832244613,0.020289151931934295,0.013221648074233363,0.009333167411831777,0.005382393832244633,0.015284482241098562,0.05998636328260432,0.004877433339801071,0.01561665238350045,0.05033746425702731,0.047147071305497404,0.04287779304811597,0.041721997861083354,0.07234172948504607,0.047660217031324295,0.013988714551778223,0.09741588477020917,1.0,-0.0053823938322447714,0.005382393832244544,0.0053823938322445685,0.01528448224109878,0.0053823938322444965,0.020289151931934264,-0.04078778416779573,-0.015284482241098693,-0.009333167411831694,-0.005382393832244641,-0.08335716052909713,0.009333167411831834,0.010783141961985262,0.012062782822883611,0.005382393832244631,0.007616173138554085
uhpT-E350Q_AMR,0.0016043264774505761,0.001966006723440024,0.0011337868480725483,-0.0022714399797647816,-0.007618338969311715,-0.015048231635721119,-0.020865961909838977,-0.01792622297140597,0.058101848545431385,-0.012503359999125715,-0.009333167411831959,-0.012168590499917184,-0.012101048952405078,-0.010407431212535404,0.021219934011958028,0.021160886450064344,-0.0416508263752177,-0.05284153671414273,0.01697875702352455,0.015900473108332237,0.024154166597437264,0.0019660067234401495,-0.004857288577985923,-0.0025409929005582718,0.001133786848072605,0.004426408328712842,0.0019660067234398663,0.002785104762606896,-0.0011337868480723484,0.0022714399797642256,0.001966006723439987,0.006422834876625974,0.0011337868480726172,0.0016043264774504916,0.0074302185825219705,0.005255592956045353,0.004574210537410323,0.004574210537410342,0.004273855525243216,0.0030099735159614814,0.00227143997976435,0.001604326477450576,0.0016043264774505761,0.0030099735159616918,0.0011337868480726183,0.002540992900558224,0.0011337868480726864,0.0011337868480726177,0.001133786848072616,0.001133786848072616,0.001133786848072618,0.003416891951678303,0.001604326477450574,0.00598013113056406,0.0019660067234400277,0.0011337868480726177,0.004426408328712917,0.0016043264774505764,0.0019660067234400246,0.003603782612591111,0.0030099735159617013,0.0025409929005582106,0.0016043264774505761,0.0011337868480726164,0.0037818457171650325,0.0019660067234400285,0.0016043264774505757,0.0011337868480726166,0.0022714399797646254,0.002271439979764639,0.0036037826125914435,0.003009973515961675,0.001604326477450576,0.0011337868480726164,0.0011337868480726194,0.0016043264774505792,0.0011337868480726192,0.0078027906521283335,0.003952275889110049,0.0011337868480726183,0.0011337868480726162,0.0027851047626067625,0.003009973515961589,0.008845311088753145,0.008927970157724983,0.0011337868480726177,0.00227143997976445,0.0036037826125911556,0.008161701781239664,0.001604326477450112,0.0011337868480726177,-0.0034168919516778347,0.001966006723440024,0.017571825197102264,0.05357936449156298,0.03022451835000773,0.0016043264774505761,0.010032785531723308,0.003952275889110125,0.003781845717164959,0.005506560305848205,0.006941850439283998,-0.1319307686750443,0.0027851047626066645,0.0025409929005579756,0.0011337868480726177,0.004273855525243063,0.0027851047626067963,0.0019660067234398724,0.0011337868480725262,0.0032196352561086796,0.012635966797167279,0.02133809740564137,0.02300491440738327,0.035113525783370944,0.04116156820015489,0.040112908703581765,0.04358843768652313,0.03674800806791954,0.037771121502671354,0.03355754510240665,-0.002271439979764339,-0.0053823938322447714,1.0,0.0011337868480722688,0.0011337868480725787,0.0032196352561085664,0.0011337868480723343,0.004273855525243104,0.004116022662402095,-0.0032196352561087633,-0.0019660067234402584,-0.0011337868480728497,0.0047177097940836535,0.0019660067234397345,0.002271439979764366,0.002540992900558167,0.0011337868480726177,0.001604326477450213
blaCTX-M-195_AMR,-0.001604326477450501,-0.0019660067234399284,-0.0011337868480725637,0.002271439979764562,0.007618338969311729,-0.07534352710129776,0.020865961909838887,0.017926222971406083,0.019513782718737924,0.012503359999125736,0.009333167411831956,0.012168590499917257,0.012101048952404967,0.010407431212535399,-0.021219934011958094,-0.021160886450064212,-0.02722123296807303,-0.02145635646832205,-0.016978757023525144,-0.01590047310833274,-0.024154166597437306,-0.0019660067234399297,0.004857288577986017,0.0025409929005581603,-0.0011337868480725637,-0.004426408328712821,-0.0019660067234399297,-0.0027851047626067586,0.0011337868480724449,-0.002271439979764521,-0.00196600672343993,-0.006422834876626168,-0.0011337868480725641,-0.0016043264774504998,-0.00743021858252205,-0.005255592956045328,-0.004574210537410236,-0.0045742105374102365,-0.0042738555252431224,-0.00300997351596154,-0.0022714399797645218,-0.001604326477450501,-0.0016043264774505007,-0.003009973515961542,-0.0011337868480725633,-0.0025409929005580792,-0.0011337868480725635,-0.0011337868480725646,-0.001133786848072563,-0.001133786848072563,-0.0011337868480725643,-0.0034168919516781395,-0.0016043264774504994,-0.005980131130563737,-0.0019660067234399305,-0.0011337868480725643,-0.004426408328712825,-0.0016043264774505011,-0.0019660067234399284,-0.0036037826125912705,-0.0030099735159615434,-0.002540992900558084,-0.0016043264774505007,-0.0011337868480725633,-0.00378184571716488,-0.001966006723439931,-0.0016043264774505007,-0.0011337868480725637,-0.0022714399797645213,-0.002271439979764522,-0.003603782612591264,-0.003009973515961542,-0.001604326477450501,-0.0011337868480725633,-0.0011337868480725643,-0.0016043264774505015,-0.0011337868480725643,-0.007802790652128064,-0.003952275889110026,-0.001133786848072563,-0.0011337868480725635,-0.0027851047626067577,-0.0030099735159615447,-0.008845311088753367,-0.008927970157724688,-0.0011337868480725646,-0.0022714399797645205,-0.0036037826125912696,-0.00816170178123987,-0.0016043264774504992,-0.0011337868480725646,0.0034168919516781695,-0.0019660067234399284,-0.017571825197102143,0.021160886450064177,-0.03022451835000778,-0.0016043264774505011,-0.010032785531723206,-0.003952275889110015,-0.003781845717164876,-0.0055065603058479925,-0.0069418504392837485,-0.008593801578350277,-0.0027851047626067543,-0.0025409929005580844,-0.0011337868480725643,-0.00427385552524313,-0.0027851047626067573,-0.00196600672343993,-0.0011337868480725635,-0.00321963525610864,-0.012635966797167041,0.05313439274922514,0.04928454972684878,0.03228917697036038,0.027544792330538425,0.028264887406963975,0.026011183429570706,0.030853015107024043,0.03001729371452141,0.03378634654628682,0.0022714399797645565,0.005382393832244544,0.0011337868480722688,1.0,-0.0011337868480725635,-0.003219635256108641,-0.0011337868480725635,-0.00427385552524313,-0.004116022662401916,0.0032196352561089706,0.0019660067234399696,0.0011337868480722688,-0.0047177097940837185,-0.00196600672343993,-0.0022714399797645196,-0.0025409929005580814,-0.0011337868480725643,-0.0016043264774504994
parC-A56T_AMR,-0.0016043264774505007,-0.001966006723439928,-0.0011337868480725635,0.002271439979764578,0.007618338969311717,0.015048231635721193,0.02086596190983893,0.017926222971406062,0.01951378271873794,0.012503359999125729,0.00933316741183196,0.012168590499917227,0.012101048952404957,0.010407431212535402,-0.02121993401195809,-0.02116088645006421,-0.027221232968073026,-0.021456356468322044,-0.01697875702352514,-0.015900473108332737,-0.024154166597437302,-0.0019660067234399297,0.004857288577986043,0.002540992900558197,-0.0011337868480725637,-0.0044264083287128215,-0.0019660067234399292,-0.0027851047626067586,0.0011337868480727482,-0.0022714399797645205,-0.0019660067234399297,-0.006422834876626165,-0.001133786848072564,-0.0016043264774504996,-0.00743021858252205,-0.005255592956045327,-0.004574210537410236,-0.0045742105374102365,-0.004273855525243121,-0.0030099735159615387,-0.0022714399797645213,-0.0016043264774505007,-0.0016043264774505005,-0.0030099735159615417,-0.001133786848072563,-0.0025409929005580784,-0.0011337868480725633,-0.0011337868480725643,-0.001133786848072563,-0.001133786848072563,-0.0011337868480725643,-0.0034168919516781387,-0.001604326477450499,-0.005980131130563734,-0.00196600672343993,-0.0011337868480725641,-0.004426408328712825,-0.0016043264774505007,-0.0019660067234399284,-0.0036037826125912696,-0.0030099735159615426,-0.0025409929005580836,-0.0016043264774505005,-0.001133786848072563,-0.0037818457171648785,-0.0019660067234399305,-0.0016043264774505005,-0.0011337868480725633,-0.0022714399797645205,-0.0022714399797645218,-0.0036037826125912627,-0.0030099735159615395,-0.0016043264774505007,-0.001133786848072563,-0.0011337868480725643,-0.0016043264774505013,-0.0011337868480725641,-0.007802790652128061,-0.003952275889110025,-0.0011337868480725628,-0.0011337868480725633,-0.0027851047626067577,-0.0030099735159615434,-0.008845311088753366,-0.008927970157724686,-0.0011337868480725643,-0.00227143997976452,-0.00360378261259127,-0.008161701781239867,-0.0016043264774504992,-0.0011337868480725643,0.0034168919516781473,-0.001966006723439928,-0.01757182519710214,0.021160886450064184,-0.03022451835000778,-0.001604326477450501,-0.010032785531723206,-0.003952275889110014,-0.003781845717164876,-0.005506560305847992,-0.0069418504392837485,-0.008593801578350279,-0.0027851047626067543,-0.0025409929005580844,-0.0011337868480725641,-0.00427385552524313,-0.0027851047626067573,-0.00196600672343993,-0.0011337868480725633,-0.0032196352561086397,0.08972695688997515,0.05313439274922516,0.04928454972684877,0.03228917697036036,-0.04116156820015492,-0.04011290870358176,0.02601118342957071,-0.036748008067919474,0.030017293714521408,0.03378634654628681,0.0022714399797644155,0.0053823938322445685,0.0011337868480725787,-0.0011337868480725635,1.0,-0.0032196352561086406,-0.0011337868480725635,-0.004273855525243128,-0.004116022662401915,0.0032196352561089355,0.001966006723439977,0.0011337868480726168,-0.004717709794083718,-0.0019660067234399297,-0.0022714399797645196,-0.002540992900558081,-0.0011337868480725641,-0.0016043264774504992
blaTEM-IR_AMR,-0.004555835250593437,-0.005582905262390815,-0.0032196352561086406,0.006450249668548119,0.021633936555429646,0.04273273869671517,-0.020829402890767488,-0.035535901298746224,-0.027238802247024414,-0.07437183893482888,0.026503566257963213,0.03455536907778155,0.0343635701095786,0.029554172827430832,-0.03376044034248057,-0.060090956409451994,0.04493514607432239,-0.034556872199164805,-0.048214886961138154,-0.04515286439900471,0.007116319238899003,-0.005582905262390831,0.013793331243313884,0.007215704029435573,-0.0032196352561086406,-0.012569752716116014,-0.005582905262390832,-0.007908912950338715,0.0032196352561084758,-0.006450249668548363,-0.00558290526239083,-0.018239041710621712,-0.0032196352561086393,-0.004555835250593439,-0.021099727651233476,-0.014924403473021023,-0.012989469352326696,-0.01298946935232669,-0.012136545729014132,-0.00854747686341377,-0.006450249668548364,-0.004555835250593439,-0.004555835250593441,-0.008547476863413776,-0.0032196352561086384,-0.007215704029435838,-0.0032196352561086406,-0.0032196352561086362,-0.0032196352561086384,-0.003219635256108637,-0.0032196352561086393,-0.009703010590252232,-0.004555835250593438,-0.016981887783270106,-0.005582905262390835,-0.003219635256108639,-0.012569752716116007,-0.00455583525059344,-0.0055829052623908295,-0.010233727419377838,-0.008547476863413781,-0.007215704029435864,-0.004555835250593436,-0.0032196352561086354,-0.010739376475258071,-0.005582905262390834,-0.004555835250593439,-0.0032196352561086406,-0.006450249668548362,-0.006450249668548363,-0.010233727419377813,-0.008547476863413775,-0.004555835250593439,-0.0032196352561086384,-0.003219635256108639,-0.004555835250593438,-0.003219635256108638,-0.0221577273738305,-0.01122335015270201,-0.0032196352561086375,-0.0032196352561086406,-0.00790891295033869,-0.008547476863413781,-0.025118191731552296,-0.025352920202031226,-0.0032196352561086362,-0.006450249668548368,-0.010233727419377827,-0.023176933873767066,-0.004555835250593439,-0.0032196352561086362,0.009703010590252366,-0.005582905262390817,0.03752328114712298,0.060090956409452036,-0.08582911774291432,-0.0045558352505934395,0.14621055794375012,-0.011223350152702012,-0.010739376475258047,-0.015637080047926136,-0.019712899699750895,-0.024403975573270925,-0.007908912950338711,-0.007215704029435844,-0.0032196352561086375,-0.012136545729014155,-0.007908912950338711,-0.005582905262390832,-0.0032196352561086397,-0.009142857142857166,-0.03588258610014626,-0.06059418560223568,-0.06532747633797842,-0.004010177499137114,-0.043722242414336206,-0.01682252142303707,-0.024957225252469756,-0.008370059682592385,-0.03507184368427434,-0.023579844330729356,0.006450249668548277,0.01528448224109878,0.0032196352561085664,-0.003219635256108641,-0.0032196352561086406,1.0,0.352147606136882,0.08354711390240986,-0.011688344860711603,0.009142857142856928,0.005582905262390648,0.0032196352561086276,-0.013396966816948679,-0.005582905262390836,-0.006450249668548367,-0.0072157040294358495,-0.003219635256108638,-0.004555835250593439
dfrB_AMR,-0.0016043264774505007,-0.0019660067234399284,-0.0011337868480725637,0.002271439979764525,0.007618338969311787,0.015048231635721193,0.020865961909838898,0.017926222971406072,0.019513782718737955,0.012503359999125767,0.009333167411831947,0.012168590499917262,0.012101048952404955,0.010407431212535404,0.053430272093854723,-0.02116088645006421,0.04165082637521775,0.05284153671414221,-0.016978757023525144,-0.015900473108332737,-0.02415416659743731,-0.00196600672343993,0.004857288577985958,0.002540992900558155,-0.0011337868480725637,-0.004426408328712821,-0.0019660067234399297,-0.0027851047626067586,0.001133786848072535,-0.0022714399797645205,-0.00196600672343993,-0.006422834876626168,-0.0011337868480725641,-0.0016043264774505,-0.007430218582522052,-0.005255592956045328,-0.004574210537410236,-0.004574210537410236,-0.0042738555252431224,-0.003009973515961541,-0.0022714399797645218,-0.001604326477450501,-0.0016043264774505011,-0.0030099735159615426,-0.0011337868480725635,-0.002540992900558079,-0.0011337868480725637,-0.0011337868480725646,-0.001133786848072563,-0.001133786848072563,-0.0011337868480725646,-0.0034168919516781395,-0.0016043264774504992,-0.005980131130563735,-0.0019660067234399305,-0.0011337868480725646,-0.004426408328712825,-0.0016043264774505011,-0.001966006723439929,-0.00360378261259127,-0.003009973515961543,-0.0025409929005580836,-0.0016043264774505011,-0.0011337868480725635,-0.00378184571716488,-0.001966006723439931,-0.0016043264774505007,-0.0011337868480725637,-0.002271439979764521,-0.002271439979764522,-0.003603782612591263,-0.0030099735159615426,-0.001604326477450501,-0.0011337868480725635,-0.0011337868480725646,-0.0016043264774505018,-0.0011337868480725646,-0.007802790652128064,-0.003952275889110027,-0.0011337868480725633,-0.0011337868480725633,-0.0027851047626067573,-0.0030099735159615456,-0.008845311088753367,-0.00892797015772469,-0.0011337868480725646,-0.002271439979764521,-0.0036037826125912683,-0.00816170178123987,-0.0016043264774504992,-0.0011337868480725646,0.003416891951678071,-0.001966006723439929,-0.017571825197102143,0.021160886450064146,-0.03022451835000778,-0.0016043264774505011,0.11300818147538215,-0.0039522758891100155,-0.003781845717164876,-0.005506560305847991,-0.0069418504392837485,-0.008593801578350277,-0.0027851047626067547,-0.0025409929005580844,-0.0011337868480725646,-0.00427385552524313,-0.002785104762606757,-0.00196600672343993,-0.0011337868480725633,-0.00321963525610864,-0.01263596679716704,-0.02133809740564118,-0.023004914407382917,0.03228917697036037,-0.04116156820015494,0.028264887406963975,0.026011183429570664,0.030853015107024047,-0.03777112150267147,-0.03355754510240672,0.002271439979764658,0.0053823938322444965,0.0011337868480723343,-0.0011337868480725635,-0.0011337868480725635,0.352147606136882,1.0,0.26528431795973395,-0.004116022662401915,0.0032196352561091345,0.001966006723440224,0.0011337868480723343,-0.0047177097940837185,-0.00196600672343993,-0.00227143997976452,-0.002540992900558081,-0.0011337868480725643,-0.0016043264774504992
blaCTX-M-14_AMR,-0.00604757374951207,-0.007410942111317477,-0.0042738555252431285,0.008562285163457356,0.02871763784570212,0.05672491970673232,0.017909511750756654,0.06757362481610006,0.07355799569614876,0.04713192281883604,0.03518175323596997,0.017506405887141807,-0.011355459011182945,0.007096559065609081,0.04060930380210731,-0.05964279086972817,-0.06552353897617602,0.019144009045151598,-0.018899267349558928,-0.012976703423153832,-0.014481303368957671,-0.007410942111317477,0.018309746370772147,0.00957837583503055,-0.004273855525243128,-0.01668552578891858,-0.007410942111317477,-0.010498565403438177,0.004273855525243032,-0.00856228516345731,-0.007410942111317484,-0.024211136662820206,-0.00427385552524313,-0.006047573749512069,-0.028008510415040214,-0.019811170884375617,-0.01724267221142157,-0.01724267221142158,-0.016110471806674315,-0.011346217292868438,-0.00856228516345731,-0.006047573749512071,-0.006047573749512071,-0.011346217292868447,-0.004273855525243125,0.11124599362685504,-0.004273855525243128,-0.004273855525243129,-0.004273855525243125,-0.004273855525243125,-0.004273855525243132,-0.012880112846311461,-0.006047573749512067,-0.022542346930101674,-0.007410942111317484,-0.004273855525243131,-0.016685525788918593,-0.006047573749512071,-0.0074109421113174815,-0.013584604775387695,-0.011346217292868447,-0.009578375835030569,-0.006047573749512069,-0.004273855525243125,-0.014255820872679332,-0.007410942111317487,-0.006047573749512072,-0.0042738555252431285,0.12644660411034264,-0.008562285163457313,-0.01358460477538769,-0.011346217292868447,-0.006047573749512071,-0.004273855525243125,-0.004273855525243132,-0.006047573749512075,-0.004273855525243131,0.09426145663298446,-0.014898264320734999,-0.004273855525243125,-0.004273855525243129,-0.010498565403438187,-0.01134621729286844,0.04044585306161802,-0.0336543457464373,-0.004273855525243129,-0.008562285163457313,-0.013584604775387697,-0.030765866011268336,-0.006047573749512068,-0.004273855525243129,0.01288011284631097,-0.007410942111317476,-0.06623770802678694,0.03951876169969763,0.03197381882823159,-0.006047573749512072,-0.004689855174192829,-0.014898264320734959,-0.014255820872679336,-0.020757202492021423,-0.02616758688441363,-0.03239468372817536,-0.010498565403438182,-0.009578375835030583,-0.00427385552524313,-0.01611047180667435,-0.010498565403438196,-0.0074109421113175,-0.00427385552524313,-0.012136545729014146,-0.04763178952434337,-0.020279022520232053,0.03006692807412195,-0.0053232487218466485,-0.007165107868656356,0.014491041040335544,0.02309061253040527,0.043494606638570944,-0.014614184222768405,-0.035833837827218426,0.008562285163457294,0.020289151931934264,0.004273855525243104,-0.00427385552524313,-0.004273855525243128,0.08354711390240986,0.26528431795973395,1.0,0.2855877655408775,0.012136545729014157,0.007410942111317339,0.004273855525243156,-0.017783598481685616,-0.007410942111317496,-0.008562285163457311,0.1112459936268551,-0.004273855525243129,-0.006047573749512068
IncB/O/K/Z_PLASMID,-0.005824237730666516,-0.0071372570971959,-0.004116022662401915,0.008246081217902946,0.02765709965753617,0.029387607964647382,-0.050254483412496026,-0.02559483481631041,-0.015857108527903275,-0.04105126922266853,0.03388249620675864,-0.01465871061176074,-0.044700367355533926,-0.02887468460678141,-0.035342323515840095,-0.014205983640144474,-0.04112324200410116,-0.05714554198576463,-0.03824926073439562,-0.03337125434567632,0.011579265763763549,-0.0071372570971959025,0.0176335701007681,0.009224647808782861,-0.004116022662401914,-0.016069331748731392,-0.007137257097195902,-0.010110854910286658,0.004116022662402015,-0.008246081217902917,-0.007137257097195906,-0.02331702290778977,-0.004116022662401914,-0.005824237730666517,-0.0269741601997338,-0.01907954722549219,-0.01660590283489791,-0.016605902834897907,-0.015515514426399887,-0.010927203138745845,-0.008246081217902917,-0.005824237730666516,-0.005824237730666518,-0.010927203138745864,-0.004116022662401912,-0.009224647808782904,-0.004116022662401914,-0.004116022662401913,-0.004116022662401912,-0.004116022662401912,-0.004116022662401914,-0.01240445215253181,-0.005824237730666515,-0.021709861337146256,-0.007137257097195908,-0.004116022662401914,0.05669589868270364,-0.005824237730666518,-0.007137257097195898,0.0757803404211713,-0.010927203138745858,-0.00922464780878291,-0.005824237730666518,-0.0041160226624019115,0.0710470143803406,-0.007137257097195906,-0.005824237730666516,-0.004116022662401915,-0.008246081217902913,-0.008246081217902912,-0.013082927297147759,-0.010927203138745862,-0.005824237730666517,-0.004116022662401912,-0.004116022662401914,-0.005824237730666518,-0.004116022662401914,0.014429679845437157,-0.014348073586579788,-0.004116022662401911,-0.004116022662401915,-0.010110854910286661,-0.01092720313874585,-0.03211141579142195,-0.032411495653626575,-0.004116022662401913,-0.008246081217902924,-0.013082927297147743,-0.029629687054898116,-0.005824237730666518,-0.004116022662401913,0.012404452152531404,-0.0071372570971959,0.027910429807746436,0.07682104297915052,0.041602112361216526,-0.005824237730666517,-0.0020623762169747996,-0.01434807358657978,-0.013729355481606365,-0.019990642023484276,-0.02520122170729914,-0.031198352770459473,-0.010110854910286661,-0.00922464780878292,-0.004116022662401913,-0.015515514426399911,-0.010110854910286661,-0.007137257097195916,-0.004116022662401915,-0.011688344860711603,-0.04587275446607481,-0.035870552464003835,-0.002766321564696698,-0.05218323651717644,-0.015123366260762786,-0.011958659951168762,-0.0027514344771651955,-0.0012613847247416087,-0.023539655763574783,-0.00898779063292198,0.008246081217902915,-0.04078778416779573,0.004116022662402095,-0.004116022662401916,-0.004116022662401915,-0.011688344860711603,-0.004116022662401915,0.2855877655408775,1.0,0.011688344860711481,0.00713725709719568,0.004116022662402049,-0.017126852776688153,-0.007137257097195923,-0.008246081217902924,-0.009224647808782903,-0.004116022662401913,-0.005824237730666518
emrE_STRESS,0.004555835250593244,0.005582905262390217,0.00321963525610891,-0.006450249668547925,-0.021633936555429906,-0.01064684731134095,-0.032559168234188855,-0.022091648465794412,-0.027862829789910774,0.0011199328785508884,-0.026503566257962848,-0.03455536907778119,-0.034363570109578,-0.02955417282743059,-0.04573414318394514,-0.04602967260963883,-0.04493514607432112,-0.018189399454874095,-0.040975919994205474,-0.047711994135903026,-0.007116319238897669,0.005582905262390998,-0.013793331243313538,-0.007215704029435386,0.0032196352561089207,0.012569752716116553,0.005582905262390992,0.007908912950338166,-0.003219635256108844,0.006450249668549128,0.005582905262391267,0.018239041710622544,0.0032196352561085512,0.004555835250593602,0.021099727651233236,0.0149244034730208,0.012989469352326134,0.01298946935232598,0.012136545729013546,0.008547476863413684,0.00645024966854843,0.004555835250593091,0.004555835250592972,0.008547476863413069,0.0032196352561083856,0.007215704029435703,0.0032196352561089017,0.003219635256108389,0.003219635256108285,0.003219635256108286,0.0032196352561084667,0.009703010590251523,0.00455583525059316,0.016981887783269332,0.005582905262390491,0.003219635256108384,0.012569752716115797,0.0045558352505929555,0.005582905262390408,0.010233727419378412,0.008547476863413119,0.007215704029435068,0.004555835250592942,0.003219635256108286,0.010739376475257897,0.0055829052623905485,0.004555835250593207,0.0032196352561085647,0.006450249668548298,0.006450249668548109,0.010233727419377064,0.008547476863413226,0.004555835250593066,0.003219635256108361,0.0032196352561084775,0.004555835250593177,0.0032196352561084307,-0.03219025393475967,0.011223350152701683,0.003219635256108305,0.0032196352561086007,0.007908912950339166,0.008547476863413422,0.02511819173155207,0.025352920202030366,0.0032196352561084736,0.0064502496685486695,0.010233727419379125,0.02317693387376775,0.004555835250593993,0.0032196352561084315,-0.00970301059025215,0.005582905262390212,0.04989903350435212,0.019499515354865916,-0.010347419017229853,0.004555835250593065,-0.015184926011073975,0.011223350152701272,0.01073937647525765,-0.05940390735598055,-0.040726303199138864,-0.025477298573021615,0.007908912950338857,0.007215704029436145,0.0032196352561083825,0.012136545729014245,0.007908912950339013,0.005582905262391461,0.0032196352561086783,0.009142857142857468,0.03588258610014519,0.03415907399809797,-0.011653166375235426,-0.019915408526120122,-0.029442773476741714,-0.03172089823886382,-0.024453604115088016,-0.015625923108735503,-0.013053157051100625,-0.0003248658231557195,-0.0064502496685487675,-0.015284482241098693,-0.0032196352561087633,0.0032196352561089706,0.0032196352561089355,0.009142857142856928,0.0032196352561091345,0.012136545729014157,0.011688344860711481,1.0,0.199821484183072,-0.003219635256108567,0.013396966816949091,0.005582905262391267,0.006450249668549054,0.007215704029435816,0.0032196352561083955,0.00455583525059401
ybtPQ_VIR,0.0027819308775913747,0.003409090909090621,0.0019660067234399227,-0.0039387176519982605,-0.01321033637016803,0.07840005011502983,0.05075318720323775,0.06275327694383011,0.05588734839286315,0.037958723796436625,-0.016183879636498526,0.03978764614969794,0.04016631286000327,-0.01804667232854791,-0.006352519238676227,-0.006506955222997659,0.007393644117899224,-0.04868354579994668,-0.06738094140625757,-0.07323912652904754,0.04188375796595198,0.0034090909090912455,-0.008422625485771258,-0.004406127249758196,0.0019660067234399574,0.007675471407817499,0.003409090909091167,0.0048294215954940165,-0.001966006723439973,0.00393871765199906,0.0034090909090910594,0.011137310837974585,0.001966006723439894,0.0027819308775916558,0.01288413224646179,0.009113292418952756,0.007931763087802215,0.007931763087802107,0.007410942111316797,0.005219348045725219,0.003938717651998534,0.002781930877591218,0.002781930877591399,0.00521934804572469,0.0019660067234398373,0.004406127249758392,0.00196600672344002,0.0019660067234395823,0.0019660067234397276,0.001966006723439761,0.0019660067234394756,0.005924951909334721,0.0027819308775916905,0.010369654604590927,0.003409090909090653,0.0019660067234395814,0.007675471407816883,0.002781930877591665,0.0034090909090903772,0.006249023666322668,0.005219348045725067,0.004406127249758206,0.0027819308775914177,0.001966006723439761,0.006557788282337813,0.003409090909090456,0.0027819308775913995,0.0019660067234398867,0.003938717651998654,0.00393871765199853,0.006249023666321918,0.005219348045725048,0.002781930877591379,0.001966006723439854,0.0019660067234395107,0.0027819308775911184,0.001966006723439591,-0.07496721343527564,0.006853317256316091,0.0019660067234399128,0.0019660067234399865,0.004829421595495041,0.005219348045725145,0.015337928024980896,0.015481260332659546,0.001966006723439611,0.0039387176519986725,0.006249023666322936,-0.07085896190639426,0.002781930877592051,0.0019660067234395793,-0.005924951909335301,0.00340909090909062,0.03046985995590063,0.006506955222998109,0.013257654117836148,0.0027819308775915053,0.017397030000594157,0.006853317256315268,0.006557788282336925,0.009548474303374068,-0.08637872384674047,-0.06632223545408654,0.00482942159549453,0.004406127249758427,0.0019660067234396113,0.00741094211131736,0.004829421595494606,0.003409090909091375,0.0019660067234400693,0.005582905262391225,0.021910992990107264,0.03700064349504774,0.039890934062220176,0.021928318259675162,0.0316622102655831,0.030033728094556247,0.03535413551179053,0.02464790945871067,-0.05205052551327771,-0.019660958836356636,-0.003938717651998891,-0.009333167411831694,-0.0019660067234402584,0.0019660067234399696,0.001966006723439977,0.005582905262390648,0.001966006723440224,0.007410942111317339,0.00713725709719568,0.199821484183072,1.0,0.5766953055423788,0.008180593371826906,0.0034090909090909193,0.003938717651998951,0.0044061272497585326,0.0019660067234397163,0.0027819308775919828
emrD_AMR,0.0016043264774505167,0.001966006723440011,0.0011337868480724986,-0.002271439979764632,-0.007618338969311668,0.07534352710129795,0.05433666815705005,0.0632473918170636,0.058101848545431524,0.09067857345160348,-0.00933316741183195,-0.012168590499917068,-0.01210104895240504,-0.010407431212535387,0.021219934011958028,0.02116088645006442,0.027221232968073134,0.021456356468321586,0.016978757023524624,0.01590047310833236,0.024154166597437274,0.0019660067234401495,-0.004857288577985916,-0.002540992900558171,0.001133786848072566,0.004426408328712841,0.0019660067234398663,0.0027851047626068766,-0.0011337868480723499,0.002271439979764249,0.001966006723439987,0.006422834876625963,0.0011337868480725255,0.0016043264774504727,0.007430218582521907,0.005255592956045323,0.004574210537410314,0.00457421053741033,0.004273855525243192,0.0030099735159615534,0.00227143997976433,0.0016043264774505623,0.0016043264774505625,0.0030099735159616814,0.0011337868480726064,0.0025409929005581803,0.0011337868480726864,0.0011337868480726068,0.001133786848072605,0.001133786848072605,0.0011337868480726075,0.0034168919516782597,0.0016043264774504768,0.005980131130563902,0.0019660067234399717,0.0011337868480726073,0.004426408328712901,0.0016043264774505623,0.001966006723440013,0.0036037826125910697,0.00300997351596163,0.0025409929005581946,0.0016043264774505607,0.0011337868480726055,0.0037818457171650186,0.0019660067234399587,0.0016043264774505007,0.0011337868480725205,0.0022714399797645456,0.0022714399797645565,0.0036037826125913733,0.003009973515961605,0.0016043264774505599,0.0011337868480726064,0.0011337868480726075,0.0016043264774505623,0.0011337868480726073,0.007802790652128233,0.003952275889109948,0.0011337868480726064,0.0011337868480725962,0.0027851047626067543,0.003009973515961575,0.008845311088753133,0.008927970157724965,0.0011337868480726068,0.0022714399797644394,0.003603782612591148,0.008161701781239622,0.0016043264774501088,0.0011337868480726073,-0.00341689195167762,0.001966006723440012,0.017571825197102237,-0.021160886450063896,0.0302245183500077,0.0016043264774505627,0.010032785531723203,0.00395227588911009,0.0037818457171649327,0.005506560305848245,0.006941850439284034,0.008593801578350413,0.002785104762606656,0.0025409929005579647,0.0011337868480726073,0.004273855525243088,0.0027851047626067877,0.0019660067234399075,0.001133786848072508,0.0032196352561087178,0.012635966797167324,0.021338097405641403,0.023004914407383278,0.035113525783371013,0.041161568200154985,0.04011290870358182,0.043588437686523186,0.03674800806791963,-0.030017293714521488,-0.03378634654628693,-0.002271439979764401,-0.005382393832244641,-0.0011337868480728497,0.0011337868480722688,0.0011337868480726168,0.0032196352561086276,0.0011337868480723343,0.004273855525243156,0.004116022662402049,-0.003219635256108567,0.5766953055423788,1.0,0.004717709794083516,0.001966006723439767,0.0022714399797643605,0.0025409929005581404,0.0011337868480726073,0.001604326477450213
parE-L445H_AMR,-0.0066756346207780745,-0.008180593371826965,-0.004717709794083718,0.009451507271782067,-0.6192570077398303,-0.31350592603086586,0.08682368562695222,0.0745913729965214,-0.24176295606456605,0.05202673150346411,0.038835496622205215,0.05063374890901844,-0.0791214932800924,-0.07354331000573609,-0.070024746903038,-0.08805087254864007,-0.11326809584961216,-0.08928032921535199,-0.0706489482017045,-0.06616218722352417,0.1431126201993542,-0.008180593371826974,0.02021127510520312,0.0105731223766082,-0.004717709794083718,-0.018418373753834306,-0.008180593371826972,-0.011588876726199418,0.004717709794083896,-0.009451507271781802,-0.008180593371826974,-0.026725544624859227,-0.004717709794083719,-0.006675634620778073,-0.03091728841143136,-0.021868627603683053,-0.01903338170594132,-0.019033381705941318,-0.017783598481685568,-0.012524560114914611,-0.009451507271781803,-0.006675634620778074,-0.006675634620778075,-0.012524560114914625,-0.004717709794083715,-0.010573122376608176,-0.004717709794083718,-0.0047177097940837185,-0.004717709794083715,-0.004717709794083715,-0.0047177097940837185,-0.014217755879918371,-0.00667563462077807,0.11872493588556526,0.1334559546149027,-0.0047177097940837185,-0.01841837375383432,-0.0066756346207780745,-0.008180593371826967,-0.014995411664964329,-0.012524560114914632,-0.010573122376608204,-0.0066756346207780745,-0.004717709794083715,-0.01573633581119159,-0.008180593371826974,-0.0066756346207780745,-0.0047177097940837185,-0.0094515072717818,-0.0094515072717818,-0.014995411664964339,-0.012524560114914617,-0.0066756346207780745,-0.004717709794083715,-0.0047177097940837185,-0.006675634620778075,-0.0047177097940837185,0.005008069352338303,0.054737715380648706,-0.004717709794083714,-0.004717709794083718,-0.011588876726199415,-0.012524560114914639,-0.03680551668602386,-0.03714946272836762,-0.0047177097940837185,-0.009451507271781808,-0.014995411664964323,-0.03396100465903588,-0.006675634620778071,-0.0047177097940837185,0.014217755879918276,-0.008180593371826963,-0.07311671675608498,0.03316928163538176,0.13950920587202573,-0.006675634620778077,-0.011630390505437977,-0.01644549917180019,-0.01573633581119158,-0.022912907775191515,-0.028885178781309456,-0.03575898057339299,-0.011588876726199408,-0.010573122376608193,-0.004717709794083719,-0.01778359848168561,-0.011588876726199404,-0.008180593371826982,-0.004717709794083716,-0.013396966816948682,-0.05257851104733953,0.11172332336527332,0.09891003117495335,0.0353686194085142,0.030529567272053977,0.050664555872073344,0.04009060414826936,0.04564789291480863,0.025348812142156445,0.041684741727696165,0.009451507271781394,-0.08335716052909713,0.0047177097940836535,-0.0047177097940837185,-0.004717709794083718,-0.013396966816948679,-0.0047177097940837185,-0.017783598481685616,-0.017126852776688153,0.013396966816949091,0.008180593371826906,0.004717709794083516,1.0,0.27509250260163276,0.2360096962865517,-0.010573122376608197,-0.0047177097940837185,-0.006675634620778071
pcoABCDERS+sil_STRESS,-0.0027819308775916545,-0.0034090909090909085,-0.00196600672343993,0.003938717651998736,-0.1676381444803508,-0.07840005011502947,0.03618195207990223,0.031084392050922866,-0.05588734839286185,0.0216810504246543,0.016183879636499178,0.021100554110584795,-0.10131606157617862,-0.11992052824381742,-0.03679574605172286,-0.036693356520671704,-0.047202106045360584,-0.037205706830130074,-0.029441469109162784,-0.027571705466508705,0.04030148266501529,-0.003409090909090913,0.008422625485771464,0.00440612724975859,-0.00196600672343993,-0.007675471407816996,-0.0034090909090909124,-0.0048294215954946635,0.001966006723439887,-0.0039387176519986395,-0.003409090909090913,-0.011137310837974512,-0.001966006723439931,-0.002781930877591654,-0.012884132246462392,-0.009113292418953294,-0.00793176308780285,-0.007931763087802851,-0.007410942111317489,-0.005219348045725247,-0.003938717651998641,-0.002781930877591655,-0.0027819308775916553,-0.005219348045725253,-0.001966006723439929,-0.004406127249758503,-0.00196600672343993,-0.0019660067234399314,-0.0019660067234399284,-0.0019660067234399284,-0.001966006723439931,-0.0059249519093355,-0.0027819308775916523,-0.010369654604591324,-0.003409090909090913,-0.001966006723439931,-0.007675471407817001,-0.0027819308775916553,-0.00340909090909091,-0.0062490236663222485,-0.005219348045725256,-0.00440612724975851,-0.0027819308775916553,-0.001966006723439929,-0.006557788282337539,-0.003409090909090914,-0.002781930877591655,-0.00196600672343993,-0.0039387176519986395,-0.003938717651998641,-0.006249023666322249,-0.00521934804572525,-0.0027819308775916553,-0.001966006723439929,-0.001966006723439931,-0.002781930877591656,-0.001966006723439931,-0.013530178895404003,-0.006853317256316011,-0.001966006723439929,-0.0019660067234399297,-0.004829421595494658,-0.00521934804572526,-0.015337928024980893,-0.015481260332660361,-0.0019660067234399314,-0.003938717651998644,-0.006249023666322248,-0.014152537228586988,-0.0027819308775916527,-0.0019660067234399314,0.005924951909335347,-0.0034090909090909085,-0.030469859955901527,-0.04970726696667007,0.06504675114002022,-0.002781930877591656,-0.017397030000595233,-0.006853317256316002,-0.006557788282337533,-0.009548474303374277,-0.012037293129610228,-0.014901806024357783,-0.004829421595494655,-0.004406127249758511,-0.001966006723439931,-0.007410942111317502,-0.004829421595494654,-0.003409090909090909,-0.0019660067234399297,-0.00558290526239083,-0.02191099299010761,0.0060449009135519795,0.0018928082591800916,-0.021928318259674687,-0.03166221026558252,-0.030033728094555626,-0.03535413551179009,-0.02464790945870998,-0.0654958019246366,-0.05818938489684077,0.003938717651998581,0.009333167411831834,0.0019660067234397345,-0.00196600672343993,-0.0019660067234399297,-0.005582905262390836,-0.00196600672343993,-0.007410942111317496,-0.007137257097195923,0.005582905262391267,0.0034090909090909193,0.001966006723439767,0.27509250260163276,1.0,0.5757092301338017,0.2549678968526916,-0.0019660067234399305,-0.0027819308775916527
acrB-R620C_AMR,-0.0032141238079016945,-0.0039387176519986395,-0.0022714399797645196,0.004550625711035273,-0.14144578590187074,-0.06039810081809116,0.04180307804665807,0.035913575477300744,-0.03865385967809646,0.025049357232961155,0.01869816150461615,0.024378676649745135,-0.08173133842697533,-0.0987006942117156,-0.04251222931776481,-0.04239393283812104,-0.054535292032429565,-0.042985880445763125,-0.03401541266376943,-0.03185516781821595,0.022824280357318594,-0.003938717651998644,0.009731140811914651,0.005090650744835823,-0.00227143997976452,-0.008867910984938035,-0.003938717651998644,-0.005579706905554692,0.0022714399797646063,-0.004550625711035267,-0.003938717651998645,-0.012867572019375622,-0.002271439979764521,-0.0032141238079016927,-0.014885774672215718,-0.010529107810717973,-0.009164019417050763,-0.009164019417050766,-0.0085622851634573,-0.006030211228689306,-0.004550625711035268,-0.003214123807901694,-0.003214123807901694,-0.00603021122868931,-0.0022714399797645187,-0.005090650744835634,-0.0022714399797645196,-0.002271439979764521,-0.002271439979764518,-0.002271439979764518,-0.002271439979764521,-0.006845435717279214,-0.0032141238079016914,-0.011980654879961628,-0.003938717651998644,-0.002271439979764521,-0.008867910984938039,-0.0032141238079016945,-0.00393871765199864,-0.007219854347874871,-0.006030211228689311,-0.005090650744835641,-0.003214123807901694,-0.0022714399797645187,-0.007576587763275723,-0.003938717651998646,-0.0032141238079016945,-0.00227143997976452,-0.004550625711035268,-0.00455062571103527,-0.007219854347874869,-0.006030211228689307,-0.003214123807901695,-0.0022714399797645187,-0.002271439979764521,-0.003214123807901696,-0.002271439979764521,-0.015632189305341316,-0.007918029284644969,-0.0022714399797645183,-0.002271439979764519,-0.005579706905554686,-0.0060302112286893155,-0.017720785238075878,-0.017886385248581146,-0.002271439979764521,-0.0045506257110352714,-0.007219854347874868,-0.016351235472822356,-0.003214123807901692,-0.002271439979764521,0.006845435717279155,-0.0039387176519986395,-0.035203571410255846,-0.032473752554000826,0.07515223082997234,-0.0032141238079016953,-0.02009978348567034,-0.007918029284644959,-0.007576587763275713,-0.011031898324584337,-0.013907373020017462,-0.01721690855420732,-0.005579706905554682,-0.005090650744835644,-0.0022714399797645205,-0.00856228516345732,-0.005579706905554682,-0.003938717651998641,-0.002271439979764519,-0.00645024966854836,-0.025315023026466862,-0.005449225017198102,-0.009881917044173991,-0.07034679087204902,-0.04805174640089496,-0.046115413730036005,-0.05246636933818651,-0.03976318661720579,-0.04171904659135866,-0.0672295235192914,0.004550625711035318,0.010783141961985262,0.002271439979764366,-0.0022714399797645196,-0.0022714399797645196,-0.006450249668548367,-0.00227143997976452,-0.008562285163457311,-0.008246081217902924,0.006450249668549054,0.003938717651998951,0.0022714399797643605,0.2360096962865517,0.5757092301338017,1.0,-0.005090650744835637,-0.0022714399797645205,-0.0032141238079016927
sat2_AMR,-0.0035955454910323397,-0.004406127249758503,-0.002540992900558081,0.00509065074483594,0.01707388409732826,-0.0067909710760122284,-0.054360613276222755,0.040175457478272586,0.043733426115887035,0.02802197700997416,0.020917081701469317,0.027271706425817763,0.02712033529903765,0.02332467418285537,-0.047557176877082344,0.0530778832726252,0.03160478413334493,-0.04808703642182362,-0.03805203873234285,-0.03563543654830114,-0.054133249073513044,-0.004406127249758501,-0.09591722837880147,0.005694760820045747,-0.002540992900558081,-0.009920270425919234,-0.0044061272497585005,-0.006241853520461158,0.0025409929005581937,-0.005090650744835631,-0.004406127249758503,-0.014394573239854158,-0.0025409929005580814,-0.00359554549103234,-0.016652277012984818,-0.011778602311569172,-0.0102515181940737,-0.01025151819407371,-0.009578375835030569,-0.0067458194174048365,-0.005090650744835631,-0.0035955454910323397,-0.0035955454910323406,-0.006745819417404836,-0.0025409929005580784,0.19544419134396337,-0.0025409929005580805,-0.002540992900558081,-0.0025409929005580775,-0.0025409929005580775,-0.0025409929005580805,-0.0076577870046279865,-0.0035955454910323367,-0.013402405199002872,-0.004406127249758507,-0.00254099290055808,-0.009920270425919241,-0.0035955454910323397,-0.004406127249758503,-0.008076638081766674,-0.006745819417404839,-0.005694760820045562,-0.0035955454910323393,-0.0025409929005580784,-0.008475705230359945,-0.004406127249758509,-0.00359554549103234,-0.002540992900558081,0.2196615796396576,-0.005090650744835629,-0.008076638081766665,-0.006745819417404843,-0.0035955454910323397,-0.0025409929005580784,-0.0025409929005580805,-0.0035955454910323397,-0.00254099290055808,0.051140546806306725,-0.00885766578819294,-0.002540992900558078,-0.00254099290055808,-0.006241853520461153,-0.00674581941740485,0.16443253817251705,-0.02000897155028649,-0.002540992900558081,-0.005090650744835636,-0.008076638081766674,-0.01829164478125563,-0.0035955454910323384,-0.002540992900558081,0.007657787004627851,-0.004406127249758504,-0.03938119687275348,-0.05307788327262515,-0.0070144781514704,-0.0035955454910323406,-0.02248503486547669,-0.008857665788192923,-0.008475705230359946,-0.01234105922770342,-0.015557767946367193,-0.019260047721064558,-0.006241853520461148,-0.005694760820045561,-0.00254099290055808,-0.009578375835030581,-0.006241853520461138,-0.004406127249758503,-0.00254099290055808,-0.007215704029435833,-0.028319169496340953,0.018939780017304782,0.01324718301197365,0.04215308344127051,0.06173216939165405,0.002047898554330837,-0.004098323095965297,0.008544643449543577,0.006503671754803716,0.015349204755180635,0.005090650744835411,0.012062782822883611,0.002540992900558167,-0.0025409929005580814,-0.002540992900558081,-0.0072157040294358495,-0.002540992900558081,0.1112459936268551,-0.009224647808782903,0.007215704029435816,0.0044061272497585326,0.0025409929005581404,-0.010573122376608197,0.2549678968526916,-0.005090650744835637,1.0,-0.00254099290055808,-0.0035955454910323393
marR-R77C_AMR,-0.0016043264774504987,-0.001966006723439927,-0.001133786848072564,0.0022714399797644836,0.00761833896931172,-0.07534352710129774,0.020865961909838946,-0.06324739181706346,-0.05810184854543117,0.0125033599991257,0.009333167411831983,0.012168590499917191,0.012101048952404965,0.01040743121253545,0.053430272093854696,-0.021160886450064212,0.04165082637521778,-0.021456356468322044,-0.01697875702352514,-0.015900473108332733,-0.0241541665974373,-0.00196600672343993,0.004857288577986011,0.0025409929005579574,-0.0011337868480725641,-0.004426408328712822,-0.00196600672343993,-0.0027851047626067556,0.0011337868480725138,-0.002271439979764522,-0.0019660067234399305,-0.006422834876626165,-0.0011337868480725635,-0.0016043264774505002,-0.0074302185825220425,-0.005255592956045323,-0.004574210537410232,-0.004574210537410234,-0.004273855525243115,-0.0030099735159615395,-0.0022714399797645218,-0.0016043264774504987,-0.0016043264774504994,-0.0030099735159615404,-0.0011337868480725617,-0.0025409929005580784,-0.0011337868480725641,-0.0011337868480725624,-0.0011337868480725615,-0.0011337868480725615,-0.001133786848072563,-0.003416891951678135,-0.0016043264774504987,-0.005980131130563734,-0.001966006723439928,-0.001133786848072563,-0.00442640832871282,-0.001604326477450499,-0.001966006723439926,-0.0036037826125912705,-0.003009973515961539,-0.002540992900558081,-0.0016043264774504987,-0.0011337868480725617,-0.0037818457171648777,-0.001966006723439929,-0.0016043264774504998,-0.0011337868480725641,-0.0022714399797645213,-0.0022714399797645205,-0.0036037826125912623,-0.0030099735159615374,-0.0016043264774504987,-0.0011337868480725617,-0.0011337868480725626,-0.0016043264774504987,-0.0011337868480725626,-0.0078027906521280594,-0.00395227588911002,-0.0011337868480725615,-0.0011337868480725643,-0.0027851047626067564,-0.0030099735159615417,-0.008845311088753366,-0.008927970157724686,-0.0011337868480725624,-0.00227143997976452,-0.0036037826125912696,-0.008161701781239867,-0.0016043264774505002,-0.0011337868480725624,0.003416891951677996,-0.001966006723439926,-0.017571825197102126,0.02116088645006426,-0.03022451835000776,-0.0016043264774504992,-0.010032785531723197,-0.003952275889110014,-0.003781845717164871,-0.005506560305847989,-0.006941850439283744,-0.00859380157835028,-0.002785104762606754,-0.0025409929005580844,-0.0011337868480725626,-0.00427385552524313,-0.002785104762606757,-0.0019660067234399314,-0.0011337868480725643,-0.0032196352561086406,-0.012635966797167024,-0.02133809740564116,-0.023004914407382896,-0.03511352578337057,-0.04116156820015491,-0.040112908703581744,-0.04358843768652305,-0.03674800806791947,0.03001729371452138,0.033786346546286775,0.002271439979764631,0.005382393832244631,0.0011337868480726177,-0.0011337868480725643,-0.0011337868480725641,-0.003219635256108638,-0.0011337868480725643,-0.004273855525243129,-0.004116022662401913,0.0032196352561083955,0.0019660067234397163,0.0011337868480726073,-0.0047177097940837185,-0.0019660067234399305,-0.0022714399797645205,-0.00254099290055808,1.0,-0.0016043264774505002
ampC-C11T_AMR,-0.0022701475595913773,-0.0027819308775916506,-0.0016043264774504996,0.003214123807901784,0.0107800711777859,-0.10661229281201284,-0.07688725228114261,-0.08949606841382836,-0.08221504259704397,0.01769245386625712,0.01320658078080109,0.017218749684261996,0.017123177317034236,0.014726681196646513,-0.030026545150890604,-0.029942991908818422,-0.038518478913183656,-0.030361086698319363,-0.024025212052289274,-0.022499423110308663,-0.03417853106948282,-0.0027819308775916523,0.006873140826715748,0.0035955454910325227,-0.0016043264774504996,-0.00626343840011354,-0.002781930877591652,-0.003940967670174932,0.0016043264774504794,-0.0032141238079016936,-0.002781930877591653,-0.009088413814625926,-0.0016043264774505,-0.002270147559591376,-0.010513877829373021,-0.007436747875863719,-0.006472580883325475,-0.006472580883325475,-0.006047573749512059,-0.0042591605435282065,-0.0032141238079016953,-0.0022701475595913773,-0.0022701475595913773,-0.004259160543528209,-0.001604326477450499,-0.003595545491032336,-0.0016043264774504992,-0.0016043264774505007,-0.0016043264774504987,-0.0016043264774504987,-0.0016043264774505005,-0.004834956621682306,-0.002270147559591375,-0.008461980951445434,-0.0027819308775916536,-0.0016043264774505005,-0.006263438400113547,-0.0022701475595913777,-0.002781930877591651,-0.005099409888361907,-0.00425916054352821,-0.0035955454910323427,-0.0022701475595913773,-0.0016043264774504987,-0.005351372021994098,-0.0027819308775916545,-0.002270147559591377,-0.0016043264774504996,-0.003214123807901694,-0.0032141238079016953,-0.005099409888361897,-0.004259160543528209,-0.0022701475595913773,-0.0016043264774504987,-0.0016043264774505005,-0.002270147559591378,-0.0016043264774505005,-0.011041073251549235,-0.005592533434187988,-0.0016043264774504987,-0.0016043264774504992,-0.00394096767017493,-0.004259160543528213,-0.012516256300818639,-0.01263322020208239,-0.0016043264774505007,-0.003214123807901693,-0.005099409888361907,-0.011548938224991645,-0.002270147559591375,-0.0016043264774505007,0.004834956621682254,-0.00278193087759165,-0.024864412979183334,0.029942991908818377,-0.04276817564036741,-0.002270147559591378,-0.01419655158153296,-0.005592533434187972,-0.0053513720219940915,-0.0077918706795445615,-0.009822829115699459,-0.012160366331239047,-0.003940967670174925,-0.0035955454910323427,-0.0016043264774505005,-0.00604757374951207,-0.00394096767017493,-0.0027819308775916536,-0.0016043264774504992,-0.004555835250593437,-0.01788009460097655,-0.030193748238025942,-0.03255232088640771,-0.0496861991534557,0.038976320572850685,0.039995266593749794,-0.06167833469762965,-0.05199901766117024,0.042474949475276504,0.04780821936034402,0.003214123807901737,0.007616173138554085,0.001604326477450213,-0.0016043264774504994,-0.0016043264774504992,-0.004555835250593439,-0.0016043264774504992,-0.006047573749512068,-0.005824237730666518,0.00455583525059401,0.0027819308775919828,0.001604326477450213,-0.006675634620778071,-0.0027819308775916527,-0.0032141238079016927,-0.0035955454910323393,-0.0016043264774505002,1.0
