{
    "name": "test",
    "tree_file": "/home/lenora/Dropbox/NCSU/Lab/ESBL-HAI/NCBI_Dataset/final/interval_trees/2003-2013-bioprojsampling/phylo.nwk",
    "features_file": "/home/lenora/Dropbox/NCSU/Lab/ESBL-HAI/NCBI_Dataset/final/combined_ancestral_states_binary_grouped_diverse_uncorr.csv",
    "n_epochs": 20000,
    "interval_times": [
        1862.125219,
        1985.9,
        1995.0,
        2000.0,
        2003.0,
        2008.0,
        2009.0,
        2010.0,
        2011.8,
        2012.0,
        2012.9,
        2013.0,
        2014.0,
        2014.8,
        2015.0,
        2015.2,
        2016.0,
        2016.4,
        2017.0,
        2018.0,
        2018.1,
        2019.1,
        2019.7,
        2020.0,
        2020.1,
        2020.2,
        2020.8
    ],
    "birth_rate_changepoints": [
        1862.125219,
        2003,
        2013
    ],
    "birth_rate_idx": [
        0,
        0,
        0,
        0,
        0,
        1,
        1,
        1,
        1,
        1,
        1,
        1,
        2,
        2,
        2,
        2,
        2,
        2,
        2,
        2,
        2,
        2,
        2,
        2,
        2,
        2,
        2
    ],
    "bd_array_params": {
        "d": [
            1,
            false
        ],
        "gamma": [
            0,
            false
        ],
        "rho": [
            0,
            false
        ]
    },
    "constrained_sampling_rate": 0.0001
}