,BlaKPC_AMR,Col_PLASMID,IncB/O/K/Z_PLASMID,IncC_PLASMID,IncFIA_PLASMID,IncFIB_PLASMID,IncFII_PLASMID,IncHI_PLASMID,IncI_PLASMID,IncN_PLASMID,IncP6_PLASMID,IncQ1_PLASMID,IncR_PLASMID,IncX_PLASMID,IncY_PLASMID,aac(3)_AMR,aac(6')-Ib-cr_AMR,aac(6')_AMR,aadA_AMR,aap_VIR,aar_VIR,aatA_VIR,acrB-R620C_AMR,acrB-R717L_AMR,acrF_AMR,acrR-R45C_AMR,afaC_VIR,agg3DCB_VIR,agg5A_VIR,aggR_VIR,ampC-C11T_AMR,ampC-T32A_AMR,ant(2'')-Ia_AMR,aph(3'')-Ib_AMR,aph(3')-Ia_AMR,aph(3')-VI_AMR,aph(6)-Id_AMR,arr_AMR,astA_VIR,basR-G53S_AMR,blaCARB-2_AMR,blaCMY_AMR,blaCTX-M-14_AMR,blaCTX-M-15_AMR,blaCTX-M-195_AMR,blaCTX-M-1_AMR,blaCTX-M-24_AMR,blaCTX-M-27_AMR,blaCTX-M-55_AMR,blaCTX-M_AMR,blaDHA_AMR,blaEC_AMR,blaFOX-5_AMR,blaLAP_AMR,blaNDM_AMR,blaOXA-CH_AMR,blaOXA-OH_AMR,blaSHV_AMR,blaTEM-CA_AMR,blaTEM-ES_AMR,blaTEM-IR_AMR,blaVIM_AMR,ble_AMR,capU_VIR,catA_AMR,catB_AMR,cdtB_VIR,cmlA_AMR,cnf1_VIR,cvaC_VIR,dfrA_AMR,dfrB_AMR,emrD_AMR,emrE_STRESS,erm(B)_AMR,espX1_VIR,fdeC_VIR,floR_AMR,focG_VIR,glpT-E448K_AMR,gyrA-D87N_AMR,gyrA-S83L_AMR,hlyA-alpha_VIR,ibeA_VIR,iha_VIR,ireA_VIR,iroBCDEN_VIR,iss_VIR,iucABCD_VIR,iutA_VIR,kefB_STRESS,lnu(F)_AMR,marR-R77C_AMR,marR-R94H_AMR,mchB_VIR,mchF_VIR,mcr_AMR,mdtM_AMR,merA_STRESS,merB_STRESS,merCPRT_STRESS,merD_STRESS,merE_STRESS,mph(A)_AMR,ncr_STRESS,nfaE_VIR,nfsA-R15C_AMR,nfsA-R203C_AMR,p0111_PLASMID,pKPC_PLASMID,papA_VIR,papCFGII_VIR,papE_VIR,papG-III_VIR,papH_VIR,parC-A56T_AMR,parC-E84V_AMR,parC-S57T_AMR,parC-S80I_AMR,parC-S80R_AMR,parE-E460D_AMR,parE-I529L_AMR,parE-L445H_AMR,pcoABCDERS_STRESS,pmrB-E123D_AMR,pmrB-G206D_AMR,pmrB-T156M_AMR,pmrB-V161G_AMR,psi-GI_STRESS,ptsI-V25I_AMR,qacE_STRESS,qacF_STRESS,qacL_STRESS,qepA4_AMR,qnrA_AMR,qnrB_AMR,qnrS1_AMR,rep21_PLASMID,rmtB1/C_AMR,rpoB-Q513L_AMR,sat2_AMR,sat_VIR,senB_VIR,sfaF_VIR,sil_STRESS,soxR-G121D_AMR,sslE_VIR,sul_AMR,terB_STRESS,terC_STRESS,terD_STRESS,terE_STRESS,terW_STRESS,terZ_STRESS,tet_AMR,trxLHR_STRESS,tsh_VIR,uhpT-E350Q_AMR,ybtPQ_VIR,ymgB_STRESS
BlaKPC_AMR,1.0,0.02590017169455574,-0.021709861337146256,0.10531875274460498,-0.00747023381138627,0.0776548277107562,0.024009106197746818,-0.008461980951445437,-0.020538133297458988,0.19812286097368348,0.18959230547268716,-0.02084618296748009,0.1895923054726872,-0.019886466523426648,-0.01431702709077523,0.06703471637623841,-0.004560455847956898,0.13246826732759184,-0.0723407552582879,-0.014689967273001935,-0.013402405199002909,-0.013402405199002909,-0.011980654879961628,-0.010369654604591287,0.013402405199002675,0.18959230547268718,-0.043351698004265214,-0.013402405199002909,-0.013402405199002909,-0.013402405199002909,-0.008461980951445434,-0.01468996727300194,-0.013402405199002878,0.03400110960380649,0.1129546639592846,-0.005980131130563734,0.047483713587856954,0.08597229196268738,0.00186182313680813,-0.005980131130563735,-0.008461980951445434,-0.019008063663799056,-0.022542346930101674,-0.03594395273250671,-0.005980131130563737,-0.0059801311305637305,-0.0103696546045913,-0.02665471044791366,-0.005980131130563733,-0.01587603203862704,-0.005980131130563732,0.011980654879961626,-0.00598013113056373,-0.0059801311305637305,-0.023346982978433607,-0.01036965460459129,0.006555431697741569,-0.0059801311305637305,0.06553271672593561,-0.011980654879961623,-0.016981887783270106,-0.008461980951445432,-0.023346982978433607,-0.010369654604591296,0.09866166637394581,-0.019947253174310325,-0.010369654604591291,0.058296117644482386,-0.03275950905763012,-0.022542346930101653,-0.015777897198239417,-0.005980131130563735,0.005980131130563902,0.016981887783269332,-0.023346982978433642,-0.005980131130563733,0.025619650364375055,0.08597229196268748,-0.011980654879961626,0.018022313422262393,0.04777462931259129,0.06594866794806176,-0.024107139837117944,-0.03919050704086959,-0.038710186635715974,0.05829611764448235,-0.024126562130282213,-0.061893396277394985,-0.03836489080068946,-0.022542346930101702,-0.019008063663799046,-0.005980131130563731,-0.005980131130563734,-0.005980131130563731,-0.008461980951445435,-0.02412656213028221,-0.005980131130563734,0.04922756431788063,0.18959230547268716,-0.005980131130563734,0.16340784537680014,0.10267238262817567,0.12990707793978243,-0.0881790810743216,0.2682761368310106,-0.04457025888284557,-0.005980131130563733,-0.008461980951445434,-0.014689967273001925,0.32875645709370965,-0.029044218287863268,-0.05511437373990068,-0.036614621157628174,-0.00846198095144543,-0.017876188892854916,-0.005980131130563734,0.011951247991760106,-0.008461980951445434,0.04737748409670876,-0.014689967273001953,-0.016981887783270134,-0.05150036368743398,0.11872493588556526,-0.010369654604591324,0.011980654879961368,-0.008461980951445434,-0.005980131130563732,-0.011980654879961621,-0.019008063663799046,0.005980131130563635,-0.06161480083384825,0.1895923054726872,-0.005980131130563731,-0.005980131130563734,-0.005980131130563731,-0.013402405199002885,0.1495906648129361,-0.005980131130563733,-0.008461980951445435,-0.010369654604591319,-0.013402405199002872,-0.03950841567872776,0.007181250437094319,-0.01587603203862701,-0.010369654604591324,-0.010369654604591293,-0.02772049711058789,-0.025960871664301104,-0.005980131130563734,-0.005980131130563734,-0.008461980951445437,-0.005980131130563734,-0.005980131130563734,-0.005980131130563734,-0.027199252580835966,-0.019008063663799046,-0.00846198095144543,0.00598013113056406,0.010369654604590927,-0.18261874636818382
Col_PLASMID,0.02590017169455574,1.0,-0.023539655763574783,0.009223882200857413,-0.12978783945691294,0.01589679412297486,0.15839169070735276,-0.005485895008955137,-0.030528640907426283,-0.0111303581979311,-0.037771121502671444,-0.013514562577398635,-0.03777112150267145,-0.01632873845842699,-0.06276436990206963,0.10514747442207552,-0.03165516350207283,-0.023147022056782793,0.15490824517123117,-0.0927833398005302,-0.08465096569744508,-0.08465096569744508,-0.04171904659135866,0.05205052551327816,-0.036888550905553,0.030017293714521387,0.09148795956444498,-0.08465096569744508,-0.08465096569744508,-0.08465096569744508,0.042474949475276504,-0.06503005760409793,-0.02388120739594588,0.12447191827520679,-0.04573282685271469,0.03001729371452139,0.07075135921105546,0.02618494998038266,-0.040543969675281406,0.0300172937145214,0.04247494947527656,-0.05541649861943655,-0.014614184222768405,-0.10473992092401899,0.03001729371452141,-0.03777112150267146,0.05205052551327816,0.07808742776421349,-0.03777112150267145,-0.07456543834895724,0.030017293714521387,0.07567104487722959,0.030017293714521415,0.03001729371452136,-0.023957569732088818,0.01286841636730665,-0.028578117836647297,0.03001729371452136,0.03883254213532122,0.02618494998038266,-0.03507184368427434,-0.005485895008955141,-0.023957569732088818,-0.06549580192463653,-0.06432138240874626,-0.043765544309968506,0.01286841636730667,-0.023147022056782828,-0.08094246909820546,-0.14237977500202062,0.13605769712235619,-0.03777112150267147,-0.030017293714521488,-0.013053157051100625,0.08190331804156135,-0.03777112150267145,-0.04792731000541849,-0.0077670483054879365,-0.04171904659135858,-0.06776376142987987,-0.17652219263095895,-0.07951135721200527,-0.08357832336030163,-0.0416601543268377,0.04874260915631168,-0.023147022056782828,-0.13529276428637235,-0.14134160545364644,0.055790614478471265,0.04014249753976834,0.00922388220085724,-0.03777112150267144,0.03001729371452138,-0.03777112150267147,-0.0054858950089551215,-0.13529276428637235,-0.03777112150267145,0.02748542342309583,0.030017293714521404,-0.03777112150267145,0.04900657370710814,-0.02631369277866493,-0.005485895008955131,0.18102668552653953,-0.005485895008955139,0.08722178347906004,-0.03777112150267145,-0.05344673949318685,-0.03727677540766557,0.05205052551327816,-0.05461562869141073,-0.07588409809081181,-0.03526636504011779,-0.005485895008955136,-0.029385972150470414,0.030017293714521408,-0.19079244889276298,0.04247494947527651,-0.17441368177820418,0.07373635337806356,0.08524065815416478,0.03134690074860764,0.025348812142156445,-0.0654958019246366,0.04171904659135842,-0.05344673949318685,-0.03777112150267147,0.06013694826625327,0.00922388220085724,-0.030017293714521085,0.16288358369905698,-0.03777112150267145,-0.03777112150267144,-0.03777112150267145,0.030017293714521377,0.036888550905553305,0.02586945971911305,0.030017293714521397,-0.0534467394931869,0.012868416367306576,0.006503671754803716,0.09510509232008872,0.6878060094768109,-0.07456543834895701,-0.0654958019246366,-0.06549580192463654,-0.13019569457109376,0.12664526896311779,0.03001729371452139,0.03001729371452139,-0.005485895008955137,0.03001729371452139,-0.03777112150267145,-0.03777112150267145,0.1263846579827439,0.00922388220085724,-0.05344673949318685,0.037771121502671354,-0.05205052551327771,0.047660217031324295
IncB/O/K/Z_PLASMID,-0.021709861337146256,-0.023539655763574783,1.0,-0.013082927297147759,-0.050254483412496026,-0.035342323515840095,0.07682104297915052,-0.005824237730666518,-0.032411495653626575,0.014429679845437157,-0.004116022662401912,-0.01434807358657978,-0.004116022662401912,-0.03211141579142195,-0.029629687054898116,0.011579265763763549,-0.010977218058274427,-0.010927203138745862,-0.008264342985843175,-0.010110854910286661,-0.00922464780878292,-0.00922464780878292,-0.008246081217902924,-0.0071372570971959025,0.009224647808782861,-0.004116022662401913,0.029092498943282644,-0.00922464780878292,-0.00922464780878292,-0.00922464780878292,-0.005824237730666518,-0.010110854910286661,-0.00922464780878291,-0.002766321564696698,-0.01240445215253181,-0.004116022662401914,-0.035870552464003835,-0.008246081217902913,-0.02331702290778977,-0.004116022662401915,-0.005824237730666518,0.0757803404211713,0.2855877655408775,-0.04112324200410116,-0.004116022662401916,-0.004116022662401914,-0.007137257097195906,-0.04587275446607481,-0.004116022662401913,-0.01092720313874585,-0.004116022662401914,0.008246081217902946,-0.0041160226624019115,-0.004116022662401911,0.05669589868270364,-0.007137257097195902,-0.013333003055968943,-0.004116022662401911,0.041602112361216526,-0.008246081217902924,-0.011688344860711603,-0.005824237730666517,0.05669589868270364,-0.0071372570971959,-0.013729355481606365,0.0710470143803406,-0.007137257097195898,-0.010927203138745858,-0.03337125434567632,-0.015515514426399887,-0.015123366260762786,-0.004116022662401915,0.004116022662402049,0.011688344860711481,-0.016069331748731392,-0.004116022662401913,0.0176335701007681,-0.008246081217902912,-0.008246081217902917,0.012404452152531404,-0.024836635089073415,-0.04105126922266853,-0.03824926073439562,-0.0269741601997338,-0.01465871061176074,-0.010927203138745864,-0.01660590283489791,0.029387607964647382,-0.02887468460678141,-0.015515514426399911,-0.013082927297147743,-0.004116022662401912,-0.004116022662401913,-0.004116022662401914,-0.005824237730666518,-0.016605902834897907,-0.004116022662401914,0.03388249620675864,-0.004116022662401915,-0.004116022662401914,-0.0020623762169747996,-0.007137257097195906,-0.005824237730666516,-0.0012613847247416087,-0.005824237730666515,0.027910429807746436,-0.004116022662401913,-0.005824237730666518,-0.010110854910286658,-0.007137257097195908,-0.019990642023484276,-0.05714554198576463,-0.02520122170729914,-0.005824237730666516,-0.031198352770459473,-0.004116022662401915,-0.015857108527903275,-0.005824237730666517,-0.025214908223219867,-0.010110854910286661,-0.011688344860711603,0.02765709965753617,-0.017126852776688153,-0.007137257097195923,0.008246081217902915,-0.005824237730666516,-0.004116022662401915,-0.008246081217902917,-0.013082927297147743,0.004116022662402015,-0.009963886070984342,-0.004116022662401914,-0.004116022662401912,-0.004116022662401914,-0.004116022662401912,-0.009224647808782904,-0.014348073586579788,-0.004116022662401915,-0.005824237730666518,-0.007137257097195916,-0.009224647808782903,-0.044700367355533926,-0.00898779063292198,-0.010927203138745845,-0.007137257097195923,-0.0071372570971959,-0.01907954722549219,-0.0027514344771651955,-0.004116022662401914,-0.004116022662401914,-0.005824237730666518,-0.004116022662401914,-0.004116022662401914,-0.004116022662401914,-0.05218323651717644,-0.013082927297147743,-0.005824237730666517,0.004116022662402095,0.00713725709719568,-0.04078778416779573
IncC_PLASMID,0.10531875274460498,0.009223882200857413,-0.013082927297147759,1.0,0.018516359252288842,0.003735186390383181,0.01974772536212926,-0.0050994098883619,0.05802786554961506,-0.024801453050572988,-0.0036037826125912623,-0.01256245224007644,-0.003603782612591263,0.05899247352515894,0.06755577603059215,0.013614747951621514,0.031154235458426594,0.4731718161962424,0.04933563874868263,-0.008852556487835523,-0.008076638081766674,-0.008076638081766674,-0.007219854347874869,-0.0062490236663222416,-0.27719021896623186,-0.003603782612591262,-0.029041201537857386,-0.008076638081766674,-0.008076638081766674,-0.008076638081766674,-0.005099409888361897,-0.008852556487835523,0.4198236474902321,0.01878791861003625,0.20225064784274893,-0.0036037826125912627,0.026861487845037068,0.47091499984013807,-0.020415213575002353,-0.003603782612591263,0.4451784832539945,0.19083619702176396,-0.01358460477538769,-0.04274120850411842,-0.003603782612591264,-0.0036037826125912627,-0.006249023666322245,0.02490897431262789,-0.003603782612591262,-0.009567309975082885,-0.003603782612591262,0.007219854347874839,0.3146102220792175,-0.0036037826125912614,0.23439785989466969,-0.006249023666322241,0.02867743872226628,-0.0036037826125912614,0.011582010312732626,-0.00721985434787487,-0.010233727419377813,0.22003953668281603,0.23439785989466969,-0.006249023666322254,0.08447297449951922,0.18096668275705527,-0.006249023666322243,0.5938565977390735,-0.02282158229612738,-0.013584604775387681,0.04387498960832914,-0.003603782612591263,0.0036037826125913733,0.010233727419377064,-0.014069499393437561,-0.0036037826125912627,-0.13603534264245706,0.6302932845694756,-0.007219854347874857,0.010860714979622618,0.03164661410158187,0.006945631453457919,-0.027345591393491846,-0.023617219216262864,-0.09525480896857777,-0.009567309975082872,-0.01453929407372675,-0.009631346660184725,-0.08072476227767948,0.07209543820080748,0.08969072164948443,-0.0036037826125912627,-0.0036037826125912623,-0.0036037826125912627,-0.005099409888361901,-0.014539294073726734,-0.003603782612591263,-0.011913413020751709,0.31461022207921757,-0.003603782612591263,0.320091585419989,0.17768057291242925,0.22003953668281612,-0.030855954818587286,-0.005099409888361899,-0.029758546245692765,-0.003603782612591262,-0.005099409888361897,-0.00885255648783555,-0.006249023666322248,-0.017502801623723002,-0.04458395235023164,-0.022064923362648425,-0.005099409888361896,-0.027315709965032197,-0.0036037826125912627,0.03735485616027359,-0.005099409888361897,0.031412476538815425,-0.008852556487835514,-0.010233727419377805,0.024215166687729026,-0.014995411664964339,-0.006249023666322249,0.007219854347875067,-0.005099409888361897,-0.0036037826125912627,-0.007219854347874857,0.08969072164948443,0.003603782612591178,0.04796622248321123,-0.003603782612591264,-0.0036037826125912627,-0.0036037826125912627,0.3146102220792175,-0.008076638081766662,0.1723149698930485,-0.003603782612591263,0.22003953668281592,-0.006249023666322244,-0.008076638081766665,-0.0960448089434433,0.0003636268433490929,-0.00956730997508286,-0.006249023666322249,-0.0062490236663222485,0.05353584502485753,0.060554997838450066,-0.0036037826125912627,-0.0036037826125912627,-0.0050994098883619,-0.0036037826125912627,-0.003603782612591263,-0.003603782612591263,-0.004488647562600633,0.08969072164948443,-0.005099409888361897,0.0036037826125914435,0.006249023666321918,0.017108133984563886
IncFIA_PLASMID,-0.00747023381138627,-0.12978783945691294,-0.050254483412496026,0.018516359252288842,1.0,0.16061806579609147,-0.0581966815702748,0.029525668979435676,-0.009261858964956383,0.01708882440716241,0.02086596190983888,-0.08018367350233058,0.020865961909838898,0.028978792907803513,0.028677425910743015,-0.09485076897933022,0.14410568795694928,-0.0016473114665575739,0.15396252471078586,-0.13347598230271338,-0.1217769356398532,-0.1217769356398532,0.04180307804665807,0.03618195207990221,-0.01305570908740725,-0.05433666815704997,-0.3311840382632991,-0.1217769356398532,-0.1217769356398532,-0.1217769356398532,-0.07688725228114261,0.05125645088427085,0.013055709087407425,0.11928608321777567,-0.06302631578535614,0.020865961909838953,0.0906156524463801,0.004137651602577431,-0.14290363059974392,0.020865961909838953,0.029525668979435628,-0.10100078416708994,0.017909511750756654,0.22677833831479619,0.020865961909838887,0.02086596190983896,-0.09422075684480632,0.14796785854263078,-0.05433666815704997,0.05539488559110354,0.020865961909838953,0.07119320128558344,0.02086596190983891,0.02086596190983889,0.042316238356429996,-0.050753187203236884,0.15514946097191293,0.02086596190983889,-0.1713682804270764,0.004137651602577325,-0.020829402890767488,-0.02368079165085348,0.042316238356429996,0.03618195207990212,-0.09002837602139177,-0.09002837602139187,-0.09422075684480631,0.026873787062272954,-0.008702080445608107,-0.1035816447863861,0.15368582401951467,0.020865961909838898,0.05433666815705005,-0.032559168234188855,-0.07512296060237873,-0.05433666815704996,-0.05359493678213272,0.04180307804665805,-0.10885862772966468,0.0630263157853569,0.773635066751722,0.5527182038599984,-0.014684926094661318,-0.34407237767236243,0.2429195519447912,-0.05868950852421871,-0.12440579385577254,0.2798356452530336,0.13120702225758266,-0.06308459260733866,0.06632321662004016,-0.05433666815704995,0.020865961909838946,0.02086596190983893,-0.02368079165085346,-0.10544319831379993,0.02086596190983895,0.3785073843406341,0.02086596190983896,0.02086596190983895,-0.2220299502322433,-0.00728561756166735,-0.02368079165085345,0.15834442772216525,-0.023680791650853482,-0.33028803801970974,0.020865961909838946,0.02952566897943555,0.02046771201977351,-0.05075318720323688,0.0378209773540963,0.037689598907722,-0.06409541118107792,-0.07688725228114265,-0.06351441307095697,0.02086596190983893,0.7019853196182277,-0.07688725228114267,0.7706437690832136,-0.07189850457371877,0.05925345379666795,0.05956934509478096,0.08682368562695222,0.03618195207990223,-0.04180307804665825,0.029525668979435662,0.020865961909838932,0.004137651602577296,0.06632321662004016,-0.020865961909838786,0.1628132497903398,-0.054336668157049975,-0.05433666815704995,0.020865961909838946,0.020865961909838922,-0.02065245209440765,0.029045243039721093,-0.05433666815704996,-0.02368079165085353,0.03618195207990219,-0.054360613276222755,0.16669801750162563,-0.20192414562777491,-0.08721060705304924,0.03618195207990223,0.036181952079902116,-0.25187398399146654,0.16958616658505588,0.020865961909838953,0.020865961909838953,0.029525668979435676,0.020865961909838953,0.02086596190983895,0.02086596190983895,0.1652251454454705,0.06632321662004016,-0.023680791650853444,-0.020865961909838977,0.05075318720323775,0.014536845871806708
IncFIB_PLASMID,0.0776548277107562,0.01589679412297486,-0.035342323515840095,0.003735186390383181,0.16061806579609147,1.0,-0.3841811414269108,0.07560468739188406,-0.03534055112930805,0.025212211709167657,-0.02121993401195808,0.07782643529191112,0.05343027209385471,-0.063375279771927,-0.08695280820733096,0.19997296682990737,0.47503392269906985,0.08522333076508216,-0.002792860735646051,-0.05212597004399477,-0.04755717687708235,-0.04755717687708235,-0.04251222931776481,0.09264904981947743,0.04755717687708305,0.05343027209385472,-0.22703324562929453,-0.04755717687708235,-0.04755717687708235,-0.04755717687708235,-0.030026545150890604,-0.021563399294428097,-0.047557176877082365,-0.010115228620077812,0.08603166522402102,0.053430272093854723,-0.0828372717306632,-0.005123485804232626,0.04348929375639557,-0.021219934011958094,-0.030026545150890614,-0.043720491058657926,0.04060930380210731,0.3943742928656437,-0.021219934011958094,0.05343027209385472,-0.03679574605172285,-0.06857381715397257,-0.021219934011958094,-0.028023021478059497,0.053430272093854723,-0.06965400122283114,-0.02121993401195808,-0.02121993401195808,0.09202019229649235,0.0063525192386772525,0.46308085307099844,-0.02121993401195808,-0.30303836812727614,0.03226525770929956,-0.03376044034248057,0.022789071120496638,0.09202019229649235,-0.03679574605172287,0.06503849488442566,-0.025507805443438638,0.006352519238677259,-0.05633460953884494,0.33965703243638234,0.2014075784983438,0.023706830543994965,0.053430272093854723,0.021219934011958028,-0.04573414318394514,0.13087903007640778,-0.0212199340119581,0.05537436045659431,0.03226525770929959,0.032265257709299576,-0.011040588824405782,0.16282297298102227,0.08013606944696872,0.33173582674999597,0.039917847712043424,0.02352016954975245,0.11353491882586796,0.19673865863393233,0.1805406060123638,0.07019607630486273,0.02050951946507775,0.003735186390383237,0.053430272093854696,0.053430272093854696,0.05343027209385475,-0.03002654515089062,0.1779153586476108,0.05343027209385471,0.00885934812527134,-0.021219934011958094,0.05343027209385471,-0.004280801999612121,0.04950078452907731,0.022789071120496673,0.017925080157823795,0.02278907112049665,-0.2309306794006629,-0.021219934011958094,-0.0300265451508906,-0.021563399294428125,-0.03679574605172286,-0.10306068245685258,0.41281377435618116,-0.11722738760168826,0.02278907112049662,-0.0665366622394516,-0.02121993401195809,0.19159576847678042,-0.03002654515089062,0.17348495220965632,-0.05212597004399471,-0.033760440342480484,-0.03239300179975255,-0.070024746903038,-0.03679574605172286,0.04251222931776448,-0.03002654515089061,0.05343027209385476,-0.04251222931776477,0.003735186390383237,-0.053430272093854064,0.003783450441909742,-0.0212199340119581,0.053430272093854696,-0.0212199340119581,-0.02121993401195808,0.019363918234413625,-0.030600106776182204,-0.021219934011958094,0.07560468739188406,0.09264904981947758,-0.047557176877082344,0.005601548202603859,0.02975960301232512,0.028600154643511434,-0.03679574605172286,-0.03679574605172287,0.0828933848822765,0.04569676562834882,0.053430272093854723,0.053430272093854723,0.07560468739188406,0.053430272093854723,0.05343027209385471,0.05343027209385471,0.18717168071166543,0.003735186390383237,0.07560468739188406,0.021219934011958028,-0.006352519238676227,0.036303187639230995
IncFII_PLASMID,0.024009106197746818,0.15839169070735276,0.07682104297915052,0.01974772536212926,-0.0581966815702748,-0.3841811414269108,1.0,-0.022936331802154892,0.014422179462855726,0.008465987497515247,0.021160886450064247,0.030341957788181505,0.02116088645006425,0.04233204334831347,0.04252782590220919,-0.10648155692875212,-0.3130623424688889,-0.0005136260596101068,0.060855390844499625,0.051980921928354136,0.0474248420949117,0.0474248420949117,-0.032473752554000826,-0.09290757871034071,-0.047424842094912475,0.02116088645006427,0.18901997616852717,0.0474248420949117,0.0474248420949117,0.0474248420949117,0.029942991908818377,0.02138148588652962,0.013923933639066176,0.19190165499960826,-0.08639052878779256,0.021160886450064257,0.15918122919033975,0.004960090142060176,-0.030363217877267812,0.021160886450064215,0.029942991908818512,0.019747725362129043,0.03951876169969763,-0.30433187649051857,0.021160886450064177,-0.05357936449156271,0.03669335652067161,0.16705874788491437,0.02116088645006427,0.05617785026986529,0.021160886450064198,0.0699075952500611,0.02116088645006425,0.021160886450064254,-0.014650224971381964,0.03669335652067164,-0.29719679555432127,0.021160886450064254,0.26069208981807807,0.004960090142060147,0.060090956409452036,-0.02293633180215486,-0.014650224971381964,0.03669335652067176,-0.042735401985326785,-0.1107270415403601,0.03669335652067168,0.027832112105127583,-0.3607849778036292,-0.1013494424905163,0.03987272784949705,0.021160886450064146,-0.021160886450063896,0.019499515354865916,0.004802630140994323,0.021160886450064267,0.016076323089495494,0.00496009014206022,0.004960090142060165,0.011308996386591,-0.14355825232028893,-0.05618995578293485,-0.38342610206497224,-0.01662769499009325,0.0009529855499674255,-0.05720510238908541,-0.12193343952567678,-0.14589368520768092,0.01959586698032887,-0.04097735498042476,0.043504185164254396,-0.0535793644915627,0.02116088645006426,-0.05357936449156272,0.029942991908818512,-0.08424142933797414,-0.05357936449156269,-0.02770503288180018,0.021160886450064212,-0.05357936449156269,0.08620824504437578,-0.049707266966669966,-0.022936331802154944,0.07519896679404027,-0.022936331802154892,0.18699552573097478,0.02116088645006427,0.02994299190881836,0.021381485886529817,0.03669335652067172,-0.03926856707111909,-0.4315538204040784,-0.010264190763609436,0.029942991908818495,-0.07040696805096437,0.021160886450064184,-0.14980896783321937,0.029942991908818533,-0.1360576131386384,0.05198092192835412,0.03356079915467896,0.04468007722409448,0.03316928163538176,-0.04970726696667007,-0.04239393283812062,-0.07581565551312845,-0.05357936449156272,0.04239393283812091,0.043504185164254396,0.05357936449156252,0.06963142562349074,-0.05357936449156269,-0.0535793644915627,0.021160886450064264,0.02116088645006426,-0.019576974816779516,0.030341957788181564,0.021160886450064212,0.02994299190881854,-0.006506955222999246,-0.05307788327262515,0.01898952368293139,0.2090239998424031,-0.028859364224347924,-0.04970726696667007,0.036693356520671745,-0.09988351444676644,0.0756980403009535,0.021160886450064257,0.021160886450064257,-0.022936331802154892,0.021160886450064257,-0.05357936449156269,-0.05357936449156269,0.03138867423082034,0.043504185164254396,-0.07581565551312847,0.05357936449156298,0.006506955222998109,-0.035945151517921214
IncHI_PLASMID,-0.008461980951445437,-0.005485895008955137,-0.005824237730666518,-0.0050994098883619,0.029525668979435676,0.07560468739188406,-0.022936331802154892,1.0,-0.0126332202020824,-0.011041073251549238,-0.0016043264774504972,-0.005592533434187972,-0.0016043264774504972,-0.01251625630081865,0.09250935210835153,-0.034178531069482834,-0.029025723939654278,-0.004259160543528206,-0.006924831015938984,-0.003940967670174928,-0.0035955454910323458,-0.0035955454910323458,-0.003214123807901696,-0.002781930877591655,0.0035955454910322855,-0.0016043264774504994,-0.024613145934129225,-0.0035955454910323458,-0.0035955454910323458,-0.0035955454910323458,-0.002270147559591378,-0.003940967670174932,-0.0035955454910323397,0.06973842410540017,-0.004834956621682303,0.706705813316944,0.07518601339903694,-0.0032141238079016962,-0.00908841381462593,-0.0016043264774505018,-0.0022701475595913764,-0.005099409888361911,-0.006047573749512074,0.010209052434009968,-0.0016043264774505015,-0.0016043264774505005,-0.0027819308775916558,0.054542490411235905,-0.0016043264774504994,-0.004259160543528212,-0.0016043264774505013,0.0032141238079017166,-0.0016043264774504979,-0.0016043264774504976,0.1780904318432283,-0.0027819308775916545,-0.029692513488465175,-0.0016043264774504976,-0.04276817564036742,-0.0032141238079016953,-0.004555835250593439,-0.0022701475595913764,0.1780904318432283,-0.0027819308775916497,-0.00535137202199409,-0.0053513720219940985,-0.0027819308775916497,-0.004259160543528207,-0.022499423110308673,-0.006047573749512052,-0.009633977542724428,-0.0016043264774505018,0.0016043264774505612,0.004555835250593188,-0.006263438400113547,-0.0016043264774504992,0.006873140826715677,-0.003214123807901696,-0.003214123807901697,0.004834956621681927,0.02553277974402708,0.017692453866257132,-0.024025212052289288,-0.010513877829373016,0.01721874968426191,-0.004259160543528209,-0.006472580883325474,0.021293487830660172,0.014726681196646553,-0.0060475737495120745,-0.00509940988836191,-0.0016043264774504983,-0.0016043264774504987,-0.0016043264774505013,-0.0022701475595913773,-0.0064725808833254765,0.7067058133169439,0.013206580780801096,-0.0016043264774505015,0.7067058133169439,0.07285591401911712,0.406625563274647,-0.0022701475595913777,-0.05199901766117028,-0.002270147559591376,-0.02486441297918332,-0.0016043264774504994,-0.002270147559591378,-0.00394096767017493,-0.002781930877591653,-0.007791870679544563,-0.030361086698319384,-0.009822829115699462,-0.0022701475595913764,-0.012160366331239056,-0.0016043264774505013,0.027612313852562374,-0.002270147559591377,0.025449350951876552,-0.003940967670174932,-0.004555835250593442,0.010780071177785904,-0.006675634620778075,-0.002781930877591656,0.0032141238079016333,-0.0022701475595913764,-0.0016043264774505011,-0.003214123807901698,-0.00509940988836191,0.0016043264774504302,-0.007595037599737586,-0.0016043264774504992,-0.0016043264774504983,-0.0016043264774504992,-0.0016043264774504979,-0.0035955454910323375,0.20016609249864467,-0.0016043264774505018,-0.0022701475595913764,-0.002781930877591657,-0.0035955454910323397,0.017123177317034336,0.0001618788465925754,-0.004259160543528208,-0.002781930877591656,-0.0027819308775916497,-0.007436747875863718,0.03680623951214796,0.706705813316944,0.706705813316944,1.0,0.706705813316944,0.7067058133169439,0.7067058133169439,0.045689700525895126,-0.00509940988836191,-0.002270147559591378,0.001604326477450577,0.002781930877591086,0.007616173138554274
IncI_PLASMID,-0.020538133297458988,-0.030528640907426283,-0.032411495653626575,0.05802786554961506,-0.009261858964956383,-0.03534055112930805,0.014422179462855726,-0.0126332202020824,1.0,0.000918111378430369,-0.008927970157724677,0.008361822318933404,-0.008927970157724677,0.19079544018111513,0.035571869160298655,-0.07437524838972456,-0.038056892649116006,-0.02370194518637285,0.026137248925031432,-0.021931223006300585,-0.020008971550286473,-0.020008971550286473,-0.017886385248581146,-0.01548126033266036,-0.16276263409353753,-0.008927970157724688,-0.024859870114610966,-0.020008971550286473,-0.020008971550286473,-0.020008971550286473,-0.01263322020208239,0.14501075901579796,0.10183876554559593,-0.004490440937078016,-0.0269062120702954,-0.008927970157724688,0.01396974003389902,-0.017886385248581143,0.17296685055320452,-0.008927970157724688,0.17969666666755152,0.10123073678090522,-0.0336543457464373,-0.05539370412437303,-0.008927970157724688,0.12699267896763564,0.14164463476778894,0.05337072340386767,0.12699267896763566,0.23404211392159796,-0.008927970157724686,-0.05018981377942403,0.1269926789676357,-0.00892797015772468,0.03589728032408444,-0.015481260332660344,-0.04302202282024267,-0.00892797015772468,-0.0540743331349889,-0.017886385248581146,-0.025352920202031226,-0.012633220202082395,0.03589728032408444,-0.015481260332660294,0.011435904718762106,0.05265183886842306,-0.015481260332660365,0.07939567845681539,-0.0896888980387858,0.03953971162820338,0.011683815459715096,-0.00892797015772469,0.008927970157724965,0.025352920202030366,0.0005208310761306766,-0.008927970157724686,-0.05880168339677798,-0.017886385248581153,-0.017886385248581143,0.02690621207029555,-0.044581329724683136,-0.027620723515543833,-0.09958506107669338,0.07184456279931842,-0.1330094099361258,0.02784686663522132,0.06679906124618068,-0.041041658405290435,-0.0800812580913012,0.0029426829408831026,0.014824994318324899,0.12699267896763566,-0.008927970157724686,-0.008927970157724686,-0.012633220202082397,0.03252621343654815,-0.008927970157724688,-0.06858611558277034,-0.008927970157724688,-0.008927970157724688,-0.02888826043282994,-0.015481260332660384,-0.012633220202082395,-0.004854033482919007,-0.012633220202082384,-0.026911356656241676,0.1269926789676357,-0.01263322020208239,0.03371610433439889,0.0630816872175644,-0.014659610357000185,-0.037824073397236445,-0.05466339080107831,-0.012633220202082391,0.008642609189914966,-0.008927970157724686,-0.025478842333285436,-0.012633220202082395,-0.04538494317098667,0.03371610433439895,-0.025352920202031233,-0.04620750540489096,-0.03714946272836762,-0.015481260332660361,0.017886385248581313,-0.01263322020208239,-0.008927970157724688,-0.017886385248581143,0.014824994318324899,0.008927970157724594,0.013284760332957309,-0.008927970157724688,0.12699267896763566,-0.008927970157724688,-0.00892797015772468,0.10183876554559593,0.008361822318933435,-0.008927970157724688,-0.012633220202082397,-0.01548126033266037,-0.02000897155028649,-0.10579752257936123,0.01918696339070676,0.0278468666352213,-0.015481260332660361,-0.015481260332660299,0.07862471845075139,-0.0030605926184390543,-0.008927970157724688,-0.008927970157724688,-0.0126332202020824,-0.008927970157724688,-0.008927970157724688,-0.008927970157724688,-0.0019690807676350634,0.014824994318324899,0.1796966666675512,0.008927970157724983,0.015481260332659546,0.04238349703305624
IncN_PLASMID,0.19812286097368348,-0.0111303581979311,0.014429679845437157,-0.024801453050572988,0.01708882440716241,0.025212211709167657,0.008465987497515247,-0.011041073251549238,0.000918111378430369,1.0,-0.00780279065212806,-0.027199805161441656,-0.007802790652128059,0.022949369391430677,-0.03367612583254426,0.029478200953859973,0.032683548074079555,0.03735244168674689,-0.04929060778295222,-0.01916726185685522,-0.017487269044709774,-0.017487269044709774,-0.015632189305341316,-0.013530178895404003,0.017487269044709666,-0.007802790652128056,-0.04393595634086573,-0.017487269044709774,-0.017487269044709774,-0.017487269044709774,-0.011041073251549235,-0.019167261856855234,-0.01748726904470975,-0.014598857809750034,0.02775381310249268,-0.0078027906521280594,-0.044345246244644684,0.061052383786971885,0.01175560538414798,-0.007802790652128065,-0.011041073251549242,-0.024801453050573016,0.09426145663298446,0.02332035479811818,-0.007802790652128064,-0.007802790652128065,0.16346460576595498,-0.07130665608429994,-0.007802790652128056,-0.020714822414305025,-0.00780279065212806,0.01563218930534141,-0.007802790652128059,0.1453053014774068,-0.030462813701267907,-0.013530178895403996,0.016201721135902868,0.1453053014774068,0.01989734092258101,-0.01563218930534132,-0.0221577273738305,0.09728412320531735,-0.030462813701267907,-0.013530178895403993,0.0668286517296272,-0.026026894261341867,-0.013530178895403991,-0.020714822414305,-0.0027338127954351634,-0.029412935947885188,0.05296632744279951,-0.007802790652128064,0.007802790652128233,-0.03219025393475967,-0.030462813701267917,-0.007802790652128058,-0.03945348032210632,-0.01563218930534128,-0.015632189305341312,0.02351526005545913,0.06233566168874804,0.05448869524857281,-0.014375817249212546,-0.0021895297524206483,-0.012917527318067354,-0.020714822414305036,-0.03147999756995413,0.020618636119878946,-0.05614209515136888,-0.02941293594788526,0.023864509268662484,-0.007802790652128056,-0.0078027906521280594,-0.00780279065212806,-0.011041073251549238,-0.03147999756995418,-0.00780279065212806,0.024219893999733684,-0.007802790652128063,-0.00780279065212806,-0.05022901261169059,0.07496721343527546,0.09728412320531722,-0.04613120657609261,-0.011041073251549238,-0.04559949745636524,-0.007802790652128056,-0.011041073251549235,-0.01916726185685523,-0.013530178895403979,-0.03789648588082778,-0.06812488131587999,-0.0477742406416128,-0.011041073251549243,-0.05914306973642333,-0.007802790652128061,0.06307431174450537,0.09728412320531733,0.061817472219258277,-0.01916726185685525,-0.02215772737383048,-0.019346217888835088,0.005008069352338303,-0.013530178895404003,0.01563218930534143,0.0972841232053172,-0.00780279065212806,-0.015632189305341306,0.023864509268662484,0.007802790652128249,-0.03172457568414273,0.14530530147740692,-0.007802790652128056,-0.0078027906521280594,-0.007802790652128056,0.11976836265732335,0.3286139423578619,-0.007802790652128065,-0.011041073251549242,-0.013530178895403993,0.051140546806306725,-0.04615681549985123,-0.024960731336015417,-0.020714822414305015,-0.013530178895404003,-0.013530178895403991,-0.036169313181339674,-0.012584984844142923,-0.0078027906521280594,-0.0078027906521280594,-0.01104107325154924,-0.0078027906521280594,-0.00780279065212806,-0.00780279065212806,-0.025180988771643154,0.023864509268662484,-0.011041073251549238,0.0078027906521283335,-0.07496721343527564,-0.06207335278470312
IncP6_PLASMID,0.18959230547268716,-0.037771121502671444,-0.004116022662401912,-0.0036037826125912623,0.02086596190983888,-0.02121993401195808,0.021160886450064247,-0.0016043264774504972,-0.008927970157724677,-0.00780279065212806,1.0,-0.003952275889110015,-0.0011337868480725643,-0.008845311088753373,-0.00816170178123986,-0.024154166597437292,0.05527257410653926,-0.00300997351596154,0.029131705995372893,-0.002785104762606754,-0.0025409929005580814,-0.0025409929005580814,-0.002271439979764518,-0.001966006723439928,0.0025409929005578602,-0.0011337868480725609,0.06518169118828052,-0.0025409929005580814,-0.0025409929005580814,-0.0025409929005580814,-0.0016043264774504987,-0.0027851047626067573,-0.0025409929005580857,-0.0230049144073829,-0.0034168919516781387,-0.0011337868480725617,-0.02133809740564116,-0.0022714399797645183,-0.006422834876626164,-0.001133786848072563,-0.0016043264774505018,-0.0036037826125912696,-0.004273855525243125,0.041650826375217775,-0.001133786848072563,-0.0011337868480725622,-0.001966006723439929,-0.012635966797167046,-0.0011337868480725609,-0.0030099735159615447,-0.0011337868480725626,0.002271439979764339,-0.001133786848072564,-0.0011337868480725637,-0.004426408328712822,-0.0019660067234399275,0.054031346254123654,-0.0011337868480725637,-0.030224518350007758,-0.00227143997976452,-0.003219635256108637,-0.0016043264774504998,-0.004426408328712822,-0.00196600672343993,-0.003781845717164871,-0.0037818457171648772,-0.001966006723439927,-0.0030099735159615443,-0.015900473108332723,-0.004273855525243125,0.027544792330538463,-0.001133786848072563,0.001133786848072605,0.003219635256108286,-0.004426408328712818,-0.0011337868480725613,0.004857288577986138,-0.002271439979764519,-0.002271439979764519,0.003416891951678377,0.01804416387524503,0.012503359999125722,-0.016978757023525137,-0.007430218582522041,0.012168590499917151,-0.0030099735159615395,-0.004574210537410233,0.01504823163572109,0.010407431212535494,-0.0042738555252431285,-0.0036037826125912666,-0.001133786848072563,-0.0011337868480725615,-0.0011337868480725628,-0.0016043264774505005,-0.004574210537410231,-0.001133786848072562,0.009333167411831976,-0.0011337868480725628,-0.001133786848072562,-0.010032785531723194,-0.001966006723439928,-0.0016043264774504976,0.030853015107023988,-0.0016043264774505005,0.06452299834279827,-0.0011337868480725609,-0.0016043264774504987,-0.0027851047626067543,-0.0019660067234399275,-0.0055065603058479925,-0.02145635646832203,-0.00694185043928375,-0.0016043264774504983,-0.008593801578350282,-0.001133786848072563,0.01951378271873782,-0.0016043264774504994,0.017985204262834252,-0.0027851047626067556,-0.0032196352561086367,0.0076183389693116835,-0.004717709794083715,-0.0019660067234399284,0.0022714399797645556,-0.0016043264774504976,-0.0011337868480725626,-0.0022714399797645196,-0.0036037826125912666,0.0011337868480725125,0.028729411328970583,-0.0011337868480725626,-0.001133786848072563,-0.0011337868480725624,-0.001133786848072564,-0.0025409929005580775,-0.003952275889110022,-0.001133786848072563,-0.0016043264774505018,-0.0019660067234399292,-0.0025409929005580775,0.01210104895240501,-0.033557545102406695,-0.0030099735159615387,-0.0019660067234399284,-0.001966006723439935,-0.005255592956045324,0.02601118342957079,-0.0011337868480725617,-0.0011337868480725617,-0.0016043264774504979,-0.0011337868480725617,-0.001133786848072562,-0.001133786848072562,0.03228917697036029,-0.0036037826125912666,-0.001604326477450498,0.001133786848072616,0.001966006723439761,0.005382393832244656
IncQ1_PLASMID,-0.02084618296748009,-0.013514562577398635,-0.01434807358657978,-0.01256245224007644,-0.08018367350233058,0.07782643529191112,0.030341957788181505,-0.005592533434187972,0.008361822318933404,-0.027199805161441656,-0.003952275889110015,1.0,-0.003952275889110015,-0.030833934797522045,-0.028450936098736744,0.06036613898316722,-0.005460124307616906,-0.010492488755023153,0.002708906908733019,-0.009708617118472408,-0.008857665788192937,-0.008857665788192937,-0.007918029284644959,-0.0068533172563159765,0.008857665788192646,-0.003952275889110014,0.011328267437667258,-0.008857665788192937,-0.008857665788192937,-0.008857665788192937,-0.005592533434187972,-0.009708617118472427,-0.008857665788192954,0.12980231115356405,0.18285542711715078,-0.003952275889110013,0.14195420277808757,-0.007918029284644948,0.13704483924912006,-0.003952275889110015,-0.005592533434187975,-0.01256245224007645,-0.014898264320734959,0.04515691414253348,-0.003952275889110015,-0.003952275889110014,-0.0068533172563159835,-0.04404780933288957,-0.003952275889110014,-0.010492488755023167,-0.003952275889110014,0.007918029284644641,-0.003952275889110012,-0.003952275889110014,-0.015430049257201971,-0.0068533172563159765,-0.007773808156166039,-0.003952275889110014,0.05205597647230273,-0.00791802928464496,-0.011223350152702012,-0.005592533434187974,-0.015430049257201971,-0.006853317256316013,0.3395663383006134,0.16319158728917701,-0.0068533172563160025,-0.010492488755023167,0.020570171773752217,0.22001543916513985,0.07605992643058723,-0.0039522758891100155,0.00395227588911009,0.011223350152701272,-0.015430049257201978,-0.003952275889110013,0.016932057878303382,-0.007918029284644957,0.28339946481291733,0.011910968714506791,-0.10156107484956621,-0.04633511032004692,0.038134981894417726,0.11355400872937985,-0.07998535950413556,-0.010492488755023156,0.20404967899309584,-5.9474763067677906e-05,0.0016097975893401544,0.1417108713365151,-0.012562452240076436,-0.003952275889110014,-0.003952275889110014,-0.003952275889110013,-0.00559253343418798,0.20404967899309584,-0.003952275889110013,-0.1574655331786097,-0.003952275889110015,-0.003952275889110013,0.28670869630494866,-0.006853317256315986,-0.005592533434187971,-0.010274699598706737,-0.005592533434187974,0.010289982539525082,-0.003952275889110014,-0.005592533434187972,-0.009708617118472412,-0.006853317256315986,0.04221588002355085,0.033119950771969484,-0.024198647359184186,-0.005592533434187974,0.13332801407638295,-0.003952275889110014,-0.08980395236149767,-0.005592533434187976,-0.10206556913513318,0.22842218609294807,-0.011223350152701999,-0.10977849791754571,-0.01644549917180019,-0.006853317256316002,0.007918029284644947,-0.005592533434187971,-0.003952275889110015,-0.00791802928464495,-0.012562452240076436,0.003952275889109825,0.0010992955235841343,-0.003952275889110014,-0.003952275889110014,-0.003952275889110014,-0.003952275889110014,-0.008857665788192949,-0.013777267508610786,-0.003952275889110015,-0.005592533434187977,-0.006853317256315996,-0.008857665788192923,-0.08074659561350564,-0.03872697065292142,0.2100995962612969,-0.006853317256316002,-0.006853317256316,0.17426294660460326,0.07045442261275074,-0.003952275889110013,-0.003952275889110013,-0.005592533434187972,-0.003952275889110013,-0.003952275889110013,-0.003952275889110013,0.01465725553535117,-0.012562452240076436,-0.005592533434187973,0.003952275889110125,0.006853317256315268,0.0187625261353477
IncR_PLASMID,0.1895923054726872,-0.03777112150267145,-0.004116022662401912,-0.003603782612591263,0.020865961909838898,0.05343027209385471,0.02116088645006425,-0.0016043264774504972,-0.008927970157724677,-0.007802790652128059,-0.0011337868480725643,-0.003952275889110015,1.0,-0.008845311088753373,-0.00816170178123986,-0.02415416659743729,-0.020512647843886463,0.3766766857117584,-0.038919342665775986,-0.002785104762606754,-0.0025409929005580814,-0.0025409929005580814,-0.002271439979764518,-0.001966006723439928,0.002540992900557971,-0.0011337868480725609,-0.017394253315667442,-0.0025409929005580814,-0.0025409929005580814,-0.0025409929005580814,-0.0016043264774504987,-0.0027851047626067586,-0.0025409929005580888,-0.023004914407382903,-0.0034168919516781387,-0.0011337868480725617,-0.021338097405641163,-0.0022714399797645183,-0.006422834876626164,-0.001133786848072563,-0.0016043264774505018,-0.0036037826125912696,-0.004273855525243125,-0.02722123296807302,-0.001133786848072563,-0.0011337868480725622,-0.001966006723439929,-0.012635966797167046,-0.0011337868480725609,-0.0030099735159615447,-0.0011337868480725626,0.0022714399797643735,-0.001133786848072564,-0.0011337868480725637,-0.004426408328712822,-0.0019660067234399275,-0.020983871894290095,-0.0011337868480725637,-0.03022451835000776,-0.002271439979764521,-0.0032196352561086384,-0.0016043264774504998,-0.004426408328712822,-0.0019660067234399327,-0.0037818457171648725,-0.0037818457171648772,-0.001966006723439927,-0.003009973515961547,-0.015900473108332723,-0.004273855525243125,-0.041161568200154916,-0.001133786848072563,0.001133786848072605,0.003219635256108285,-0.004426408328712818,-0.0011337868480725613,0.0048572885779861645,-0.002271439979764519,-0.002271439979764519,0.003416891951678396,0.01804416387524501,0.012503359999125704,-0.016978757023525134,-0.007430218582522041,-0.09317322725916996,-0.0030099735159615395,-0.004574210537410233,0.015048231635721103,-0.10894012412082556,-0.0042738555252431285,-0.0036037826125912666,-0.001133786848072563,-0.0011337868480725615,-0.0011337868480725628,-0.0016043264774505005,-0.004574210537410231,-0.001133786848072562,0.009333167411831983,-0.0011337868480725628,-0.001133786848072562,-0.010032785531723194,-0.001966006723439928,-0.0016043264774504976,-0.036748008067919474,-0.0016043264774505005,-0.017571825197102146,-0.0011337868480725609,-0.0016043264774504987,-0.0027851047626067543,-0.0019660067234399275,-0.005506560305847991,-0.02145635646832203,-0.006941850439283748,-0.0016043264774504983,-0.008593801578350282,-0.001133786848072563,0.0195137827187378,-0.0016043264774504994,0.017985204262834228,-0.0027851047626067556,-0.0032196352561086367,0.007618338969311696,-0.004717709794083715,-0.0019660067234399284,0.002271439979764589,-0.0016043264774504976,-0.0011337868480725626,-0.0022714399797645196,-0.0036037826125912666,0.0011337868480725125,-0.039464325777161205,-0.0011337868480725626,-0.001133786848072563,-0.0011337868480725624,-0.001133786848072564,-0.0025409929005580775,-0.0039522758891100225,-0.001133786848072563,-0.0016043264774505018,-0.0019660067234399292,-0.0025409929005580775,-0.09369327010673968,-0.033557545102406695,-0.0030099735159615387,-0.0019660067234399284,-0.001966006723439933,-0.005255592956045324,-0.043588437686523054,-0.0011337868480725617,-0.0011337868480725617,-0.0016043264774504979,-0.0011337868480725617,-0.001133786848072562,-0.001133786848072562,-0.035113525783370576,-0.0036037826125912666,-0.001604326477450498,0.001133786848072616,0.0019660067234397276,-0.21064732225284583
IncX_PLASMID,-0.019886466523426648,-0.01632873845842699,-0.03211141579142195,0.05899247352515894,0.028978792907803513,-0.063375279771927,0.04233204334831347,-0.01251625630081865,0.19079544018111513,0.022949369391430677,-0.008845311088753373,-0.030833934797522045,-0.008845311088753373,1.0,-0.06367404189899256,-0.08140399946920214,-0.04593116084618944,-0.02348250216771313,-0.05215061347261786,-0.021728174111302376,-0.01982371970353952,-0.01982371970353952,-0.017720785238075878,-0.015337928024980855,-0.1644325381725168,-0.008845311088753367,-0.04528532781750502,-0.01982371970353952,-0.01982371970353952,-0.01982371970353952,-0.012516256300818639,0.14656987624203088,0.10301378554716503,-0.011272470920703725,-0.026657102541479176,-0.008845311088753367,-0.013575296846228366,0.05090839618833197,0.02501154325875969,0.1281794203387768,0.18137592463993327,0.05899247352515917,0.04044585306161802,-0.0709708844138823,-0.008845311088753367,-0.008845311088753373,-0.015337928024980864,0.013502630373793964,0.12817942033877672,0.23635520978831073,-0.008845311088753364,0.01772078523807579,0.12817942033877672,-0.008845311088753367,0.036794714151958986,-0.015337928024980858,-0.05076673643012604,-0.008845311088753367,0.033063031331885005,0.050908396188331914,-0.025118191731552296,-0.012516256300818663,0.036794714151958986,-0.01533792802498086,-0.029504312838749668,0.05359714884104617,-0.015337928024980884,0.0804525826146964,-0.11211275962234855,0.003551547014708186,-0.039010363772621647,-0.008845311088753367,0.008845311088753133,0.02511819173155207,0.03679471415195894,-0.008845311088753367,-0.09255700836669246,-0.01772078523807588,-0.017720785238075867,0.026657102541479363,0.08542392196824564,0.026933443731276728,-0.12099728229645307,0.051543050447338395,-0.15017344102773103,-0.02348250216771315,-0.0011347521292766783,0.05554035096513322,-0.08215621791685394,-0.033342759032201644,-0.02811514206466612,-0.008845311088753369,-0.008845311088753366,-0.008845311088753366,-0.012516256300818653,-0.0011347521292766922,-0.008845311088753367,-0.016707926622868925,-0.008845311088753369,-0.008845311088753367,-0.04459029853690255,-0.015337928024980874,-0.01251625630081865,-0.05537890935378466,-0.012516256300818642,-0.035961191164600864,-0.008845311088753367,-0.012516256300818639,-0.02172817411130238,-0.015337928024980881,-0.04295978473996998,-0.08604019239144832,-0.05415729312035038,-0.012516256300818656,-0.06704509628485579,-0.008845311088753366,0.09912194935641315,-0.012516256300818662,0.08486332881385304,-0.021728174111302376,-0.02511819173155232,0.05943496193988495,-0.03680551668602386,-0.015337928024980893,-0.05090839618833194,0.08442983416955732,-0.008845311088753362,-0.017720785238075853,-0.02811514206466612,0.008845311088753163,-0.0465413861655618,-0.008845311088753369,-0.008845311088753369,-0.008845311088753367,-0.008845311088753369,0.10301378554716488,-0.030833934797521997,-0.008845311088753366,0.08442983416955735,-0.015337928024980886,0.16443253817251705,-0.07935313830948693,0.06080513777374198,-0.02348250216771314,-0.015337928024980893,-0.015337928024980864,-0.04100184680313607,-0.06380200592743412,-0.008845311088753367,-0.008845311088753367,-0.01251625630081865,-0.008845311088753367,-0.008845311088753367,-0.008845311088753367,-0.03408061362476825,-0.02811514206466612,-0.012516256300818642,0.008845311088753145,0.015337928024980896,0.012423201860323831
IncY_PLASMID,-0.01431702709077523,-0.06276436990206963,-0.029629687054898116,0.06755577603059215,0.028677425910743015,-0.08695280820733096,0.04252782590220919,0.09250935210835153,0.035571869160298655,-0.03367612583254426,-0.00816170178123986,-0.028450936098736744,-0.00816170178123986,-0.06367404189899256,1.0,-0.11121011165461019,-0.058593538079077336,0.03411234861845762,0.019757080845912805,-0.020048913550682147,-0.018291644781255632,-0.018291644781255632,-0.016351235472822356,-0.01415253722858697,0.01829164478125597,-0.008161701781239867,-0.05242693149267448,-0.018291644781255632,-0.018291644781255632,-0.018291644781255632,-0.011548938224991645,0.16059588915597442,-0.01829164478125565,-0.006302296279185579,0.02465268536543102,-0.008161701781239867,0.010507133531959726,0.1309767331241383,-0.0462355538364953,-0.008161701781239867,-0.011548938224991655,-0.025942265090117708,-0.030765866011268336,-0.023948696419448107,-0.00816170178123987,-0.00816170178123987,-0.014152537228586965,-0.04584693011974869,-0.008161701781239867,-0.021667658474316575,-0.00816170178123987,0.016351235472822023,-0.008161701781239867,-0.008161701781239865,0.08297655042501473,-0.014152537228586967,-0.06289067537232952,-0.008161701781239865,0.001352376577029086,0.05731274882565795,-0.023176933873767066,-0.01154893822499165,0.08297655042501473,-0.014152537228586993,-0.027224073888872147,-0.02722407388887217,-0.014152537228586977,0.03411234861845761,0.10333307828997766,-0.0307658660112683,0.036785402077679344,-0.00816170178123987,0.008161701781239622,0.02317693387376775,-0.03186403582151823,-0.008161701781239867,0.034965779419949286,0.1309767331241382,-0.01635123547282235,0.024596910059174533,0.011074486522423564,0.07484842643768007,0.08695422311721572,-0.05348732730765511,0.05664540470170529,-0.021667658474316617,-0.03292800790061548,-0.0643071194904659,0.00478545342488894,-0.030765866011268347,0.4415479405134317,-0.008161701781239865,-0.008161701781239867,-0.00816170178123987,-0.011548938224991654,-0.032928007900615515,0.13891549562355213,0.06718593465716723,0.13891549562355213,0.13891549562355213,-0.0360701678616002,0.15587046104137633,0.09250935210835151,-0.065908800668364,-0.011548938224991643,-0.05412929487179964,0.13891549562355218,0.19656764244169456,-0.02004891355068216,-0.01415253722858698,-0.00858214044457482,0.06384683133142362,0.1501418797028179,-0.01154893822499165,0.16522656753534376,-0.008161701781239867,0.003641588140470713,-0.011548938224991654,0.010434063877253529,-0.02004891355068215,0.08123751822080587,0.008875635179001903,-0.03396100465903588,-0.014152537228586988,0.016351235472822658,-0.011548938224991648,-0.00816170178123987,-0.016351235472822342,0.4415479405134317,0.008161701781239893,0.016462827480637907,-0.008161701781239867,-0.008161701781239865,-0.008161701781239867,-0.008161701781239865,-0.018291644781255643,-0.028450936098736772,-0.008161701781239867,-0.011548938224991655,-0.014152537228586995,-0.01829164478125563,0.009399313352621052,-0.05359090784599071,-0.021667658474316592,-0.014152537228586988,-0.014152537228586993,-0.037833021668709305,0.01342093691715489,-0.008161701781239867,-0.008161701781239867,0.09250935210835153,-0.008161701781239867,0.13891549562355213,0.13891549562355213,-0.03492114245810068,0.4415479405134317,-0.01154893822499165,0.008161701781239664,-0.07085896190639426,0.038745813115265405
aac(3)_AMR,0.06703471637623841,0.10514747442207552,0.011579265763763549,0.013614747951621514,-0.09485076897933022,0.19997296682990737,-0.10648155692875212,-0.034178531069482834,-0.07437524838972456,0.029478200953859973,-0.024154166597437292,0.06036613898316722,-0.02415416659743729,-0.08140399946920214,-0.11121011165461019,1.0,0.3379717696059973,-0.010198833198669648,0.1760287316453083,0.08619882911094602,0.10519894736619377,0.10519894736619377,0.022824280357318594,0.08139410298049841,0.022266809785572262,-0.024154166597437313,0.004728378432681103,0.10519894736619377,0.10519894736619377,0.10519894736619377,-0.03417853106948282,-0.05933380206489597,-0.05413324907351311,0.06945644538229724,-0.02518111755337532,-0.024154166597437302,-0.005060940936184241,0.022824280357318597,0.006076513996953578,-0.024154166597437306,-0.03417853106948282,-0.054177483860117906,-0.014481303368957671,0.20750296445801392,-0.024154166597437306,-0.024154166597437306,-0.0007911376504679583,-0.2328507006276624,-0.024154166597437313,-0.010198833198669682,-0.0241541665974373,0.0483907004042095,-0.02415416659743728,0.04693959708768649,-0.020284997590460152,0.04030148266501522,0.3253859106540239,0.04693959708768649,0.1882624568631548,0.022824280357318632,0.007116319238899003,0.016120873821106076,-0.020284997590460152,-0.04188375796595126,0.07033860785601867,0.07033860785601882,-0.04188375796595126,-0.03716161677479332,0.2557616968436489,-0.03362350527732542,0.172093300355456,-0.02415416659743731,0.024154166597437274,-0.007116319238897669,0.01672254966651571,0.04693959708768654,0.035796260579109514,0.022824280357318594,-0.048390700404209,-0.02243114540086541,-0.011883612219814006,-0.004738255266984566,0.26279909266348933,-0.14692954110805076,0.05726139695188082,0.016763950377453946,-0.025742742274542985,0.006055535048807886,0.03526398302191328,0.08122970617288101,-0.05417748386011785,-0.024154166597437278,-0.0241541665974373,0.04693959708768647,-0.03417853106948283,-0.04366927336951263,-0.024154166597437302,0.06878168495414279,-0.024154166597437306,-0.024154166597437302,0.17071350117647974,-0.0418837579659513,-0.03417853106948283,0.16763388941843785,0.016120873821106066,-0.0012412301242070015,-0.024154166597437313,-0.03417853106948282,-0.03022727582972753,0.08139410298049837,0.09286320050591146,0.26572479368260193,0.06975431534018048,-0.034178531069482834,0.12627016525290916,-0.024154166597437302,-0.04175313351513685,-0.03417853106948284,-0.013860094167805011,0.11530535534611448,-0.06859102880866509,-0.004340605531403421,0.1431126201993542,0.04030148266501529,0.048390700404208745,-0.03417853106948282,0.04693959708768647,0.09403926111884614,-0.05417748386011785,0.02415416659743799,0.17621135907237745,0.04693959708768651,-0.024154166597437278,0.04693959708768654,0.0469395970876865,-0.022266809785571703,0.06036613898316717,0.04693959708768649,0.01612087382110611,-0.041883757965951236,-0.054133249073513044,0.03241649142509773,0.15068875671056536,-0.06412440035091685,0.04030148266501529,-0.04188375796595126,-0.06488639528592927,0.15874197751121544,-0.024154166597437302,-0.024154166597437302,-0.034178531069482834,-0.024154166597437302,-0.024154166597437302,-0.024154166597437302,0.21402580518239178,-0.05417748386011785,0.016120873821106066,0.024154166597437264,0.04188375796595198,-0.00806139422083815
aac(6')-Ib-cr_AMR,-0.004560455847956898,-0.03165516350207283,-0.010977218058274427,0.031154235458426594,0.14410568795694928,0.47503392269906985,-0.3130623424688889,-0.029025723939654278,-0.038056892649116006,0.032683548074079555,0.05527257410653926,-0.005460124307616906,-0.020512647843886463,-0.04593116084618944,-0.058593538079077336,0.3379717696059973,1.0,0.0030271921693889436,0.13039576464995611,-0.05038854816564886,-0.04597203842289396,-0.04597203842289396,-0.041095245091829005,0.09584363454208411,0.04597203842289454,0.055272574106539275,0.07285930634321006,-0.04597203842289396,-0.04597203842289396,-0.04597203842289396,-0.02902572393965426,-0.050388548165648826,-0.045972038422893984,-0.1918454697728762,-0.0364418485050104,-0.020512647843886473,-0.26202668033789633,0.07277641207161777,-0.005410987947972597,-0.02051264784388646,-0.029025723939654285,-0.04111158742193428,-0.05691786767004536,0.6962039177979901,-0.020512647843886466,-0.020512647843886473,-0.03556929915459332,-0.22861187490220503,-0.02051264784388647,-0.05445690859556747,-0.02051264784388647,0.0410952450918294,-0.02051264784388646,-0.020512647843886466,0.057990561231011886,0.05203932330985829,0.9605076929268026,-0.020512647843886466,-0.30582829525627475,-0.04109524509182901,-0.05825014137938827,-0.029025723939654285,0.057990561231011886,0.008235012077632468,0.04648201915845043,0.13840502681110853,-0.035569299154593316,-0.025714858213089276,0.32625811372165137,-0.016107086384905264,0.14987565842381698,-0.020512647843886466,0.020512647843886695,-0.04935419928588192,0.07771539388393314,-0.02051264784388647,0.0878788197673495,0.07277641207161777,-0.04109524509182895,-0.039689426486923536,0.32033538939940415,0.22621273210516957,0.28880062906941,-0.13442866923838406,0.1483872234763534,0.0030271921693889674,-0.02542883374586795,0.25856974232950614,0.13408563641365492,0.024703694900234965,-0.04111158742193422,-0.020512647843886466,-0.020512647843886466,0.05527257410653932,-0.029025723939654285,-0.02542883374586798,-0.020512647843886473,0.14905226258671433,-0.020512647843886466,-0.020512647843886473,-0.1163158276033778,-0.035569299154593344,-0.029025723939654274,0.15904373262377555,0.02459292509531374,0.0736031016572484,-0.02051264784388647,-0.029025723939654257,0.011665967915617456,-0.035569299154593344,-0.06761923003689763,0.42170826536500744,-0.0740362486231313,-0.029025723939654278,-0.08101701898956162,-0.02051264784388647,0.3471709330291535,-0.029025723939654285,0.31925755325753463,-0.05038854816564877,-0.058250141379388186,0.13783217250977262,-0.08535353871868186,-0.03556929915459337,-0.03481919301713616,-0.029025723939654278,0.05527257410653932,-0.04109524509182893,-0.04111158742193422,-0.05527257410653849,0.13777235091942397,-0.020512647843886473,-0.020512647843886466,-0.020512647843886473,-0.020512647843886466,-0.012002741412504495,0.03856991919581437,-0.02051264784388646,0.024592925095313762,0.008235012077632494,0.055935852608274335,0.13083983274267091,-0.1024370273447351,-0.05445690859556742,-0.03556929915459337,0.008235012077632472,-0.09508500447102428,0.11233022650541266,-0.020512647843886473,-0.020512647843886473,-0.029025723939654285,-0.020512647843886473,-0.020512647843886473,-0.020512647843886473,0.2219143963578416,-0.04111158742193422,-0.029025723939654267,0.020512647843886612,-0.008235012077631016,0.03196583041340637
aac(6')_AMR,0.13246826732759184,-0.023147022056782793,-0.010927203138745862,0.4731718161962424,-0.0016473114665575739,0.08522333076508216,-0.0005136260596101068,-0.004259160543528206,-0.02370194518637285,0.03735244168674689,-0.00300997351596154,-0.010492488755023153,0.3766766857117584,-0.02348250216771313,0.03411234861845762,-0.010198833198669648,0.0030271921693889436,1.0,0.025721127966116135,-0.007393886768818989,-0.006745819417404843,-0.006745819417404843,-0.006030211228689307,-0.005219348045725248,0.006745819417404706,-0.003009973515961538,-0.014860728118933603,-0.006745819417404843,-0.006745819417404843,-0.006745819417404843,-0.004259160543528209,-0.0073938867688189925,-0.006745819417404847,0.021175413318230838,-0.00907115327624184,-0.003009973515961538,0.0280842549873037,0.18413680716176273,-0.017051320456666283,-0.0030099735159615426,-0.004259160543528209,0.11111747156774847,-0.011346217292868447,-0.04614665044840147,-0.003009973515961542,-0.0030099735159615395,-0.005219348045725242,0.0052758986437577825,-0.003009973515961538,-0.007990867579908682,-0.0030099735159615395,0.006030211228689316,-0.0030099735159615387,-0.0030099735159615382,0.28471512687755984,-0.005219348045725244,0.05809217261831052,-0.0030099735159615382,-0.0545503647075351,-0.006030211228689309,-0.008547476863413775,0.5330035194472448,0.28471512687755984,-0.0052193480457252564,-0.01004003130700483,-0.010040031307004826,-0.005219348045725248,0.13600782778864995,0.02393416321305683,-0.011346217292868424,0.021011132113282645,-0.0030099735159615426,0.003009973515961605,0.008547476863413226,-0.011751213963106825,-0.003009973515961537,-0.07747302257935944,0.374303825552215,-0.0060302112286893025,0.009071153276241877,0.017230006150067614,-0.0059385576356935825,0.018454549457599567,0.04096351471732347,-0.047598039371846285,-0.00799086757990866,-0.01214359877030064,0.005668318018366246,-0.06289709772324871,-0.011346217292868466,-0.009567309975082879,-0.0030099735159615387,-0.0030099735159615374,-0.0030099735159615395,-0.004259160543528209,-0.012143598770300624,-0.0030099735159615382,-0.024833846669010118,0.37667668571175855,-0.0030099735159615382,0.2533496340344064,0.43370296856145574,0.5330035194472446,0.004994065476852384,-0.004259160543528211,-0.015514613684645765,-0.003009973515961538,-0.004259160543528209,-0.0073938867688189865,-0.00521934804572525,-0.014618797803859128,-0.0006063210075942058,-0.01842920122907686,-0.004259160543528207,-0.022814795564295904,-0.0030099735159615395,-0.007067365805073232,-0.004259160543528209,0.017017720316698976,-0.007393886768818986,0.1262279172507713,-0.09843797719190438,-0.012524560114914617,-0.00521934804572525,0.006030211228689454,-0.004259160543528204,-0.0030099735159615395,-0.006030211228689303,-0.009567309975082879,0.0030099735159614836,-0.0013180428230927907,-0.0030099735159615382,-0.0030099735159615387,-0.003009973515961538,0.37667668571175866,-0.0067458194174048365,0.09980355375313688,-0.0030099735159615417,0.26437217945185854,-0.005219348045725247,-0.006745819417404843,-0.04812057671145088,-0.012466599158090836,-0.007990867579908674,-0.00521934804572525,-0.0052193480457252564,-0.01395253052658274,0.01626216229662936,-0.003009973515961538,-0.003009973515961538,-0.0042591605435282065,-0.003009973515961538,-0.0030099735159615382,-0.0030099735159615382,0.00903242619115016,-0.009567309975082879,-0.004259160543528208,0.003009973515961675,0.005219348045725048,-0.06764154816687601
aadA_AMR,-0.0723407552582879,0.15490824517123117,-0.008264342985843175,0.04933563874868263,0.15396252471078586,-0.002792860735646051,0.060855390844499625,-0.006924831015938984,0.026137248925031432,-0.04929060778295222,0.029131705995372893,0.002708906908733019,-0.038919342665775986,-0.05215061347261786,0.019757080845912805,0.1760287316453083,0.13039576464995611,0.025721127966116135,1.0,0.015839326323919618,0.03478609041702461,0.03478609041702461,-0.04388786380202867,-0.06748683800915022,-0.03478609041702455,-0.03891934266577602,0.09892383874634118,0.03478609041702461,0.03478609041702461,0.03478609041702461,0.041221828724801936,-0.01202148073588326,0.06528869005777219,0.3601433354906513,-0.026142124904790415,-0.03891934266577602,0.3154037750290578,0.024279214011852308,-0.0588123125704076,0.029131705995372913,0.041221828724801894,-0.0804459968474053,-0.018447446772727676,0.1657349275233665,0.029131705995372927,-0.03891934266577601,-0.02815292516289304,0.1298461808290181,-0.038919342665776006,0.051529941595753255,-0.03891934266577602,0.009804324895088153,0.02913170599537287,-0.038919342665776,0.06059735165393682,0.011180987683364209,0.1414345872314241,-0.038919342665776,0.03069206634470481,0.024279214011852263,-0.038052791455400255,0.04122182872480182,0.06059735165393682,0.05051490052962145,-0.026641500244467067,0.07653588886020138,-0.0281529251628931,0.07733875522539027,-0.018246363671653446,-0.12838509919332472,0.8848130537467902,-0.03891934266577602,0.03891934266577611,-0.03441438652113102,0.07830918929393227,-0.03891934266577602,0.020965746729840258,0.05836275291879263,-0.07797140270896921,0.02614212490479119,0.13011218344385417,0.12059887418028009,0.026344740694069155,-0.2115468713846147,0.13128939799712586,-8.768566352088092e-05,-0.12269968520442176,0.03115981895896319,0.13010364090713508,0.0914902056478697,-0.015555179049361306,0.02913170599537283,-0.03891934266577601,-0.03891934266577602,-0.0550714907566799,-0.13985898549512565,0.02913170599537285,0.1336495753271448,0.029131705995372903,0.02913170599537285,0.13233027906235792,0.05051490052962139,0.04122182872480185,0.824736494568221,-0.006924831015938964,0.09993371780502447,0.02913170599537282,0.041221828724801915,-0.012021480735883262,0.011180987683364108,-0.002213268870633641,0.0412204777501316,-0.01838963572468254,-0.05507149075667988,0.04887429348801312,-0.03891934266577602,0.09477995939073053,-0.055071490756679886,0.13821404086082067,0.07156094044352525,0.08272583850548529,-0.0043354785409942115,0.0545913119020686,-0.028152925162893097,0.043887863802028526,-0.05507149075667987,-0.03891934266577602,-0.04388786380202872,-0.015555179049361306,-0.029131705995372847,0.9537426888463164,-0.03891934266577602,0.02913170599537283,0.029131705995372823,0.029131705995372847,-0.056721708505217995,-0.01705939722689717,0.02913170599537292,-0.006924831015938975,0.011180987683364188,-0.0262191088644704,0.12774057615119985,0.11150137871553896,-0.07751412655243191,-0.028152925162893097,-0.02815292516289303,-0.10530179631536606,0.8597655149395469,-0.03891934266577602,-0.03891934266577602,-0.0069248310159389865,-0.03891934266577602,0.02913170599537285,0.02913170599537285,0.4532129729641342,-0.015555179049361306,-0.006924831015938928,0.038919342665776,0.028152925162893694,0.06728548285072286
aap_VIR,-0.014689967273001935,-0.0927833398005302,-0.010110854910286661,-0.008852556487835523,-0.13347598230271338,-0.05212597004399477,0.051980921928354136,-0.003940967670174928,-0.021931223006300585,-0.01916726185685522,-0.002785104762606754,-0.009708617118472408,-0.002785104762606754,-0.021728174111302376,-0.020048913550682147,0.08619882911094602,-0.05038854816564886,-0.007393886768818989,0.015839326323919618,1.0,0.912350922907404,0.912350922907404,-0.005579706905554682,-0.004829421595494656,0.006241853520461184,-0.002785104762606754,0.05869402217799912,0.912350922907404,0.912350922907404,0.912350922907404,-0.003940967670174925,-0.006841505131128843,-0.006241853520461163,-0.026914648836756844,-0.008393466606275558,-0.002785104762606754,-0.021926421986721917,-0.0055797069055546775,-0.015777452379817553,-0.002785104762606754,-0.003940967670174929,-0.008852556487835528,-0.010498565403438182,-0.06686793528456594,-0.0027851047626067543,-0.0027851047626067543,-0.004829421595494657,-0.031039777332712952,-0.002785104762606754,-0.007393886768819001,-0.002785104762606754,0.005579706905554662,-0.002785104762606753,-0.0027851047626067525,-0.010873305629270517,-0.004829421595494656,-0.05154609232773282,-0.0027851047626067525,0.09214720083723142,-0.005579706905554684,-0.007908912950338711,-0.003940967670174928,-0.010873305629270517,-0.004829421595494654,0.2392868950843754,-0.009289961809158117,-0.004829421595494656,-0.007393886768818993,0.03234692699186375,-0.010498565403438184,0.011404549583819831,-0.0027851047626067547,0.002785104762606656,0.007908912950338857,-0.010873305629270523,0.40708947946768737,0.011931746760779597,-0.005579706905554678,-0.00557970690555468,0.008393466606275416,-0.15434933875920215,-0.18050474956816234,0.129744276528505,-0.018252052576347176,-0.09949242223745854,-0.007393886768818991,-0.011236376197664186,-0.03704923701215163,0.02556546346062357,0.32058119356927306,-0.008852556487835523,-0.002785104762606753,-0.002785104762606754,-0.0027851047626067543,-0.0039409676701749295,-0.011236376197664185,-0.0027851047626067543,-0.19129739947282687,-0.0027851047626067543,-0.0027851047626067543,-0.02464516043215392,-0.004829421595494658,-0.003940967670174927,0.020436147665261743,-0.003940967670174925,0.057666895748681245,-0.002785104762606754,-0.003940967670174925,-0.006841505131128844,-0.004829421595494657,0.1595753608017219,0.09938491795457012,0.2617858355390281,-0.003940967670174928,0.2665507522032583,-0.0027851047626067543,-0.1427250063583209,-0.0039409676701749295,-0.15485533118809677,-0.006841505131128843,-0.007908912950338695,0.01871416323328598,-0.011588876726199408,-0.004829421595494655,0.005579706905554757,-0.003940967670174927,-0.0027851047626067543,-0.005579706905554679,-0.008852556487835523,0.002785104762606754,0.014734268335231523,-0.0027851047626067543,-0.002785104762606753,-0.002785104762606754,-0.002785104762606753,-0.0062418535204611485,-0.009708617118472412,-0.002785104762606754,-0.0039409676701749295,-0.004829421595494652,-0.006241853520461148,-0.05690081722966386,-0.08243284780114371,-0.007393886768818978,-0.004829421595494655,-0.004829421595494654,0.1680370876409057,0.03540068536217795,-0.002785104762606754,-0.002785104762606754,-0.003940967670174928,-0.002785104762606754,-0.0027851047626067543,-0.0027851047626067543,-0.05865968833757958,-0.008852556487835523,-0.003940967670174925,0.0027851047626066645,0.00482942159549453,0.013221648074233277
aar_VIR,-0.013402405199002909,-0.08465096569744508,-0.00922464780878292,-0.008076638081766674,-0.1217769356398532,-0.04755717687708235,0.0474248420949117,-0.0035955454910323458,-0.020008971550286473,-0.017487269044709774,-0.0025409929005580814,-0.008857665788192937,-0.0025409929005580814,-0.01982371970353952,-0.018291644781255632,0.10519894736619377,-0.04597203842289396,-0.006745819417404843,0.03478609041702461,0.912350922907404,1.0,1.0,-0.005090650744835644,-0.004406127249758505,0.00569476082004567,-0.0025409929005580844,0.0720561004902377,1.0,1.0,1.0,-0.0035955454910323427,-0.0062418535204611545,-0.005694760820045565,-0.01915520646052706,-0.007657787004627998,-0.0025409929005580844,-0.01444110971379324,-0.005090650744835638,-0.01439457323985417,-0.002540992900558084,-0.003595545491032344,-0.00807663808176668,-0.009578375835030583,-0.06100702246978647,-0.0025409929005580844,-0.002540992900558085,-0.004406127249758506,-0.028319169496340953,-0.0025409929005580844,-0.006745819417404849,-0.002540992900558084,0.005090650744835628,-0.002540992900558082,-0.002540992900558082,-0.009920270425919253,-0.004406127249758504,-0.047028124907477376,-0.002540992900558082,0.08407058372718218,-0.005090650744835642,-0.007215704029435844,-0.0035955454910323453,-0.009920270425919253,-0.0044061272497585,0.2636714845299249,-0.008475705230359948,-0.004406127249758499,-0.006745819417404848,0.04254118574275461,-0.00957837583503056,0.03093583855954641,-0.0025409929005580844,0.002540992900557947,0.007215704029436157,-0.00992027042591924,0.4461983533379985,0.010885940169094683,-0.00509065074483564,-0.005090650744835639,0.007657787004627824,-0.14082076166710575,-0.2032248052312145,0.1496571802657507,-0.01665227701298484,-0.0671632613153473,-0.006745819417404844,-0.010251518194073715,-0.006790971076012181,0.02332467418285542,0.3528947325506264,-0.008076638081766679,-0.0025409929005580823,-0.0025409929005580844,-0.0025409929005580853,-0.003595545491032345,-0.010251518194073718,-0.0025409929005580853,-0.21361984709087792,-0.0025409929005580844,-0.0025409929005580853,-0.022485034865476723,-0.004406127249758505,-0.003595545491032345,0.03884552765013363,-0.003595545491032341,0.07101117404356802,-0.0025409929005580844,-0.0035955454910323427,-0.006241853520461154,-0.004406127249758504,0.17717468508642034,0.11842611322707919,0.2897202119790157,-0.003595545491032345,0.2956773992733801,-0.0025409929005580844,-0.13021529127297904,-0.0035955454910323453,-0.14128240432659206,-0.006241853520461147,-0.007215704029435845,0.017073884097328275,-0.010573122376608195,-0.004406127249758511,0.005090650744835642,-0.003595545491032345,-0.0025409929005580844,-0.005090650744835637,-0.008076638081766679,0.0025409929005581052,0.03382052801148037,-0.0025409929005580857,-0.0025409929005580823,-0.002540992900558085,-0.002540992900558082,-0.005694760820045556,-0.008857665788192947,-0.002540992900558084,-0.003595545491032345,-0.004406127249758509,-0.005694760820045561,-0.06772028279621081,-0.07520768476925915,-0.006745819417404841,-0.004406127249758511,-0.0044061272497585,0.1863262708525375,0.05829511300295409,-0.0025409929005580844,-0.0025409929005580844,-0.0035955454910323466,-0.0025409929005580844,-0.0025409929005580853,-0.0025409929005580853,-0.04848288899048713,-0.008076638081766679,-0.0035955454910323445,0.002540992900557957,0.004406127249758415,0.01206278282288362
aatA_VIR,-0.013402405199002909,-0.08465096569744508,-0.00922464780878292,-0.008076638081766674,-0.1217769356398532,-0.04755717687708235,0.0474248420949117,-0.0035955454910323458,-0.020008971550286473,-0.017487269044709774,-0.0025409929005580814,-0.008857665788192937,-0.0025409929005580814,-0.01982371970353952,-0.018291644781255632,0.10519894736619377,-0.04597203842289396,-0.006745819417404843,0.03478609041702461,0.912350922907404,1.0,1.0,-0.005090650744835644,-0.004406127249758505,0.00569476082004567,-0.0025409929005580844,0.0720561004902377,1.0,1.0,1.0,-0.0035955454910323427,-0.0062418535204611545,-0.005694760820045565,-0.01915520646052706,-0.007657787004627998,-0.0025409929005580844,-0.01444110971379324,-0.005090650744835638,-0.01439457323985417,-0.002540992900558084,-0.003595545491032344,-0.00807663808176668,-0.009578375835030583,-0.06100702246978647,-0.0025409929005580844,-0.002540992900558085,-0.004406127249758506,-0.028319169496340953,-0.0025409929005580844,-0.006745819417404849,-0.002540992900558084,0.005090650744835628,-0.002540992900558082,-0.002540992900558082,-0.009920270425919253,-0.004406127249758504,-0.047028124907477376,-0.002540992900558082,0.08407058372718218,-0.005090650744835642,-0.007215704029435844,-0.0035955454910323453,-0.009920270425919253,-0.0044061272497585,0.2636714845299249,-0.008475705230359948,-0.004406127249758499,-0.006745819417404848,0.04254118574275461,-0.00957837583503056,0.03093583855954641,-0.0025409929005580844,0.002540992900557947,0.007215704029436157,-0.00992027042591924,0.4461983533379985,0.010885940169094683,-0.00509065074483564,-0.005090650744835639,0.007657787004627824,-0.14082076166710575,-0.2032248052312145,0.1496571802657507,-0.01665227701298484,-0.0671632613153473,-0.006745819417404844,-0.010251518194073715,-0.006790971076012181,0.02332467418285542,0.3528947325506264,-0.008076638081766679,-0.0025409929005580823,-0.0025409929005580844,-0.0025409929005580853,-0.003595545491032345,-0.010251518194073718,-0.0025409929005580853,-0.21361984709087792,-0.0025409929005580844,-0.0025409929005580853,-0.022485034865476723,-0.004406127249758505,-0.003595545491032345,0.03884552765013363,-0.003595545491032341,0.07101117404356802,-0.0025409929005580844,-0.0035955454910323427,-0.006241853520461154,-0.004406127249758504,0.17717468508642034,0.11842611322707919,0.2897202119790157,-0.003595545491032345,0.2956773992733801,-0.0025409929005580844,-0.13021529127297904,-0.0035955454910323453,-0.14128240432659206,-0.006241853520461147,-0.007215704029435845,0.017073884097328275,-0.010573122376608195,-0.004406127249758511,0.005090650744835642,-0.003595545491032345,-0.0025409929005580844,-0.005090650744835637,-0.008076638081766679,0.0025409929005581052,0.03382052801148037,-0.0025409929005580857,-0.0025409929005580823,-0.002540992900558085,-0.002540992900558082,-0.005694760820045556,-0.008857665788192947,-0.002540992900558084,-0.003595545491032345,-0.004406127249758509,-0.005694760820045561,-0.06772028279621081,-0.07520768476925915,-0.006745819417404841,-0.004406127249758511,-0.0044061272497585,0.1863262708525375,0.05829511300295409,-0.0025409929005580844,-0.0025409929005580844,-0.0035955454910323466,-0.0025409929005580844,-0.0025409929005580853,-0.0025409929005580853,-0.04848288899048713,-0.008076638081766679,-0.0035955454910323445,0.002540992900557957,0.004406127249758415,0.01206278282288362
acrB-R620C_AMR,-0.011980654879961628,-0.04171904659135866,-0.008246081217902924,-0.007219854347874869,0.04180307804665807,-0.04251222931776481,-0.032473752554000826,-0.003214123807901696,-0.017886385248581146,-0.015632189305341316,-0.002271439979764518,-0.007918029284644959,-0.002271439979764518,-0.017720785238075878,-0.016351235472822356,0.022824280357318594,-0.041095245091829005,-0.006030211228689307,-0.04388786380202867,-0.005579706905554682,-0.005090650744835644,-0.005090650744835644,1.0,-0.003938717651998644,0.005090650744835823,-0.002271439979764521,-0.034847822116234266,-0.005090650744835644,-0.005090650744835644,-0.005090650744835644,-0.0032141238079016927,-0.005579706905554686,-0.005090650744835641,-0.009881917044173991,-0.006845435717279214,-0.002271439979764521,-0.005449225017198102,-0.004550625711035268,-0.012867572019375622,-0.002271439979764519,-0.003214123807901694,-0.007219854347874871,-0.008562285163457311,-0.054535292032429565,-0.0022714399797645196,-0.002271439979764521,-0.003938717651998645,-0.025315023026466862,-0.002271439979764521,-0.0060302112286893155,-0.0022714399797645196,0.004550625711035273,-0.0022714399797645187,-0.0022714399797645183,-0.008867910984938039,-0.003938717651998644,-0.042039300095935796,-0.0022714399797645183,0.07515223082997234,-0.0045506257110352714,-0.006450249668548367,-0.003214123807901695,-0.008867910984938039,-0.0039387176519986395,-0.007576587763275713,-0.007576587763275723,-0.00393871765199864,-0.006030211228689311,-0.03185516781821595,-0.0085622851634573,-0.04805174640089496,-0.00227143997976452,0.0022714399797643605,0.006450249668549054,-0.008867910984938035,-0.0022714399797645205,0.009731140811914651,-0.00455062571103527,-0.004550625711035268,0.006845435717279155,0.036149859470791045,0.025049357232961155,-0.03401541266376943,-0.014885774672215718,0.024378676649745135,-0.00603021122868931,-0.009164019417050763,-0.06039810081809116,-0.0987006942117156,-0.00856228516345732,-0.007219854347874868,-0.0022714399797645187,-0.0022714399797645205,-0.00227143997976452,-0.003214123807901694,-0.009164019417050766,-0.002271439979764521,0.01869816150461615,-0.00227143997976452,-0.002271439979764521,-0.02009978348567034,-0.003938717651998646,-0.0032141238079016945,-0.03976318661720579,-0.0032141238079016914,-0.035203571410255846,-0.002271439979764521,-0.003214123807901692,-0.005579706905554692,-0.003938717651998644,-0.011031898324584337,-0.042985880445763125,-0.013907373020017462,-0.003214123807901694,-0.01721690855420732,-0.0022714399797645196,-0.03865385967809646,-0.0032141238079016953,0.03603173919002654,-0.005579706905554682,-0.00645024966854836,-0.14144578590187074,0.2360096962865517,0.5757092301338017,0.004550625711035318,-0.0032141238079016945,-0.0022714399797645196,-0.004550625711035267,-0.007219854347874868,0.0022714399797646063,-0.04490822258447305,-0.002271439979764521,-0.0022714399797645187,-0.002271439979764521,-0.0022714399797645187,-0.005090650744835634,-0.007918029284644969,-0.002271439979764519,-0.0032141238079016945,-0.003938717651998641,-0.005090650744835637,-0.08173133842697533,-0.0672295235192914,-0.006030211228689306,0.5757092301338017,-0.0039387176519986395,-0.010529107810717973,-0.05246636933818651,-0.002271439979764521,-0.002271439979764521,-0.003214123807901696,-0.002271439979764521,-0.002271439979764521,-0.002271439979764521,-0.07034679087204902,-0.007219854347874868,-0.0032141238079016927,0.002271439979764366,0.003938717651998951,0.010783141961985262
acrB-R717L_AMR,-0.010369654604591287,0.05205052551327816,-0.0071372570971959025,-0.0062490236663222416,0.03618195207990221,0.09264904981947743,-0.09290757871034071,-0.002781930877591655,-0.01548126033266036,-0.013530178895404003,-0.001966006723439928,-0.0068533172563159765,-0.001966006723439928,-0.015337928024980855,-0.01415253722858697,0.08139410298049841,0.09584363454208411,-0.005219348045725248,-0.06748683800915022,-0.004829421595494656,-0.004406127249758505,-0.004406127249758505,-0.003938717651998644,1.0,0.0044061272497587,-0.0019660067234399305,-0.030161947129616753,-0.004406127249758505,-0.004406127249758505,-0.004406127249758505,-0.0027819308775916523,-0.004829421595494654,-0.0044061272497585065,-0.03989093406222005,-0.005924951909335495,-0.00196600672343993,-0.0370006434950477,-0.0039387176519986395,-0.0111373108379745,-0.0019660067234399284,-0.0027819308775916545,-0.006249023666322243,-0.007410942111317477,-0.007393644117897941,-0.0019660067234399297,-0.0019660067234399305,-0.003409090909090906,-0.02191099299010755,-0.0019660067234399305,-0.00521934804572525,-0.0019660067234399292,0.003938717651998951,-0.001966006723439929,-0.0019660067234399284,-0.007675471407816989,-0.003409090909090906,0.09369132319068786,-0.0019660067234399284,-0.05240985674676468,-0.003938717651998642,-0.005582905262390831,-0.0027819308775916553,-0.007675471407816989,-0.0034090909090909024,-0.0065577882823375224,-0.006557788282337513,-0.003409090909090904,-0.005219348045725252,0.07323912652904889,-0.00741094211131748,-0.07137489728903312,-0.00196600672343993,0.0019660067234401495,0.005582905262390998,-0.007675471407816984,-0.00196600672343993,0.008422625485771414,-0.0039387176519986395,-0.003938717651998641,0.005924951909335493,0.03128890369286873,0.021681050424654316,0.06738094140625892,-0.012884132246462397,0.021100554110584792,-0.00521934804572525,-0.007931763087802832,0.02609390347224757,0.01804667232854841,-0.007410942111317475,-0.006249023666322244,-0.001966006723439929,-0.00196600672343993,-0.0019660067234399297,-0.0027819308775916545,-0.007931763087802845,-0.00196600672343993,0.016183879636499157,-0.0019660067234399292,-0.00196600672343993,-0.017397030000595212,-0.0034090909090909076,-0.0027819308775916545,-0.06372170488427699,-0.002781930877591651,-0.03046985995590153,-0.0019660067234399305,-0.0027819308775916523,-0.004829421595494656,-0.0034090909090909076,-0.009548474303374273,0.09162817211498699,-0.012037293129610221,-0.002781930877591655,-0.01490180602435778,-0.0019660067234399297,0.03383724911786002,-0.0027819308775916553,0.031186666667798114,-0.004829421595494654,-0.0055829052623908295,0.01321033637016812,-0.008180593371826974,-0.003409090909090913,0.0039387176519982536,-0.0027819308775916545,-0.0019660067234399297,-0.0039387176519986395,-0.006249023666322244,0.001966006723440229,-0.06843184849587977,-0.00196600672343993,-0.001966006723439929,-0.00196600672343993,-0.001966006723439929,-0.004406127249758501,-0.0068533172563159895,-0.0019660067234399284,-0.002781930877591655,-0.0034090909090909085,-0.004406127249758501,0.020983435856173686,0.058586130702955576,-0.005219348045725246,-0.003409090909090913,-0.0034090909090909024,-0.009113292418953284,-0.07558313249234498,-0.00196600672343993,-0.00196600672343993,-0.002781930877591655,-0.00196600672343993,-0.00196600672343993,-0.00196600672343993,0.055990011813937854,-0.006249023666322244,-0.0027819308775916536,0.0019660067234401495,0.0034090909090912455,0.009333167411831884
acrF_AMR,0.013402405199002675,-0.036888550905553,0.009224647808782861,-0.27719021896623186,-0.01305570908740725,0.04755717687708305,-0.047424842094912475,0.0035955454910322855,-0.16276263409353753,0.017487269044709666,0.0025409929005578602,0.008857665788192646,0.002540992900557971,-0.1644325381725168,0.01829164478125597,0.022266809785572262,0.04597203842289454,0.006745819417404706,-0.03478609041702455,0.006241853520461184,0.00569476082004567,0.00569476082004567,0.005090650744835823,0.0044061272497587,1.0,0.0025409929005579895,0.001970120257731099,0.005694760820045642,0.005694760820045642,0.005694760820045642,0.0035955454910325227,0.006241853520461395,-0.5977220956719825,0.019155206460527062,0.0076577870046278295,0.002540992900558008,0.014441109713793174,0.005090650744835751,-0.06760806012008912,0.0025409929005581343,-0.6313777882252788,-0.13455679044223268,0.00957837583503055,0.06100702246978695,0.0025409929005581603,0.002540992900558038,-0.25496789685269144,-0.10932758278954396,0.0025409929005579565,0.0067458194174046405,0.00254099290055811,-0.005090650744835377,-0.44619835333799857,0.0025409929005580667,0.00992027042591923,0.0044061272497586965,0.04702812490747798,0.0025409929005580667,0.00701447815147044,0.0050906507448357,0.007215704029435573,0.0035955454910321836,0.00992027042591923,0.004406127249758112,0.008475705230359842,-0.2636714845299249,0.004406127249758382,-0.5038163416313224,0.03563543654830185,0.009578375835030429,-0.00013950772743863017,0.002540992900558155,-0.002540992900558171,-0.007215704029435386,0.009920270425919465,0.0025409929005579613,0.30952356547459303,0.005090650744835616,0.00509065074483556,-0.007657787004628166,-0.004187672795930913,-0.02802197700997374,0.038052038732343633,0.016652277012984724,0.11438074518593007,0.006745819417404678,0.010251518194073548,0.12834017634869063,0.1371612009090513,0.00957837583503076,0.008076638081767356,0.0025409929005579656,0.0025409929005579574,0.002540992900558181,0.003595545491032159,0.010251518194073515,0.0025409929005581074,-0.02091708170146912,0.0025409929005580745,0.0025409929005581074,-0.0878165528357233,0.004406127249758449,0.003595545491032259,0.05205712495163671,0.003595545491032366,0.002583739900645376,0.002540992900557984,0.003595545491032396,0.006241853520460959,0.0044061272497583695,0.012341059227703424,0.0480870364218244,0.015557767946367021,0.0035955454910322694,0.01926004772106453,0.002540992900558197,-0.008943682638113447,0.0035955454910321675,-0.003989634125088153,0.006241853520461328,0.00721570402943599,-0.01707388409732825,0.0105731223766082,0.00440612724975859,-0.005090650744836204,0.0035955454910322443,0.002540992900558178,-0.21966157963965757,0.008076638081767356,-0.0025409929005581473,-0.003253970965280519,0.0025409929005580823,0.0025409929005579656,0.002540992900558013,0.002540992900557964,0.005694760820045522,0.00885766578819293,0.0025409929005582,0.003595545491032332,0.004406127249758645,0.005694760820045747,0.11514059184383524,-0.04553483459666043,0.0067458194174047905,0.00440612724975859,0.004406127249758094,0.011778602311569098,0.004098323095965217,0.002540992900558008,0.002540992900558008,0.003595545491032308,0.002540992900558008,0.0025409929005581074,0.0025409929005581074,0.048482888990487374,0.008076638081767356,0.0035955454910324316,-0.0025409929005582718,-0.004406127249758196,-0.012062782822883922
acrR-R45C_AMR,0.18959230547268718,0.030017293714521387,-0.004116022662401913,-0.003603782612591262,-0.05433666815704997,0.05343027209385472,0.02116088645006427,-0.0016043264774504994,-0.008927970157724688,-0.007802790652128056,-0.0011337868480725609,-0.003952275889110014,-0.0011337868480725609,-0.008845311088753367,-0.008161701781239867,-0.024154166597437313,0.055272574106539275,-0.003009973515961538,-0.03891934266577602,-0.002785104762606754,-0.0025409929005580844,-0.0025409929005580844,-0.002271439979764521,-0.0019660067234399305,0.0025409929005579895,1.0,-0.01739425331566742,-0.0025409929005580844,-0.0025409929005580844,-0.0025409929005580844,-0.0016043264774505007,-0.002785104762606756,-0.002540992900558079,-0.02300491440738289,-0.003416891951678136,-0.0011337868480725628,-0.021338097405641156,-0.002271439979764521,-0.006422834876626165,-0.0011337868480725646,-0.0016043264774504983,-0.003603782612591271,-0.004273855525243129,0.04165082637521776,-0.0011337868480725646,-0.0011337868480725635,-0.0019660067234399314,-0.01263596679716702,-0.0011337868480725626,-0.0030099735159615413,-0.0011337868480725641,0.0022714399797644186,-0.0011337868480725613,-0.0011337868480725613,-0.004426408328712819,-0.00196600672343993,0.05403134625412365,-0.0011337868480725613,-0.030224518350007768,-0.002271439979764521,-0.0032196352561086362,-0.001604326477450498,-0.004426408328712819,-0.0019660067234399258,-0.0037818457171648733,-0.0037818457171648785,-0.001966006723439926,-0.0030099735159615395,-0.015900473108332737,-0.004273855525243114,-0.041161568200154916,-0.0011337868480725646,0.0011337868480726068,0.003219635256108389,-0.004426408328712824,-0.0011337868480725624,0.004857288577986011,-0.0022714399797645213,-0.002271439979764521,0.0034168919516779275,0.018044163875245062,0.012503359999125715,-0.016978757023525144,-0.007430218582522039,0.012168590499917205,-0.003009973515961539,-0.0045742105374102305,0.015048231635721169,0.010407431212535442,-0.00427385552524313,-0.0036037826125912696,-0.0011337868480725615,-0.0011337868480725624,-0.0011337868480725641,-0.001604326477450499,-0.004574210537410231,-0.0011337868480725628,0.009333167411831962,-0.0011337868480725643,-0.0011337868480725628,0.11300818147538212,-0.0019660067234399284,-0.0016043264774504992,-0.03674800806791947,-0.0016043264774504983,-0.017571825197102126,-0.0011337868480725626,-0.0016043264774505007,-0.002785104762606753,-0.001966006723439928,-0.005506560305847991,0.052841536714142094,-0.006941850439283742,-0.0016043264774504987,-0.008593801578350279,-0.0011337868480725643,0.01951378271873784,-0.0016043264774504985,0.017985204262834252,-0.0027851047626067564,-0.0032196352561086423,0.007618338969311743,-0.0047177097940837185,-0.0019660067234399314,0.0022714399797645174,-0.0016043264774504996,-0.0011337868480725641,-0.002271439979764522,-0.0036037826125912696,0.001133786848072514,-0.03946432577716124,-0.0011337868480725633,-0.0011337868480725615,-0.0011337868480725624,-0.0011337868480725613,-0.002540992900558077,-0.00395227588911002,-0.0011337868480725646,-0.0016043264774504983,-0.0019660067234399323,-0.002540992900558081,0.012101048952404974,0.03378634654628678,-0.0030099735159615387,-0.0019660067234399314,-0.0019660067234399258,-0.005255592956045323,-0.04358843768652305,-0.0011337868480725628,-0.0011337868480725628,-0.0016043264774504994,-0.0011337868480725628,-0.0011337868480725628,-0.0011337868480725628,-0.03511352578337059,-0.0036037826125912696,-0.0016043264774505,0.0011337868480726177,0.0019660067234395823,0.005382393832244607
afaC_VIR,-0.043351698004265214,0.09148795956444498,0.029092498943282644,-0.029041201537857386,-0.3311840382632991,-0.22703324562929453,0.18901997616852717,-0.024613145934129225,-0.024859870114610966,-0.04393595634086573,0.06518169118828052,0.011328267437667258,-0.017394253315667442,-0.04528532781750502,-0.05242693149267448,0.004728378432681103,0.07285930634321006,-0.014860728118933603,0.09892383874634118,0.05869402217799912,0.0720561004902377,0.0720561004902377,-0.034847822116234266,-0.030161947129616753,0.001970120257731099,-0.01739425331566742,1.0,0.0720561004902377,0.0720561004902377,0.0720561004902377,-0.02461314593412922,-0.04272832925678218,-0.03898323063171683,-0.19194473614976354,0.002880965085937363,-0.017394253315667428,-0.1615112226961968,-0.034847822116234224,0.05236188294693752,-0.017394253315667435,-0.02461314593412924,-0.0552882649543652,-0.06556834361504783,0.025476454187715002,-0.017394253315667435,-0.01739425331566743,0.11302622123302616,-0.16852818174442183,0.06518169118828054,-0.04617820527649524,-0.01739425331566744,0.034847822116233954,-0.017394253315667425,-0.01739425331566743,0.018060324614125503,-0.030161947129616756,0.10500424380297795,-0.01739425331566743,0.09501208705120946,-0.03484782211623428,0.038539878269221325,-0.024613145934129232,0.018060324614125503,0.11302622123302591,0.09221956954393463,0.1673393849565677,-0.030161947129616767,-0.04617820527649518,-0.20797609888238333,-0.06556834361504786,0.08822783137618903,-0.017394253315667435,0.01739425331566759,0.04939477938380689,-0.06790876775392204,0.06518169118828056,0.054865552403642236,0.006510547411500728,-0.034847822116234245,0.02477003677148321,-0.3702608629469385,-0.37839346074958835,-0.22594172727623443,0.08399205301337469,-0.09135591416793118,0.01645674903862809,-0.07017630954369362,-0.007717484395627926,0.051383178239222976,0.00113309349565173,-0.05528826495436507,-0.01739425331566743,-0.017394253315667425,-0.017394253315667435,-0.024613145934129246,-0.07017630954369361,-0.017394253315667428,-0.1265563422144599,-0.017394253315667435,-0.017394253315667428,0.15054122635669803,-0.030161947129616735,-0.02461314593412922,0.12763309088353317,0.09223313288219373,0.9898945112734238,-0.01739425331566742,-0.02461314593412922,0.024886571699738732,-0.030161947129616756,-0.049605933904424464,-0.26176668221551774,-0.07841174205315311,-0.024613145934129232,-0.06229895007303962,-0.017394253315667435,-0.33441542489534976,0.09223313288219376,-0.37234171908842356,-0.008920878778521747,0.009228325718211472,0.06526374434866769,-0.07237783659918208,-0.030161947129616794,0.03484782211623458,-0.024613145934129232,-0.017394253315667435,0.006510547411500729,-0.05528826495436507,0.017394253315667015,0.0863974611438883,-0.017394253315667428,-0.01739425331566743,0.06518169118828056,-0.01739425331566743,-0.03898323063171675,-0.03664708099139848,-0.017394253315667435,-0.024613145934129246,-0.030161947129616788,-0.03898323063171678,0.054758459978745774,0.012864480406133394,-0.04617820527649527,-0.030161947129616794,0.017567442324597587,-0.04417510921671994,0.0660933414149907,-0.017394253315667428,-0.017394253315667428,-0.024613145934129225,-0.017394253315667428,-0.017394253315667428,-0.017394253315667428,0.050608800165690034,-0.05528826495436507,-0.02461314593412923,0.017394253315667633,0.030161947129615903,0.04693793001548794
agg3DCB_VIR,-0.013402405199002909,-0.08465096569744508,-0.00922464780878292,-0.008076638081766674,-0.1217769356398532,-0.04755717687708235,0.0474248420949117,-0.0035955454910323458,-0.020008971550286473,-0.017487269044709774,-0.0025409929005580814,-0.008857665788192937,-0.0025409929005580814,-0.01982371970353952,-0.018291644781255632,0.10519894736619377,-0.04597203842289396,-0.006745819417404843,0.03478609041702461,0.912350922907404,1.0,1.0,-0.005090650744835644,-0.004406127249758505,0.005694760820045642,-0.0025409929005580844,0.0720561004902377,1.0,1.0,1.0,-0.0035955454910323427,-0.0062418535204611545,-0.005694760820045565,-0.01915520646052706,-0.007657787004627998,-0.0025409929005580844,-0.01444110971379324,-0.005090650744835638,-0.01439457323985417,-0.002540992900558084,-0.003595545491032344,-0.00807663808176668,-0.009578375835030583,-0.06100702246978647,-0.0025409929005580844,-0.002540992900558085,-0.004406127249758506,-0.028319169496340953,-0.0025409929005580844,-0.006745819417404849,-0.002540992900558084,0.005090650744835628,-0.002540992900558082,-0.002540992900558082,-0.009920270425919253,-0.004406127249758504,-0.047028124907477376,-0.002540992900558082,0.08407058372718218,-0.005090650744835642,-0.007215704029435844,-0.0035955454910323453,-0.009920270425919253,-0.0044061272497585,0.2636714845299249,-0.008475705230359948,-0.004406127249758499,-0.006745819417404848,0.04254118574275461,-0.00957837583503056,0.03093583855954641,-0.0025409929005580844,0.002540992900557947,0.007215704029436157,-0.00992027042591924,0.4461983533379985,0.010885940169094683,-0.00509065074483564,-0.005090650744835639,0.007657787004627824,-0.14082076166710575,-0.2032248052312145,0.1496571802657507,-0.01665227701298484,-0.0671632613153473,-0.006745819417404844,-0.010251518194073715,-0.006790971076012181,0.02332467418285542,0.3528947325506264,-0.008076638081766679,-0.0025409929005580823,-0.0025409929005580844,-0.0025409929005580853,-0.003595545491032345,-0.010251518194073718,-0.0025409929005580853,-0.21361984709087792,-0.0025409929005580844,-0.0025409929005580853,-0.022485034865476723,-0.004406127249758505,-0.003595545491032345,0.03884552765013363,-0.003595545491032341,0.07101117404356802,-0.0025409929005580844,-0.0035955454910323427,-0.006241853520461154,-0.004406127249758504,0.17717468508642034,0.11842611322707919,0.2897202119790157,-0.003595545491032345,0.2956773992733801,-0.0025409929005580844,-0.13021529127297904,-0.0035955454910323453,-0.14128240432659206,-0.006241853520461147,-0.007215704029435845,0.017073884097328275,-0.010573122376608195,-0.004406127249758511,0.005090650744835642,-0.003595545491032345,-0.0025409929005580844,-0.005090650744835637,-0.008076638081766679,0.0025409929005581052,0.03382052801148037,-0.0025409929005580857,-0.0025409929005580823,-0.002540992900558085,-0.002540992900558082,-0.005694760820045556,-0.008857665788192947,-0.002540992900558084,-0.003595545491032345,-0.004406127249758509,-0.005694760820045561,-0.06772028279621081,-0.07520768476925915,-0.006745819417404841,-0.004406127249758511,-0.0044061272497585,0.1863262708525375,0.05829511300295409,-0.0025409929005580844,-0.0025409929005580844,-0.0035955454910323466,-0.0025409929005580844,-0.0025409929005580853,-0.0025409929005580853,-0.04848288899048713,-0.008076638081766679,-0.0035955454910323445,0.002540992900557957,0.004406127249758415,0.01206278282288362
agg5A_VIR,-0.013402405199002909,-0.08465096569744508,-0.00922464780878292,-0.008076638081766674,-0.1217769356398532,-0.04755717687708235,0.0474248420949117,-0.0035955454910323458,-0.020008971550286473,-0.017487269044709774,-0.0025409929005580814,-0.008857665788192937,-0.0025409929005580814,-0.01982371970353952,-0.018291644781255632,0.10519894736619377,-0.04597203842289396,-0.006745819417404843,0.03478609041702461,0.912350922907404,1.0,1.0,-0.005090650744835644,-0.004406127249758505,0.005694760820045642,-0.0025409929005580844,0.0720561004902377,1.0,1.0,1.0,-0.0035955454910323427,-0.0062418535204611545,-0.005694760820045565,-0.01915520646052706,-0.007657787004627998,-0.0025409929005580844,-0.01444110971379324,-0.005090650744835638,-0.01439457323985417,-0.002540992900558084,-0.003595545491032344,-0.00807663808176668,-0.009578375835030583,-0.06100702246978647,-0.0025409929005580844,-0.002540992900558085,-0.004406127249758506,-0.028319169496340953,-0.0025409929005580844,-0.006745819417404849,-0.002540992900558084,0.005090650744835628,-0.002540992900558082,-0.002540992900558082,-0.009920270425919253,-0.004406127249758504,-0.047028124907477376,-0.002540992900558082,0.08407058372718218,-0.005090650744835642,-0.007215704029435844,-0.0035955454910323453,-0.009920270425919253,-0.0044061272497585,0.2636714845299249,-0.008475705230359948,-0.004406127249758499,-0.006745819417404848,0.04254118574275461,-0.00957837583503056,0.03093583855954641,-0.0025409929005580844,0.002540992900557947,0.007215704029436157,-0.00992027042591924,0.4461983533379985,0.010885940169094683,-0.00509065074483564,-0.005090650744835639,0.007657787004627824,-0.14082076166710575,-0.2032248052312145,0.1496571802657507,-0.01665227701298484,-0.0671632613153473,-0.006745819417404844,-0.010251518194073715,-0.006790971076012181,0.02332467418285542,0.3528947325506264,-0.008076638081766679,-0.0025409929005580823,-0.0025409929005580844,-0.0025409929005580853,-0.003595545491032345,-0.010251518194073718,-0.0025409929005580853,-0.21361984709087792,-0.0025409929005580844,-0.0025409929005580853,-0.022485034865476723,-0.004406127249758505,-0.003595545491032345,0.03884552765013363,-0.003595545491032341,0.07101117404356802,-0.0025409929005580844,-0.0035955454910323427,-0.006241853520461154,-0.004406127249758504,0.17717468508642034,0.11842611322707919,0.2897202119790157,-0.003595545491032345,0.2956773992733801,-0.0025409929005580844,-0.13021529127297904,-0.0035955454910323453,-0.14128240432659206,-0.006241853520461147,-0.007215704029435845,0.017073884097328275,-0.010573122376608195,-0.004406127249758511,0.005090650744835642,-0.003595545491032345,-0.0025409929005580844,-0.005090650744835637,-0.008076638081766679,0.0025409929005581052,0.03382052801148037,-0.0025409929005580857,-0.0025409929005580823,-0.002540992900558085,-0.002540992900558082,-0.005694760820045556,-0.008857665788192947,-0.002540992900558084,-0.003595545491032345,-0.004406127249758509,-0.005694760820045561,-0.06772028279621081,-0.07520768476925915,-0.006745819417404841,-0.004406127249758511,-0.0044061272497585,0.1863262708525375,0.05829511300295409,-0.0025409929005580844,-0.0025409929005580844,-0.0035955454910323466,-0.0025409929005580844,-0.0025409929005580853,-0.0025409929005580853,-0.04848288899048713,-0.008076638081766679,-0.0035955454910323445,0.002540992900557957,0.004406127249758415,0.01206278282288362
aggR_VIR,-0.013402405199002909,-0.08465096569744508,-0.00922464780878292,-0.008076638081766674,-0.1217769356398532,-0.04755717687708235,0.0474248420949117,-0.0035955454910323458,-0.020008971550286473,-0.017487269044709774,-0.0025409929005580814,-0.008857665788192937,-0.0025409929005580814,-0.01982371970353952,-0.018291644781255632,0.10519894736619377,-0.04597203842289396,-0.006745819417404843,0.03478609041702461,0.912350922907404,1.0,1.0,-0.005090650744835644,-0.004406127249758505,0.005694760820045642,-0.0025409929005580844,0.0720561004902377,1.0,1.0,1.0,-0.0035955454910323427,-0.0062418535204611545,-0.005694760820045565,-0.01915520646052706,-0.007657787004627998,-0.0025409929005580844,-0.01444110971379324,-0.005090650744835638,-0.01439457323985417,-0.002540992900558084,-0.003595545491032344,-0.00807663808176668,-0.009578375835030583,-0.06100702246978647,-0.0025409929005580844,-0.002540992900558085,-0.004406127249758506,-0.028319169496340953,-0.0025409929005580844,-0.006745819417404849,-0.002540992900558084,0.005090650744835628,-0.002540992900558082,-0.002540992900558082,-0.009920270425919253,-0.004406127249758504,-0.047028124907477376,-0.002540992900558082,0.08407058372718218,-0.005090650744835642,-0.007215704029435844,-0.0035955454910323453,-0.009920270425919253,-0.0044061272497585,0.2636714845299249,-0.008475705230359948,-0.004406127249758499,-0.006745819417404848,0.04254118574275461,-0.00957837583503056,0.03093583855954641,-0.0025409929005580844,0.002540992900557947,0.007215704029436157,-0.00992027042591924,0.4461983533379985,0.010885940169094683,-0.00509065074483564,-0.005090650744835639,0.007657787004627824,-0.14082076166710575,-0.2032248052312145,0.1496571802657507,-0.01665227701298484,-0.0671632613153473,-0.006745819417404844,-0.010251518194073715,-0.006790971076012181,0.02332467418285542,0.3528947325506264,-0.008076638081766679,-0.0025409929005580823,-0.0025409929005580844,-0.0025409929005580853,-0.003595545491032345,-0.010251518194073718,-0.0025409929005580853,-0.21361984709087792,-0.0025409929005580844,-0.0025409929005580853,-0.022485034865476723,-0.004406127249758505,-0.003595545491032345,0.03884552765013363,-0.003595545491032341,0.07101117404356802,-0.0025409929005580844,-0.0035955454910323427,-0.006241853520461154,-0.004406127249758504,0.17717468508642034,0.11842611322707919,0.2897202119790157,-0.003595545491032345,0.2956773992733801,-0.0025409929005580844,-0.13021529127297904,-0.0035955454910323453,-0.14128240432659206,-0.006241853520461147,-0.007215704029435845,0.017073884097328275,-0.010573122376608195,-0.004406127249758511,0.005090650744835642,-0.003595545491032345,-0.0025409929005580844,-0.005090650744835637,-0.008076638081766679,0.0025409929005581052,0.03382052801148037,-0.0025409929005580857,-0.0025409929005580823,-0.002540992900558085,-0.002540992900558082,-0.005694760820045556,-0.008857665788192947,-0.002540992900558084,-0.003595545491032345,-0.004406127249758509,-0.005694760820045561,-0.06772028279621081,-0.07520768476925915,-0.006745819417404841,-0.004406127249758511,-0.0044061272497585,0.1863262708525375,0.05829511300295409,-0.0025409929005580844,-0.0025409929005580844,-0.0035955454910323466,-0.0025409929005580844,-0.0025409929005580853,-0.0025409929005580853,-0.04848288899048713,-0.008076638081766679,-0.0035955454910323445,0.002540992900557957,0.004406127249758415,0.01206278282288362
ampC-C11T_AMR,-0.008461980951445434,0.042474949475276504,-0.005824237730666518,-0.005099409888361897,-0.07688725228114261,-0.030026545150890604,0.029942991908818377,-0.002270147559591378,-0.01263322020208239,-0.011041073251549235,-0.0016043264774504987,-0.005592533434187972,-0.0016043264774504987,-0.012516256300818639,-0.011548938224991645,-0.03417853106948282,-0.02902572393965426,-0.004259160543528209,0.041221828724801936,-0.003940967670174925,-0.0035955454910323427,-0.0035955454910323427,-0.0032141238079016927,-0.0027819308775916523,0.0035955454910325227,-0.0016043264774505007,-0.02461314593412922,-0.0035955454910323427,-0.0035955454910323427,-0.0035955454910323427,1.0,-0.00394096767017493,-0.0035955454910323427,-0.03255232088640771,-0.004834956621682306,-0.0016043264774505005,-0.030193748238025942,-0.003214123807901694,-0.009088413814625926,-0.0016043264774504992,-0.0022701475595913773,-0.005099409888361907,-0.006047573749512068,-0.038518478913183656,-0.0016043264774504994,-0.0016043264774505,-0.002781930877591653,-0.01788009460097655,-0.0016043264774505007,-0.004259160543528213,-0.0016043264774504992,0.003214123807901784,-0.0016043264774504987,-0.0016043264774504987,-0.006263438400113547,-0.002781930877591652,-0.029692513488465147,-0.0016043264774504987,-0.04276817564036741,-0.003214123807901693,-0.004555835250593439,-0.0022701475595913773,-0.006263438400113547,-0.00278193087759165,-0.0053513720219940915,-0.005351372021994098,-0.002781930877591651,-0.00425916054352821,-0.022499423110308663,-0.006047573749512059,0.038976320572850685,-0.0016043264774504992,0.001604326477450213,0.00455583525059401,-0.00626343840011354,-0.0016043264774505005,0.006873140826715748,-0.0032141238079016953,-0.0032141238079016953,0.004834956621682254,-0.08891110103757634,0.01769245386625712,-0.024025212052289274,-0.010513877829373021,0.017218749684261996,-0.004259160543528209,-0.006472580883325475,-0.10661229281201284,0.014726681196646513,-0.00604757374951207,-0.005099409888361907,-0.001604326477450499,-0.0016043264774505002,-0.0016043264774504996,-0.0022701475595913773,-0.006472580883325475,-0.0016043264774505005,0.01320658078080109,-0.0016043264774504996,-0.0016043264774505005,-0.01419655158153296,-0.0027819308775916545,-0.002270147559591377,-0.05199901766117024,-0.002270147559591375,-0.024864412979183334,-0.0016043264774505007,-0.002270147559591375,-0.003940967670174932,-0.0027819308775916536,-0.0077918706795445615,-0.030361086698319363,-0.009822829115699459,-0.0022701475595913773,-0.012160366331239047,-0.0016043264774504992,-0.08221504259704397,-0.002270147559591378,-0.08920257195887323,-0.00394096767017493,-0.004555835250593437,0.0107800711777859,-0.006675634620778071,-0.0027819308775916527,0.003214123807901737,-0.0022701475595913773,-0.0016043264774504996,-0.0032141238079016936,-0.005099409888361907,0.0016043264774504794,0.04065257535399097,-0.0016043264774505005,-0.001604326477450499,-0.0016043264774505005,-0.0016043264774504987,-0.003595545491032336,-0.005592533434187988,-0.0016043264774504992,-0.0022701475595913777,-0.0027819308775916536,-0.0035955454910323393,0.017123177317034236,0.04780821936034402,-0.0042591605435282065,-0.0027819308775916527,-0.0027819308775916506,-0.007436747875863719,-0.06167833469762965,-0.0016043264774505005,-0.0016043264774505005,-0.002270147559591378,-0.0016043264774505005,-0.0016043264774505005,-0.0016043264774505005,-0.0496861991534557,-0.005099409888361907,-0.002270147559591376,0.001604326477450213,0.0027819308775919828,0.007616173138554085
ampC-T32A_AMR,-0.01468996727300194,-0.06503005760409793,-0.010110854910286661,-0.008852556487835523,0.05125645088427085,-0.021563399294428097,0.02138148588652962,-0.003940967670174932,0.14501075901579796,-0.019167261856855234,-0.0027851047626067573,-0.009708617118472427,-0.0027851047626067586,0.14656987624203088,0.16059588915597442,-0.05933380206489597,-0.050388548165648826,-0.0073938867688189925,-0.01202148073588326,-0.006841505131128843,-0.0062418535204611545,-0.0062418535204611545,-0.005579706905554686,-0.004829421595494654,0.006241853520461395,-0.002785104762606756,-0.04272832925678218,-0.0062418535204611545,-0.0062418535204611545,-0.0062418535204611545,-0.00394096767017493,1.0,-0.006241853520461172,0.03227746803212552,-0.008393466606275563,-0.0027851047626067564,0.03905320199524805,-0.005579706905554684,-0.01577745237981757,-0.0027851047626067577,-0.003940967670174928,-0.00885255648783554,-0.010498565403438187,-0.06686793528456592,-0.0027851047626067577,-0.0027851047626067573,-0.004829421595494654,-0.031039777332713,-0.0027851047626067564,0.4589491144359794,-0.0027851047626067573,0.0055797069055543115,-0.002785104762606752,-0.0027851047626067564,-0.01087330562927052,-0.004829421595494654,-0.05154609232773284,-0.0027851047626067564,-0.01878119499000153,-0.005579706905554687,-0.00790891295033869,-0.003940967670174932,-0.01087330562927052,-0.004829421595494645,-0.009289961809158087,-0.00928996180915811,-0.004829421595494656,-0.007393886768818998,-0.03905891434267542,-0.010498565403438184,-0.016724548970685524,-0.0027851047626067573,0.0027851047626067543,0.007908912950339166,-0.01087330562927053,-0.0027851047626067564,0.011931746760779675,-0.0055797069055546844,-0.005579706905554685,0.008393466606275976,0.04432481011014987,0.030714033719258012,-0.041707678237538015,-0.018252052576347176,0.02989168503157812,-0.007393886768818993,-0.011236376197664195,0.03696541520895686,0.025565463460623546,-0.01049856540343819,0.38198781245010305,-0.002785104762606757,-0.0027851047626067564,-0.0027851047626067577,-0.003940967670174933,-0.011236376197664186,-0.002785104762606757,0.0229265748258492,-0.0027851047626067573,-0.002785104762606757,-0.024645160432153944,-0.004829421595494656,-0.003940967670174931,-0.007240414280177129,-0.003940967670174931,-0.04316452790693372,-0.0027851047626067564,-0.00394096767017493,-0.0068415051311288486,-0.004829421595494655,-0.01352665834805749,-0.0527067329187148,-0.017052394594822103,-0.003940967670174931,-0.021110350455599072,-0.0027851047626067577,0.04793487354243155,-0.003940967670174933,0.04417997803910758,-0.00684150513112885,-0.007908912950338706,0.018714163233285983,-0.011588876726199415,-0.004829421595494658,0.0055797069055547556,-0.00394096767017493,-0.0027851047626067577,-0.0055797069055546844,0.38198781245010305,0.0027851047626068965,-0.013184956857921802,-0.002785104762606757,-0.002785104762606757,-0.0027851047626067564,-0.0027851047626067564,-0.006241853520461149,-0.009708617118472422,-0.0027851047626067573,-0.003940967670174935,-0.004829421595494657,-0.006241853520461153,0.029725771759634655,0.00028102107204928777,-0.00739388676881898,-0.004829421595494658,-0.004829421595494644,-0.012910166489484223,-0.021588932094163196,-0.0027851047626067564,-0.0027851047626067564,-0.003940967670174931,-0.0027851047626067564,-0.002785104762606757,-0.002785104762606757,-0.0034689533326965117,0.38198781245010305,-0.00394096767017493,0.0027851047626067625,0.004829421595495041,0.013221648074233374
ant(2'')-Ia_AMR,-0.013402405199002878,-0.02388120739594588,-0.00922464780878291,0.4198236474902321,0.013055709087407425,-0.047557176877082365,0.013923933639066176,-0.0035955454910323397,0.10183876554559593,-0.01748726904470975,-0.0025409929005580857,-0.008857665788192954,-0.0025409929005580888,0.10301378554716503,-0.01829164478125565,-0.05413324907351311,-0.045972038422893984,-0.006745819417404847,0.06528869005777219,-0.006241853520461163,-0.005694760820045565,-0.005694760820045565,-0.005090650744835641,-0.0044061272497585065,-0.5977220956719825,-0.002540992900558079,-0.03898323063171683,-0.005694760820045565,-0.005694760820045565,-0.005694760820045565,-0.0035955454910323427,-0.006241853520461172,1.0,-0.01915520646052705,0.142605011330628,-0.002540992900558081,-0.014441109713793369,-0.0050906507448356345,-0.014394573239854186,-0.0025409929005580836,0.6313777882252792,0.1345567904422328,-0.009578375835030569,-0.0610070224697865,-0.002540992900558084,-0.002540992900558083,-0.004406127249758508,0.06344533202758224,-0.002540992900558079,-0.006745819417404859,-0.002540992900558083,0.0050906507448353795,0.44619835333799895,-0.0025409929005580844,-0.00992027042591924,-0.0044061272497585065,-0.047028124907477445,-0.0025409929005580844,0.023347209141413718,-0.005090650744835642,-0.007215704029435864,-0.003595545491032343,-0.00992027042591924,-0.004406127249758522,-0.008475705230359946,0.2636714845299251,-0.004406127249758511,0.8441911156638063,-0.0356354365483012,-0.009578375835030581,0.03093583855954652,-0.0025409929005580836,0.0025409929005581946,0.007215704029435068,-0.00992027042591925,-0.00254099290055808,-0.20272039692669713,-0.005090650744835631,-0.005090650744835636,0.007657787004628472,0.004187672795931407,-0.018227379438263618,-0.03805203873234293,-0.016652277012984818,-0.11438074518592967,-0.006745819417404844,-0.01025151819407372,-0.04730737283357155,-0.08366590921174885,0.1112459936268551,-0.008076638081766684,-0.0025409929005580827,-0.002540992900558081,-0.0025409929005580836,-0.0035955454910323453,-0.010251518194073725,-0.0025409929005580823,-0.03771715049661761,-0.0025409929005580836,-0.0025409929005580823,0.1981181405369226,-0.00440612724975851,-0.0035955454910323427,-0.052057124951636856,-0.003595545491032344,-0.039381196872753474,-0.002540992900558079,-0.0035955454910323427,-0.006241853520461156,-0.00440612724975851,-0.012341059227703427,-0.04808703642182372,-0.015557767946367195,-0.003595545491032343,-0.019260047721064592,-0.0025409929005580836,0.00894368263811374,-0.0035955454910323436,0.003989634125088692,-0.006241853520461155,-0.0072157040294358425,0.017073884097328195,-0.010573122376608204,-0.00440612724975851,0.0050906507448358835,-0.00359554549103234,-0.0025409929005580836,-0.005090650744835636,-0.008076638081766684,0.00254099290055797,0.03382052801148048,-0.0025409929005580823,-0.0025409929005580827,-0.002540992900558081,-0.0025409929005580827,-0.005694760820045565,-0.008857665788192947,-0.0025409929005580836,-0.003595545491032348,-0.004406127249758507,-0.005694760820045562,-0.11514059184383511,-0.014836425086299305,-0.006745819417404844,-0.00440612724975851,-0.00440612724975853,0.08727383427048421,0.02709839495349451,-0.002540992900558081,-0.002540992900558081,-0.003595545491032342,-0.002540992900558081,-0.0025409929005580823,-0.0025409929005580823,-0.048482888990487215,-0.008076638081766684,-0.003595545491032343,0.0025409929005582106,0.004406127249758206,0.01206278282288388
aph(3'')-Ib_AMR,0.03400110960380649,0.12447191827520679,-0.002766321564696698,0.01878791861003625,0.11928608321777567,-0.010115228620077812,0.19190165499960826,0.06973842410540017,-0.004490440937078016,-0.014598857809750034,-0.0230049144073829,0.12980231115356405,-0.023004914407382903,-0.011272470920703725,-0.006302296279185579,0.06945644538229724,-0.1918454697728762,0.021175413318230838,0.3601433354906513,-0.026914648836756844,-0.01915520646052706,-0.01915520646052706,-0.009881917044173991,-0.03989093406222005,0.019155206460527062,-0.02300491440738289,-0.19194473614976354,-0.01915520646052706,-0.01915520646052706,-0.01915520646052706,-0.03255232088640771,0.03227746803212552,-0.01915520646052705,1.0,0.07590922878164175,0.04928454972684879,0.9275451769902373,0.026324442914355504,0.06783119464015214,-0.023004914407382917,-0.032552320886407714,0.018787918610036213,0.03006692807412195,-0.2489696861138758,0.04928454972684878,-0.02300491440738291,0.0018928082591800576,0.4236190266977322,-0.02300491440738289,0.07600793519505723,0.04928454972684878,0.00988191704417385,-0.023004914407382893,-0.02300491440738291,0.023076586008290143,0.0018928082591800587,-0.18743636272578038,-0.02300491440738291,0.10083536641682266,0.09873716283141452,-0.06532747633797842,-0.032552320886407714,0.023076586008290143,-0.039890934062219906,0.07671008938467382,-0.032893484930321314,-0.03989093406222,-0.0062408476201824,-0.12112467055328284,0.04953107579365983,0.3951760529820032,-0.023004914407382917,0.023004914407383278,-0.011653166375235426,-0.08981330565553385,0.04928454972684879,0.0469397841440348,0.06253080287288493,0.062530802872885,0.0693298806748909,0.08580129477518512,0.1791921630815354,-0.13887991771610736,-0.10454253851132775,-0.026928487768295935,0.04859167425664414,0.05301198589574108,-0.1319734440155653,0.04743205928862219,0.030066928074121972,0.04176538693782289,-0.023004914407382906,-0.023004914407382896,-0.023004914407382913,0.01859305160949623,0.05301198589574109,0.04928454972684879,0.0571339133070356,0.049284549726848835,0.04928454972684879,-0.01699423301179618,0.0436765505805801,0.018593051609496206,0.4356470093333669,0.06973842410540014,-0.19648572490598917,-0.02300491440738289,-0.03255232088640771,0.002681409597684423,0.001892808259180082,0.10197972745356913,-0.15638329238220125,0.08045132041211295,0.018593051609496203,0.0691554851879531,0.04928454972684877,0.0316526988394999,-0.032552320886407714,0.08409540251815797,0.09146958490100794,0.08863380908844934,-0.08264322218490056,0.09891003117495335,0.0018928082591800916,0.046088277002703314,-0.03255232088640771,-0.023004914407382917,-0.009881917044173951,0.04176538693782289,0.023004914407383278,0.37119281553255584,-0.023004914407382896,-0.023004914407382906,0.049284549726848786,-0.023004914407382906,-0.019155206460527048,0.02480465564916955,0.04928454972684883,0.018593051609496244,0.04367655058058012,0.01324718301197365,0.001081420365445419,0.2381641445599669,0.021175413318230814,0.0018928082591800916,-0.03989093406221991,-0.010896891490390685,0.5177243700549139,0.04928454972684879,0.04928454972684879,0.06973842410540017,0.04928454972684879,0.04928454972684879,0.04928454972684879,0.5480844846746739,0.04176538693782289,-0.032552320886407714,0.02300491440738327,0.039890934062220176,0.01561665238350045
aph(3')-Ia_AMR,0.1129546639592846,-0.04573282685271469,-0.01240445215253181,0.20225064784274893,-0.06302631578535614,0.08603166522402102,-0.08639052878779256,-0.004834956621682303,-0.0269062120702954,0.02775381310249268,-0.0034168919516781387,0.18285542711715078,-0.0034168919516781387,-0.026657102541479176,0.02465268536543102,-0.02518111755337532,-0.0364418485050104,-0.00907115327624184,-0.026142124904790415,-0.008393466606275558,-0.007657787004627998,-0.007657787004627998,-0.006845435717279214,-0.005924951909335495,0.0076577870046278295,-0.003416891951678136,0.002880965085937363,-0.007657787004627998,-0.007657787004627998,-0.007657787004627998,-0.004834956621682306,-0.008393466606275563,0.142605011330628,0.07590922878164175,1.0,-0.0034168919516781356,0.08531850147087285,0.16105789034820805,0.10316523057939617,-0.00341689195167814,-0.0048349566216823025,-0.010860714979622568,-0.012880112846311461,-0.012850049177764007,-0.0034168919516781395,-0.0034168919516781374,-0.005924951909335494,-0.038080996727304674,-0.003416891951678136,-0.009071153276241825,-0.0034168919516781374,0.006845435717278972,-0.0034168919516781335,-0.003416891951678136,0.0739127114959329,-0.005924951909335492,-0.06323906747774903,-0.003416891951678136,0.09036834393824754,-0.006845435717279218,-0.009703010590252232,-0.004834956621682304,0.0739127114959329,-0.0059249519093354935,0.09025775075641979,-0.011397343526639743,-0.005924951909335489,0.11806897915108445,-0.047919235157911924,0.16764591323770467,0.060005008264339445,-0.0034168919516781395,0.0034168919516782597,0.009703010590251523,-0.013339861032019958,-0.003416891951678135,0.014638404279705027,0.16105789034820797,-0.0068454357172792095,0.01029748283752848,-0.08103276745382453,-0.10052275525057007,-0.05116885799284633,0.031191637419680816,-0.13969892315809654,0.11806897915108445,0.15527600140370454,-0.01518550295496421,-0.04856348751919928,0.07738290019569662,0.09569496643156321,-0.0034168919516781356,-0.003416891951678135,-0.0034168919516781374,-0.004834956621682307,0.1552760014037046,-0.0034168919516781356,-0.10328245518046601,-0.0034168919516781387,-0.0034168919516781356,0.09336700810044313,-0.005924951909335489,-0.004834956621682303,0.0024354178931241897,0.2323465265419554,0.0020236050208877554,-0.003416891951678136,-0.004834956621682306,-0.00839346660627555,-0.005924951909335485,-0.0165951136428054,-0.03978394204723437,0.036094570742626036,-0.0048349566216823025,-0.02589912865659271,-0.0034168919516781387,-0.07114140899909521,-0.004834956621682305,-0.0814566138456768,-0.008393466606275568,-0.00970301059025224,-0.08181132459549179,-0.014217755879918371,-0.0059249519093355,0.0068454357172790786,-0.004834956621682303,-0.0034168919516781374,-0.006845435717279212,0.09569496643156321,0.0034168919516779773,-0.004758377923802281,0.3318181739740769,-0.0034168919516781356,-0.0034168919516781356,-0.0034168919516781365,-0.007657787004627995,-0.011910968714506842,-0.00341689195167814,-0.004834956621682308,-0.0059249519093355005,-0.0076577870046279865,-0.10523428535877208,-0.07858186356245567,-0.009071153276241839,-0.0059249519093355,-0.0059249519093355,0.1321573866256817,0.07838986972305742,-0.0034168919516781356,-0.0034168919516781356,-0.004834956621682303,-0.0034168919516781356,-0.0034168919516781356,-0.0034168919516781356,0.029599371451398095,0.09569496643156321,-0.004834956621682304,0.003416891951678303,0.005924951909334721,-0.05611780612246499
aph(3')-VI_AMR,-0.005980131130563734,0.03001729371452139,-0.004116022662401914,-0.0036037826125912627,0.020865961909838953,0.053430272093854723,0.021160886450064257,0.706705813316944,-0.008927970157724688,-0.0078027906521280594,-0.0011337868480725617,-0.003952275889110013,-0.0011337868480725617,-0.008845311088753367,-0.008161701781239867,-0.024154166597437302,-0.020512647843886473,-0.003009973515961538,-0.03891934266577602,-0.002785104762606754,-0.0025409929005580844,-0.0025409929005580844,-0.002271439979764521,-0.00196600672343993,0.002540992900558008,-0.0011337868480725628,-0.017394253315667428,-0.0025409929005580844,-0.0025409929005580844,-0.0025409929005580844,-0.0016043264774505005,-0.0027851047626067564,-0.002540992900558081,0.04928454972684879,-0.0034168919516781356,1.0,0.05313439274922504,-0.0022714399797645213,-0.006422834876626167,-0.0011337868480725646,-0.001604326477450499,-0.0036037826125912705,-0.00427385552524313,0.041650826375217755,-0.0011337868480725643,-0.0011337868480725637,-0.0019660067234399305,0.08972695688997512,-0.0011337868480725628,-0.0030099735159615417,-0.0011337868480725641,0.0022714399797645313,-0.0011337868480725617,-0.0011337868480725617,0.25614149528818153,-0.0019660067234399297,-0.02098387189429011,-0.0011337868480725617,-0.030224518350007765,-0.0022714399797645205,-0.003219635256108639,-0.0016043264774504992,0.25614149528818153,-0.001966006723439926,-0.0037818457171648725,-0.0037818457171648785,-0.0019660067234399266,-0.003009973515961539,-0.015900473108332737,-0.004273855525243115,-0.041161568200154916,-0.0011337868480725646,0.0011337868480726064,0.003219635256108437,-0.004426408328712822,-0.0011337868480725626,0.004857288577986,-0.002271439979764521,-0.0022714399797645218,0.0034168919516779006,0.018044163875245045,0.012503359999125755,-0.016978757023525144,-0.007430218582522042,0.012168590499917177,-0.0030099735159615404,-0.004574210537410233,0.015048231635721148,0.010407431212535428,-0.004273855525243131,-0.00360378261259127,-0.001133786848072562,-0.0011337868480725626,-0.0011337868480725641,-0.0016043264774504996,-0.004574210537410235,-0.0011337868480725626,0.009333167411831956,-0.0011337868480725643,-0.0011337868480725626,-0.010032785531723199,-0.0019660067234399292,-0.0016043264774505,-0.03674800806791947,-0.001604326477450499,-0.01757182519710213,-0.0011337868480725628,-0.0016043264774505005,-0.002785104762606755,-0.001966006723439929,-0.005506560305847991,-0.021456356468322047,-0.006941850439283744,-0.0016043264774504992,-0.008593801578350279,-0.0011337868480725641,0.019513782718737823,-0.0016043264774504994,0.01798520426283426,-0.002785104762606757,-0.003219635256108641,0.0076183389693117234,-0.004717709794083719,-0.001966006723439931,0.0022714399797645096,-0.001604326477450499,-0.0011337868480725641,-0.002271439979764522,-0.00360378261259127,0.0011337868480725138,-0.03946432577716123,-0.001133786848072563,-0.001133786848072562,-0.0011337868480725626,-0.0011337868480725617,-0.0025409929005580784,0.28686935828456883,-0.0011337868480725646,-0.001604326477450499,-0.001966006723439932,-0.00254099290055808,0.012101048952404997,0.03378634654628678,-0.0030099735159615395,-0.001966006723439931,-0.0019660067234399266,-0.005255592956045323,0.02601118342957076,1.0,1.0,0.706705813316944,1.0,-0.0011337868480725626,-0.0011337868480725626,0.03228917697036032,-0.00360378261259127,-0.0016043264774505005,0.0011337868480726177,0.0019660067234395675,0.005382393832244648
aph(6)-Id_AMR,0.047483713587856954,0.07075135921105546,-0.035870552464003835,0.026861487845037068,0.0906156524463801,-0.0828372717306632,0.15918122919033975,0.07518601339903694,0.01396974003389902,-0.044345246244644684,-0.02133809740564116,0.14195420277808757,-0.021338097405641163,-0.013575296846228366,0.010507133531959726,-0.005060940936184241,-0.26202668033789633,0.0280842549873037,0.3154037750290578,-0.021926421986721917,-0.01444110971379324,-0.01444110971379324,-0.005449225017198102,-0.0370006434950477,0.014441109713793174,-0.021338097405641156,-0.1615112226961968,-0.01444110971379324,-0.01444110971379324,-0.01444110971379324,-0.030193748238025942,0.03905320199524805,-0.014441109713793369,0.9275451769902373,0.08531850147087285,0.05313439274922504,1.0,0.03185050901525132,0.08325750655470864,-0.02133809740564118,-0.030193748238025925,0.026861487845037203,-0.020279022520232053,-0.29713196777166756,0.05313439274922514,-0.021338097405641174,0.006044900913551981,0.4551161075921354,-0.021338097405641156,0.0845726311918352,0.053134392749225115,0.005449225017198023,-0.021338097405641143,-0.021338097405641156,0.03299308707008725,0.006044900913551979,-0.2554146237270407,-0.021338097405641156,0.11644606212864655,0.10644997708015028,-0.06059418560223568,-0.03019374823802595,0.03299308707008725,-0.03700064349504774,0.08690369737232394,-0.026009729319497757,-0.037000643495047746,-0.00015993311496192262,-0.09166385184650609,0.05992871268856923,0.3599594429540057,-0.02133809740564118,0.021338097405641403,0.03415907399809797,-0.08330589849034016,0.05313439274922502,0.038240198538357216,0.0691502430477007,0.06915024304770075,0.06430659644130374,0.050808741382370966,0.15856062848682792,-0.10770935575960287,-0.09222338974070589,-0.03741488925372758,0.05632844308956941,0.06414034060215222,-0.16057823800695895,0.03606516785851647,0.03987677888636901,0.05053283891007483,-0.02133809740564116,-0.02133809740564116,-0.021338097405641174,0.022496132580505545,0.0641403406021522,0.053134392749225046,0.039419508401571664,0.0531343927492251,0.053134392749225046,-0.014916041510251402,0.049090445322151656,0.022496132580505562,0.3845400872680245,0.07518601339903692,-0.16581948321461557,-0.021338097405641156,-0.03019374823802594,0.008563390004262962,0.0060449009135519,0.11652879119650847,-0.1164150548260284,0.09733978091811786,0.02249613258050554,0.08914362605284645,0.05313439274922516,-0.008036077762152228,-0.030193748238025953,0.04917413901327511,0.10003282597721798,0.09801648402258896,-0.10100691105736427,0.11172332336527332,0.0060449009135519795,0.042748959049647636,-0.03019374823802594,-0.021338097405641174,-0.005449225017198088,0.05053283891007483,0.021338097405641195,0.32763547276412336,-0.021338097405641167,-0.02133809740564116,0.05313439274922502,-0.02133809740564116,-0.014441109713793244,0.0337857862669974,0.05313439274922513,0.02249613258050553,0.04909044532215175,0.018939780017304782,-0.008351125151525939,0.1900125760622189,0.028084254987303776,0.0060449009135519795,-0.03700064349504774,-0.00027925274025657475,0.4791809500187282,0.05313439274922504,0.05313439274922504,0.07518601339903694,0.05313439274922504,0.053134392749225046,0.053134392749225046,0.5224514701519061,0.05053283891007483,-0.03019374823802595,0.02133809740564137,0.03700064349504774,0.004877433339801071
arr_AMR,0.08597229196268738,0.02618494998038266,-0.008246081217902913,0.47091499984013807,0.004137651602577431,-0.005123485804232626,0.004960090142060176,-0.0032141238079016962,-0.017886385248581143,0.061052383786971885,-0.0022714399797645183,-0.007918029284644948,-0.0022714399797645183,0.05090839618833197,0.1309767331241383,0.022824280357318597,0.07277641207161777,0.18413680716176273,0.024279214011852308,-0.0055797069055546775,-0.005090650744835638,-0.005090650744835638,-0.004550625711035268,-0.0039387176519986395,0.005090650744835751,-0.002271439979764521,-0.034847822116234224,-0.005090650744835638,-0.005090650744835638,-0.005090650744835638,-0.003214123807901694,-0.005579706905554684,-0.0050906507448356345,0.026324442914355504,0.16105789034820805,-0.0022714399797645213,0.03185050901525132,1.0,-0.012867572019375616,-0.0022714399797645205,-0.003214123807901695,-0.007219854347874868,0.12644660411034264,0.014454196312320115,-0.0022714399797645213,-0.0022714399797645213,-0.0039387176519986395,-0.025315023026466866,-0.0022714399797645205,-0.006030211228689307,-0.0022714399797645205,0.0045506257110354545,-0.002271439979764519,-0.0022714399797645187,0.12163817901006661,-0.003938717651998639,0.070675382043876,-0.0022714399797645187,0.007300063321929816,-0.004550625711035267,-0.006450249668548362,-0.0032141238079016953,0.12163817901006661,-0.003938717651998635,0.14447175303155263,-0.007576587763275716,-0.003938717651998634,0.3743038255522148,-0.03185516781821594,-0.008562285163457287,0.05518351411489634,-0.002271439979764521,0.0022714399797645456,0.006450249668548298,-0.008867910984938034,-0.0022714399797645213,0.009731140811914606,0.7488623435722411,-0.0045506257110352714,0.006845435717278986,0.036149859470791024,0.02504935723296114,-0.03401541266376939,-0.014885774672215706,0.024378676649745096,-0.006030211228689301,-0.009164019417050768,0.030147778676602403,0.020850352412351433,-0.00856228516345731,0.1521584303814627,-0.002271439979764519,-0.0022714399797645213,-0.0022714399797645205,-0.0032141238079016953,-0.009164019417050766,-0.0022714399797645213,0.01869816150461616,0.49914893555325324,-0.0022714399797645213,0.10315097219382198,0.2858852562409012,0.35154479148924694,-0.005905044107087414,-0.0032141238079016923,-0.03520357141025583,-0.0022714399797645205,-0.0032141238079016936,-0.005579706905554684,-0.003938717651998639,-0.011031898324584337,-0.04298588044576308,-0.013907373020017459,-0.0032141238079016953,-0.01721690855420731,-0.0022714399797645205,0.039094108649373197,-0.003214123807901696,0.03603173919002665,-0.0055797069055546844,-0.006450249668548362,0.015262656948006128,-0.0094515072717818,-0.0039387176519986395,0.004550625711034981,-0.0032141238079016945,-0.0022714399797645205,-0.00455062571103527,0.1521584303814627,0.0022714399797646506,0.0575567917361721,-0.0022714399797645213,-0.002271439979764519,-0.0022714399797645213,-0.002271439979764519,0.21966157963965754,0.1377407177641363,-0.0022714399797645205,-0.0032141238079016953,-0.00393871765199864,0.2196615796396576,0.024243363233845797,0.033958549095823846,-0.006030211228689297,-0.0039387176519986395,-0.003938717651998635,-0.01052910781071798,0.05211106661129129,-0.0022714399797645213,-0.0022714399797645213,-0.0032141238079016962,-0.0022714399797645213,-0.0022714399797645213,-0.0022714399797645213,0.030929648812765047,0.1521584303814627,-0.003214123807901694,0.0022714399797646254,0.003938717651998654,0.010783141961985295
astA_VIR,0.00186182313680813,-0.040543969675281406,-0.02331702290778977,-0.020415213575002353,-0.14290363059974392,0.04348929375639557,-0.030363217877267812,-0.00908841381462593,0.17296685055320452,0.01175560538414798,-0.006422834876626164,0.13704483924912006,-0.006422834876626164,0.02501154325875969,-0.0462355538364953,0.006076513996953578,-0.005410987947972597,-0.017051320456666283,-0.0588123125704076,-0.015777452379817553,-0.01439457323985417,-0.01439457323985417,-0.012867572019375622,-0.0111373108379745,-0.06760806012008912,-0.006422834876626165,0.05236188294693752,-0.01439457323985417,-0.01439457323985417,-0.01439457323985417,-0.009088413814625926,-0.01577745237981757,-0.014394573239854186,0.06783119464015214,0.10316523057939617,-0.006422834876626167,0.08325750655470864,-0.012867572019375616,1.0,-0.006422834876626167,-0.009088413814625931,0.2703369410496285,-0.024211136662820206,0.009407190726734814,-0.006422834876626168,-0.006422834876626165,0.3060964139985253,-0.015464592710167124,-0.006422834876626165,-0.017051320456666307,-0.006422834876626167,-0.07876199324762967,-0.006422834876626164,-0.006422834876626163,-0.02507533919640748,-0.0111373108379745,0.004502153718177718,-0.006422834876626163,0.002074715400110616,-0.012867572019375623,-0.018239041710621712,-0.009088413814625926,-0.02507533919640748,-0.011137310837974508,0.03405211231692974,-0.021423930442939183,-0.011137310837974508,-0.017051320456666293,-0.026331349088994756,0.12356605462706635,-0.032291411044553305,-0.006422834876626168,0.006422834876625963,0.018239041710622544,0.02254084254644801,-0.006422834876626167,0.02751625011135242,-0.01286757201937563,0.2620211237816404,0.019356489126866945,-0.14903536518963525,-0.04230201761635469,-0.03496168929026626,0.19184695483808756,-0.1813178055986707,0.05233262407437674,0.15861037168945652,-0.09645276673478761,-0.15913825938935272,-0.024211136662820227,-0.020415213575002398,-0.006422834876626164,-0.006422834876626165,-0.006422834876626167,-0.009088413814625933,0.11247962129361,-0.006422834876626167,-0.13836556975229905,-0.006422834876626166,-0.006422834876626167,0.010618391539560788,-0.011137310837974515,-0.009088413814625926,-0.04758092118307651,0.12034818938399815,0.0504767483230299,-0.006422834876626165,-0.009088413814625926,-0.01577745237981758,-0.011137310837974508,-0.0311943357278935,0.014222998896806274,-0.03932516873480335,-0.009088413814625926,-0.02300391181183371,-0.006422834876626165,-0.13057476782311858,-0.00908841381462593,-0.14982611153298792,-0.01577745237981756,-0.018239041710621698,-0.15695967689684498,-0.026725544624859227,-0.011137310837974512,0.012867572019375582,-0.009088413814625926,-0.006422834876626167,0.07876199324762984,-0.020415213575002398,0.006422834876626292,-0.0615606358489751,-0.006422834876626167,-0.006422834876626164,-0.006422834876626167,-0.006422834876626164,-0.014394573239854163,-0.022389407202754823,-0.006422834876626167,-0.009088413814625933,-0.011137310837974512,-0.014394573239854158,-0.2021082507416987,-0.04242440913872893,0.19110051313646273,-0.011137310837974512,-0.01113731083797451,0.2932900403747569,0.007446811542000032,-0.006422834876626167,-0.006422834876626167,-0.00908841381462593,-0.006422834876626167,-0.006422834876626167,-0.006422834876626167,-0.01415846913570867,-0.020415213575002398,0.12034818938399813,0.006422834876625974,0.011137310837974585,0.030490940060071636
basR-G53S_AMR,-0.005980131130563735,0.0300172937145214,-0.004116022662401915,-0.003603782612591263,0.020865961909838953,-0.021219934011958094,0.021160886450064215,-0.0016043264774505018,-0.008927970157724688,-0.007802790652128065,-0.001133786848072563,-0.003952275889110015,-0.001133786848072563,0.1281794203387768,-0.008161701781239867,-0.024154166597437306,-0.02051264784388646,-0.0030099735159615426,0.029131705995372913,-0.002785104762606754,-0.002540992900558084,-0.002540992900558084,-0.002271439979764519,-0.0019660067234399284,0.0025409929005581343,-0.0011337868480725646,-0.017394253315667435,-0.002540992900558084,-0.002540992900558084,-0.002540992900558084,-0.0016043264774504992,-0.0027851047626067577,-0.0025409929005580836,-0.023004914407382917,-0.00341689195167814,-0.0011337868480725646,-0.02133809740564118,-0.0022714399797645205,-0.006422834876626167,1.0,-0.001604326477450501,-0.0036037826125912696,-0.004273855525243129,0.04165082637521778,-0.0011337868480725635,-0.001133786848072564,-0.0019660067234399292,-0.01263596679716704,-0.0011337868480725646,-0.0030099735159615443,-0.001133786848072563,0.0022714399797646124,-0.0011337868480725633,-0.001133786848072563,-0.004426408328712826,-0.0019660067234399284,-0.020983871894290105,-0.001133786848072563,-0.030224518350007768,-0.0022714399797645205,-0.0032196352561086406,-0.001604326477450501,-0.004426408328712826,-0.0019660067234399284,-0.0037818457171648755,-0.0037818457171648772,-0.0019660067234399297,-0.003009973515961543,-0.015900473108332733,-0.0042738555252431224,0.027544792330538453,-0.0011337868480725633,0.0011337868480725962,0.0032196352561086007,-0.004426408328712819,-0.0011337868480725646,0.004857288577985954,-0.0022714399797645213,-0.0022714399797645218,0.003416891951677977,0.018044163875245024,0.01250335999912578,-0.016978757023525144,-0.007430218582522051,0.012168590499917245,-0.0030099735159615417,-0.004574210537410235,0.01504823163572115,0.010407431212535435,-0.00427385552524313,-0.003603782612591269,-0.0011337868480725635,-0.0011337868480725643,-0.001133786848072563,-0.001604326477450501,-0.004574210537410236,-0.0011337868480725646,0.009333167411831976,-0.0011337868480725637,-0.0011337868480725646,-0.010032785531723204,-0.0019660067234399314,-0.0016043264774505005,0.030853015107024078,-0.0016043264774504992,0.06452299834279834,-0.0011337868480725646,-0.001604326477450499,-0.0027851047626067577,-0.00196600672343993,-0.005506560305847992,-0.02145635646832204,-0.0069418504392837485,-0.0016043264774505007,-0.008593801578350279,-0.0011337868480725633,0.019513782718737868,-0.0016043264774505011,0.017985204262834238,-0.0027851047626067573,-0.0032196352561086375,0.007618338969311711,-0.004717709794083718,-0.0019660067234399297,-0.49914893555325307,-0.001604326477450501,-0.0011337868480725628,-0.00227143997976452,-0.003603782612591269,0.0011337868480725127,0.02872941132897061,-0.0011337868480725646,-0.0011337868480725635,-0.0011337868480725646,-0.0011337868480725633,-0.002540992900558078,-0.003952275889110025,-0.0011337868480725633,-0.0016043264774505011,-0.00196600672343993,-0.00254099290055808,0.012101048952405012,-0.03355754510240671,-0.0030099735159615395,-0.0019660067234399297,-0.0019660067234399284,-0.005255592956045328,0.026011183429570706,-0.0011337868480725646,-0.0011337868480725646,-0.0016043264774505018,-0.0011337868480725646,-0.0011337868480725646,-0.0011337868480725646,-0.035113525783370576,-0.003603782612591269,-0.0016043264774504998,0.0011337868480726162,0.0019660067234399865,0.0053823938322446405
blaCARB-2_AMR,-0.008461980951445434,0.04247494947527656,-0.005824237730666518,0.4451784832539945,0.029525668979435628,-0.030026545150890614,0.029942991908818512,-0.0022701475595913764,0.17969666666755152,-0.011041073251549242,-0.0016043264774505018,-0.005592533434187975,-0.0016043264774505018,0.18137592463993327,-0.011548938224991655,-0.03417853106948282,-0.029025723939654285,-0.004259160543528209,0.041221828724801894,-0.003940967670174929,-0.003595545491032344,-0.003595545491032344,-0.003214123807901694,-0.0027819308775916545,-0.6313777882252788,-0.0016043264774504983,-0.02461314593412924,-0.003595545491032344,-0.003595545491032344,-0.003595545491032344,-0.0022701475595913773,-0.003940967670174928,0.6313777882252792,-0.032552320886407714,-0.0048349566216823025,-0.001604326477450499,-0.030193748238025925,-0.003214123807901695,-0.009088413814625931,-0.001604326477450501,1.0,0.22003953668281637,-0.006047573749512069,-0.0385184789131837,-0.0016043264774505007,-0.0016043264774505007,-0.002781930877591655,0.12696507542344812,-0.0016043264774504983,-0.004259160543528209,-0.0016043264774505005,0.0032141238079015718,0.7067058133169436,-0.0016043264774505015,-0.006263438400113546,-0.002781930877591655,-0.029692513488465175,-0.0016043264774505015,-0.04276817564036743,-0.003214123807901695,-0.004555835250593436,-0.0022701475595913803,-0.006263438400113546,-0.002781930877591656,-0.005351372021994078,0.4242178548344408,-0.0027819308775916493,0.5330035194472453,-0.022499423110308673,-0.0060475737495120615,0.03897632057285082,-0.0016043264774505011,0.0016043264774505607,0.004555835250592942,-0.006263438400113546,-0.001604326477450498,-0.33029260083939577,-0.0032141238079016967,-0.003214123807901696,0.004834956621682647,0.025532779744027023,0.017692453866257077,-0.02402521205228929,-0.010513877829373009,-0.13184160297459385,-0.004259160543528208,-0.006472580883325477,-0.10661229281201293,-0.15415201356489772,-0.006047573749512073,-0.005099409888361909,-0.0016043264774505007,-0.0016043264774504987,-0.0016043264774505005,-0.002270147559591379,-0.0064725808833254765,-0.001604326477450499,0.013206580780801114,-0.0016043264774505007,-0.001604326477450499,0.1599083796197671,-0.0027819308775916523,-0.002270147559591377,-0.05199901766117029,-0.0022701475595913786,-0.02486441297918334,-0.0016043264774504983,-0.0022701475595913773,-0.003940967670174933,-0.0027819308775916536,-0.007791870679544573,-0.03036108669831938,-0.009822829115699473,-0.0022701475595913773,-0.012160366331239066,-0.0016043264774505005,0.027612313852562367,-0.0022701475595913786,0.025449350951876535,-0.003940967670174934,-0.00455583525059344,0.010780071177785825,-0.0066756346207780745,-0.0027819308775916553,0.003214123807901881,-0.0022701475595913773,-0.0016043264774505002,-0.0032141238079016967,-0.005099409888361909,0.0016043264774504298,0.04065257535399107,-0.0016043264774504996,-0.0016043264774505007,-0.0016043264774504996,-0.0016043264774505018,-0.003595545491032338,-0.0055925334341879905,-0.001604326477450501,-0.00227014755959138,-0.002781930877591656,-0.0035955454910323393,-0.13257747190020655,0.04780821936034409,-0.004259160543528209,-0.0027819308775916553,-0.0027819308775916623,-0.007436747875863716,0.03680623951214805,-0.001604326477450499,-0.001604326477450499,-0.0022701475595913764,-0.001604326477450499,-0.001604326477450499,-0.001604326477450499,-0.04968619915345574,-0.005099409888361909,-0.0022701475595913777,0.0016043264774505761,0.0027819308775914177,0.007616173138554277
blaCMY_AMR,-0.019008063663799056,-0.05541649861943655,0.0757803404211713,0.19083619702176396,-0.10100078416708994,-0.043720491058657926,0.019747725362129043,-0.005099409888361911,0.10123073678090522,-0.024801453050573016,-0.0036037826125912696,-0.01256245224007645,-0.0036037826125912696,0.05899247352515917,-0.025942265090117708,-0.054177483860117906,-0.04111158742193428,0.11111747156774847,-0.0804459968474053,-0.008852556487835528,-0.00807663808176668,-0.00807663808176668,-0.007219854347874871,-0.006249023666322243,-0.13455679044223268,-0.003603782612591271,-0.0552882649543652,-0.00807663808176668,-0.00807663808176668,-0.00807663808176668,-0.005099409888361907,-0.00885255648783554,0.1345567904422328,0.018787918610036213,-0.010860714979622568,-0.0036037826125912705,0.026861487845037203,-0.007219854347874868,0.2703369410496285,-0.0036037826125912696,0.22003953668281637,1.0,-0.013584604775387695,-0.0646324423261235,-0.0036037826125912705,-0.0036037826125912696,-0.006249023666322247,0.024908974312627903,-0.003603782612591271,-0.009567309975082896,-0.0036037826125912696,0.00721985434787491,0.314610222079217,-0.0036037826125912696,0.0687529537025984,-0.006249023666322242,-0.042854138655589985,-0.0036037826125912696,-0.0960697276466667,-0.007219854347874875,-0.010233727419377838,-0.00509940988836191,0.0687529537025984,-0.006249023666322257,-0.012020733758016978,0.08447297449951953,0.17768057291242914,0.11111747156774841,-0.0228215822961274,-0.013584604775387704,-0.08715640551282516,-0.00360378261259127,0.0036037826125910697,0.010233727419378412,-0.014069499393437587,-0.0036037826125912705,-0.06029813737556587,-0.007219854347874876,-0.007219854347874874,0.010860714979622476,-0.09689046157319643,-0.0586478720054018,-0.02734559139349189,0.12897305811027482,-0.09525480896857767,-0.009567309975082896,-0.01453929407372676,-0.12455673991617192,-0.15659486881433848,-0.013584604775387712,-0.011454753722794963,-0.003603782612591269,-0.0036037826125912705,-0.0036037826125912696,-0.005099409888361911,-0.01453929407372677,-0.0036037826125912705,-0.09507186122093961,-0.00360378261259127,-0.0036037826125912705,0.0463284624808784,-0.006249023666322253,-0.005099409888361907,-0.07383041555173028,-0.0050994098883619075,-0.05585268361902633,-0.003603782612591271,-0.005099409888361907,-0.008852556487835546,-0.006249023666322253,-0.017502801623723013,-0.04458395235023163,-0.02206492336264845,-0.005099409888361908,-0.02731570996503222,-0.0036037826125912696,-0.08599719316478877,-0.005099409888361911,-0.09735826061890974,-0.008852556487835539,-0.010233727419377826,-0.07523595975536289,-0.014995411664964329,-0.0062490236663222485,0.0072198543478750755,-0.0050994098883619075,-0.0036037826125912696,-0.0072198543478748725,-0.011454753722794963,0.0036037826125913416,-0.06041191071196658,-0.0036037826125912705,-0.003603782612591269,-0.0036037826125912705,-0.00360378261259127,-0.00807663808176667,-0.012562452240076467,-0.0036037826125912696,0.2200395366828163,-0.006249023666322248,-0.008076638081766674,-0.12967191691214358,-0.04244737351361737,-0.009567309975082882,-0.0062490236663222485,-0.00624902366632226,0.1940177206770102,-0.005812478071377972,-0.0036037826125912705,-0.0036037826125912705,-0.005099409888361911,-0.0036037826125912705,-0.0036037826125912705,-0.0036037826125912705,-0.004488647562600618,-0.011454753722794963,-0.005099409888361907,0.003603782612591111,0.006249023666322668,-0.05155769468984457
blaCTX-M-14_AMR,-0.022542346930101674,-0.014614184222768405,0.2855877655408775,-0.01358460477538769,0.017909511750756654,0.04060930380210731,0.03951876169969763,-0.006047573749512074,-0.0336543457464373,0.09426145663298446,-0.004273855525243125,-0.014898264320734959,-0.004273855525243125,0.04044585306161802,-0.030765866011268336,-0.014481303368957671,-0.05691786767004536,-0.011346217292868447,-0.018447446772727676,-0.010498565403438182,-0.009578375835030583,-0.009578375835030583,-0.008562285163457311,-0.007410942111317477,0.00957837583503055,-0.004273855525243129,-0.06556834361504783,-0.009578375835030583,-0.009578375835030583,-0.009578375835030583,-0.006047573749512068,-0.010498565403438187,-0.009578375835030569,0.03006692807412195,-0.012880112846311461,-0.00427385552524313,-0.020279022520232053,0.12644660411034264,-0.024211136662820206,-0.004273855525243129,-0.006047573749512069,-0.013584604775387695,1.0,-0.06552353897617602,-0.00427385552524313,-0.00427385552524313,-0.007410942111317484,-0.04763178952434337,-0.004273855525243129,-0.01134621729286844,-0.004273855525243128,0.008562285163457356,-0.004273855525243125,-0.004273855525243125,-0.016685525788918593,-0.007410942111317477,-0.05890149160237224,-0.004273855525243125,0.03197381882823159,-0.008562285163457313,0.08354711390240986,-0.006047573749512071,-0.016685525788918593,-0.007410942111317476,-0.014255820872679336,-0.014255820872679332,-0.0074109421113174815,-0.011346217292868447,-0.012976703423153832,-0.016110471806674315,-0.007165107868656356,0.26528431795973395,0.004273855525243156,0.012136545729014157,-0.01668552578891858,-0.00427385552524313,0.018309746370772147,-0.008562285163457313,-0.00856228516345731,0.01288011284631097,0.0680182078383684,0.04713192281883604,-0.018899267349558928,-0.028008510415040214,0.017506405887141807,-0.011346217292868447,-0.01724267221142157,0.05672491970673232,0.007096559065609081,-0.01611047180667435,-0.013584604775387697,-0.004273855525243125,-0.004273855525243129,-0.004273855525243128,-0.006047573749512071,-0.01724267221142158,-0.004273855525243132,0.03518175323596997,-0.0042738555252431285,-0.004273855525243132,-0.004689855174192829,-0.007410942111317487,-0.006047573749512072,0.043494606638570944,-0.006047573749512067,-0.06623770802678694,-0.004273855525243129,-0.006047573749512068,-0.010498565403438177,-0.007410942111317484,-0.020757202492021423,0.019144009045151598,-0.02616758688441363,-0.006047573749512071,-0.03239468372817536,-0.004273855525243128,0.07355799569614876,-0.006047573749512072,0.067795957187202,-0.010498565403438196,-0.012136545729014146,0.02871763784570212,-0.017783598481685616,-0.007410942111317496,0.008562285163457294,-0.00604757374951207,-0.0042738555252431285,-0.00856228516345731,-0.013584604775387697,0.004273855525243032,0.016489874913381736,-0.004273855525243132,-0.004273855525243125,-0.004273855525243131,-0.004273855525243125,0.11124599362685504,-0.014898264320734999,-0.00427385552524313,-0.006047573749512071,-0.0074109421113175,0.1112459936268551,-0.011355459011182945,-0.035833837827218426,-0.011346217292868438,-0.007410942111317496,-0.007410942111317477,-0.019811170884375617,0.02309061253040527,-0.004273855525243131,-0.004273855525243131,-0.006047573749512075,-0.004273855525243131,-0.004273855525243132,-0.004273855525243132,-0.0053232487218466485,-0.013584604775387697,-0.006047573749512069,0.004273855525243104,0.007410942111317339,0.020289151931934264
blaCTX-M-15_AMR,-0.03594395273250671,-0.10473992092401899,-0.04112324200410116,-0.04274120850411842,0.22677833831479619,0.3943742928656437,-0.30433187649051857,0.010209052434009968,-0.05539370412437303,0.02332035479811818,0.041650826375217775,0.04515691414253348,-0.02722123296807302,-0.0709708844138823,-0.023948696419448107,0.20750296445801392,0.6962039177979901,-0.04614665044840147,0.1657349275233665,-0.06686793528456594,-0.06100702246978647,-0.06100702246978647,-0.054535292032429565,-0.007393644117897941,0.06100702246978695,0.04165082637521776,0.025476454187715002,-0.06100702246978647,-0.06100702246978647,-0.06100702246978647,-0.038518478913183656,-0.06686793528456592,-0.0610070224697865,-0.2489696861138758,-0.012850049177764007,0.041650826375217755,-0.29713196777166756,0.014454196312320115,0.009407190726734814,0.04165082637521778,-0.0385184789131837,-0.0646324423261235,-0.06552353897617602,1.0,-0.02722123296807303,-0.027221232968073033,-0.04720210604536053,-0.28929461509562343,-0.02722123296807303,-0.07226683784964409,-0.027221232968073026,0.054535292032429857,-0.027221232968073033,-0.027221232968073023,0.03712999334338702,0.07222327973702738,0.7089369051590769,-0.027221232968073023,-0.3016151479883071,-0.05453529203242958,0.04493514607432239,-0.03851847891318369,0.03712999334338702,0.07222327973702751,0.03450780735464483,0.09716111899443552,-0.04720210604536048,-0.04614665044840153,0.34415086640659703,-0.02843553582491744,0.17921429176402917,0.04165082637521775,0.027221232968073134,-0.04493514607432112,0.1267576153286543,-0.02722123296807303,0.06744313498851508,-0.020040547860054724,-0.05453529203242958,0.012850049177764715,0.3664573887438539,0.293096459840602,0.3644473245871853,-0.17839306513599024,0.1979476511191536,-0.02002646304715886,-0.040357520345503294,0.24936341981758692,0.1759797151011812,0.04574047047759986,-0.08652367614812842,-0.027221232968073023,0.04165082637521778,0.041650826375217755,-0.03851847891318368,-0.040357520345503294,-0.02722123296807303,0.15208822665966087,-0.027221232968073026,-0.02722123296807303,-0.14776906036899268,-0.047202106045360494,-0.03851847891318367,0.13618260947037336,0.010209052434009975,0.029926716249153558,0.04165082637521776,0.058936583781203616,0.017722876830436544,-0.047202106045360494,0.1441157902131306,0.5275473848794956,0.055887561602906165,-0.038518478913183676,0.10302251227563386,-0.027221232968073026,0.4044349627042032,-0.03851847891318369,0.3704944981244743,0.01772287683043655,-0.07730063329606161,0.17214741121039684,-0.11326809584961216,-0.047202106045360584,-0.04894894048469573,-0.03851847891318367,0.041650826375217755,-0.05453529203242955,-0.08652367614812842,-0.041650826375217054,0.17841376691618757,-0.027221232968073033,-0.027221232968073023,0.04165082637521777,-0.027221232968073023,-0.030136420268742616,0.045156914142533394,-0.02722123296807302,0.058936583781203755,-0.007393644117897958,0.03160478413334493,0.1886433343691436,-0.24047847937446265,-0.07226683784964409,-0.047202106045360584,-0.007393644117897914,-0.12618220125333215,0.14091371636204578,0.041650826375217755,0.041650826375217755,0.010209052434009968,0.041650826375217755,-0.02722123296807303,-0.02722123296807303,0.09824673656963964,-0.08652367614812842,-0.03851847891318366,-0.0416508263752177,0.007393644117899224,0.05491877173899305
blaCTX-M-195_AMR,-0.005980131130563737,0.03001729371452141,-0.004116022662401916,-0.003603782612591264,0.020865961909838887,-0.021219934011958094,0.021160886450064177,-0.0016043264774505015,-0.008927970157724688,-0.007802790652128064,-0.001133786848072563,-0.003952275889110015,-0.001133786848072563,-0.008845311088753367,-0.00816170178123987,-0.024154166597437306,-0.020512647843886466,-0.003009973515961542,0.029131705995372927,-0.0027851047626067543,-0.0025409929005580844,-0.0025409929005580844,-0.0022714399797645196,-0.0019660067234399297,0.0025409929005581603,-0.0011337868480725646,-0.017394253315667435,-0.0025409929005580844,-0.0025409929005580844,-0.0025409929005580844,-0.0016043264774504994,-0.0027851047626067577,-0.002540992900558084,0.04928454972684878,-0.0034168919516781395,-0.0011337868480725643,0.05313439274922514,-0.0022714399797645213,-0.006422834876626168,-0.0011337868480725635,-0.0016043264774505007,-0.0036037826125912705,-0.00427385552524313,-0.02722123296807303,1.0,-0.0011337868480725641,-0.00196600672343993,-0.012635966797167041,-0.0011337868480725646,-0.0030099735159615447,-0.0011337868480725635,0.002271439979764562,-0.0011337868480725633,-0.001133786848072563,-0.004426408328712825,-0.0019660067234399297,-0.02098387189429011,-0.001133786848072563,-0.03022451835000778,-0.0022714399797645205,-0.003219635256108641,-0.001604326477450501,-0.004426408328712825,-0.0019660067234399284,-0.003781845717164876,-0.00378184571716488,-0.0019660067234399284,-0.0030099735159615434,-0.01590047310833274,-0.0042738555252431224,0.027544792330538425,-0.0011337868480725635,0.0011337868480722688,0.0032196352561089706,-0.004426408328712821,-0.0011337868480725643,0.004857288577986017,-0.002271439979764522,-0.0022714399797645218,0.0034168919516781695,0.01804416387524502,0.012503359999125736,-0.016978757023525144,-0.00743021858252205,0.012168590499917257,-0.003009973515961542,-0.004574210537410236,-0.07534352710129776,0.010407431212535399,-0.00427385552524313,-0.0036037826125912696,-0.0011337868480725633,-0.0011337868480725643,-0.0011337868480725637,-0.0016043264774505007,-0.0045742105374102365,-0.0011337868480725643,0.009333167411831956,-0.0011337868480725637,-0.0011337868480725643,-0.010032785531723206,-0.001966006723439931,-0.0016043264774505007,0.030853015107024043,-0.0016043264774504994,-0.017571825197102143,-0.0011337868480725646,-0.0016043264774504992,-0.0027851047626067586,-0.0019660067234399305,-0.0055065603058479925,-0.02145635646832205,-0.0069418504392837485,-0.001604326477450501,-0.008593801578350277,-0.0011337868480725635,0.019513782718737924,-0.0016043264774505011,0.01798520426283419,-0.0027851047626067573,-0.00321963525610864,0.007618338969311729,-0.0047177097940837185,-0.00196600672343993,0.0022714399797645565,-0.001604326477450501,-0.0011337868480725637,-0.002271439979764521,-0.0036037826125912696,0.0011337868480724449,0.028729411328970555,-0.0011337868480725643,-0.0011337868480725633,-0.0011337868480725643,-0.0011337868480725633,-0.0025409929005580792,-0.003952275889110026,-0.0011337868480725635,-0.0016043264774505011,-0.00196600672343993,-0.0025409929005580814,0.012101048952404967,0.03378634654628682,-0.00300997351596154,-0.00196600672343993,-0.0019660067234399284,-0.005255592956045328,0.026011183429570706,-0.0011337868480725643,-0.0011337868480725643,-0.0016043264774505015,-0.0011337868480725643,-0.0011337868480725643,-0.0011337868480725643,0.03228917697036038,-0.0036037826125912696,-0.0016043264774504998,0.0011337868480722688,0.0019660067234399696,0.005382393832244544
blaCTX-M-1_AMR,-0.0059801311305637305,-0.03777112150267146,-0.004116022662401914,-0.0036037826125912627,0.02086596190983896,0.05343027209385472,-0.05357936449156271,-0.0016043264774505005,0.12699267896763564,-0.007802790652128065,-0.0011337868480725622,-0.003952275889110014,-0.0011337868480725622,-0.008845311088753373,-0.00816170178123987,-0.024154166597437306,-0.020512647843886473,-0.0030099735159615395,-0.03891934266577601,-0.0027851047626067543,-0.002540992900558085,-0.002540992900558085,-0.002271439979764521,-0.0019660067234399305,0.002540992900558038,-0.0011337868480725635,-0.01739425331566743,-0.002540992900558085,-0.002540992900558085,-0.002540992900558085,-0.0016043264774505,-0.0027851047626067573,-0.002540992900558083,-0.02300491440738291,-0.0034168919516781374,-0.0011337868480725637,-0.021338097405641174,-0.0022714399797645213,-0.006422834876626165,-0.001133786848072564,-0.0016043264774505007,-0.0036037826125912696,-0.00427385552524313,-0.027221232968073033,-0.0011337868480725641,1.0,-0.00196600672343993,-0.012635966797167032,-0.0011337868480725635,-0.003009973515961543,-0.001133786848072564,0.0022714399797645127,-0.0011337868480725633,-0.001133786848072563,-0.004426408328712823,-0.00196600672343993,-0.02098387189429011,-0.001133786848072563,-0.030224518350007775,-0.0022714399797645213,-0.0032196352561086393,-0.0016043264774505002,-0.004426408328712823,-0.0019660067234399275,-0.0037818457171648738,-0.003781845717164878,-0.0019660067234399284,-0.003009973515961541,-0.01590047310833274,0.26528431795973395,-0.041161568200154916,-0.0011337868480725641,0.0011337868480725255,0.0032196352561085512,-0.004426408328712823,-0.0011337868480725637,0.0048572885779860015,-0.0022714399797645218,-0.002271439979764522,0.0034168919516779,-0.06283399197166542,-0.09067857345160339,-0.016978757023525144,0.15259131820691607,-0.09317322725916999,-0.0030099735159615404,0.2478650334959168,0.015048231635721143,0.010407431212535451,-0.00427385552524313,-0.0036037826125912705,-0.0011337868480725633,-0.0011337868480725635,-0.001133786848072564,-0.0016043264774505007,0.24786503349591688,-0.0011337868480725637,-0.12147932186828922,-0.0011337868480725641,-0.0011337868480725637,-0.010032785531723203,-0.00196600672343993,-0.0016043264774505007,-0.03674800806791949,-0.001604326477450499,-0.017571825197102136,-0.0011337868480725635,-0.0016043264774505,-0.002785104762606757,-0.0019660067234399292,-0.005506560305847992,-0.02145635646832205,-0.006941850439283748,-0.0016043264774505002,-0.008593801578350279,-0.001133786848072564,-0.058101848545431184,-0.0016043264774505005,-0.06303997616615878,-0.002785104762606757,-0.00321963525610864,-0.148823365912136,-0.004717709794083719,-0.001966006723439931,0.0022714399797643166,-0.0016043264774505,-0.0011337868480725637,-0.0022714399797645218,-0.0036037826125912705,0.0011337868480725136,-0.03946432577716123,-0.0011337868480725637,-0.0011337868480725633,-0.0011337868480725637,-0.0011337868480725633,-0.0025409929005580784,-0.003952275889110025,-0.001133786848072564,-0.0016043264774505007,-0.0019660067234399314,-0.0025409929005580814,-0.09369327010673974,-0.03355754510240672,-0.0030099735159615374,-0.001966006723439931,-0.0019660067234399275,-0.005255592956045325,0.0260111834295707,-0.0011337868480725637,-0.0011337868480725637,-0.0016043264774505005,-0.0011337868480725637,-0.0011337868480725637,-0.0011337868480725637,0.032289176970360295,-0.0036037826125912705,0.7067058133169443,0.0011337868480726172,0.001966006723439894,0.005382393832244607
blaCTX-M-24_AMR,-0.0103696546045913,0.05205052551327816,-0.007137257097195906,-0.006249023666322245,-0.09422075684480632,-0.03679574605172285,0.03669335652067161,-0.0027819308775916558,0.14164463476778894,0.16346460576595498,-0.001966006723439929,-0.0068533172563159835,-0.001966006723439929,-0.015337928024980864,-0.014152537228586965,-0.0007911376504679583,-0.03556929915459332,-0.005219348045725242,-0.02815292516289304,-0.004829421595494657,-0.004406127249758506,-0.004406127249758506,-0.003938717651998645,-0.003409090909090906,-0.25496789685269144,-0.0019660067234399314,0.11302622123302616,-0.004406127249758506,-0.004406127249758506,-0.004406127249758506,-0.002781930877591653,-0.004829421595494654,-0.004406127249758508,0.0018928082591800576,-0.005924951909335494,-0.0019660067234399305,0.006044900913551981,-0.0039387176519986395,0.3060964139985253,-0.0019660067234399292,-0.002781930877591655,-0.006249023666322247,-0.007410942111317484,-0.04720210604536053,-0.00196600672343993,-0.00196600672343993,1.0,-0.02191099299010755,-0.0019660067234399314,-0.00521934804572525,-0.0019660067234399297,0.003938717651998765,-0.001966006723439929,-0.001966006723439929,-0.007675471407816992,-0.0034090909090909046,-0.0363864101070753,-0.001966006723439929,0.0650467511400202,-0.003938717651998643,-0.00558290526239083,-0.002781930877591655,-0.007675471407816992,-0.0034090909090909024,-0.006557788282337525,-0.006557788282337522,-0.0034090909090909033,-0.005219348045725247,-0.027571705466508695,-0.00741094211131748,-0.0316622102655825,-0.00196600672343993,0.001966006723439987,0.005582905262391267,-0.007675471407816985,-0.0019660067234399305,0.00842262548577156,-0.00393871765199864,-0.00393871765199864,0.005924951909335661,-0.10895526869699465,0.02168105042465432,-0.029441469109162767,-0.012884132246462404,-0.10067584640997987,-0.005219348045725246,-0.007931763087802838,-0.130647026908668,-0.11992052824381727,-0.007410942111317483,-0.006249023666322244,-0.001966006723439929,-0.0019660067234399305,-0.0019660067234399297,-0.002781930877591655,-0.007931763087802841,-0.0019660067234399305,0.016183879636499154,-0.0019660067234399297,-0.0019660067234399305,-0.017397030000595223,-0.0034090909090909076,-0.002781930877591654,-0.024647909458709944,-0.0027819308775916514,0.11188403602854845,-0.0019660067234399314,-0.0027819308775916523,-0.004829421595494656,-0.0034090909090909068,-0.009548474303374277,-0.03720570683013008,-0.012037293129610226,-0.002781930877591655,-0.014901806024357773,-0.0019660067234399297,-0.1007496471482227,-0.0027819308775916553,-0.10931244898355792,-0.004829421595494654,-0.005582905262390829,0.013210336370168167,-0.008180593371826974,-0.003409090909090913,0.00393871765199845,-0.0027819308775916536,-0.0019660067234399297,0.2858852562409012,-0.006249023666322244,0.001966006723440243,-0.029015460875617637,-0.0019660067234399305,-0.001966006723439929,-0.0019660067234399305,-0.001966006723439929,-0.0044061272497585,-0.006853317256315997,-0.001966006723439929,-0.002781930877591655,-0.003409090909090909,-0.004406127249758503,-0.10131606157617856,0.05858613070295561,-0.005219348045725247,-0.003409090909090913,-0.003409090909090903,-0.009113292418953284,-0.03535413551179004,-0.0019660067234399305,-0.0019660067234399305,-0.0027819308775916558,-0.0019660067234399305,-0.0019660067234399305,-0.0019660067234399305,-0.021928318259674635,-0.006249023666322244,-0.002781930877591653,0.001966006723439987,0.0034090909090910594,0.009333167411831855
blaCTX-M-27_AMR,-0.02665471044791366,0.07808742776421349,-0.04587275446607481,0.02490897431262789,0.14796785854263078,-0.06857381715397257,0.16705874788491437,0.054542490411235905,0.05337072340386767,-0.07130665608429994,-0.012635966797167046,-0.04404780933288957,-0.012635966797167046,0.013502630373793964,-0.04584693011974869,-0.2328507006276624,-0.22861187490220503,0.0052758986437577825,0.1298461808290181,-0.031039777332712952,-0.028319169496340953,-0.028319169496340953,-0.025315023026466862,-0.02191099299010755,-0.10932758278954396,-0.01263596679716702,-0.16852818174442183,-0.028319169496340953,-0.028319169496340953,-0.028319169496340953,-0.01788009460097655,-0.031039777332713,0.06344533202758224,0.4236190266977322,-0.038080996727304674,0.08972695688997512,0.4551161075921354,-0.025315023026466866,-0.015464592710167124,-0.01263596679716704,0.12696507542344812,0.024908974312627903,-0.04763178952434337,-0.28929461509562343,-0.012635966797167041,-0.012635966797167032,-0.02191099299010755,1.0,-0.012635966797167024,-0.03354592220989331,0.08972695688997517,0.025315023026466793,0.08972695688997498,-0.012635966797167041,0.057237164311244614,-0.021910992990107545,-0.22619354971150088,-0.012635966797167041,-0.1844807466249295,-0.02531502302646689,-0.03588258610014626,-0.017880094600976556,0.057237164311244614,-0.021910992990107684,-0.04214837823823949,0.019931718482970654,-0.0219109929901076,0.04409771949740876,-0.12371041783784743,-0.04763178952434341,0.11028404789054982,-0.01263596679716704,0.012635966797167324,0.03588258610014519,-0.022689692968927658,-0.012635966797167024,-0.06768142790193,-0.025315023026466866,-0.025315023026466883,0.0380809967273053,0.13494442313235822,0.12879893798950065,-0.13784441723526566,-0.08280921185851804,0.03868003958760684,0.005275898643757744,-0.05097922292203913,-0.07258805532333219,0.006163653922410779,-0.04763178952434339,-0.04016387869935562,-0.01263596679716704,-0.012635966797167024,-0.012635966797167036,-0.017880094600976573,-0.05097922292203919,-0.012635966797167024,0.1040174294919697,-0.01263596679716704,-0.012635966797167024,-0.04891177220835545,-0.02191099299010756,-0.01788009460097655,0.1710544278987287,-0.017880094600976566,-0.17065478616124677,-0.012635966797167024,-0.01788009460097655,0.05277711375225812,-0.02191099299010756,-0.06137018903472057,-0.17075880617683142,-0.05995697802989264,-0.017880094600976556,-0.09577725441962975,0.08972695688997515,0.09050415632761831,-0.017880094600976563,0.13416706023224823,-0.03103977733271295,0.2547992811147999,-0.043059757690488205,-0.05257851104733953,-0.02191099299010761,0.02531502302646678,-0.017880094600976545,-0.012635966797167037,-0.025315023026466873,-0.04016387869935562,0.012635966797166944,0.14587194742050089,-0.012635966797167024,-0.01263596679716704,-0.012635966797167024,-0.01263596679716704,0.01756308126562069,-0.014312170463668238,0.08972695688997517,-0.017880094600976573,0.09642177037542768,-0.028319169496340953,0.015876589238685696,0.12866063540217562,0.005275898643757804,-0.02191099299010761,-0.021910992990107656,-0.058573177317155965,0.19738004943245313,0.08972695688997512,0.08972695688997512,0.054542490411235905,0.08972695688997512,-0.012635966797167024,-0.012635966797167024,0.24270107434001761,-0.04016387869935562,-0.017880094600976545,0.012635966797167279,0.021910992990107264,0.05998636328260432
blaCTX-M-55_AMR,-0.005980131130563733,-0.03777112150267145,-0.004116022662401913,-0.003603782612591262,-0.05433666815704997,-0.021219934011958094,0.02116088645006427,-0.0016043264774504994,0.12699267896763566,-0.007802790652128056,-0.0011337868480725609,-0.003952275889110014,-0.0011337868480725609,0.12817942033877672,-0.008161701781239867,-0.024154166597437313,-0.02051264784388647,-0.003009973515961538,-0.038919342665776006,-0.002785104762606754,-0.0025409929005580844,-0.0025409929005580844,-0.002271439979764521,-0.0019660067234399305,0.0025409929005579565,-0.0011337868480725626,0.06518169118828054,-0.0025409929005580844,-0.0025409929005580844,-0.0025409929005580844,-0.0016043264774505007,-0.0027851047626067564,-0.002540992900558079,-0.02300491440738289,-0.003416891951678136,-0.0011337868480725628,-0.021338097405641156,-0.0022714399797645205,-0.006422834876626165,-0.0011337868480725646,-0.0016043264774504983,-0.003603782612591271,-0.004273855525243129,-0.02722123296807303,-0.0011337868480725646,-0.0011337868480725635,-0.0019660067234399314,-0.012635966797167024,1.0,-0.0030099735159615413,-0.0011337868480725641,0.002271439979764452,-0.0011337868480725613,-0.0011337868480725613,-0.004426408328712819,-0.00196600672343993,-0.020983871894290105,-0.0011337868480725613,0.037512156023233025,-0.002271439979764521,-0.0032196352561086362,-0.001604326477450498,-0.004426408328712819,-0.0019660067234399258,-0.0037818457171648733,-0.0037818457171648785,-0.001966006723439926,-0.0030099735159615395,-0.015900473108332737,-0.004273855525243114,-0.041161568200154916,-0.0011337868480725646,0.0011337868480726068,0.0032196352561084736,-0.004426408328712824,-0.0011337868480725624,0.004857288577986018,-0.0022714399797645213,-0.002271439979764521,0.0034168919516779053,-0.06283399197166542,-0.09067857345160339,-0.016978757023525144,0.15259131820691607,0.012168590499917198,-0.003009973515961539,-0.0045742105374102305,0.015048231635721172,0.010407431212535461,-0.00427385552524313,-0.0036037826125912696,-0.0011337868480725615,-0.0011337868480725624,-0.0011337868480725641,-0.001604326477450499,-0.004574210537410231,-0.0011337868480725628,-0.1214793218682892,-0.0011337868480725643,-0.0011337868480725628,-0.0100327855317232,-0.0019660067234399284,-0.0016043264774504992,-0.03674800806791947,-0.0016043264774504983,0.06452299834279829,-0.0011337868480725626,-0.0016043264774505007,-0.002785104762606753,-0.001966006723439928,-0.005506560305847991,-0.021456356468322047,-0.006941850439283742,-0.0016043264774504987,-0.008593801578350279,-0.0011337868480725643,-0.05810184854543118,-0.0016043264774504985,-0.06303997616615878,-0.0027851047626067564,-0.0032196352561086423,0.007618338969311716,-0.0047177097940837185,-0.0019660067234399314,0.0022714399797645443,-0.0016043264774504996,-0.0011337868480725641,-0.002271439979764522,-0.0036037826125912696,0.001133786848072514,-0.03946432577716124,-0.0011337868480725633,-0.0011337868480725615,-0.0011337868480725624,-0.0011337868480725613,-0.002540992900558077,-0.00395227588911002,-0.0011337868480725646,-0.0016043264774504983,-0.0019660067234399323,-0.002540992900558081,0.012101048952404991,0.03378634654628678,-0.0030099735159615387,-0.0019660067234399314,-0.0019660067234399258,-0.005255592956045323,-0.04358843768652305,-0.0011337868480725628,-0.0011337868480725628,-0.0016043264774504994,-0.0011337868480725628,-0.0011337868480725628,-0.0011337868480725628,-0.03511352578337059,-0.0036037826125912696,-0.0016043264774505,0.0011337868480726177,0.001966006723439611,0.005382393832244619
blaCTX-M_AMR,-0.01587603203862704,-0.07456543834895724,-0.01092720313874585,-0.009567309975082885,0.05539488559110354,-0.028023021478059497,0.05617785026986529,-0.004259160543528212,0.23404211392159796,-0.020714822414305025,-0.0030099735159615447,-0.010492488755023167,-0.0030099735159615447,0.23635520978831073,-0.021667658474316575,-0.010198833198669682,-0.05445690859556747,-0.007990867579908682,0.051529941595753255,-0.007393886768819001,-0.006745819417404849,-0.006745819417404849,-0.0060302112286893155,-0.00521934804572525,0.0067458194174046405,-0.0030099735159615413,-0.04617820527649524,-0.006745819417404849,-0.006745819417404849,-0.006745819417404849,-0.004259160543528213,0.4589491144359794,-0.006745819417404859,0.07600793519505723,-0.009071153276241825,-0.0030099735159615417,0.0845726311918352,-0.006030211228689307,-0.017051320456666307,-0.0030099735159615443,-0.004259160543528209,-0.009567309975082896,-0.01134621729286844,-0.07226683784964409,-0.0030099735159615447,-0.003009973515961543,-0.00521934804572525,-0.03354592220989331,-0.0030099735159615413,1.0,-0.003009973515961543,0.006030211228689081,-0.00300997351596154,-0.0030099735159615434,-0.011751213963106829,-0.00521934804572525,-0.05570791262177427,-0.0030099735159615434,-0.054550364707535125,-0.006030211228689319,-0.008547476863413781,-0.004259160543528215,-0.011751213963106829,-0.005219348045725258,-0.01004003130700484,-0.010040031307004824,-0.005219348045725252,-0.007990867579908686,-0.009139179693248624,-0.01134621729286844,0.047068477135794796,-0.0030099735159615456,0.003009973515961575,0.008547476863413422,-0.011751213963106832,-0.0030099735159615417,0.012895113401584422,-0.006030211228689306,-0.00603021122868931,0.009071153276242376,0.04790358564706291,0.033193878127868996,-0.013310298829067962,-0.019725719335355475,0.03230513318583485,-0.007990867579908677,-0.01214359877030063,0.03994999480067738,0.02762961342529028,-0.011346217292868466,-0.009567309975082884,-0.0030099735159615426,-0.0030099735159615417,-0.0030099735159615434,-0.004259160543528215,-0.012143598770300638,-0.003009973515961543,0.02477766149555093,-0.0030099735159615434,-0.003009973515961543,-0.02663500533027551,-0.005219348045725252,-0.0042591605435282134,0.056270342407789914,-0.004259160543528213,-0.04664962251087794,-0.0030099735159615413,-0.004259160543528213,-0.007393886768818989,-0.005219348045725253,-0.014618797803859114,-0.028784292044734854,-0.018429201229076878,-0.004259160543528214,-0.02281479556429587,-0.0030099735159615434,0.05180512481643275,-0.004259160543528215,0.047747059866075504,-0.007393886768818989,-0.008547476863413776,0.020225140706322992,-0.012524560114914639,-0.00521934804572526,0.006030211228689472,-0.004259160543528211,-0.0030099735159615434,-0.006030211228689311,-0.009567309975082884,0.0030099735159615174,0.05040781552317023,-0.003009973515961543,-0.0030099735159615426,-0.0030099735159615417,-0.0030099735159615426,-0.006745819417404852,-0.010492488755023165,-0.0030099735159615443,-0.004259160543528215,-0.005219348045725256,-0.00674581941740485,0.03212582411236625,0.06415525970451395,-0.007990867579908691,-0.00521934804572526,-0.005219348045725246,-0.01395253052658275,0.04265828234795984,-0.0030099735159615417,-0.0030099735159615417,-0.004259160543528213,-0.0030099735159615417,-0.003009973515961543,-0.003009973515961543,0.06015827443977564,-0.009567309975082884,-0.004259160543528213,0.003009973515961589,0.005219348045725145,0.014289161066802432
blaDHA_AMR,-0.005980131130563732,0.030017293714521387,-0.004116022662401914,-0.003603782612591262,0.020865961909838953,0.053430272093854723,0.021160886450064198,-0.0016043264774505013,-0.008927970157724686,-0.00780279065212806,-0.0011337868480725626,-0.003952275889110014,-0.0011337868480725626,-0.008845311088753364,-0.00816170178123987,-0.0241541665974373,-0.02051264784388647,-0.0030099735159615395,-0.03891934266577602,-0.002785104762606754,-0.002540992900558084,-0.002540992900558084,-0.0022714399797645196,-0.0019660067234399292,0.00254099290055811,-0.0011337868480725641,-0.01739425331566744,-0.002540992900558084,-0.002540992900558084,-0.002540992900558084,-0.0016043264774504992,-0.0027851047626067573,-0.002540992900558083,0.04928454972684878,-0.0034168919516781374,-0.0011337868480725641,0.053134392749225115,-0.0022714399797645205,-0.006422834876626167,-0.001133786848072563,-0.0016043264774505005,-0.0036037826125912696,-0.004273855525243128,-0.027221232968073026,-0.0011337868480725635,-0.001133786848072564,-0.0019660067234399297,0.08972695688997517,-0.0011337868480725641,-0.003009973515961543,1.0,0.0022714399797646055,-0.0011337868480725628,-0.0011337868480725628,-0.004426408328712822,-0.001966006723439929,-0.0209838718942901,-0.0011337868480725628,-0.03022451835000778,-0.00227143997976452,-0.0032196352561086406,-0.0016043264774505007,-0.004426408328712822,-0.0019660067234399275,-0.003781845717164875,-0.0037818457171648785,-0.0019660067234399284,-0.0030099735159615426,-0.015900473108332737,-0.004273855525243121,0.027544792330538425,-0.0011337868480725637,0.0011337868480726864,0.0032196352561089017,-0.00442640832871282,-0.0011337868480725641,0.00485728857798605,-0.0022714399797645213,-0.0022714399797645213,0.00341689195167825,0.018044163875245017,0.012503359999125723,-0.01697875702352514,-0.007430218582522048,0.012168590499917208,-0.0030099735159615404,-0.004574210537410236,0.01504823163572115,0.010407431212535415,-0.00427385552524313,-0.00360378261259127,-0.001133786848072563,-0.0011337868480725641,-0.0011337868480725633,-0.0016043264774505005,-0.0045742105374102365,-0.0011337868480725641,0.009333167411831971,-0.0011337868480725633,-0.0011337868480725641,-0.010032785531723203,-0.00196600672343993,-0.0016043264774505005,0.030853015107024057,-0.0016043264774504987,-0.01757182519710214,-0.0011337868480725641,-0.0016043264774504992,-0.002785104762606758,-0.0019660067234399305,-0.005506560305847992,0.05284153671414217,-0.006941850439283747,-0.0016043264774505007,-0.008593801578350279,-0.0011337868480725633,0.019513782718737917,-0.001604326477450501,0.01798520426283418,-0.002785104762606757,-0.0032196352561086393,0.007618338969311731,-0.004717709794083718,-0.00196600672343993,0.00227143997976437,-0.0016043264774505,-0.0011337868480725633,-0.0022714399797645205,-0.00360378261259127,0.0011337868480728358,-0.039464325777161226,-0.0011337868480725641,-0.001133786848072563,-0.0011337868480725641,-0.0011337868480725628,0.44619835333799857,-0.003952275889110025,-0.001133786848072563,-0.0016043264774505005,-0.0019660067234399305,-0.0025409929005580805,0.012101048952405023,0.0337863465462868,-0.0030099735159615395,-0.00196600672343993,-0.001966006723439928,-0.005255592956045326,0.026011183429570723,-0.0011337868480725641,-0.0011337868480725641,-0.0016043264774505013,-0.0011337868480725641,-0.0011337868480725641,-0.0011337868480725641,0.03228917697036033,-0.00360378261259127,-0.0016043264774504998,0.0011337868480726864,0.00196600672344002,0.005382393832244549
blaEC_AMR,0.011980654879961626,0.07567104487722959,0.008246081217902946,0.007219854347874839,0.07119320128558344,-0.06965400122283114,0.0699075952500611,0.0032141238079017166,-0.05018981377942403,0.01563218930534141,0.002271439979764339,0.007918029284644641,0.0022714399797643735,0.01772078523807579,0.016351235472822023,0.0483907004042095,0.0410952450918294,0.006030211228689316,0.009804324895088153,0.005579706905554662,0.005090650744835628,0.005090650744835628,0.004550625711035273,0.003938717651998951,-0.005090650744835377,0.0022714399797644186,0.034847822116233954,0.005090650744835628,0.005090650744835628,0.005090650744835628,0.003214123807901784,0.0055797069055543115,0.0050906507448353795,0.00988191704417385,0.006845435717278972,0.0022714399797645313,0.005449225017198023,0.0045506257110354545,-0.07876199324762967,0.0022714399797646124,0.0032141238079015718,0.00721985434787491,0.008562285163457356,0.054535292032429857,0.002271439979764562,0.0022714399797645127,0.003938717651998765,0.025315023026466793,0.002271439979764452,0.006030211228689081,0.0022714399797646055,1.0,0.0022714399797644285,0.0022714399797645526,0.008867910984938146,0.003938717651998944,0.04203930009593626,0.0022714399797645526,-0.007300063321929759,0.004550625711035106,0.006450249668548119,0.003214123807901626,0.008867910984938146,0.00393871765199836,0.00757658776327557,0.007576587763275908,0.003938717651998613,0.006030211228689176,0.03185516781821623,-0.3964643826579428,0.013639992895631196,0.002271439979764525,-0.002271439979764632,-0.006450249668547925,0.00886791098493831,0.002271439979764449,-0.009731140811914797,0.004550625711035358,0.0045506257110352845,-0.0068454357172790135,0.08537422395322586,0.12998743554767947,0.03401541266376983,-0.22555579305156107,0.13390346659823205,-0.5644708439426666,-0.3701404717668161,-0.030147778676602593,0.03892517089968232,0.008562285163457244,0.007219854347874577,-0.499148935553253,0.0022714399797644836,0.002271439979764586,0.003214123807901557,-0.37014047176681614,0.0022714399797645365,0.17785513145462292,0.0022714399797645604,0.0022714399797645365,0.02009978348567012,0.003938717651998625,0.0032141238079016602,0.03976318661720561,0.0032141238079018103,0.03520357141025548,0.0022714399797643826,0.0032141238079017014,0.0055797069055546255,0.003938717651998586,0.011031898324584087,0.04298588044576365,0.013907373020017199,0.0032141238079016715,0.0172169085542072,0.002271439979764578,0.07752784384183112,0.0032141238079016897,0.08571325712933621,0.005579706905554489,0.006450249668548669,0.21980000732680874,0.009451507271782067,0.003938717651998736,-0.004550625711035147,0.0032141238079017344,0.0022714399797646176,0.004550625711035484,0.007219854347874577,-0.002271439979764564,0.04490822258447284,0.0022714399797645712,-0.499148935553253,0.0022714399797644225,0.002271439979764512,-0.2196615796396574,0.00791802928464512,0.002271439979764701,0.0032141238079017747,0.003938717651998787,0.00509065074483594,0.13471868925738606,0.06722952351929173,0.006030211228689376,0.003938717651998736,0.003938717651998368,-0.3215138277915673,0.052466369338186325,0.0022714399797645318,0.0022714399797645318,0.0032141238079017136,0.0022714399797645318,0.0022714399797645365,0.0022714399797645365,0.002829164415506363,0.007219854347874577,0.00321412380790169,-0.0022714399797647816,-0.0039387176519982605,-0.010783141961985607
blaFOX-5_AMR,-0.00598013113056373,0.030017293714521415,-0.0041160226624019115,0.3146102220792175,0.02086596190983891,-0.02121993401195808,0.02116088645006425,-0.0016043264774504979,0.1269926789676357,-0.007802790652128059,-0.001133786848072564,-0.003952275889110012,-0.001133786848072564,0.12817942033877672,-0.008161701781239867,-0.02415416659743728,-0.02051264784388646,-0.0030099735159615387,0.02913170599537287,-0.002785104762606753,-0.002540992900558082,-0.002540992900558082,-0.0022714399797645187,-0.001966006723439929,-0.44619835333799857,-0.0011337868480725613,-0.017394253315667425,-0.002540992900558082,-0.002540992900558082,-0.002540992900558082,-0.0016043264774504987,-0.002785104762606752,0.44619835333799895,-0.023004914407382893,-0.0034168919516781335,-0.0011337868480725617,-0.021338097405641143,-0.002271439979764519,-0.006422834876626164,-0.0011337868480725633,0.7067058133169436,0.314610222079217,-0.004273855525243125,-0.027221232968073033,-0.0011337868480725633,-0.0011337868480725633,-0.001966006723439929,0.08972695688997498,-0.0011337868480725613,-0.00300997351596154,-0.0011337868480725628,0.0022714399797644285,1.0,-0.001133786848072564,-0.00442640832871282,-0.001966006723439929,-0.0209838718942901,-0.001133786848072564,-0.030224518350007758,-0.002271439979764519,-0.0032196352561086354,-0.0016043264774505007,-0.00442640832871282,-0.00196600672343993,-0.003781845717164861,0.29979722412434257,-0.001966006723439925,0.37667668571175883,-0.015900473108332727,-0.004273855525243119,0.027544792330538453,-0.0011337868480725635,0.0011337868480726055,0.003219635256108286,-0.004426408328712819,-0.001133786848072561,-0.23341970110877377,-0.00227143997976452,-0.0022714399797645196,0.003416891951678376,0.018044163875245,0.012503359999125713,-0.016978757023525137,-0.007430218582522034,-0.09317322725916992,-0.0030099735159615382,-0.004574210537410232,-0.07534352710129773,-0.10894012412082554,-0.004273855525243128,-0.0036037826125912675,-0.001133786848072563,-0.0011337868480725617,-0.001133786848072563,-0.0016043264774505,-0.004574210537410232,-0.001133786848072562,0.009333167411831971,-0.0011337868480725633,-0.001133786848072562,0.11300818147538205,-0.001966006723439927,-0.0016043264774504987,-0.03674800806791946,-0.0016043264774504996,-0.017571825197102132,-0.0011337868480725613,-0.0016043264774504987,-0.0027851047626067564,-0.001966006723439928,-0.0055065603058479925,-0.02145635646832203,-0.006941850439283749,-0.001604326477450499,-0.00859380157835028,-0.001133786848072563,0.0195137827187378,-0.0016043264774504998,0.017985204262834235,-0.0027851047626067564,-0.003219635256108638,0.007618338969311674,-0.004717709794083715,-0.001966006723439929,0.002271439979764661,-0.0016043264774504987,-0.0011337868480725628,-0.00227143997976452,-0.0036037826125912675,0.001133786848072513,0.02872941132897059,-0.0011337868480725624,-0.001133786848072563,-0.0011337868480725622,-0.001133786848072564,-0.0025409929005580775,-0.003952275889110023,-0.0011337868480725633,-0.001604326477450501,-0.00196600672343993,-0.0025409929005580784,-0.09369327010673971,0.03378634654628682,-0.0030099735159615387,-0.001966006723439929,-0.001966006723439934,-0.005255592956045321,0.02601118342957082,-0.0011337868480725617,-0.0011337868480725617,-0.0016043264774504979,-0.0011337868480725617,-0.001133786848072562,-0.001133786848072562,-0.035113525783370576,-0.0036037826125912675,-0.001604326477450499,0.0011337868480726164,0.001966006723439761,0.005382393832244659
blaLAP_AMR,-0.0059801311305637305,0.03001729371452136,-0.004116022662401911,-0.0036037826125912614,0.02086596190983889,-0.02121993401195808,0.021160886450064254,-0.0016043264774504976,-0.00892797015772468,0.1453053014774068,-0.0011337868480725637,-0.003952275889110014,-0.0011337868480725637,-0.008845311088753367,-0.008161701781239865,0.04693959708768649,-0.020512647843886466,-0.0030099735159615382,-0.038919342665776,-0.0027851047626067525,-0.002540992900558082,-0.002540992900558082,-0.0022714399797645183,-0.0019660067234399284,0.0025409929005580667,-0.0011337868480725613,-0.01739425331566743,-0.002540992900558082,-0.002540992900558082,-0.002540992900558082,-0.0016043264774504987,-0.0027851047626067564,-0.0025409929005580844,-0.02300491440738291,-0.003416891951678136,-0.0011337868480725617,-0.021338097405641156,-0.0022714399797645187,-0.006422834876626163,-0.001133786848072563,-0.0016043264774505015,-0.0036037826125912696,-0.004273855525243125,-0.027221232968073023,-0.001133786848072563,-0.001133786848072563,-0.001966006723439929,-0.012635966797167041,-0.0011337868480725613,-0.0030099735159615434,-0.0011337868480725628,0.0022714399797645526,-0.001133786848072564,1.0,-0.004426408328712819,-0.001966006723439929,-0.020983871894290098,1.0,-0.030224518350007758,-0.002271439979764519,-0.0032196352561086384,-0.0016043264774505005,-0.004426408328712819,-0.0019660067234399297,-0.0037818457171648694,-0.003781845717164876,-0.0019660067234399245,-0.0030099735159615413,-0.01590047310833272,-0.00427385552524312,0.02754479233053845,-0.0011337868480725633,0.0011337868480726055,0.0032196352561082845,-0.004426408328712819,-0.001133786848072561,0.004857288577986142,-0.00227143997976452,-0.0022714399797645196,0.0034168919516782185,0.018044163875245007,0.012503359999125692,-0.016978757023525134,-0.007430218582522035,0.012168590499917193,-0.0030099735159615387,-0.004574210537410233,0.015048231635721108,-0.10894012412082552,-0.004273855525243127,-0.003603782612591267,-0.001133786848072563,-0.0011337868480725615,-0.0011337868480725628,-0.0016043264774504998,-0.004574210537410232,-0.0011337868480725617,0.009333167411831954,-0.001133786848072563,-0.0011337868480725617,-0.010032785531723192,-0.0019660067234399266,-0.0016043264774504983,-0.03674800806791945,-0.0016043264774504996,-0.017571825197102143,-0.0011337868480725613,-0.0016043264774504985,-0.0027851047626067564,-0.0019660067234399275,-0.00550656030584799,-0.02145635646832203,-0.006941850439283743,-0.0016043264774504987,-0.008593801578350277,-0.0011337868480725628,0.019513782718737806,-0.0016043264774504998,0.017985204262834245,-0.0027851047626067564,-0.003219635256108638,0.007618338969311672,-0.004717709794083714,-0.001966006723439929,0.0022714399797647863,-0.0016043264774504987,-0.0011337868480725626,-0.00227143997976452,-0.003603782612591267,0.001133786848072513,-0.039464325777161205,-0.0011337868480725622,-0.001133786848072563,-0.0011337868480725622,-0.001133786848072564,-0.0025409929005580775,0.2868693582845691,-0.001133786848072563,-0.0016043264774505007,-0.0019660067234399297,-0.002540992900558078,0.01210104895240496,0.033786346546286754,-0.003009973515961538,-0.001966006723439929,-0.00196600672343993,-0.005255592956045321,-0.043588437686523034,-0.0011337868480725617,-0.0011337868480725617,-0.0016043264774504976,-0.0011337868480725617,-0.0011337868480725617,-0.0011337868480725617,-0.03511352578337056,-0.003603782612591267,-0.0016043264774504987,0.0011337868480726164,0.001966006723439932,0.005382393832244755
blaNDM_AMR,-0.023346982978433607,-0.023957569732088818,0.05669589868270364,0.23439785989466969,0.042316238356429996,0.09202019229649235,-0.014650224971381964,0.1780904318432283,0.03589728032408444,-0.030462813701267907,-0.004426408328712822,-0.015430049257201971,-0.004426408328712822,0.036794714151958986,0.08297655042501473,-0.020284997590460152,0.057990561231011886,0.28471512687755984,0.06059735165393682,-0.010873305629270517,-0.009920270425919253,-0.009920270425919253,-0.008867910984938039,-0.007675471407816989,0.00992027042591923,-0.004426408328712819,0.018060324614125503,-0.009920270425919253,-0.009920270425919253,-0.009920270425919253,-0.006263438400113547,-0.01087330562927052,-0.00992027042591924,0.023076586008290143,0.0739127114959329,0.25614149528818153,0.03299308707008725,0.12163817901006661,-0.02507533919640748,-0.004426408328712826,-0.006263438400113546,0.0687529537025984,-0.016685525788918593,0.03712999334338702,-0.004426408328712825,-0.004426408328712823,-0.007675471407816992,0.057237164311244614,-0.004426408328712819,-0.011751213963106829,-0.004426408328712822,0.008867910984938146,-0.00442640832871282,-0.004426408328712819,1.0,-0.007675471407816992,0.03522356014563182,-0.004426408328712821,-0.02984923190074627,-0.008867910984938039,-0.012569752716116007,-0.006263438400113549,1.0,-0.00767547140781697,-0.014764674161482354,-0.01476467416148238,-0.007675471407816972,-0.011751213963106823,0.028712178428008262,-0.016685525788918548,0.05389021489419195,-0.004426408328712825,0.004426408328712885,0.012569752716115825,0.050537634408602074,-0.0044264083287128215,0.018963302187805047,0.2521442690050716,-0.008867910984938039,0.013339861032019824,0.07044607846512231,0.04881426957025585,0.020910531566410723,-0.029008258010528115,0.020089687707655176,-0.011751213963106822,-0.017858139432909283,-0.03535638515199642,0.009568646895291988,-0.016685525788918597,0.06875295370259832,-0.0044264083287128215,-0.0044264083287128215,-0.004426408328712825,-0.00626343840011355,-0.017858139432909294,-0.004426408328712822,0.036437545589133556,-0.004426408328712825,-0.004426408328712822,0.0569037353877367,-0.007675471407816987,-0.006263438400113545,0.08526359747292615,-0.006263438400113547,0.016866176805951687,-0.00442640832871282,-0.006263438400113545,-0.010873305629270509,-0.007675471407816982,-0.021498118841121874,0.012921014309333506,-0.027101623778191617,-0.006263438400113545,-0.03355099324567267,-0.004426408328712825,0.015579890565619679,-0.006263438400113549,0.07021589470538242,-0.010873305629270542,0.26490753849214504,-0.09240986892946415,-0.01841837375383432,-0.007675471407817001,0.008867910984938028,-0.006263438400113545,-0.004426408328712824,-0.008867910984938039,0.06875295370259832,0.0044264083287128865,0.07666431800150049,-0.004426408328712822,-0.0044264083287128215,0.25614149528818153,-0.004426408328712822,-0.009920270425919236,0.1359558784551242,-0.004426408328712826,0.3624443020865701,-0.007675471407816994,-0.009920270425919238,0.019708225497717488,0.009210522908736448,0.08707089965044863,-0.007675471407817001,-0.00767547140781697,-0.020518319181873742,0.08343516798968215,0.2561414952881816,0.2561414952881816,0.17809043184322831,0.2561414952881816,-0.004426408328712822,-0.004426408328712822,0.0909737405503648,0.06875295370259832,-0.006263438400113546,0.004426408328712898,0.007675471407816862,-0.03521329970353662
blaOXA-CH_AMR,-0.01036965460459129,0.01286841636730665,-0.007137257097195902,-0.006249023666322241,-0.050753187203236884,0.0063525192386772525,0.03669335652067164,-0.0027819308775916545,-0.015481260332660344,-0.013530178895403996,-0.0019660067234399275,-0.0068533172563159765,-0.0019660067234399275,-0.015337928024980858,-0.014152537228586967,0.04030148266501522,0.05203932330985829,-0.005219348045725244,0.011180987683364209,-0.004829421595494656,-0.004406127249758504,-0.004406127249758504,-0.003938717651998644,-0.003409090909090906,0.0044061272497586965,-0.00196600672343993,-0.030161947129616756,-0.004406127249758504,-0.004406127249758504,-0.004406127249758504,-0.002781930877591652,-0.004829421595494654,-0.0044061272497585065,0.0018928082591800587,-0.005924951909335492,-0.0019660067234399297,0.006044900913551979,-0.003938717651998639,-0.0111373108379745,-0.0019660067234399284,-0.002781930877591655,-0.006249023666322242,-0.007410942111317477,0.07222327973702738,-0.0019660067234399297,-0.00196600672343993,-0.0034090909090909046,-0.021910992990107545,-0.00196600672343993,-0.00521934804572525,-0.001966006723439929,0.003938717651998944,-0.001966006723439929,-0.001966006723439929,-0.007675471407816992,1.0,0.05033207875810011,-0.001966006723439929,0.025894548511091908,-0.003938717651998642,-0.005582905262390832,-0.002781930877591655,-0.007675471407816992,-0.003409090909090903,-0.006557788282337524,-0.006557788282337515,-0.0034090909090909055,-0.005219348045725248,0.02283371053127024,-0.0074109421113174815,0.008050476757868253,-0.0019660067234399297,0.0019660067234398663,0.005582905262390992,0.2935441398411786,-0.00196600672343993,0.008422625485771449,-0.00393871765199864,-0.00393871765199864,0.005924951909335473,-0.015459153770419051,0.021681050424654312,0.018969736148548053,-0.012884132246462397,0.021100554110584795,-0.005219348045725245,-0.00793176308780283,-0.026153073321390975,0.018046672328548393,-0.007410942111317477,-0.006249023666322244,-0.001966006723439929,-0.00196600672343993,-0.0019660067234399292,-0.002781930877591655,-0.007931763087802841,-0.0019660067234399305,0.01618387963649915,-0.001966006723439929,-0.0019660067234399305,-0.01739703000059521,-0.0034090909090909076,-0.0027819308775916545,0.05349968139242432,-0.0027819308775916514,-0.030469859955901516,-0.0019660067234399305,-0.002781930877591652,-0.004829421595494656,-0.0034090909090909076,-0.009548474303374277,0.048683545799947936,-0.012037293129610221,-0.0027819308775916545,-0.014901806024357773,-0.0019660067234399292,0.033837249117860006,-0.0027819308775916553,0.03118666666779813,-0.004829421595494653,-0.005582905262390828,0.013210336370168115,-0.008180593371826972,-0.0034090909090909124,0.003938717651998323,-0.0027819308775916545,-0.0019660067234399292,-0.003938717651998639,-0.006249023666322244,0.001966006723439988,0.010400926744644486,-0.0019660067234399305,-0.001966006723439929,-0.00196600672343993,-0.001966006723439929,-0.0044061272497585005,0.16124332544721243,-0.001966006723439929,-0.0027819308775916553,-0.003409090909090908,-0.0044061272497585005,0.020983435856173696,0.0585861307029556,-0.005219348045725245,-0.0034090909090909124,-0.0034090909090909033,-0.00911329241895328,0.0048748614687648215,-0.00196600672343993,-0.00196600672343993,-0.0027819308775916553,-0.00196600672343993,-0.0019660067234399305,-0.0019660067234399305,-0.02192831825967467,-0.006249023666322244,-0.002781930877591653,0.0019660067234398663,0.003409090909091167,0.009333167411831886
blaOXA-OH_AMR,0.006555431697741569,-0.028578117836647297,-0.013333003055968943,0.02867743872226628,0.15514946097191293,0.46308085307099844,-0.29719679555432127,-0.029692513488465175,-0.04302202282024267,0.016201721135902868,0.054031346254123654,-0.007773808156166039,-0.020983871894290095,-0.05076673643012604,-0.06289067537232952,0.3253859106540239,0.9605076929268026,0.05809217261831052,0.1414345872314241,-0.05154609232773282,-0.047028124907477376,-0.047028124907477376,-0.042039300095935796,0.09369132319068786,0.04702812490747798,0.05403134625412365,0.10500424380297795,-0.047028124907477376,-0.047028124907477376,-0.047028124907477376,-0.029692513488465147,-0.05154609232773284,-0.047028124907477445,-0.18743636272578038,-0.06323906747774903,-0.02098387189429011,-0.2554146237270407,0.070675382043876,0.004502153718177718,-0.020983871894290105,-0.029692513488465175,-0.042854138655589985,-0.05890149160237224,0.7089369051590769,-0.02098387189429011,-0.02098387189429011,-0.0363864101070753,-0.22619354971150088,-0.020983871894290105,-0.05570791262177427,-0.0209838718942901,0.04203930009593626,-0.0209838718942901,-0.020983871894290098,0.03522356014563182,0.05033207875810011,1.0,-0.020983871894290098,-0.32083882398921626,-0.0420393000959358,-0.059588284936781845,-0.02969251348846517,0.035223560145631834,0.0936913231906878,0.04374274836970431,0.1347317867924347,-0.036386410107075294,0.0011921299982681338,0.3199461525823107,0.0016927030596409864,0.17001256441192958,-0.020983871894290105,0.02098387189429028,-0.04692275878624978,0.07427240334537195,-0.02098387189429011,0.08989760416371886,0.07067538204387597,-0.042039300095935754,-0.03723793941897106,0.32789710375552994,0.23140937374240403,0.2819643589272018,-0.13751681380611508,0.1620672141241064,0.0011921299982681603,-0.008997103487061378,0.2514169723301515,0.14790467665370163,0.021890767946978803,-0.06669799778154199,-0.0209838718942901,-0.02098387189429011,0.05403134625412363,-0.029692513488465175,-0.008997103487061408,-0.020983871894290112,0.1335289055887819,0.05403134625412367,-0.020983871894290112,-0.10270910897072448,0.006972834325512433,0.0233813517146011,0.165791665269508,0.02338135171460108,0.10538168419618887,-0.020983871894290105,-0.029692513488465147,0.009877928624207933,-0.036386410107075336,-0.07023305961297743,0.4212632035806641,-0.07744525243309604,-0.02969251348846517,-0.07481580181636865,-0.020983871894290105,0.3495251808089877,-0.029692513488465175,0.32679487592367606,-0.05154609232773274,-0.032960524006023596,0.12927628547730205,-0.08731431143497886,-0.03638641010707535,-0.033103821330606034,-0.02969251348846516,0.05403134625412363,-0.04203930009593574,-0.06669799778154199,-0.05403134625412269,0.14848438081418935,-0.020983871894290112,-0.0209838718942901,-0.02098387189429011,-0.0209838718942901,-0.013403967584965176,0.014017533437150231,-0.0209838718942901,0.0233813517146011,0.006972834325512468,0.053844347060059014,0.1446915296821284,-0.11141984651784727,-0.055707912621774144,-0.03638641010707535,0.006972834325512409,-0.09726933197864228,0.12678111150948748,-0.02098387189429011,-0.02098387189429011,-0.029692513488465175,-0.02098387189429011,-0.020983871894290112,-0.020983871894290112,0.2390151623443998,-0.06669799778154199,-0.029692513488465154,0.020983871894290212,-0.006972834325510901,0.05105464360972015
blaSHV_AMR,-0.0059801311305637305,0.03001729371452136,-0.004116022662401911,-0.0036037826125912614,0.02086596190983889,-0.02121993401195808,0.021160886450064254,-0.0016043264774504976,-0.00892797015772468,0.1453053014774068,-0.0011337868480725637,-0.003952275889110014,-0.0011337868480725637,-0.008845311088753367,-0.008161701781239865,0.04693959708768649,-0.020512647843886466,-0.0030099735159615382,-0.038919342665776,-0.0027851047626067525,-0.002540992900558082,-0.002540992900558082,-0.0022714399797645183,-0.0019660067234399284,0.0025409929005580667,-0.0011337868480725613,-0.01739425331566743,-0.002540992900558082,-0.002540992900558082,-0.002540992900558082,-0.0016043264774504987,-0.0027851047626067564,-0.0025409929005580844,-0.02300491440738291,-0.003416891951678136,-0.0011337868480725617,-0.021338097405641156,-0.0022714399797645187,-0.006422834876626163,-0.001133786848072563,-0.0016043264774505015,-0.0036037826125912696,-0.004273855525243125,-0.027221232968073023,-0.001133786848072563,-0.001133786848072563,-0.001966006723439929,-0.012635966797167041,-0.0011337868480725613,-0.0030099735159615434,-0.0011337868480725628,0.0022714399797645526,-0.001133786848072564,1.0,-0.004426408328712821,-0.001966006723439929,-0.020983871894290098,1.0,-0.030224518350007758,-0.002271439979764519,-0.0032196352561086384,-0.0016043264774505005,-0.004426408328712819,-0.0019660067234399297,-0.0037818457171648694,-0.003781845717164876,-0.0019660067234399245,-0.0030099735159615413,-0.01590047310833272,-0.00427385552524312,0.02754479233053845,-0.0011337868480725633,0.0011337868480726055,0.0032196352561082845,-0.004426408328712819,-0.001133786848072561,0.004857288577986142,-0.00227143997976452,-0.0022714399797645196,0.0034168919516782185,0.018044163875245007,0.012503359999125692,-0.016978757023525134,-0.007430218582522035,0.012168590499917193,-0.0030099735159615387,-0.004574210537410233,0.015048231635721108,-0.10894012412082552,-0.004273855525243127,-0.003603782612591267,-0.001133786848072563,-0.0011337868480725615,-0.0011337868480725628,-0.0016043264774504998,-0.004574210537410232,-0.0011337868480725617,0.009333167411831954,-0.001133786848072563,-0.0011337868480725617,-0.010032785531723192,-0.0019660067234399266,-0.0016043264774504983,-0.03674800806791945,-0.0016043264774504996,-0.017571825197102143,-0.0011337868480725613,-0.0016043264774504985,-0.0027851047626067564,-0.0019660067234399275,-0.00550656030584799,-0.02145635646832203,-0.006941850439283743,-0.0016043264774504987,-0.008593801578350277,-0.0011337868480725628,0.019513782718737806,-0.0016043264774504998,0.017985204262834245,-0.0027851047626067564,-0.003219635256108638,0.007618338969311672,-0.004717709794083714,-0.001966006723439929,0.0022714399797647863,-0.0016043264774504987,-0.0011337868480725626,-0.00227143997976452,-0.003603782612591267,0.001133786848072513,-0.039464325777161205,-0.0011337868480725622,-0.001133786848072563,-0.0011337868480725622,-0.001133786848072564,-0.0025409929005580775,0.2868693582845691,-0.001133786848072563,-0.0016043264774505007,-0.0019660067234399297,-0.002540992900558078,0.01210104895240496,0.033786346546286754,-0.003009973515961538,-0.001966006723439929,-0.00196600672343993,-0.005255592956045321,-0.043588437686523034,-0.0011337868480725617,-0.0011337868480725617,-0.0016043264774504976,-0.0011337868480725617,-0.0011337868480725617,-0.0011337868480725617,-0.03511352578337056,-0.003603782612591267,-0.0016043264774504987,0.0011337868480726164,0.001966006723439932,0.005382393832244755
blaTEM-CA_AMR,0.06553271672593561,0.03883254213532122,0.041602112361216526,0.011582010312732626,-0.1713682804270764,-0.30303836812727614,0.26069208981807807,-0.04276817564036742,-0.0540743331349889,0.01989734092258101,-0.030224518350007758,0.05205597647230273,-0.03022451835000776,0.033063031331885005,0.001352376577029086,0.1882624568631548,-0.30582829525627475,-0.0545503647075351,0.03069206634470481,0.09214720083723142,0.08407058372718218,0.08407058372718218,0.07515223082997234,-0.05240985674676468,0.00701447815147044,-0.030224518350007768,0.09501208705120946,0.08407058372718218,0.08407058372718218,0.08407058372718218,-0.04276817564036741,-0.01878119499000153,0.023347209141413718,0.10083536641682266,0.09036834393824754,-0.030224518350007765,0.11644606212864655,0.007300063321929816,0.002074715400110616,-0.030224518350007768,-0.04276817564036743,-0.0960697276466667,0.03197381882823159,-0.3016151479883071,-0.03022451835000778,-0.030224518350007775,0.0650467511400202,-0.1844807466249295,0.037512156023233025,-0.054550364707535125,-0.03022451835000778,-0.007300063321929759,-0.030224518350007758,-0.030224518350007758,-0.02984923190074627,0.025894548511091908,-0.32083882398921626,-0.030224518350007758,1.0,-0.060552104186112614,-0.08582911774291432,0.0051560617840544385,-0.029849231900746273,-0.013257654117836465,0.08404479767907991,0.08404479767907994,-0.01325765411783643,0.02251839055127044,-0.12885849227879612,0.013735522946236405,0.06488132077619381,-0.03022451835000778,0.0302245183500077,-0.010347419017229853,-0.06510926102229679,0.03751215602323302,0.0005112239417311602,0.007300063321929814,0.04122614707595112,0.06840559974631945,-0.19753263491833573,-0.09254354423135609,-0.11827321014746056,0.007639017977266752,-0.08187254341467816,-0.05455036470753511,-0.0023792113933838277,-0.13704332582426998,-0.04556048087278913,0.05021211471022688,0.05464270549649252,0.03751215602323303,-0.03022451835000776,-0.030224518350007768,0.005156061784054456,0.014700818365623293,-0.030224518350007765,-0.060973071786938414,-0.03022451835000778,-0.030224518350007765,0.1654430050787973,-0.052409856746764724,-0.04276817564036741,0.012903218313689577,0.0051560617840544385,0.09257764140396314,-0.030224518350007765,-0.04276817564036741,-0.04651329394680975,0.0650467511400201,0.09636698793835592,-0.1849056563649407,0.10295241709762556,0.05308029920847639,0.16072959380335805,-0.03022451835000778,-0.21500698582838884,0.0051560617840544585,-0.20033789378507386,0.09214720083723155,-0.08582911774291413,-0.019191765154490763,0.13950920587202573,0.06504675114002022,0.02662602043209176,0.005156061784054447,-0.030224518350007775,0.07515223082997233,0.05464270549649252,0.030224518350007452,0.023017674923254353,0.037512156023233025,0.03751215602323303,0.03751215602323302,0.03751215602323303,-0.03737616544435454,0.03237899563966438,0.037512156023233045,0.0051560617840544325,-0.05240985674676465,-0.0070144781514704,-0.0567860336854993,0.1032923712133135,-0.0031711945349980238,0.06504675114002022,0.025894548511091835,-0.005537094453490879,0.020004375041098782,-0.030224518350007765,-0.030224518350007765,-0.04276817564036742,-0.030224518350007765,-0.030224518350007765,-0.030224518350007765,-0.10605274590115733,0.05464270549649252,-0.042768175640367403,0.03022451835000773,0.013257654117836148,-0.04653132173844479
blaTEM-ES_AMR,-0.011980654879961623,0.02618494998038266,-0.008246081217902924,-0.00721985434787487,0.004137651602577325,0.03226525770929956,0.004960090142060147,-0.0032141238079016953,-0.017886385248581146,-0.01563218930534132,-0.00227143997976452,-0.00791802928464496,-0.002271439979764521,0.050908396188331914,0.05731274882565795,0.022824280357318632,-0.04109524509182901,-0.006030211228689309,0.024279214011852263,-0.005579706905554684,-0.005090650744835642,-0.005090650744835642,-0.0045506257110352714,-0.003938717651998642,0.0050906507448357,-0.002271439979764521,-0.03484782211623428,-0.005090650744835642,-0.005090650744835642,-0.005090650744835642,-0.003214123807901693,-0.005579706905554687,-0.005090650744835642,0.09873716283141452,-0.006845435717279218,-0.0022714399797645205,0.10644997708015028,-0.004550625711035267,-0.012867572019375623,-0.0022714399797645205,-0.003214123807901695,-0.007219854347874875,-0.008562285163457313,-0.05453529203242958,-0.0022714399797645205,-0.0022714399797645213,-0.003938717651998643,-0.02531502302646689,-0.002271439979764521,-0.006030211228689319,-0.00227143997976452,0.004550625711035106,-0.002271439979764519,-0.002271439979764519,-0.008867910984938039,-0.003938717651998642,-0.0420393000959358,-0.002271439979764519,-0.060552104186112614,1.0,-0.006450249668548368,-0.0032141238079016953,-0.008867910984938039,-0.00393871765199864,-0.007576587763275717,-0.007576587763275725,-0.003938717651998639,-0.006030211228689316,0.01182202656607713,-0.008562285163457306,0.05518351411489649,-0.002271439979764521,0.0022714399797644394,0.0064502496685486695,-0.008867910984938032,-0.0022714399797645205,0.009731140811914694,-0.00455062571103527,-0.004550625711035269,0.006845435717279249,-0.004358168337214657,0.025049357232961176,0.007933762450907083,-0.014885774672215708,0.024378676649745083,-0.006030211228689313,-0.009164019417050766,-0.015125161070744424,0.020850352412351447,-0.008562285163457318,0.15215843038146287,-0.0022714399797645196,-0.00227143997976452,-0.00227143997976452,-0.003214123807901695,-0.009164019417050766,-0.0022714399797645205,0.018698161504616135,-0.0022714399797645205,-0.0022714399797645205,-0.020099783485670344,-0.003938717651998642,-0.003214123807901694,0.027953098403030844,-0.003214123807901693,-0.03520357141025586,-0.0022714399797645205,-0.0032141238079016927,-0.005579706905554691,-0.003938717651998643,-0.011031898324584344,-0.005773593746146606,0.07137186570689515,-0.003214123807901694,0.05316517595211249,-0.00227143997976452,0.00022012448563836278,-0.003214123807901695,-0.004549926249761026,-0.005579706905554685,-0.006450249668548361,0.015262656948006145,-0.009451507271781808,-0.003938717651998644,0.0045506257110352185,-0.003214123807901695,-0.0022714399797645205,-0.004550625711035268,0.15215843038146287,0.0022714399797645465,0.02340178696262372,-0.002271439979764521,-0.0022714399797645196,-0.0022714399797645205,-0.0022714399797645196,-0.0050906507448356345,-0.007918029284644973,-0.0022714399797645205,-0.0032141238079016962,-0.003938717651998641,-0.005090650744835636,0.024243363233845735,0.00022919155745212622,-0.006030211228689307,-0.003938717651998644,-0.003938717651998644,-0.010529107810717975,0.05211106661129127,-0.0022714399797645205,-0.0022714399797645205,-0.0032141238079016953,-0.0022714399797645205,-0.0022714399797645205,-0.0022714399797645205,0.030929648812765057,0.15215843038146287,-0.0032141238079016936,0.00227143997976445,0.0039387176519986725,0.010783141961985349
blaTEM-IR_AMR,-0.016981887783270106,-0.03507184368427434,-0.011688344860711603,-0.010233727419377813,-0.020829402890767488,-0.03376044034248057,0.060090956409452036,-0.004555835250593439,-0.025352920202031226,-0.0221577273738305,-0.003219635256108637,-0.011223350152702012,-0.0032196352561086384,-0.025118191731552296,-0.023176933873767066,0.007116319238899003,-0.05825014137938827,-0.008547476863413775,-0.038052791455400255,-0.007908912950338711,-0.007215704029435844,-0.007215704029435844,-0.006450249668548367,-0.005582905262390831,0.007215704029435573,-0.0032196352561086362,0.038539878269221325,-0.007215704029435844,-0.007215704029435844,-0.007215704029435844,-0.004555835250593439,-0.00790891295033869,-0.007215704029435864,-0.06532747633797842,-0.009703010590252232,-0.003219635256108639,-0.06059418560223568,-0.006450249668548362,-0.018239041710621712,-0.0032196352561086406,-0.004555835250593436,-0.010233727419377838,0.08354711390240986,0.04493514607432239,-0.003219635256108641,-0.0032196352561086393,-0.00558290526239083,-0.03588258610014626,-0.0032196352561086362,-0.008547476863413781,-0.0032196352561086406,0.006450249668548119,-0.0032196352561086354,-0.0032196352561086384,-0.012569752716116007,-0.005582905262390832,-0.059588284936781845,-0.0032196352561086384,-0.08582911774291432,-0.006450249668548368,1.0,-0.004555835250593439,-0.012569752716116007,-0.005582905262390817,-0.010739376475258047,-0.010739376475258071,-0.0055829052623908295,-0.008547476863413781,-0.04515286439900471,-0.012136545729014132,-0.043722242414336206,0.352147606136882,0.0032196352561086276,0.009142857142856928,-0.012569752716116014,-0.0032196352561086375,0.013793331243313884,-0.006450249668548363,-0.006450249668548364,0.009703010590252366,-0.03488634979552041,-0.07437183893482888,-0.048214886961138154,-0.021099727651233476,0.03455536907778155,-0.008547476863413776,-0.012989469352326696,0.04273273869671517,0.029554172827430832,-0.012136545729014155,-0.010233727419377827,-0.0032196352561086384,-0.003219635256108638,-0.0032196352561086406,-0.004555835250593441,-0.01298946935232669,-0.003219635256108639,0.026503566257963213,-0.0032196352561086406,-0.003219635256108639,0.14621055794375012,-0.005582905262390834,-0.004555835250593439,-0.008370059682592385,-0.004555835250593438,0.03752328114712298,-0.0032196352561086362,-0.004555835250593439,-0.007908912950338715,-0.005582905262390835,-0.015637080047926136,-0.034556872199164805,-0.019712899699750895,-0.004555835250593439,-0.024403975573270925,-0.0032196352561086406,-0.027238802247024414,-0.0045558352505934395,-0.03521034413398363,-0.007908912950338711,-0.009142857142857166,0.021633936555429646,-0.013396966816948679,-0.005582905262390836,0.006450249668548277,-0.004555835250593437,-0.0032196352561086406,-0.006450249668548363,-0.010233727419377827,0.0032196352561084758,-0.01524206648165873,-0.0032196352561086393,-0.0032196352561086384,-0.003219635256108639,-0.0032196352561086384,-0.007215704029435838,-0.01122335015270201,-0.0032196352561086397,-0.00455583525059344,-0.005582905262390832,-0.0072157040294358495,0.0343635701095786,-0.023579844330729356,-0.00854747686341377,-0.005582905262390836,-0.005582905262390815,-0.014924403473021023,-0.024957225252469756,-0.003219635256108638,-0.003219635256108638,-0.004555835250593438,-0.003219635256108638,-0.003219635256108639,-0.003219635256108639,-0.004010177499137114,-0.010233727419377827,-0.004555835250593439,0.0032196352561085664,0.005582905262390648,0.01528448224109878
blaVIM_AMR,-0.008461980951445432,-0.005485895008955141,-0.005824237730666517,0.22003953668281603,-0.02368079165085348,0.022789071120496638,-0.02293633180215486,-0.0022701475595913764,-0.012633220202082395,0.09728412320531735,-0.0016043264774504998,-0.005592533434187974,-0.0016043264774504998,-0.012516256300818663,-0.01154893822499165,0.016120873821106076,-0.029025723939654285,0.5330035194472448,0.04122182872480182,-0.003940967670174928,-0.0035955454910323453,-0.0035955454910323453,-0.003214123807901695,-0.0027819308775916553,0.0035955454910321836,-0.001604326477450498,-0.024613145934129232,-0.0035955454910323453,-0.0035955454910323453,-0.0035955454910323453,-0.0022701475595913773,-0.003940967670174932,-0.003595545491032343,-0.032552320886407714,-0.004834956621682304,-0.0016043264774504992,-0.03019374823802595,-0.0032141238079016953,-0.009088413814625926,-0.001604326477450501,-0.0022701475595913803,-0.00509940988836191,-0.006047573749512071,-0.03851847891318369,-0.001604326477450501,-0.0016043264774505002,-0.002781930877591655,-0.017880094600976556,-0.001604326477450498,-0.004259160543528215,-0.0016043264774505007,0.003214123807901626,-0.0016043264774505007,-0.0016043264774505005,-0.006263438400113549,-0.002781930877591655,-0.02969251348846517,-0.0016043264774505005,0.0051560617840544385,-0.0032141238079016953,-0.004555835250593439,1.0,-0.006263438400113547,-0.002781930877591654,-0.005351372021994089,-0.005351372021994097,-0.00278193087759165,-0.004259160543528209,-0.022499423110308676,-0.006047573749512057,0.03897632057285077,-0.001604326477450501,0.0016043264774505599,0.004555835250593066,-0.006263438400113548,-0.0016043264774504992,-0.1617097300063401,-0.0032141238079016962,-0.0032141238079016967,0.0048349566216822045,-0.03168916064677462,-0.05530958708657014,-0.024025212052289285,0.10270263586985094,-0.0573114266451661,-0.004259160543528209,-0.006472580883325478,0.021293487830660172,-0.06971266618412536,-0.006047573749512074,-0.005099409888361909,-0.0016043264774504998,-0.0016043264774504987,-0.0016043264774505007,-0.0022701475595913786,-0.0064725808833254765,-0.0016043264774504992,-0.07934429881798748,-0.001604326477450501,-0.0016043264774504992,0.1599083796197671,0.4066255632746469,0.4988649262202047,-0.0041707545415730135,-0.0022701475595913764,-0.024864412979183327,-0.001604326477450498,-0.0022701475595913773,-0.00394096767017493,-0.0027819308775916523,-0.0077918706795445675,-0.030361086698319384,-0.009822829115699462,-0.002270147559591377,-0.012160366331239054,-0.0016043264774505007,-0.027301364372240844,-0.0022701475595913773,-0.03187661050349827,-0.003940967670174934,-0.00455583525059344,-0.09990368289180639,-0.0066756346207780745,-0.0027819308775916553,0.003214123807901864,-0.002270147559591377,-0.0016043264774505005,-0.0032141238079016962,-0.005099409888361909,0.0016043264774504293,-0.055842650553466204,-0.0016043264774504996,-0.0016043264774504998,-0.0016043264774504996,0.7067058133169439,-0.003595545491032338,-0.005592533434187987,-0.001604326477450501,-0.0022701475595913786,-0.0027819308775916558,-0.0035955454910323397,-0.05772714729158588,-0.04748446166715881,-0.004259160543528206,-0.0027819308775916553,-0.002781930877591654,-0.007436747875863715,-0.012436047592740841,-0.0016043264774504992,-0.0016043264774504992,-0.0022701475595913764,-0.0016043264774504992,-0.0016043264774504992,-0.0016043264774504992,-0.049686199153455714,-0.005099409888361909,-0.0022701475595913773,0.001604326477450576,0.002781930877591379,0.007616173138554294
ble_AMR,-0.023346982978433607,-0.023957569732088818,0.05669589868270364,0.23439785989466969,0.042316238356429996,0.09202019229649235,-0.014650224971381964,0.1780904318432283,0.03589728032408444,-0.030462813701267907,-0.004426408328712822,-0.015430049257201971,-0.004426408328712822,0.036794714151958986,0.08297655042501473,-0.020284997590460152,0.057990561231011886,0.28471512687755984,0.06059735165393682,-0.010873305629270517,-0.009920270425919253,-0.009920270425919253,-0.008867910984938039,-0.007675471407816989,0.00992027042591923,-0.004426408328712819,0.018060324614125503,-0.009920270425919253,-0.009920270425919253,-0.009920270425919253,-0.006263438400113547,-0.01087330562927052,-0.00992027042591924,0.023076586008290143,0.0739127114959329,0.25614149528818153,0.03299308707008725,0.12163817901006661,-0.02507533919640748,-0.004426408328712826,-0.006263438400113546,0.0687529537025984,-0.016685525788918593,0.03712999334338702,-0.004426408328712825,-0.004426408328712823,-0.007675471407816992,0.057237164311244614,-0.004426408328712819,-0.011751213963106829,-0.004426408328712822,0.008867910984938146,-0.00442640832871282,-0.004426408328712819,1.0,-0.007675471407816992,0.035223560145631834,-0.004426408328712819,-0.029849231900746273,-0.008867910984938039,-0.012569752716116007,-0.006263438400113547,1.0,-0.00767547140781697,-0.014764674161482354,-0.01476467416148238,-0.007675471407816972,-0.011751213963106823,0.028712178428008262,-0.016685525788918548,0.05389021489419195,-0.004426408328712825,0.004426408328712885,0.012569752716115825,0.050537634408602074,-0.0044264083287128215,0.018963302187805047,0.2521442690050716,-0.008867910984938039,0.013339861032019824,0.07044607846512231,0.04881426957025585,0.020910531566410723,-0.029008258010528115,0.020089687707655176,-0.011751213963106822,-0.017858139432909283,-0.03535638515199642,0.009568646895291988,-0.016685525788918597,0.06875295370259832,-0.0044264083287128215,-0.0044264083287128215,-0.004426408328712825,-0.00626343840011355,-0.017858139432909294,-0.004426408328712822,0.036437545589133556,-0.004426408328712825,-0.004426408328712822,0.0569037353877367,-0.007675471407816987,-0.006263438400113545,0.08526359747292615,-0.006263438400113547,0.016866176805951687,-0.00442640832871282,-0.006263438400113545,-0.010873305629270509,-0.007675471407816982,-0.021498118841121874,0.012921014309333506,-0.027101623778191617,-0.006263438400113545,-0.03355099324567267,-0.004426408328712825,0.015579890565619679,-0.006263438400113549,0.07021589470538242,-0.010873305629270542,0.26490753849214504,-0.09240986892946415,-0.01841837375383432,-0.007675471407817001,0.008867910984938028,-0.006263438400113545,-0.004426408328712824,-0.008867910984938039,0.06875295370259832,0.0044264083287128865,0.07666431800150049,-0.004426408328712822,-0.0044264083287128215,0.25614149528818153,-0.004426408328712822,-0.009920270425919236,0.1359558784551242,-0.004426408328712826,0.3624443020865701,-0.007675471407816994,-0.009920270425919238,0.019708225497717488,0.009210522908736448,0.08707089965044863,-0.007675471407817001,-0.00767547140781697,-0.020518319181873742,0.08343516798968215,0.2561414952881816,0.2561414952881816,0.17809043184322831,0.2561414952881816,-0.004426408328712822,-0.004426408328712822,0.0909737405503648,0.06875295370259832,-0.006263438400113546,0.004426408328712898,0.007675471407816862,-0.03521329970353662
capU_VIR,-0.010369654604591296,-0.06549580192463653,-0.0071372570971959,-0.006249023666322254,0.03618195207990212,-0.03679574605172287,0.03669335652067176,-0.0027819308775916497,-0.015481260332660294,-0.013530178895403993,-0.00196600672343993,-0.006853317256316013,-0.0019660067234399327,-0.01533792802498086,-0.014152537228586993,-0.04188375796595126,0.008235012077632468,-0.0052193480457252564,0.05051490052962145,-0.004829421595494654,-0.0044061272497585,-0.0044061272497585,-0.0039387176519986395,-0.0034090909090909024,0.004406127249758112,-0.0019660067234399258,0.11302622123302591,-0.0044061272497585,-0.0044061272497585,-0.0044061272497585,-0.00278193087759165,-0.004829421595494645,-0.004406127249758522,-0.039890934062219906,-0.0059249519093354935,-0.001966006723439926,-0.03700064349504774,-0.003938717651998635,-0.011137310837974508,-0.0019660067234399284,-0.002781930877591656,-0.006249023666322257,-0.007410942111317476,0.07222327973702751,-0.0019660067234399284,-0.0019660067234399275,-0.0034090909090909024,-0.021910992990107684,-0.0019660067234399258,-0.005219348045725258,-0.0019660067234399275,0.00393871765199836,-0.00196600672343993,-0.0019660067234399297,-0.00767547140781697,-0.003409090909090903,0.0936913231906878,-0.0019660067234399297,-0.013257654117836465,-0.00393871765199864,-0.005582905262390817,-0.002781930877591654,-0.00767547140781697,1.0,-0.006557788282337497,-0.006557788282337515,-0.0034090909090909046,-0.0052193480457252625,-0.02757170546650869,-0.007410942111317489,0.04776316378131907,-0.001966006723439929,0.001966006723440012,0.005582905262390212,-0.007675471407816986,-0.001966006723439926,0.008422625485771705,-0.003938717651998634,-0.003938717651998637,0.00592495190933592,0.03128890369286875,0.021681050424654274,-0.02944146910916279,-0.01288413224646234,0.021100554110584653,-0.005219348045725266,-0.007931763087802857,0.026093903472247493,0.01804667232854855,-0.007410942111317487,-0.006249023666322239,-0.00196600672343993,-0.001966006723439926,-0.001966006723439928,-0.002781930877591657,-0.007931763087802841,-0.0019660067234399266,-0.21064732225284566,-0.0019660067234399284,-0.0019660067234399266,-0.017397030000595212,-0.003409090909090903,-0.0027819308775916506,0.05349968139242424,-0.002781930877591654,0.11188403602854825,-0.0019660067234399258,-0.00278193087759165,-0.0048294215954946635,-0.003409090909090904,-0.009548474303374245,-0.037205706830130046,-0.012037293129610192,-0.0027819308775916514,-0.014901806024357821,-0.001966006723439928,0.033837249117859965,-0.0027819308775916527,0.031186666667798246,-0.004829421595494662,-0.0055829052623908235,0.013210336370168082,-0.008180593371826963,-0.0034090909090909085,0.003938717651998735,-0.0027819308775916484,-0.001966006723439928,-0.003938717651998635,-0.006249023666322239,0.0019660067234398373,0.04981731436490656,-0.0019660067234399266,-0.00196600672343993,-0.001966006723439926,-0.00196600672343993,-0.004406127249758509,-0.00685331725631599,-0.001966006723439928,-0.0027819308775916566,-0.003409090909090906,-0.004406127249758504,0.02098343585617371,-0.058189384896840814,-0.005219348045725244,-0.0034090909090909085,-0.003409090909090899,-0.00911329241895327,0.045103858449319884,-0.001966006723439926,-0.001966006723439926,-0.0027819308775916497,-0.001966006723439926,-0.0019660067234399266,-0.0019660067234399266,0.05599001181393781,-0.006249023666322239,-0.00278193087759165,0.001966006723440024,0.00340909090909062,0.009333167411832039
catA_AMR,0.09866166637394581,-0.06432138240874626,-0.013729355481606365,0.08447297449951922,-0.09002837602139177,0.06503849488442566,-0.042735401985326785,-0.00535137202199409,0.011435904718762106,0.0668286517296272,-0.003781845717164871,0.3395663383006134,-0.0037818457171648725,-0.029504312838749668,-0.027224073888872147,0.07033860785601867,0.04648201915845043,-0.01004003130700483,-0.026641500244467067,0.2392868950843754,0.2636714845299249,0.2636714845299249,-0.007576587763275713,-0.0065577882823375224,0.008475705230359842,-0.0037818457171648733,0.09221956954393463,0.2636714845299249,0.2636714845299249,0.2636714845299249,-0.0053513720219940915,-0.009289961809158087,-0.008475705230359946,0.07671008938467382,0.09025775075641979,-0.0037818457171648725,0.08690369737232394,0.14447175303155263,0.03405211231692974,-0.0037818457171648755,-0.005351372021994078,-0.012020733758016978,-0.014255820872679336,0.03450780735464483,-0.003781845717164876,-0.0037818457171648738,-0.006557788282337525,-0.04214837823823949,-0.0037818457171648733,-0.01004003130700484,-0.003781845717164875,0.00757658776327557,-0.003781845717164861,-0.0037818457171648694,-0.014764674161482354,-0.006557788282337524,0.04374274836970431,-0.0037818457171648694,0.08404479767907991,-0.007576587763275717,-0.010739376475258047,-0.005351372021994089,-0.014764674161482354,-0.006557788282337497,1.0,0.17149708090075047,-0.006557788282337513,0.10509435368111539,0.05273794878408898,-0.014255820872679287,0.050209693646996886,-0.003781845717164876,0.0037818457171649327,0.01073937647525765,-0.014764674161482354,0.2997972241243424,0.016201913117018903,0.14447175303155263,-0.007576587763275709,0.011397343526639596,-0.0869627593637097,-0.14602434941894551,0.04495640219591099,0.023740025858042982,-0.05524065878202813,-0.010040031307004826,-0.01525768142373806,-0.05944517620587557,-0.0014754857932218546,0.14922326783609774,-0.012020733758016981,-0.0037818457171648707,-0.003781845717164871,-0.003781845717164875,-0.005351372021994091,-0.015257681423738081,-0.0037818457171648725,-0.08786927932753355,-0.0037818457171648738,-0.0037818457171648725,0.07846584271272088,-0.006557788282337515,-0.0053513720219940915,-0.04058015499649728,-0.005351372021994088,0.09075190586067945,-0.0037818457171648733,-0.005351372021994091,-0.009289961809158094,-0.006557788282337516,0.10984269994088619,0.04107914339781496,0.08010747198214449,-0.005351372021994092,0.14178264083101424,-0.003781845717164876,-0.07612484144670255,-0.0053513720219940915,-0.08742692256404515,-0.009289961809158113,-0.01073937647525808,0.025411639455847533,-0.01573633581119158,-0.006557788282337533,0.007576587763275637,-0.005351372021994087,-0.003781845717164875,-0.007576587763275712,-0.012020733758016981,0.0037818457171648443,-0.028242998486168465,-0.0037818457171648725,-0.0037818457171648707,-0.0037818457171648725,-0.0037818457171648703,-0.00847570523035994,0.075004211783459,-0.0037818457171648746,-0.0053513720219940915,-0.006557788282337537,-0.008475705230359946,-0.055877592608017265,-0.09151309927727898,-0.010040031307004819,-0.006557788282337533,-0.006557788282337495,0.11649050137922465,0.044552470097149535,-0.0037818457171648725,-0.0037818457171648725,-0.00535137202199409,-0.0037818457171648725,-0.0037818457171648725,-0.0037818457171648725,0.0055090063438631405,-0.012020733758016981,-0.005351372021994091,0.003781845717164959,0.006557788282336925,0.017953447861185783
catB_AMR,-0.019947253174310325,-0.043765544309968506,0.0710470143803406,0.18096668275705527,-0.09002837602139187,-0.025507805443438638,-0.1107270415403601,-0.0053513720219940985,0.05265183886842306,-0.026026894261341867,-0.0037818457171648772,0.16319158728917701,-0.0037818457171648772,0.05359714884104617,-0.02722407388887217,0.07033860785601882,0.13840502681110853,-0.010040031307004826,0.07653588886020138,-0.009289961809158117,-0.008475705230359948,-0.008475705230359948,-0.007576587763275723,-0.006557788282337513,-0.2636714845299249,-0.0037818457171648785,0.1673393849565677,-0.008475705230359948,-0.008475705230359948,-0.008475705230359948,-0.005351372021994098,-0.00928996180915811,0.2636714845299251,-0.032893484930321314,-0.011397343526639743,-0.0037818457171648785,-0.026009729319497757,-0.007576587763275716,-0.021423930442939183,-0.0037818457171648772,0.4242178548344408,0.08447297449951953,-0.014255820872679332,0.09716111899443552,-0.00378184571716488,-0.003781845717164878,-0.006557788282337522,0.019931718482970654,-0.0037818457171648785,-0.010040031307004824,-0.0037818457171648785,0.007576587763275908,0.29979722412434257,-0.003781845717164876,-0.01476467416148238,-0.006557788282337515,0.1347317867924347,-0.003781845717164876,0.08404479767907994,-0.007576587763275725,-0.010739376475258071,-0.005351372021994097,-0.01476467416148238,-0.006557788282337515,0.17149708090075047,1.0,-0.006557788282337513,0.22022873866923567,-0.05303742606281747,-0.014255820872679298,0.0710438851367987,-0.00378184571716488,0.0037818457171650186,0.010739376475257897,-0.014764674161482349,-0.0037818457171648777,-0.12830605943174553,-0.007576587763275718,-0.007576587763275719,0.011397343526640048,0.060187895094589286,0.04170605660424623,-0.05663413686740189,-0.024784147365688486,-0.023297304686068252,-0.010040031307004826,-0.015257681423738094,-0.0046252382530942715,-0.037665873443636734,-0.014255820872679322,-0.012020733758016993,-0.0037818457171648764,-0.0037818457171648777,-0.0037818457171648785,-0.005351372021994099,-0.0152576814237381,-0.0037818457171648785,0.03113160049794518,-0.003781845717164878,-0.0037818457171648785,0.04115548239213258,-0.006557788282337519,-0.005351372021994096,0.041415901895738697,-0.005351372021994096,0.16543404274323328,-0.0037818457171648785,-0.005351372021994097,-0.009289961809158108,-0.006557788282337521,-0.018367616050921527,-0.02651008073933527,-0.023155152485349825,-0.005351372021994096,0.05655863003878456,-0.0037818457171648785,0.06508993795968043,-0.0053513720219940985,0.059991230123514254,-0.009289961809158117,-0.010739376475258092,0.025411639455847474,-0.01573633581119159,-0.006557788282337539,0.007576587763275439,-0.005351372021994096,-0.0037818457171648785,-0.007576587763275719,-0.012020733758016993,0.003781845717165169,0.07515073146112325,-0.0037818457171648785,-0.0037818457171648764,-0.0037818457171648785,-0.0037818457171648772,-0.008475705230359936,-0.013183163722259106,-0.0037818457171648772,-0.005351372021994101,-0.006557788282337543,-0.008475705230359945,-0.02379702416011129,-0.07109205640089877,-0.010040031307004826,-0.006557788282337539,-0.006557788282337522,-0.01753049238996801,0.06565752969789158,-0.0037818457171648785,-0.0037818457171648785,-0.0053513720219940985,-0.0037818457171648785,-0.0037818457171648785,-0.0037818457171648785,-0.07624649956590393,-0.012020733758016993,-0.005351372021994098,0.0037818457171650325,0.006557788282337813,0.017953447861185703
cdtB_VIR,-0.010369654604591291,0.01286841636730667,-0.007137257097195898,-0.006249023666322243,-0.09422075684480631,0.006352519238677259,0.03669335652067168,-0.0027819308775916497,-0.015481260332660365,-0.013530178895403991,-0.001966006723439927,-0.0068533172563160025,-0.001966006723439927,-0.015337928024980884,-0.014152537228586977,-0.04188375796595126,-0.035569299154593316,-0.005219348045725248,-0.0281529251628931,-0.004829421595494656,-0.004406127249758499,-0.004406127249758499,-0.00393871765199864,-0.003409090909090904,0.004406127249758382,-0.001966006723439926,-0.030161947129616767,-0.004406127249758499,-0.004406127249758499,-0.004406127249758499,-0.002781930877591651,-0.004829421595494656,-0.004406127249758511,-0.03989093406222,-0.005924951909335489,-0.0019660067234399266,-0.037000643495047746,-0.003938717651998634,-0.011137310837974508,-0.0019660067234399297,-0.0027819308775916493,0.17768057291242914,-0.0074109421113174815,-0.04720210604536048,-0.0019660067234399284,-0.0019660067234399284,-0.0034090909090909033,-0.0219109929901076,-0.001966006723439926,-0.005219348045725252,-0.0019660067234399284,0.003938717651998613,-0.001966006723439925,-0.0019660067234399245,-0.007675471407816972,-0.0034090909090909055,-0.036386410107075294,-0.0019660067234399245,-0.01325765411783643,-0.003938717651998639,-0.0055829052623908295,-0.00278193087759165,-0.007675471407816972,-0.0034090909090909046,-0.006557788282337513,-0.006557788282337513,1.0,-0.00521934804572525,-0.027571705466508677,0.1483952932290002,-0.031662210265582434,-0.001966006723439929,0.001966006723440013,0.005582905262390408,-0.007675471407816984,-0.0019660067234399258,0.008422625485771471,-0.003938717651998634,-0.003938717651998636,0.005924951909335184,-0.10895526869699473,-0.15723827223861384,-0.029441469109162784,0.26459608174442245,-0.16156404667026197,-0.00521934804572525,-0.00793176308780285,0.026093903472247534,-0.11992052824381713,-0.007410942111317482,-0.006249023666322241,-0.0019660067234399253,-0.001966006723439926,-0.0019660067234399284,-0.0027819308775916514,0.13797962871490368,-0.0019660067234399266,-0.2106473222528457,-0.001966006723439929,-0.0019660067234399266,-0.0173970300005952,-0.003409090909090903,-0.0027819308775916514,-0.06372170488427699,-0.00278193087759165,-0.030469859955901485,-0.0019660067234399266,-0.0027819308775916506,-0.004829421595494651,-0.0034090909090909046,-0.009548474303374266,0.005738919484908945,-0.01203729312961022,0.4066255632746468,-0.01490180602435781,-0.0019660067234399284,-0.10074964714822296,-0.002781930877591651,-0.10931244898355785,-0.004829421595494656,-0.005582905262390826,0.01321033637016815,-0.008180593371826967,-0.00340909090909091,0.003938717651998692,-0.0027819308775916506,-0.0019660067234399284,-0.003938717651998637,-0.006249023666322241,0.0019660067234398377,-0.06843184849587984,-0.001966006723439927,-0.0019660067234399253,-0.001966006723439927,-0.0019660067234399253,-0.0044061272497585,-0.006853317256315989,-0.0019660067234399284,-0.00278193087759165,-0.0034090909090909063,-0.004406127249758503,-0.16246581029235446,0.019660958836356827,-0.005219348045725245,-0.00340909090909091,-0.0034090909090909046,0.3740789554827496,-0.07558313249234483,-0.0019660067234399266,-0.0019660067234399266,-0.0027819308775916497,-0.0019660067234399266,-0.0019660067234399266,-0.0019660067234399266,-0.021928318259674656,-0.006249023666322241,-0.0027819308775916514,0.0019660067234400246,0.0034090909090903772,0.009333167411832025
cmlA_AMR,0.058296117644482386,-0.023147022056782828,-0.010927203138745858,0.5938565977390735,0.026873787062272954,-0.05633460953884494,0.027832112105127583,-0.004259160543528207,0.07939567845681539,-0.020714822414305,-0.0030099735159615443,-0.010492488755023167,-0.003009973515961547,0.0804525826146964,0.03411234861845761,-0.03716161677479332,-0.025714858213089276,0.13600782778864995,0.07733875522539027,-0.007393886768818993,-0.006745819417404848,-0.006745819417404848,-0.006030211228689311,-0.005219348045725252,-0.5038163416313224,-0.0030099735159615395,-0.04617820527649518,-0.006745819417404848,-0.006745819417404848,-0.006745819417404848,-0.00425916054352821,-0.007393886768818998,0.8441911156638063,-0.0062408476201824,0.11806897915108445,-0.003009973515961539,-0.00015993311496192262,0.3743038255522148,-0.017051320456666293,-0.003009973515961543,0.5330035194472453,0.11111747156774841,-0.011346217292868447,-0.04614665044840153,-0.0030099735159615434,-0.003009973515961541,-0.005219348045725247,0.04409771949740876,-0.0030099735159615395,-0.007990867579908686,-0.0030099735159615426,0.006030211228689176,0.37667668571175883,-0.0030099735159615413,-0.011751213963106823,-0.005219348045725248,0.0011921299982681338,-0.0030099735159615413,0.02251839055127044,-0.006030211228689316,-0.008547476863413781,-0.004259160543528209,-0.011751213963106823,-0.0052193480457252625,0.10509435368111539,0.22022873866923567,-0.00521934804572525,1.0,-0.04221252259955411,-0.011346217292868433,0.04706847713579478,-0.003009973515961543,0.00300997351596163,0.008547476863413119,-0.011751213963106837,-0.003009973515961539,-0.1678411585603033,0.3743038255522148,-0.006030211228689308,0.009071153276242168,0.0172300061500676,-0.005938557635693551,-0.04507514711573547,-0.019725719335355434,-0.08754962565068672,-0.007990867579908663,-0.012143598770300636,-0.02861335876394487,-0.06289709772324871,0.09088551607042566,-0.00956730997508288,-0.0030099735159615413,-0.003009973515961539,-0.0030099735159615426,-0.0042591605435282134,-0.012143598770300629,-0.0030099735159615404,-0.024833846669010184,0.3766766857117586,-0.0030099735159615404,0.2533496340344064,0.2142418102578649,0.2643721794518583,-0.07192034991955414,-0.00425916054352821,-0.04664962251087787,-0.0030099735159615395,-0.00425916054352821,-0.007393886768818981,-0.0052193480457252495,-0.0146187978038591,-0.05696226308187542,-0.018429201229076864,-0.004259160543528212,-0.022814795564295894,-0.0030099735159615426,0.02236887950567973,-0.004259160543528213,0.017017720316698987,-0.00739388676881899,-0.008547476863413773,0.020225140706322944,-0.012524560114914632,-0.005219348045725256,0.006030211228689351,-0.004259160543528208,-0.003009973515961543,-0.006030211228689306,-0.00956730997508288,0.0030099735159615066,0.05040781552317017,-0.0030099735159615404,-0.0030099735159615413,-0.0030099735159615395,-0.0030099735159615413,-0.0067458194174048434,0.099803553753137,-0.0030099735159615417,-0.004259160543528216,-0.00521934804572525,-0.006745819417404839,-0.08824377712335967,-0.012466599158090825,-0.007990867579908679,-0.005219348045725256,-0.005219348045725268,0.06985756780656394,0.042658282347959826,-0.0030099735159615395,-0.0030099735159615395,-0.004259160543528209,-0.0030099735159615395,-0.0030099735159615404,-0.0030099735159615404,-0.04209342205747536,-0.00956730997508288,-0.004259160543528211,0.0030099735159617013,0.005219348045725067,0.014289161066802475
cnf1_VIR,-0.03275950905763012,-0.08094246909820546,-0.03337125434567632,-0.02282158229612738,-0.008702080445608107,0.33965703243638234,-0.3607849778036292,-0.022499423110308673,-0.0896888980387858,-0.0027338127954351634,-0.015900473108332723,0.020570171773752217,-0.015900473108332723,-0.11211275962234855,0.10333307828997766,0.2557616968436489,0.32625811372165137,0.02393416321305683,-0.018246363671653446,0.03234692699186375,0.04254118574275461,0.04254118574275461,-0.03185516781821595,0.07323912652904889,0.03563543654830185,-0.015900473108332737,-0.20797609888238333,0.04254118574275461,0.04254118574275461,0.04254118574275461,-0.022499423110308663,-0.03905891434267542,-0.0356354365483012,-0.12112467055328284,-0.047919235157911924,-0.015900473108332737,-0.09166385184650609,-0.03185516781821594,-0.026331349088994756,-0.015900473108332733,-0.022499423110308673,-0.0228215822961274,-0.012976703423153832,0.34415086640659703,-0.01590047310833274,-0.01590047310833274,-0.027571705466508695,-0.12371041783784743,-0.015900473108332737,-0.009139179693248624,-0.015900473108332737,0.03185516781821623,-0.015900473108332727,-0.01590047310833272,0.028712178428008262,0.02283371053127024,0.3199461525823107,-0.01590047310833272,-0.12885849227879612,0.01182202656607713,-0.04515286439900471,-0.022499423110308676,0.028712178428008262,-0.02757170546650869,0.05273794878408898,-0.05303742606281747,-0.027571705466508677,-0.04221252259955411,1.0,0.010503684123249441,-0.00870270014321368,-0.015900473108332737,0.01590047310833236,-0.047711994135903026,0.05140945107969259,0.07130522723115681,0.04736409105934498,-0.03185516781821594,0.14285360971895614,-0.039684666797442425,0.08397410750700382,0.1393983875823064,0.9291964867060933,-0.034508068122045266,0.06054291685158504,-0.009139179693248652,0.02380711749984222,0.037817181778802285,0.041996073684966585,-0.012976703423153806,-0.050540230394449936,-0.015900473108332727,-0.015900473108332733,0.07130522723115677,0.10089803407231607,0.04579632749185136,-0.015900473108332737,0.03973296284874328,-0.015900473108332737,-0.015900473108332737,-0.0763956317203104,-0.027571705466508716,-0.022499423110308673,-0.03839207195585296,-0.022499423110308652,-0.20352492156598784,0.07130522723115683,0.10089803407231589,-0.03905891434267544,-0.0275717054665087,0.25424045133535483,0.7022300197905179,0.3179290665413419,0.03919930548100372,0.24669861714782976,-0.015900473108332737,0.10464402614722541,-0.02249942311030868,0.08283988041819991,-0.039058914342675416,-0.014197911554034865,0.03870545031107175,-0.06616218722352417,-0.027571705466508705,0.03185516781821579,-0.022499423110308673,0.07130522723115676,-0.03185516781821594,-0.050540230394449936,0.01590047310833292,-0.01884298281377532,-0.015900473108332737,-0.015900473108332727,-0.015900473108332737,-0.015900473108332727,-0.03563543654830112,-0.030094993292421345,0.07130522723115681,0.03919930548100374,0.022833710531270188,-0.03563543654830114,0.022261030015714403,-0.048257642008809165,0.12315419193197316,-0.027571705466508705,-0.027571705466508677,0.06103981578381813,-0.02322055153358259,-0.015900473108332737,-0.015900473108332737,-0.022499423110308673,-0.015900473108332737,-0.015900473108332737,-0.015900473108332737,-0.005126532815929115,-0.050540230394449936,-0.022499423110308666,0.015900473108332237,-0.07323912652904754,0.0190307982818335
cvaC_VIR,-0.022542346930101653,-0.14237977500202062,-0.015515514426399887,-0.013584604775387681,-0.1035816447863861,0.2014075784983438,-0.1013494424905163,-0.006047573749512052,0.03953971162820338,-0.029412935947885188,-0.004273855525243125,0.22001543916513985,-0.004273855525243125,0.003551547014708186,-0.0307658660112683,-0.03362350527732542,-0.016107086384905264,-0.011346217292868424,-0.12838509919332472,-0.010498565403438184,-0.00957837583503056,-0.00957837583503056,-0.0085622851634573,-0.00741094211131748,0.009578375835030429,-0.004273855525243114,-0.06556834361504786,-0.00957837583503056,-0.00957837583503056,-0.00957837583503056,-0.006047573749512059,-0.010498565403438184,-0.009578375835030581,0.04953107579365983,0.16764591323770467,-0.004273855525243115,0.05992871268856923,-0.008562285163457287,0.12356605462706635,-0.0042738555252431224,-0.0060475737495120615,-0.013584604775387704,-0.016110471806674315,-0.02843553582491744,-0.0042738555252431224,0.26528431795973395,-0.00741094211131748,-0.04763178952434341,-0.004273855525243114,-0.01134621729286844,-0.004273855525243121,-0.3964643826579428,-0.004273855525243119,-0.00427385552524312,-0.016685525788918548,-0.0074109421113174815,0.0016927030596409864,-0.00427385552524312,0.013735522946236405,-0.008562285163457306,-0.012136545729014132,-0.006047573749512057,-0.016685525788918548,-0.007410942111317489,-0.014255820872679287,-0.014255820872679298,0.1483952932290002,-0.011346217292868433,0.010503684123249441,1.0,-0.025664494558783713,-0.0042738555252431224,0.004273855525243192,0.012136545729013546,-0.01668552578891857,-0.004273855525243114,0.018309746370772293,-0.008562285163457287,0.2614554933841426,0.01288011284631121,-0.14974857070144082,-0.1751243540785324,0.003652155717549893,0.359767852421762,-0.2944930810519568,0.3975807161603088,0.8663673024087051,0.0567249197067322,-0.05717279124139459,-0.016110471806674336,-0.013584604775387673,0.26528431795973395,-0.004273855525243115,-0.004273855525243121,-0.006047573749512064,0.9343373004564074,-0.0042738555252431155,-0.31703466521484114,-0.004273855525243121,-0.0042738555252431155,0.06156841872680357,-0.007410942111317476,-0.0060475737495120545,-0.1385231073986712,-0.006047573749512061,-0.06623770802678686,-0.0042738555252431155,-0.006047573749512058,-0.010498565403438185,-0.0074109421113174815,-0.020757202492021367,0.03914893210653492,0.019677609978557036,0.18466698413688626,-0.032394683728175375,-0.004273855525243121,-0.13542434085372065,-0.006047573749512058,-0.15036668930076935,-0.010498565403438182,-0.012136545729014129,-0.35038380394797713,-0.017783598481685568,-0.007410942111317489,0.008562285163457311,-0.0060475737495120545,-0.004273855525243121,-0.008562285163457296,-0.013584604775387673,0.0042738555252429655,-0.14876237721353494,-0.0042738555252431155,0.26528431795973395,-0.004273855525243115,-0.004273855525243122,0.11124599362685506,-0.014898264320734956,-0.004273855525243121,-0.006047573749512065,-0.007410942111317485,-0.009578375835030569,-0.296209729092846,-0.12649652780267331,0.295348982797014,-0.007410942111317489,-0.007410942111317489,0.4561960098204858,-0.014389186852587173,-0.004273855525243115,-0.004273855525243115,-0.006047573749512052,-0.004273855525243115,-0.0042738555252431155,-0.0042738555252431155,0.012825124333715566,-0.013584604775387673,0.18466698413688623,0.004273855525243216,0.007410942111316797,0.02028915193193441
dfrA_AMR,-0.015777897198239417,0.13605769712235619,-0.015123366260762786,0.04387498960832914,0.15368582401951467,0.023706830543994965,0.03987272784949705,-0.009633977542724428,0.011683815459715096,0.05296632744279951,0.027544792330538463,0.07605992643058723,-0.041161568200154916,-0.039010363772621647,0.036785402077679344,0.172093300355456,0.14987565842381698,0.021011132113282645,0.8848130537467902,0.011404549583819831,0.03093583855954641,0.03093583855954641,-0.04805174640089496,-0.07137489728903312,-0.00013950772743863017,-0.041161568200154916,0.08822783137618903,0.03093583855954641,0.03093583855954641,0.03093583855954641,0.038976320572850685,-0.016724548970685524,0.03093583855954652,0.3951760529820032,0.060005008264339445,-0.041161568200154916,0.3599594429540057,0.05518351411489634,-0.032291411044553305,0.027544792330538453,0.03897632057285082,-0.08715640551282516,-0.007165107868656356,0.17921429176402917,0.027544792330538425,-0.041161568200154916,-0.0316622102655825,0.11028404789054982,-0.041161568200154916,0.047068477135794796,0.027544792330538425,0.013639992895631196,0.027544792330538453,0.02754479233053845,0.05389021489419195,0.008050476757868253,0.17001256441192958,0.02754479233053845,0.06488132077619381,0.05518351411489649,-0.043722242414336206,0.03897632057285077,0.05389021489419195,0.04776316378131907,0.050209693646996886,0.0710438851367987,-0.031662210265582434,0.04706847713579478,-0.00870270014321368,-0.025664494558783713,1.0,-0.04116156820015494,0.041161568200154985,-0.029442773476741714,0.018125419891131842,-0.041161568200154916,0.02916800896611359,0.05518351411489632,0.02077176060963263,0.03202177818361902,0.13333264851289311,0.11402939962116092,0.03312110294714009,-0.1928760712539237,0.10921964478106552,-0.005046212909229384,-0.027468125853743683,0.04383868799610416,0.11573582840873886,0.08533182558198057,-0.021640707952248015,0.027544792330538435,-0.04116156820015491,-0.04116156820015492,-0.009633977542724421,-0.027468125853743683,0.02754479233053841,0.12337668945554911,0.02754479233053844,0.02754479233053841,0.12552385183225195,0.047763163781319035,0.03897632057285075,0.786069448025779,0.038976320572850776,0.08885590335498468,0.02754479233053843,0.0389763205728507,-0.01672454897068557,-0.03166221026558246,0.003203996261752469,0.04196966855764411,-0.018315284431939752,-0.009633977542724412,0.054478210393808776,-0.04116156820015492,0.1065269327699849,-0.05824427565829963,0.14136496254269346,0.06766274669283075,0.07821945073746038,-0.0025655419329189584,0.030529567272053977,-0.03166221026558252,0.0480517464008948,-0.05824427565829961,-0.041161568200154916,-0.04805174640089507,-0.021640707952248015,-0.027544792330538383,0.8792056978656905,0.02754479233053841,0.027544792330538435,0.027544792330538418,0.027544792330538435,0.03093583855954643,0.03614259208395515,0.027544792330538463,-0.009633977542724418,0.008050476757868212,0.06173216939165405,0.10533907507609308,0.10814181874261479,-0.005046212909229395,-0.03166221026558252,-0.03166221026558237,-0.06947455578914759,0.8583457109409621,-0.041161568200154916,-0.041161568200154916,-0.009633977542724426,-0.041161568200154916,0.02754479233053841,0.02754479233053841,0.4645028104862585,-0.021640707952248015,-0.05824427565829961,0.04116156820015489,0.0316622102655831,0.047147071305497404
dfrB_AMR,-0.005980131130563735,-0.03777112150267147,-0.004116022662401915,-0.003603782612591263,0.020865961909838898,0.053430272093854723,0.021160886450064146,-0.0016043264774505018,-0.00892797015772469,-0.007802790652128064,-0.001133786848072563,-0.0039522758891100155,-0.001133786848072563,-0.008845311088753367,-0.00816170178123987,-0.02415416659743731,-0.020512647843886466,-0.0030099735159615426,-0.03891934266577602,-0.0027851047626067547,-0.0025409929005580844,-0.0025409929005580844,-0.00227143997976452,-0.00196600672343993,0.002540992900558155,-0.0011337868480725646,-0.017394253315667435,-0.0025409929005580844,-0.0025409929005580844,-0.0025409929005580844,-0.0016043264774504992,-0.0027851047626067573,-0.0025409929005580836,-0.023004914407382917,-0.0034168919516781395,-0.0011337868480725646,-0.02133809740564118,-0.002271439979764521,-0.006422834876626168,-0.0011337868480725633,-0.0016043264774505011,-0.00360378261259127,0.26528431795973395,0.04165082637521775,-0.0011337868480725635,-0.0011337868480725641,-0.00196600672343993,-0.01263596679716704,-0.0011337868480725646,-0.0030099735159615456,-0.0011337868480725637,0.002271439979764525,-0.0011337868480725635,-0.0011337868480725633,-0.004426408328712825,-0.0019660067234399297,-0.020983871894290105,-0.0011337868480725633,-0.03022451835000778,-0.002271439979764521,0.352147606136882,-0.001604326477450501,-0.004426408328712825,-0.001966006723439929,-0.003781845717164876,-0.00378184571716488,-0.001966006723439929,-0.003009973515961543,-0.015900473108332737,-0.0042738555252431224,-0.04116156820015494,1.0,0.0011337868480723343,0.0032196352561091345,-0.004426408328712821,-0.0011337868480725646,0.004857288577985958,-0.002271439979764522,-0.0022714399797645218,0.003416891951678071,0.01804416387524501,0.012503359999125767,-0.016978757023525144,-0.007430218582522052,0.012168590499917262,-0.0030099735159615426,-0.004574210537410236,0.015048231635721193,0.010407431212535404,-0.00427385552524313,-0.0036037826125912683,-0.0011337868480725635,-0.0011337868480725643,-0.0011337868480725637,-0.0016043264774505011,-0.004574210537410236,-0.0011337868480725646,0.009333167411831947,-0.0011337868480725637,-0.0011337868480725646,0.11300818147538215,-0.001966006723439931,-0.0016043264774505007,0.030853015107024047,-0.0016043264774504992,-0.017571825197102143,-0.0011337868480725646,-0.0016043264774504992,-0.0027851047626067586,-0.0019660067234399305,-0.005506560305847991,0.05284153671414221,-0.0069418504392837485,-0.001604326477450501,-0.008593801578350277,-0.0011337868480725635,0.019513782718737955,-0.0016043264774505011,0.017985204262834155,-0.002785104762606757,-0.00321963525610864,0.007618338969311787,-0.0047177097940837185,-0.00196600672343993,0.002271439979764658,-0.0016043264774505007,-0.0011337868480725637,-0.0022714399797645205,-0.0036037826125912683,0.001133786848072535,0.028729411328970566,-0.0011337868480725646,-0.0011337868480725635,-0.0011337868480725646,-0.0011337868480725635,-0.002540992900558079,-0.003952275889110027,-0.0011337868480725633,-0.0016043264774505011,-0.00196600672343993,-0.002540992900558081,0.012101048952404955,-0.03355754510240672,-0.003009973515961541,-0.00196600672343993,-0.0019660067234399284,-0.005255592956045328,0.026011183429570664,-0.0011337868480725646,-0.0011337868480725646,-0.0016043264774505018,-0.0011337868480725646,-0.0011337868480725646,-0.0011337868480725646,0.03228917697036037,-0.0036037826125912683,-0.0016043264774505,0.0011337868480723343,0.001966006723440224,0.0053823938322444965
emrD_AMR,0.005980131130563902,-0.030017293714521488,0.004116022662402049,0.0036037826125913733,0.05433666815705005,0.021219934011958028,-0.021160886450063896,0.0016043264774505612,0.008927970157724965,0.007802790652128233,0.001133786848072605,0.00395227588911009,0.001133786848072605,0.008845311088753133,0.008161701781239622,0.024154166597437274,0.020512647843886695,0.003009973515961605,0.03891934266577611,0.002785104762606656,0.002540992900557947,0.002540992900557947,0.0022714399797643605,0.0019660067234401495,-0.002540992900558171,0.0011337868480726068,0.01739425331566759,0.002540992900557947,0.002540992900557947,0.002540992900557947,0.001604326477450213,0.0027851047626067543,0.0025409929005581946,0.023004914407383278,0.0034168919516782597,0.0011337868480726064,0.021338097405641403,0.0022714399797645456,0.006422834876625963,0.0011337868480725962,0.0016043264774505607,0.0036037826125910697,0.004273855525243156,0.027221232968073134,0.0011337868480722688,0.0011337868480725255,0.001966006723439987,0.012635966797167324,0.0011337868480726068,0.003009973515961575,0.0011337868480726864,-0.002271439979764632,0.0011337868480726055,0.0011337868480726055,0.004426408328712885,0.0019660067234398663,0.02098387189429028,0.0011337868480726055,0.0302245183500077,0.0022714399797644394,0.0032196352561086276,0.0016043264774505599,0.004426408328712885,0.001966006723440012,0.0037818457171649327,0.0037818457171650186,0.001966006723440013,0.00300997351596163,0.01590047310833236,0.004273855525243192,0.041161568200154985,0.0011337868480723343,1.0,-0.003219635256108567,0.004426408328712841,0.0011337868480726073,-0.004857288577985916,0.0022714399797645565,0.00227143997976433,-0.00341689195167762,0.06283399197166552,0.09067857345160348,0.016978757023524624,0.007430218582521907,-0.012168590499917068,0.0030099735159616814,0.004574210537410314,0.07534352710129795,-0.010407431212535387,0.004273855525243088,0.003603782612591148,0.0011337868480726064,0.0011337868480726073,0.001133786848072566,0.0016043264774505625,0.00457421053741033,0.0011337868480726075,-0.00933316741183195,0.0011337868480725205,0.0011337868480726075,0.010032785531723203,0.0019660067234399587,0.0016043264774505007,0.03674800806791963,0.0016043264774504768,0.017571825197102237,0.0011337868480726073,0.0016043264774501088,0.0027851047626068766,0.0019660067234399717,0.005506560305848245,0.021456356468321586,0.006941850439284034,0.0016043264774505623,0.008593801578350413,0.0011337868480726168,0.058101848545431524,0.0016043264774505627,0.06303997616615888,0.0027851047626067877,0.0032196352561087178,-0.007618338969311668,0.004717709794083516,0.001966006723439767,-0.002271439979764401,0.0016043264774505167,0.0011337868480724986,0.002271439979764249,0.003603782612591148,-0.0011337868480723499,0.03946432577716126,0.0011337868480726075,0.0011337868480726064,0.0011337868480726073,0.0011337868480726064,0.0025409929005581803,0.003952275889109948,0.001133786848072508,0.0016043264774505623,0.0019660067234399075,0.0025409929005581404,-0.01210104895240504,-0.03378634654628693,0.0030099735159615534,0.001966006723439767,0.001966006723440011,0.005255592956045323,0.043588437686523186,0.0011337868480726073,0.0011337868480726073,0.0016043264774505623,0.0011337868480726073,0.0011337868480726075,0.0011337868480726075,0.035113525783371013,0.003603782612591148,0.0016043264774504727,-0.0011337868480728497,0.5766953055423788,-0.005382393832244641
emrE_STRESS,0.016981887783269332,-0.013053157051100625,0.011688344860711481,0.010233727419377064,-0.032559168234188855,-0.04573414318394514,0.019499515354865916,0.004555835250593188,0.025352920202030366,-0.03219025393475967,0.003219635256108286,0.011223350152701272,0.003219635256108285,0.02511819173155207,0.02317693387376775,-0.007116319238897669,-0.04935419928588192,0.008547476863413226,-0.03441438652113102,0.007908912950338857,0.007215704029436157,0.007215704029436157,0.006450249668549054,0.005582905262390998,-0.007215704029435386,0.003219635256108389,0.04939477938380689,0.007215704029436157,0.007215704029436157,0.007215704029436157,0.00455583525059401,0.007908912950339166,0.007215704029435068,-0.011653166375235426,0.009703010590251523,0.003219635256108437,0.03415907399809797,0.006450249668548298,0.018239041710622544,0.0032196352561086007,0.004555835250592942,0.010233727419378412,0.012136545729014157,-0.04493514607432112,0.0032196352561089706,0.0032196352561085512,0.005582905262391267,0.03588258610014519,0.0032196352561084736,0.008547476863413422,0.0032196352561089017,-0.006450249668547925,0.003219635256108286,0.0032196352561082845,0.012569752716115825,0.005582905262390992,-0.04692275878624978,0.0032196352561082845,-0.010347419017229853,0.0064502496685486695,0.009142857142856928,0.004555835250593066,0.012569752716115825,0.005582905262390212,0.01073937647525765,0.010739376475257897,0.005582905262390408,0.008547476863413119,-0.047711994135903026,0.012136545729013546,-0.029442773476741714,0.0032196352561091345,-0.003219635256108567,1.0,0.012569752716116553,0.0032196352561083825,-0.013793331243313538,0.006450249668548109,0.00645024966854843,-0.00970301059025215,-0.022531444928513077,0.0011199328785508884,-0.040975919994205474,0.021099727651233236,-0.03455536907778119,0.008547476863413069,0.012989469352326134,-0.01064684731134095,-0.02955417282743059,0.012136545729014245,0.010233727419379125,0.0032196352561083856,0.0032196352561083955,0.0032196352561089207,0.004555835250592972,0.01298946935232598,0.0032196352561084775,-0.026503566257962848,0.0032196352561085647,0.0032196352561084775,-0.015184926011073975,0.0055829052623905485,0.004555835250593207,-0.015625923108735503,0.00455583525059316,0.04989903350435212,0.0032196352561084315,0.004555835250593993,0.007908912950338166,0.005582905262390491,-0.05940390735598055,-0.018189399454874095,-0.040726303199138864,0.004555835250593091,-0.025477298573021615,0.0032196352561089355,-0.027862829789910774,0.004555835250593065,-0.02231182768897102,0.007908912950339013,0.009142857142857468,-0.021633936555429906,0.013396966816949091,0.005582905262391267,-0.0064502496685487675,0.004555835250593244,0.00321963525610891,0.006450249668549128,0.010233727419379125,-0.003219635256108844,-0.03317068424965274,0.0032196352561084667,0.0032196352561083856,0.003219635256108384,0.003219635256108361,0.007215704029435703,0.011223350152701683,0.0032196352561086783,0.0045558352505929555,0.005582905262391461,0.007215704029435816,-0.034363570109578,-0.0003248658231557195,0.008547476863413684,0.005582905262391267,0.005582905262390217,0.0149244034730208,-0.024453604115088016,0.0032196352561084307,0.0032196352561084307,0.004555835250593177,0.0032196352561084307,0.0032196352561084775,0.0032196352561084775,-0.019915408526120122,0.010233727419379125,0.004555835250593602,-0.0032196352561087633,0.199821484183072,-0.015284482241098693
erm(B)_AMR,-0.023346982978433642,0.08190331804156135,-0.016069331748731392,-0.014069499393437561,-0.07512296060237873,0.13087903007640778,0.004802630140994323,-0.006263438400113547,0.0005208310761306766,-0.030462813701267917,-0.004426408328712818,-0.015430049257201978,-0.004426408328712818,0.03679471415195894,-0.03186403582151823,0.01672254966651571,0.07771539388393314,-0.011751213963106825,0.07830918929393227,-0.010873305629270523,-0.00992027042591924,-0.00992027042591924,-0.008867910984938035,-0.007675471407816984,0.009920270425919465,-0.004426408328712824,-0.06790876775392204,-0.00992027042591924,-0.00992027042591924,-0.00992027042591924,-0.00626343840011354,-0.01087330562927053,-0.00992027042591925,-0.08981330565553385,-0.013339861032019958,-0.004426408328712822,-0.08330589849034016,-0.008867910984938034,0.02254084254644801,-0.004426408328712819,-0.006263438400113546,-0.014069499393437587,-0.01668552578891858,0.1267576153286543,-0.004426408328712821,-0.004426408328712823,-0.007675471407816985,-0.022689692968927658,-0.004426408328712824,-0.011751213963106832,-0.00442640832871282,0.00886791098493831,-0.004426408328712819,-0.004426408328712819,0.050537634408602074,0.2935441398411786,0.07427240334537195,-0.004426408328712819,-0.06510926102229679,-0.008867910984938032,-0.012569752716116014,-0.006263438400113548,0.050537634408602074,-0.007675471407816986,-0.014764674161482354,-0.014764674161482349,-0.007675471407816984,-0.011751213963106837,0.05140945107969259,-0.01668552578891857,0.018125419891131842,-0.004426408328712821,0.004426408328712841,0.012569752716116553,1.0,-0.004426408328712822,0.018963302187804957,-0.008867910984938039,-0.008867910984938039,0.013339861032020027,-0.034805845874476736,0.048814269570255905,0.04270982244379056,-0.02900825801052813,0.04750729859770078,-0.011751213963106834,-0.017858139432909308,-0.08240941919753193,0.040631570456111175,-0.01668552578891858,-0.014069499393437584,-0.004426408328712819,-0.004426408328712822,-0.0044264083287128215,-0.006263438400113546,-0.017858139432909308,-0.004426408328712823,0.036437545589133584,-0.004426408328712822,-0.004426408328712823,-0.039168919196147546,-0.007675471407816986,-0.006263438400113546,0.12045301395742904,-0.00626343840011354,-0.06860202474156833,-0.004426408328712824,-0.006263438400113541,-0.010873305629270524,-0.0076754714078169865,-0.02149811884112189,0.10960962138680401,-0.02710162377819168,-0.006263438400113546,-0.03355099324567267,-0.0044264083287128215,-0.004621347862342308,-0.006263438400113548,0.00694994059838983,-0.010873305629270535,-0.012569752716116012,-0.01097482475309998,-0.018418373753834306,-0.007675471407816996,0.008867910984937617,-0.006263438400113544,-0.004426408328712821,-0.008867910984938032,-0.014069499393437584,0.004426408328713186,0.07666431800150063,-0.004426408328712823,-0.004426408328712819,-0.004426408328712823,-0.004426408328712819,-0.009920270425919234,0.06026291459896114,-0.00442640832871282,-0.006263438400113546,-0.007675471407816997,-0.009920270425919234,0.047243610172534756,0.07932165849851475,-0.011751213963106822,-0.007675471407816996,-0.007675471407816986,-0.020518319181873763,0.06532027904577022,-0.004426408328712823,-0.004426408328712823,-0.006263438400113548,-0.004426408328712823,-0.004426408328712823,-0.004426408328712823,-0.06691407691059814,-0.014069499393437584,-0.0062634384001135435,0.004426408328712842,0.007675471407817499,0.021013361486739643
espX1_VIR,-0.005980131130563733,-0.03777112150267145,-0.004116022662401913,-0.0036037826125912627,-0.05433666815704996,-0.0212199340119581,0.021160886450064267,-0.0016043264774504992,-0.008927970157724686,-0.007802790652128058,-0.0011337868480725613,-0.003952275889110013,-0.0011337868480725613,-0.008845311088753367,-0.008161701781239867,0.04693959708768654,-0.02051264784388647,-0.003009973515961537,-0.03891934266577602,0.40708947946768737,0.4461983533379985,0.4461983533379985,-0.0022714399797645205,-0.00196600672343993,0.0025409929005579613,-0.0011337868480725624,0.06518169118828056,0.4461983533379985,0.4461983533379985,0.4461983533379985,-0.0016043264774505005,-0.0027851047626067564,-0.00254099290055808,0.04928454972684879,-0.003416891951678135,-0.0011337868480725626,0.05313439274922502,-0.0022714399797645213,-0.006422834876626167,-0.0011337868480725646,-0.001604326477450498,-0.0036037826125912705,-0.00427385552524313,-0.02722123296807303,-0.0011337868480725643,-0.0011337868480725637,-0.0019660067234399305,-0.012635966797167024,-0.0011337868480725624,-0.0030099735159615417,-0.0011337868480725641,0.002271439979764449,-0.001133786848072561,-0.001133786848072561,-0.0044264083287128215,-0.00196600672343993,-0.02098387189429011,-0.001133786848072561,0.03751215602323302,-0.0022714399797645205,-0.0032196352561086375,-0.0016043264774504992,-0.0044264083287128215,-0.001966006723439926,0.2997972241243424,-0.0037818457171648777,-0.0019660067234399258,-0.003009973515961539,0.07130522723115681,-0.004273855525243114,-0.041161568200154916,-0.0011337868480725646,0.0011337868480726073,0.0032196352561083825,-0.004426408328712822,1.0,0.004857288577986008,-0.0022714399797645213,-0.0022714399797645218,0.003416891951677936,-0.06283399197166542,-0.09067857345160339,0.06677678739978593,-0.007430218582522042,-0.09317322725916996,-0.0030099735159615404,-0.004574210537410233,-0.07534352710129776,0.010407431212535435,0.26528431795973406,-0.00360378261259127,-0.001133786848072562,-0.0011337868480725626,-0.0011337868480725641,-0.0016043264774504996,-0.004574210537410235,-0.0011337868480725626,-0.12147932186828919,-0.0011337868480725643,-0.0011337868480725626,-0.010032785531723199,-0.0019660067234399292,-0.0016043264774505,0.03085301510702403,-0.001604326477450499,0.06452299834279829,-0.0011337868480725624,-0.0016043264774505005,-0.002785104762606755,-0.0019660067234399284,0.2058974723056204,0.05284153671414207,0.16332631450203697,-0.0016043264774504992,0.13193076867504425,-0.0011337868480725641,-0.05810184854543118,-0.0016043264774504994,-0.06303997616615876,-0.002785104762606757,-0.003219635256108641,0.00761833896931175,-0.004717709794083719,-0.001966006723439931,0.002271439979764542,-0.001604326477450499,-0.0011337868480725641,-0.002271439979764522,-0.00360378261259127,0.0011337868480725138,-0.03946432577716123,-0.001133786848072563,-0.001133786848072562,-0.001133786848072563,-0.0011337868480725617,-0.0025409929005580784,-0.00395227588911002,-0.0011337868480725646,-0.001604326477450499,-0.001966006723439932,-0.00254099290055808,-0.09369327010673972,-0.03355754510240673,-0.00300997351596154,-0.001966006723439931,-0.0019660067234399275,0.21572957752909852,0.026011183429570765,-0.0011337868480725626,-0.0011337868480725626,-0.0016043264774504992,-0.0011337868480725626,-0.0011337868480725626,-0.0011337868480725626,0.032289176970360337,-0.00360378261259127,-0.0016043264774505005,0.0011337868480726177,0.0019660067234396113,0.005382393832244613
fdeC_VIR,0.025619650364375055,-0.04792731000541849,0.0176335701007681,-0.13603534264245706,-0.05359493678213272,0.05537436045659431,0.016076323089495494,0.006873140826715677,-0.05880168339677798,-0.03945348032210632,0.004857288577986138,0.016932057878303382,0.0048572885779861645,-0.09255700836669246,0.034965779419949286,0.035796260579109514,0.0878788197673495,-0.07747302257935944,0.020965746729840258,0.011931746760779597,0.010885940169094683,0.010885940169094683,0.009731140811914651,0.008422625485771414,0.30952356547459303,0.004857288577986011,0.054865552403642236,0.010885940169094683,0.010885940169094683,0.010885940169094683,0.006873140826715748,0.011931746760779675,-0.20272039692669713,0.0469397841440348,0.014638404279705027,0.004857288577986,0.038240198538357216,0.009731140811914606,0.02751625011135242,0.004857288577985954,-0.33029260083939577,-0.06029813737556587,0.018309746370772147,0.06744313498851508,0.004857288577986017,0.0048572885779860015,0.00842262548577156,-0.06768142790193,0.004857288577986018,0.012895113401584422,0.00485728857798605,-0.009731140811914797,-0.23341970110877377,0.004857288577986142,0.018963302187805047,0.008422625485771449,0.08989760416371886,0.004857288577986142,0.0005112239417311602,0.009731140811914694,0.013793331243313884,-0.1617097300063401,0.018963302187805047,0.008422625485771705,0.016201913117018903,-0.12830605943174553,0.008422625485771471,-0.1678411585603033,0.04736409105934498,0.018309746370772293,0.02916800896611359,0.004857288577985958,-0.004857288577985916,-0.013793331243313538,0.018963302187804957,0.004857288577986008,1.0,0.009731140811914656,0.009731140811914691,-0.014638404279705199,-0.03880436000668302,-0.004449927413532359,0.03287034206833947,-0.006254256978885789,0.07322871832617213,0.012895113401584354,0.01959650584625953,0.15067028164292856,0.09744107880841185,0.018309746370772283,0.015439067891325377,0.004857288577986071,0.004857288577986011,0.004857288577986022,0.006873140826715795,0.01959650584625954,0.004857288577986005,0.022284124238804843,0.004857288577985992,0.004857288577986005,-0.07415677210939672,-0.12930289866119646,-0.16170973000634017,0.07698555858618653,0.006873140826715769,0.055740803391075185,0.004857288577986026,0.006873140826715739,0.011931746760779665,0.008422625485771516,0.023590812085231616,0.05655493062880784,0.029739779488659707,0.00687314082671573,0.03681695048673549,0.004857288577986043,-0.028180329867033806,0.006873140826715814,-0.03848178364860794,0.011931746760779577,-0.07078660964450675,0.041830542314131594,0.02021127510520312,0.008422625485771464,-0.00973114081191484,0.006873140826715698,0.00485728857798602,-0.3482937482264472,0.015439067891325377,-0.0048572885779859225,0.03922547296112457,0.004857288577986001,0.004857288577986071,0.0048572885779860015,0.004857288577986075,0.010885940169094731,0.016932057878303312,0.004857288577986017,0.006873140826715864,0.008422625485771405,-0.09591722837880147,0.07405656769863676,-0.01651843446564764,0.01289511340158419,0.008422625485771464,0.008422625485771756,0.0225156357029016,0.05421681497286981,0.004857288577986012,0.004857288577986012,0.006873140826715695,0.004857288577986012,0.004857288577986005,0.004857288577986005,0.05417691025531988,0.015439067891325377,0.006873140826715722,-0.004857288577985923,-0.008422625485771258,-0.02305886695372125
floR_AMR,0.08597229196268748,-0.0077670483054879365,-0.008246081217902912,0.6302932845694756,0.04180307804665805,0.03226525770929959,0.00496009014206022,-0.003214123807901696,-0.017886385248581153,-0.01563218930534128,-0.002271439979764519,-0.007918029284644957,-0.002271439979764519,-0.01772078523807588,0.1309767331241382,0.022824280357318594,0.07277641207161777,0.374303825552215,0.05836275291879263,-0.005579706905554678,-0.00509065074483564,-0.00509065074483564,-0.00455062571103527,-0.0039387176519986395,0.005090650744835616,-0.0022714399797645213,0.006510547411500728,-0.00509065074483564,-0.00509065074483564,-0.00509065074483564,-0.0032141238079016953,-0.0055797069055546844,-0.005090650744835631,0.06253080287288493,0.16105789034820797,-0.002271439979764521,0.0691502430477007,0.7488623435722411,-0.01286757201937563,-0.0022714399797645213,-0.0032141238079016967,-0.007219854347874876,-0.008562285163457313,-0.020040547860054724,-0.002271439979764522,-0.0022714399797645218,-0.00393871765199864,-0.025315023026466866,-0.0022714399797645213,-0.006030211228689306,-0.0022714399797645213,0.004550625711035358,-0.00227143997976452,-0.00227143997976452,0.2521442690050716,-0.00393871765199864,0.07067538204387597,-0.00227143997976452,0.007300063321929814,-0.00455062571103527,-0.006450249668548363,-0.0032141238079016962,0.2521442690050716,-0.003938717651998634,0.14447175303155263,-0.007576587763275718,-0.003938717651998634,0.3743038255522148,-0.03185516781821594,-0.008562285163457287,0.05518351411489632,-0.002271439979764522,0.0022714399797645565,0.006450249668548109,-0.008867910984938039,-0.0022714399797645213,0.009731140811914656,1.0,-0.0045506257110352714,0.006845435717279009,0.036149859470791,0.0250493572329611,-0.034015412663769395,-0.014885774672215694,0.024378676649745103,-0.006030211228689301,-0.00916401941705078,0.030147778676602417,0.020850352412351468,-0.008562285163457316,0.1521584303814628,-0.00227143997976452,-0.0022714399797645205,-0.0022714399797645213,-0.0032141238079016962,-0.009164019417050764,-0.002271439979764521,0.018698161504616163,0.4991489355532531,-0.002271439979764521,0.16477635003356808,0.2858852562409013,0.3515447914892471,-0.005905044107087446,-0.0032141238079016936,0.0059138274723577735,-0.002271439979764521,-0.0032141238079016953,-0.005579706905554679,-0.003938717651998636,-0.011031898324584333,-0.042985880445763076,-0.013907373020017452,-0.003214123807901696,-0.017216908554207315,-0.0022714399797645218,0.039094108649373197,-0.0032141238079016962,0.03603173919002664,-0.005579706905554689,-0.006450249668548364,0.01526265694800614,-0.0094515072717818,-0.003938717651998641,0.004550625711035169,-0.003214123807901694,-0.0022714399797645213,-0.004550625711035272,0.1521584303814628,0.002271439979764546,0.05755679173617204,-0.0022714399797645213,-0.00227143997976452,-0.0022714399797645213,-0.0022714399797645196,-0.005090650744835626,0.2833994648129175,-0.002271439979764521,-0.0032141238079016967,-0.003938717651998643,-0.005090650744835629,0.0242433632338458,0.03395854909582385,-0.006030211228689295,-0.003938717651998641,-0.003938717651998636,-0.010529107810717976,0.05211106661129135,-0.002271439979764521,-0.002271439979764521,-0.003214123807901696,-0.002271439979764521,-0.002271439979764521,-0.002271439979764521,0.03092964881276508,0.1521584303814628,-0.0032141238079016953,0.002271439979764639,0.00393871765199853,0.010783141961985394
focG_VIR,-0.011980654879961626,-0.04171904659135858,-0.008246081217902917,-0.007219854347874857,-0.10885862772966468,0.032265257709299576,0.004960090142060165,-0.003214123807901697,-0.017886385248581143,-0.015632189305341312,-0.002271439979764519,0.28339946481291733,-0.002271439979764519,-0.017720785238075867,-0.01635123547282235,-0.048390700404209,-0.04109524509182895,-0.0060302112286893025,-0.07797140270896921,-0.00557970690555468,-0.005090650744835639,-0.005090650744835639,-0.004550625711035268,-0.003938717651998641,0.00509065074483556,-0.002271439979764521,-0.034847822116234245,-0.005090650744835639,-0.005090650744835639,-0.005090650744835639,-0.0032141238079016953,-0.005579706905554685,-0.005090650744835636,0.062530802872885,-0.0068454357172792095,-0.0022714399797645218,0.06915024304770075,-0.0045506257110352714,0.2620211237816404,-0.0022714399797645218,-0.003214123807901696,-0.007219854347874874,-0.00856228516345731,-0.05453529203242958,-0.0022714399797645218,-0.002271439979764522,-0.00393871765199864,-0.025315023026466883,-0.002271439979764521,-0.00603021122868931,-0.0022714399797645213,0.0045506257110352845,-0.0022714399797645196,-0.0022714399797645196,-0.008867910984938039,-0.00393871765199864,-0.042039300095935754,-0.0022714399797645196,0.04122614707595112,-0.004550625711035269,-0.006450249668548364,-0.0032141238079016967,-0.008867910984938039,-0.003938717651998637,-0.007576587763275709,-0.007576587763275719,-0.003938717651998636,-0.006030211228689308,0.14285360971895614,0.2614554933841426,0.02077176060963263,-0.0022714399797645218,0.00227143997976433,0.00645024966854843,-0.008867910984938039,-0.0022714399797645218,0.009731140811914691,-0.0045506257110352714,1.0,0.006845435717279135,-0.1258822517612317,-0.026629573693918968,0.13378128779493653,0.30570298229282,-0.1866641810142246,-0.006030211228689305,0.3701404717668158,0.030147778676602437,-0.09870069421171557,-0.008562285163457313,-0.007219854347874873,-0.00227143997976452,-0.0022714399797645218,-0.0022714399797645218,0.3515447914892471,0.37014047176681575,-0.0022714399797645218,-0.24337289577436919,-0.0022714399797645218,-0.0022714399797645218,0.10315097219382202,-0.0039387176519986395,-0.0032141238079016962,-0.073621329127324,-0.003214123807901693,-0.035203571410255846,-0.0022714399797645205,-0.0032141238079016945,-0.0055797069055546844,-0.0039387176519986395,0.09485034320376311,-0.0057735937461466085,0.0713718657068952,0.3515447914892473,0.05316517595211237,-0.0022714399797645213,-0.11640182800556612,-0.003214123807901698,-0.12629492256912397,-0.005579706905554687,-0.006450249668548363,-0.21980000732680915,-0.009451507271781803,-0.003938717651998641,0.004550625711035376,-0.003214123807901696,-0.0022714399797645213,-0.0045506257110352714,-0.007219854347874873,0.002271439979764427,-0.07906322735802142,-0.002271439979764522,-0.00227143997976452,-0.002271439979764522,-0.0022714399797645196,-0.005090650744835628,-0.007918029284644973,-0.0022714399797645213,-0.0032141238079016967,-0.003938717651998642,-0.005090650744835631,-0.1877060400877962,-0.0335001659809196,0.754637862333118,-0.003938717651998641,-0.003938717651998639,0.4321948063256617,0.0172519212947987,-0.0022714399797645218,-0.0022714399797645218,-0.003214123807901697,-0.0022714399797645218,-0.0022714399797645218,-0.0022714399797645218,-0.07034679087204904,-0.007219854347874873,-0.0032141238079016945,0.00227143997976435,0.003938717651998534,0.01078314196198534
glpT-E448K_AMR,0.018022313422262393,-0.06776376142987987,0.012404452152531404,0.010860714979622618,0.0630263157853569,-0.011040588824405782,0.011308996386591,0.004834956621681927,0.02690621207029555,0.02351526005545913,0.003416891951678377,0.011910968714506791,0.003416891951678396,0.026657102541479363,0.024596910059174533,-0.02243114540086541,-0.039689426486923536,0.009071153276241877,0.02614212490479119,0.008393466606275416,0.007657787004627824,0.007657787004627824,0.006845435717279155,0.005924951909335493,-0.007657787004628166,0.0034168919516779275,0.02477003677148321,0.007657787004627824,0.007657787004627824,0.007657787004627824,0.004834956621682254,0.008393466606275976,0.007657787004628472,0.0693298806748909,0.01029748283752848,0.0034168919516779006,0.06430659644130374,0.006845435717278986,0.019356489126866945,0.003416891951677977,0.004834956621682647,0.010860714979622476,0.01288011284631097,0.012850049177764715,0.0034168919516781695,0.0034168919516779,0.005924951909335661,0.0380809967273053,0.0034168919516779053,0.009071153276242376,0.00341689195167825,-0.0068454357172790135,0.003416891951678376,0.0034168919516782185,0.013339861032019824,0.005924951909335473,-0.03723793941897106,0.0034168919516782185,0.06840559974631945,0.006845435717279249,0.009703010590252366,0.0048349566216822045,0.013339861032019824,0.00592495190933592,0.011397343526639596,0.011397343526640048,0.005924951909335184,0.009071153276242168,-0.039684666797442425,0.01288011284631121,0.03202177818361902,0.003416891951678071,-0.00341689195167762,-0.00970301059025215,0.013339861032020027,0.003416891951677936,-0.014638404279705199,0.006845435717279009,0.006845435717279135,1.0,0.08103276745382536,-0.03768135979225261,-0.032969133827792846,0.022392440093116816,-0.036672465387226544,0.00907115327624186,0.013785292356432244,0.10599001159537112,-0.03136486192992081,0.012880112846311294,0.010860714979622514,0.0034168919516781556,0.003416891951677996,0.0034168919516781933,0.004834956621682221,0.01378529235643221,0.003416891951677825,-0.028127354508801,0.0034168919516779214,0.003416891951677825,0.030235792728179205,0.0059249519093350885,0.004834956621682006,0.020201150524020522,0.004834956621682229,0.02546629087824866,0.0034168919516779357,0.004834956621682257,0.008393466606275525,0.005924951909335298,0.016595113642805515,-0.00997416110815927,0.020920645654044688,0.0048349566216820666,0.025899128656592888,0.0034168919516781473,0.07114140899909586,0.004834956621682367,0.08145661384567751,0.008393466606275409,0.009703010590252302,-0.022959378258488178,0.014217755879918276,0.005924951909335347,-0.00684543571727958,0.004834956621681975,0.003416891951678207,0.006845435717279074,0.010860714979622514,-0.003416891951677848,0.027593419808137228,0.0034168919516778477,0.0034168919516781556,0.0034168919516779205,0.003416891951678171,0.007657787004627967,0.011910968714506703,0.003416891951678056,0.004834956621682415,0.0059249519093354346,0.007657787004627851,-0.036468915513199765,-0.056720935642578636,0.009071153276241686,0.005924951909335347,0.005924951909335913,0.015838773666616086,0.03813917904034337,0.003416891951677891,0.003416891951677891,0.0048349566216819104,0.003416891951677891,0.003416891951677825,0.003416891951677825,0.08325142730328533,0.010860714979622514,0.004834956621682162,-0.0034168919516778347,-0.005924951909335301,0.05611780612246584
gyrA-D87N_AMR,0.04777462931259129,-0.17652219263095895,-0.024836635089073415,0.03164661410158187,0.773635066751722,0.16282297298102227,-0.14355825232028893,0.02553277974402708,-0.044581329724683136,0.06233566168874804,0.01804416387524503,-0.10156107484956621,0.01804416387524501,0.08542392196824564,0.011074486522423564,-0.011883612219814006,0.32033538939940415,0.017230006150067614,0.13011218344385417,-0.15434933875920215,-0.14082076166710575,-0.14082076166710575,0.036149859470791045,0.03128890369286873,-0.004187672795930913,0.018044163875245062,-0.3702608629469385,-0.14082076166710575,-0.14082076166710575,-0.14082076166710575,-0.08891110103757634,0.04432481011014987,0.004187672795931407,0.08580129477518512,-0.08103276745382453,0.018044163875245045,0.050808741382370966,0.036149859470791024,-0.14903536518963525,0.018044163875245024,0.025532779744027023,-0.09689046157319643,0.0680182078383684,0.3664573887438539,0.01804416387524502,-0.06283399197166542,-0.10895526869699465,0.13494442313235822,-0.06283399197166542,0.04790358564706291,0.018044163875245017,0.08537422395322586,0.018044163875245,0.018044163875245007,0.07044607846512231,-0.015459153770419051,0.32789710375552994,0.018044163875245007,-0.19753263491833573,-0.004358168337214657,-0.03488634979552041,-0.03168916064677462,0.07044607846512231,0.03128890369286875,-0.0869627593637097,0.060187895094589286,-0.10895526869699473,0.0172300061500676,0.08397410750700382,-0.14974857070144082,0.13333264851289311,0.01804416387524501,0.06283399197166552,-0.022531444928513077,-0.034805845874476736,-0.06283399197166542,-0.03880436000668302,0.036149859470791,-0.1258822517612317,0.08103276745382536,1.0,0.692930971231048,0.07399276236394076,-0.4117795999800033,0.31694965158726807,-0.07479073234091843,-0.1719260373635549,0.41042520906175517,0.19110833336847713,-0.12797189284746008,0.057354029236537506,-0.0628339919716654,-0.06283399197166539,0.018044163875245003,-0.03168916064677467,-0.1515323389497964,0.01804416387524506,0.46440077081711695,0.01804416387524502,0.01804416387524506,-0.2578110716269942,-0.015459153770419044,-0.03168916064677463,0.15340372328894872,-0.03168916064677462,-0.37029676686857854,0.01804416387524506,0.025532779744027,0.011212451965257914,-0.0622072112337069,-0.01483498287724994,0.16140875620110987,-0.09585147240580785,-0.08891110103757639,-0.12433748173965273,0.018044163875245,0.9184178620306963,-0.08891110103757643,0.9901867372991583,-0.15434933875920226,0.05124034229053124,0.10624546920324246,0.07508212746074035,0.03128890369286877,-0.036149859470791634,0.025532779744027036,0.018044163875245007,-0.004358168337214659,0.057354029236537506,-0.018044163875244462,0.154287045843542,0.01804416387524505,-0.0628339919716654,0.018044163875245062,0.01804416387524502,0.004187672795931438,0.03940580347189091,-0.06283399197166539,0.025532779744027054,0.031288903692868734,0.04043978141169082,0.23475034133209108,-0.24936258657087515,-0.10546431183791363,0.03128890369286877,0.03128890369286873,-0.2912627591049264,0.14268194064571946,0.018044163875245045,0.018044163875245045,0.02553277974402708,0.018044163875245045,0.01804416387524506,0.01804416387524506,0.1504376539265458,0.057354029236537506,-0.08891110103757635,-0.018044163875244993,0.062207211233707954,0.0016009469157463746
gyrA-S83L_AMR,0.06594866794806176,-0.07951135721200527,-0.04105126922266853,0.006945631453457919,0.5527182038599984,0.08013606944696872,-0.05618995578293485,0.017692453866257132,-0.027620723515543833,0.05448869524857281,0.012503359999125722,-0.04633511032004692,0.012503359999125704,0.026933443731276728,0.07484842643768007,-0.004738255266984566,0.22621273210516957,-0.0059385576356935825,0.12059887418028009,-0.18050474956816234,-0.2032248052312145,-0.2032248052312145,0.025049357232961155,0.021681050424654316,-0.02802197700997374,0.012503359999125715,-0.37839346074958835,-0.2032248052312145,-0.2032248052312145,-0.2032248052312145,0.01769245386625712,0.030714033719258012,-0.018227379438263618,0.1791921630815354,-0.10052275525057007,0.012503359999125755,0.15856062848682792,0.02504935723296114,-0.04230201761635469,0.01250335999912578,0.017692453866257077,-0.0586478720054018,0.04713192281883604,0.293096459840602,0.012503359999125736,-0.09067857345160339,0.02168105042465432,0.12879893798950065,-0.09067857345160339,0.033193878127868996,0.012503359999125723,0.12998743554767947,0.012503359999125713,0.012503359999125692,0.04881426957025585,0.021681050424654312,0.23140937374240403,0.012503359999125692,-0.09254354423135609,0.025049357232961176,-0.07437183893482888,-0.05530958708657014,0.04881426957025585,0.021681050424654274,-0.14602434941894551,0.04170605660424623,-0.15723827223861384,-0.005938557635693551,0.1393983875823064,-0.1751243540785324,0.11402939962116092,0.012503359999125767,0.09067857345160348,0.0011199328785508884,0.048814269570255905,-0.09067857345160339,-0.004449927413532359,0.0250493572329611,-0.026629573693918968,-0.03768135979225261,0.692930971231048,1.0,0.1268152100756604,-0.5447798528702276,0.1806600500883251,-0.12333586492638104,-0.20973248091662094,-0.06347277758522185,0.08203627294345527,-0.06399621562984822,0.03974238318288799,-0.09067857345160336,0.0125033599991257,0.012503359999125732,-0.05530958708657019,-0.18371481013137542,0.012503359999125756,0.5577019517811631,0.01250335999912578,0.012503359999125756,-0.3458829813552373,-0.03795872379643524,-0.05530958708657,0.12656349894339222,0.0176924538662571,-0.37311289089786837,0.012503359999125718,0.017692453866257122,-0.01152972293822615,0.02168105042465426,-0.004638974189286145,0.1753597701772524,-0.028737738457146063,-0.1283116280393972,0.007873074168019798,0.012503359999125729,0.6407450661587778,-0.12831162803939722,0.695202557413456,0.030714033719257978,0.03550602014958921,0.14171671053996532,0.05202673150346411,0.0216810504246543,-0.025049357232961707,0.017692453866257132,0.012503359999125732,0.02504935723296119,0.03974238318288799,-0.012503359999125285,0.14704703426282006,0.012503359999125763,-0.09067857345160336,0.012503359999125715,0.012503359999125668,-0.018227379438263573,0.043585554323033196,0.012503359999125772,0.017692453866257056,0.02168105042465433,0.02802197700997416,0.13914257153508924,-0.13660727630328262,-0.04507099339925596,0.0216810504246543,0.021681050424654236,-0.3520068880407167,0.12920046656994943,0.012503359999125755,0.012503359999125755,0.01769245386625713,0.012503359999125755,0.012503359999125756,0.012503359999125756,0.10935608433665452,0.03974238318288799,-0.12831162803939714,-0.012503359999125715,0.037958723796436625,-0.03709172293974496
hlyA-alpha_VIR,-0.024107139837117944,-0.08357832336030163,-0.03824926073439562,-0.027345591393491846,-0.014684926094661318,0.33173582674999597,-0.38342610206497224,-0.024025212052289288,-0.09958506107669338,-0.014375817249212546,-0.016978757023525137,0.038134981894417726,-0.016978757023525134,-0.12099728229645307,0.08695422311721572,0.26279909266348933,0.28880062906941,0.018454549457599567,0.026344740694069155,0.129744276528505,0.1496571802657507,0.1496571802657507,-0.03401541266376943,0.06738094140625892,0.038052038732343633,-0.016978757023525144,-0.22594172727623443,0.1496571802657507,0.1496571802657507,0.1496571802657507,-0.024025212052289274,-0.041707678237538015,-0.03805203873234293,-0.13887991771610736,-0.05116885799284633,-0.016978757023525144,-0.10770935575960287,-0.03401541266376939,-0.03496168929026626,-0.016978757023525144,-0.02402521205228929,-0.02734559139349189,-0.018899267349558928,0.3644473245871853,-0.016978757023525144,-0.016978757023525144,-0.029441469109162767,-0.13784441723526566,-0.016978757023525144,-0.013310298829067962,-0.01697875702352514,0.03401541266376983,-0.016978757023525137,-0.016978757023525134,0.020910531566410723,0.018969736148548053,0.2819643589272018,-0.016978757023525134,-0.11827321014746056,0.007933762450907083,-0.048214886961138154,-0.024025212052289285,0.020910531566410723,-0.02944146910916279,0.04495640219591099,-0.05663413686740189,-0.029441469109162784,-0.04507514711573547,0.9291964867060933,0.003652155717549893,0.03312110294714009,-0.016978757023525144,0.016978757023524624,-0.040975919994205474,0.04270982244379056,0.06677678739978593,0.03287034206833947,-0.034015412663769395,0.13378128779493653,-0.032969133827792846,0.07399276236394076,0.1268152100756604,1.0,-0.044331920843763396,0.06765925104171898,-0.013310298829067946,0.01597695740479625,0.05141978589499838,0.05600703727085166,0.048755001851767524,-0.05396759492210636,-0.01697875702352514,-0.01697875702352514,0.06677678739978603,0.09449021946822138,0.037096199004249854,-0.016978757023525144,-0.00250357913506118,-0.016978757023525144,-0.016978757023525144,-0.06789407032982332,-0.029441469109162784,-0.024025212052289278,-0.024345117937520498,-0.02402521205228927,-0.2219340579195954,0.06677678739978592,0.09449021946822149,-0.04170767823753804,-0.029441469109162777,0.2535757490186742,0.747805254728921,0.33763128167482537,0.03523250370796603,0.35331724405386117,-0.01697875702352514,0.09742272150150529,-0.024025212052289285,0.07275312145481236,0.026873103668879194,-0.018484617976022903,0.04864652929830364,-0.0706489482017045,-0.029441469109162784,0.03401541266376914,-0.024025212052289278,0.06677678739978603,-0.034015412663769395,-0.05396759492210636,0.0169787570235254,0.02516591335057572,-0.016978757023525144,-0.01697875702352514,-0.016978757023525144,-0.016978757023525137,-0.03805203873234284,-0.03485603475176192,0.066776787399786,0.03523250370796611,0.018969736148548088,-0.03805203873234285,0.03960318560916589,-0.08561438495996632,0.11374909431760201,-0.029441469109162784,-0.02944146910916278,0.050710514105418054,0.016868177388966434,-0.016978757023525144,-0.016978757023525144,-0.024025212052289288,-0.016978757023525144,-0.016978757023525144,-0.016978757023525144,-0.046522989224533184,-0.05396759492210636,-0.024025212052289278,0.01697875702352455,-0.06738094140625757,0.008309985622250235
ibeA_VIR,-0.03919050704086959,-0.0416601543268377,-0.0269741601997338,-0.023617219216262864,-0.34407237767236243,0.039917847712043424,-0.01662769499009325,-0.010513877829373016,0.07184456279931842,-0.0021895297524206483,-0.007430218582522041,0.11355400872937985,-0.007430218582522041,0.051543050447338395,-0.05348732730765511,-0.14692954110805076,-0.13442866923838406,0.04096351471732347,-0.2115468713846147,-0.018252052576347176,-0.01665227701298484,-0.01665227701298484,-0.014885774672215718,-0.012884132246462397,0.016652277012984724,-0.007430218582522039,0.08399205301337469,-0.01665227701298484,-0.01665227701298484,-0.01665227701298484,-0.010513877829373021,-0.018252052576347176,-0.016652277012984818,-0.10454253851132775,0.031191637419680816,-0.007430218582522042,-0.09222338974070589,-0.014885774672215706,0.19184695483808756,-0.007430218582522051,-0.010513877829373009,0.12897305811027482,-0.028008510415040214,-0.17839306513599024,-0.00743021858252205,0.15259131820691607,-0.012884132246462404,-0.08280921185851804,0.15259131820691607,-0.019725719335355475,-0.007430218582522048,-0.22555579305156107,-0.007430218582522034,-0.007430218582522035,-0.029008258010528115,-0.012884132246462397,-0.13751681380611508,-0.007430218582522035,0.007639017977266752,-0.014885774672215708,-0.021099727651233476,0.10270263586985094,-0.029008258010528115,-0.01288413224646234,0.023740025858042982,-0.024784147365688486,0.26459608174442245,-0.019725719335355434,-0.034508068122045266,0.359767852421762,-0.1928760712539237,-0.007430218582522052,0.007430218582521907,0.021099727651233236,-0.02900825801052813,-0.007430218582522042,-0.006254256978885789,-0.014885774672215694,0.30570298229282,0.022392440093116816,-0.4117795999800033,-0.5447798528702276,-0.044331920843763396,1.0,-0.32436257291818577,0.1623419828226819,0.4138727698431357,0.06972138176670092,-0.14163744610491613,-0.02800851041504027,-0.023617219216262916,0.15259131820691596,-0.0074302185825220425,-0.007430218582522049,0.10270263586985098,0.37352280232944596,-0.007430218582522043,-0.7961090007988604,-0.00743021858252205,-0.007430218582522043,0.012918239862013754,0.07960927241716582,0.10270263586985089,-0.24082633599172826,-0.010513877829373016,0.08167480619694231,-0.007430218582522039,-0.010513877829373021,0.0472624288257446,-0.012884132246462359,-0.0022960964792243244,-0.11686162230950904,-0.018277372528903178,0.21591914956907501,-0.03385758178311882,-0.00743021858252205,-0.3807677214416898,0.21591914956907507,-0.4131295076740577,-0.0182520525763472,-0.021099727651233507,-0.35016462978178065,-0.03091728841143136,-0.012884132246462392,0.014885774672215982,-0.010513877829373016,-0.007430218582522049,-0.014885774672215713,-0.023617219216262916,0.007430218582521829,-0.24772748764949443,-0.007430218582522043,0.15259131820691596,-0.0074302185825220425,-0.0074302185825220425,0.05507436007221323,-0.025901053451485818,-0.00743021858252205,-0.010513877829373016,-0.012884132246462395,-0.016652277012984818,-0.25890028619403,0.006131854054742298,0.2837204509280396,-0.012884132246462392,-0.012884132246462338,0.6013598142242188,-0.2189058176559865,-0.0074302185825220425,-0.0074302185825220425,-0.010513877829373018,-0.0074302185825220425,-0.007430218582522043,-0.007430218582522043,-0.19779382640172594,-0.023617219216262916,0.215919149569075,0.0074302185825219705,0.01288413224646179,0.0007430066670036597
iha_VIR,-0.038710186635715974,0.04874260915631168,-0.01465871061176074,-0.09525480896857777,0.2429195519447912,0.02352016954975245,0.0009529855499674255,0.01721874968426191,-0.1330094099361258,-0.012917527318067354,0.012168590499917151,-0.07998535950413556,-0.09317322725916996,-0.15017344102773103,0.05664540470170529,0.05726139695188082,0.1483872234763534,-0.047598039371846285,0.13128939799712586,-0.09949242223745854,-0.0671632613153473,-0.0671632613153473,0.024378676649745135,0.021100554110584792,0.11438074518593007,0.012168590499917205,-0.09135591416793118,-0.0671632613153473,-0.0671632613153473,-0.0671632613153473,0.017218749684261996,0.02989168503157812,-0.11438074518592967,-0.026928487768295935,-0.13969892315809654,0.012168590499917177,-0.03741488925372758,0.024378676649745096,-0.1813178055986707,0.012168590499917245,-0.13184160297459385,-0.09525480896857767,0.017506405887141807,0.1979476511191536,0.012168590499917257,-0.09317322725916999,-0.10067584640997987,0.03868003958760684,0.012168590499917198,0.03230513318583485,0.012168590499917208,0.13390346659823205,-0.09317322725916992,0.012168590499917193,0.020089687707655176,0.021100554110584795,0.1620672141241064,0.012168590499917193,-0.08187254341467816,0.024378676649745083,0.03455536907778155,-0.0573114266451661,0.020089687707655176,0.021100554110584653,-0.05524065878202813,-0.023297304686068252,-0.16156404667026197,-0.08754962565068672,0.06054291685158504,-0.2944930810519568,0.10921964478106552,0.012168590499917262,-0.012168590499917068,-0.03455536907778119,0.04750729859770078,-0.09317322725916996,0.07322871832617213,0.024378676649745103,-0.1866641810142246,-0.036672465387226544,0.31694965158726807,0.1806600500883251,0.06765925104171898,-0.32436257291818577,1.0,-0.12750121192952732,-0.32277848517347296,0.1808968362691232,0.5162027096954052,-0.039220773556330676,0.0051950273999584054,-0.09317322725916995,0.012168590499917191,0.01216859049991723,-0.057311426645166134,-0.2962161923115734,0.012168590499917187,0.3127625284469989,0.012168590499917236,0.012168590499917187,-0.008841277745774135,-0.03978764614969739,-0.05731142664516607,0.1596712837267701,-0.05731142664516609,-0.09646832074075866,0.012168590499917208,0.017218749684262003,0.029891685031578026,-0.03978764614969739,-0.007633151497660567,0.10519958658784355,-0.015075448984967677,-0.13184160297459382,0.003516572266652777,0.012168590499917227,0.2805792150286884,0.01721874968426195,0.3185106650347254,-0.013236350724767363,0.034555369077781665,0.16515252883413406,0.05063374890901844,0.021100554110584795,-0.024378676649745256,0.01721874968426192,0.01216859049991724,0.02437867664974514,0.0051950273999584054,-0.012168590499916868,0.15806452516634792,0.012168590499917187,-0.09317322725916995,0.012168590499917207,0.012168590499917215,-0.1143807451859296,0.04241857887047741,0.012168590499917245,0.01721874968426193,0.021100554110584833,0.027271706425817763,0.6382272895633166,0.02711654710029451,-0.20740438448720844,0.021100554110584795,0.021100554110584643,-0.43189825116401753,0.10164911781750498,0.012168590499917179,0.012168590499917179,0.01721874968426191,0.012168590499917179,0.012168590499917187,0.012168590499917187,0.09317154279501139,0.0051950273999584054,-0.13184160297459382,-0.012168590499917184,0.03978764614969794,0.1240819240866882
ireA_VIR,0.05829611764448235,-0.023147022056782828,-0.010927203138745864,-0.009567309975082872,-0.05868950852421871,0.11353491882586796,-0.05720510238908541,-0.004259160543528209,0.02784686663522132,-0.020714822414305036,-0.0030099735159615395,-0.010492488755023156,-0.0030099735159615395,-0.02348250216771315,-0.021667658474316617,0.016763950377453946,0.0030271921693889674,-0.00799086757990866,-8.768566352088092e-05,-0.007393886768818991,-0.006745819417404844,-0.006745819417404844,-0.00603021122868931,-0.00521934804572525,0.006745819417404678,-0.003009973515961539,0.01645674903862809,-0.006745819417404844,-0.006745819417404844,-0.006745819417404844,-0.004259160543528209,-0.007393886768818993,-0.006745819417404844,0.04859167425664414,0.11806897915108445,-0.0030099735159615404,0.05632844308956941,-0.006030211228689301,0.05233262407437674,-0.0030099735159615417,-0.004259160543528208,-0.009567309975082896,-0.011346217292868447,-0.02002646304715886,-0.003009973515961542,-0.0030099735159615404,-0.005219348045725246,0.005275898643757744,-0.003009973515961539,-0.007990867579908677,-0.0030099735159615404,-0.5644708439426666,-0.0030099735159615382,-0.0030099735159615387,-0.011751213963106822,-0.005219348045725245,0.0011921299982681603,-0.0030099735159615387,-0.05455036470753511,-0.006030211228689313,-0.008547476863413776,-0.004259160543528209,-0.011751213963106822,-0.005219348045725266,-0.010040031307004826,-0.010040031307004826,-0.00521934804572525,-0.007990867579908663,-0.009139179693248652,0.3975807161603088,-0.005046212909229384,-0.0030099735159615426,0.0030099735159616814,0.008547476863413069,-0.011751213963106834,-0.0030099735159615404,0.012895113401584354,-0.006030211228689301,-0.006030211228689305,0.00907115327624186,-0.07479073234091843,-0.12333586492638104,-0.013310298829067946,0.1623419828226819,-0.12750121192952732,1.0,0.37081346245025115,0.03994999480067732,-0.06289709772324868,-0.011346217292868457,-0.009567309975082882,0.37667668571175866,-0.0030099735159615404,-0.0030099735159615404,-0.004259160543528209,0.3708134624502513,-0.003009973515961541,-0.17366837116269332,-0.0030099735159615417,-0.003009973515961541,-0.02663500533027543,-0.005219348045725246,-0.004259160543528209,-0.04628221145408524,0.26437217945185837,0.015620395141586509,-0.0030099735159615404,-0.004259160543528209,-0.00739388676881899,-0.005219348045725246,-0.014618797803859123,0.05574962106668712,0.11072147087627947,-0.004259160543528207,0.030480084021083154,-0.0030099735159615417,-0.06593985642657939,-0.00425916054352821,-0.0751702983314306,-0.007393886768818986,-0.00854747686341377,-0.21710109509013142,-0.012524560114914625,-0.005219348045725253,0.00603021122868948,-0.004259160543528207,-0.003009973515961541,-0.006030211228689304,-0.009567309975082882,0.0030099735159614094,-0.027180971996224247,-0.003009973515961541,0.37667668571175866,-0.003009973515961541,-0.0030099735159615387,0.16344156759883752,-0.01049248875502316,-0.0030099735159615417,-0.00425916054352821,-0.005219348045725249,-0.006745819417404836,-0.12836697753526805,-0.012466599158090844,-0.007990867579908679,-0.005219348045725253,-0.005219348045725264,0.23747776447285687,-0.010133957754700959,-0.003009973515961541,-0.003009973515961541,-0.00425916054352821,-0.003009973515961541,-0.003009973515961541,-0.003009973515961541,0.034595350315462875,-0.009567309975082882,-0.00425916054352821,0.0030099735159616918,0.00521934804572469,0.014289161066802534
iroBCDEN_VIR,-0.024126562130282213,-0.13529276428637235,-0.01660590283489791,-0.01453929407372675,-0.12440579385577254,0.19673865863393233,-0.12193343952567678,-0.006472580883325474,0.06679906124618068,-0.03147999756995413,-0.004574210537410233,0.20404967899309584,-0.004574210537410233,-0.0011347521292766783,-0.03292800790061548,-0.025742742274542985,-0.02542883374586795,-0.01214359877030064,-0.12269968520442176,-0.011236376197664186,-0.010251518194073715,-0.010251518194073715,-0.009164019417050763,-0.007931763087802832,0.010251518194073548,-0.0045742105374102305,-0.07017630954369362,-0.010251518194073715,-0.010251518194073715,-0.010251518194073715,-0.006472580883325475,-0.011236376197664195,-0.01025151819407372,0.05301198589574108,0.15527600140370454,-0.004574210537410233,0.06414034060215222,-0.009164019417050768,0.15861037168945652,-0.004574210537410235,-0.006472580883325477,-0.01453929407372676,-0.01724267221142157,-0.040357520345503294,-0.004574210537410236,0.2478650334959168,-0.007931763087802838,-0.05097922292203913,-0.0045742105374102305,-0.01214359877030063,-0.004574210537410236,-0.3701404717668161,-0.004574210537410232,-0.004574210537410233,-0.017858139432909283,-0.00793176308780283,-0.008997103487061378,-0.004574210537410233,-0.0023792113933838277,-0.009164019417050766,-0.012989469352326696,-0.006472580883325478,-0.017858139432909283,-0.007931763087802857,-0.01525768142373806,-0.015257681423738094,-0.00793176308780285,-0.012143598770300636,0.02380711749984222,0.8663673024087051,-0.027468125853743683,-0.004574210537410236,0.004574210537410314,0.012989469352326134,-0.017858139432909308,-0.004574210537410233,0.01959650584625953,-0.00916401941705078,0.3701404717668158,0.013785292356432244,-0.1719260373635549,-0.20973248091662094,0.01597695740479625,0.4138727698431357,-0.32277848517347296,0.37081346245025115,1.0,0.06071139371083985,-0.0783872470705913,-0.0172426722114216,-0.014539294073726769,0.24786503349591688,-0.004574210537410232,-0.004574210537410236,0.17213019786593695,0.8726931949250286,-0.004574210537410233,-0.3581634662063828,-0.0045742105374102365,-0.004574210537410233,0.05259876957321543,-0.00793176308780284,-0.006472580883325475,-0.14825813689660572,-0.006472580883325475,-0.0708927150766976,-0.004574210537410231,-0.006472580883325474,-0.011236376197664195,-0.007931763087802843,0.031090273701295277,0.0258421019889743,0.057860804229240316,0.17213019786593692,0.0007624474490064829,-0.004574210537410236,-0.15612504992571485,-0.006472580883325479,-0.17260878009086034,-0.011236376197664202,-0.012989469352326694,-0.4031844739339965,-0.01903338170594132,-0.00793176308780285,0.00916401941705084,-0.006472580883325473,-0.004574210537410235,-0.009164019417050768,-0.014539294073726769,0.004574210537410089,-0.14202171525177182,-0.004574210537410233,0.24786503349591688,-0.004574210537410233,-0.004574210537410234,0.10289961387301477,-0.015945274060510543,-0.004574210537410235,-0.006472580883325481,-0.007931763087802851,-0.0102515181940737,-0.32464837451819184,-0.11840537352295316,0.37081346245025176,-0.00793176308780285,-0.00793176308780286,0.536018076948147,-0.0003577531195657876,-0.004574210537410233,-0.004574210537410233,-0.006472580883325474,-0.004574210537410233,-0.004574210537410233,-0.004574210537410233,-0.022693169945271735,-0.014539294073726769,0.35073297661519875,0.004574210537410323,0.007931763087802215,0.021715018679039695
iss_VIR,-0.061893396277394985,-0.14134160545364644,0.029387607964647382,-0.009631346660184725,0.2798356452530336,0.1805406060123638,-0.14589368520768092,0.021293487830660172,-0.041041658405290435,0.020618636119878946,0.01504823163572109,-5.9474763067677906e-05,0.015048231635721103,0.05554035096513322,-0.0643071194904659,0.006055535048807886,0.25856974232950614,0.005668318018366246,0.03115981895896319,-0.03704923701215163,-0.006790971076012181,-0.006790971076012181,-0.06039810081809116,0.02609390347224757,0.12834017634869063,0.015048231635721169,-0.007717484395627926,-0.006790971076012181,-0.006790971076012181,-0.006790971076012181,-0.10661229281201284,0.03696541520895686,-0.04730737283357155,-0.1319734440155653,-0.01518550295496421,0.015048231635721148,-0.16057823800695895,0.030147778676602403,-0.09645276673478761,0.01504823163572115,-0.10661229281201293,-0.12455673991617192,0.05672491970673232,0.24936341981758692,-0.07534352710129776,0.015048231635721143,-0.130647026908668,-0.07258805532333219,0.015048231635721172,0.03994999480067738,0.01504823163572115,-0.030147778676602593,-0.07534352710129773,0.015048231635721108,-0.03535638515199642,-0.026153073321390975,0.2514169723301515,0.015048231635721108,-0.13704332582426998,-0.015125161070744424,0.04273273869671517,0.021293487830660172,-0.03535638515199642,0.026093903472247493,-0.05944517620587557,-0.0046252382530942715,0.026093903472247534,-0.02861335876394487,0.037817181778802285,0.0567249197067322,0.04383868799610416,0.015048231635721193,0.07534352710129795,-0.01064684731134095,-0.08240941919753193,-0.07534352710129776,0.15067028164292856,0.030147778676602417,0.030147778676602437,0.10599001159537112,0.41042520906175517,-0.06347277758522185,0.05141978589499838,0.06972138176670092,0.1808968362691232,0.03994999480067732,0.06071139371083985,1.0,0.228244759977929,0.03238667670330935,0.04783134996780905,0.015048231635721113,-0.07534352710129774,0.015048231635721183,0.02129348783066015,0.060711393710839875,0.015048231635721132,-0.0766309212766616,0.015048231635721143,0.015048231635721132,0.05539549348554841,0.026093903472247562,0.02129348783066017,0.036068938262181535,-0.04265940249067643,-0.011382862182327229,0.01504823163572117,0.0212934878306602,0.03696541520895675,-0.13064702690866814,0.03491096137109369,0.12378088141659904,-0.0923449148775332,0.02129348783066015,-0.07625658772937965,0.015048231635721193,0.5328916149265084,0.021293487830660145,0.39775777831520004,-4.191090159744525e-05,-0.2139543923862748,0.29438601909738393,-0.31350592603086586,-0.07840005011502947,0.015125161070744242,0.021293487830660172,0.015048231635721176,-0.1509439803127848,0.04783134996780905,-0.015048231635721004,0.03121818139879262,0.015048231635721132,0.015048231635721113,-0.07534352710129774,0.015048231635721119,0.033725430681547125,-0.026317582657414525,-0.07534352710129774,0.021293487830660134,0.02609390347224764,-0.0067909710760122284,0.21192041610740903,-0.20521309082947764,0.03994999480067737,-0.07840005011502947,0.02609390347224749,0.00989722072037372,0.031811958922769654,0.015048231635721143,0.015048231635721143,0.021293487830660165,0.015048231635721143,0.015048231635721132,0.015048231635721132,0.027871765079995392,0.04783134996780905,0.0212934878306602,-0.015048231635721119,0.07840005011502983,0.04559310841900769
iucABCD_VIR,-0.03836489080068946,0.055790614478471265,-0.02887468460678141,-0.08072476227767948,0.13120702225758266,0.07019607630486273,0.01959586698032887,0.014726681196646553,-0.0800812580913012,-0.05614209515136888,0.010407431212535494,0.0016097975893401544,-0.10894012412082556,-0.08215621791685394,0.00478545342488894,0.03526398302191328,0.13408563641365492,-0.06289709772324871,0.13010364090713508,0.02556546346062357,0.02332467418285542,0.02332467418285542,-0.0987006942117156,0.01804667232854841,0.1371612009090513,0.010407431212535442,0.051383178239222976,0.02332467418285542,0.02332467418285542,0.02332467418285542,0.014726681196646513,0.025565463460623546,-0.08366590921174885,0.04743205928862219,-0.04856348751919928,0.010407431212535428,0.03606516785851647,0.020850352412351433,-0.15913825938935272,0.010407431212535435,-0.15415201356489772,-0.15659486881433848,0.007096559065609081,0.1759797151011812,0.010407431212535399,0.010407431212535451,-0.11992052824381727,0.006163653922410779,0.010407431212535461,0.02762961342529028,0.010407431212535415,0.03892517089968232,-0.10894012412082554,-0.10894012412082552,0.009568646895291988,0.018046672328548393,0.14790467665370163,-0.10894012412082552,-0.04556048087278913,0.020850352412351447,0.029554172827430832,-0.06971266618412536,0.009568646895291988,0.01804667232854855,-0.0014754857932218546,-0.037665873443636734,-0.11992052824381713,-0.06289709772324871,0.041996073684966585,-0.05717279124139459,0.11573582840873886,0.010407431212535404,-0.010407431212535387,-0.02955417282743059,0.040631570456111175,0.010407431212535435,0.09744107880841185,0.020850352412351468,-0.09870069421171557,-0.03136486192992081,0.19110833336847713,0.08203627294345527,0.05600703727085166,-0.14163744610491613,0.5162027096954052,-0.06289709772324868,-0.0783872470705913,0.228244759977929,1.0,0.03923123421911098,0.033080397527308694,0.010407431212535482,0.01040743121253545,0.010407431212535389,-0.06971266618412536,-0.07838724707059126,0.010407431212535479,0.10146118928267504,0.01040743121253545,0.010407431212535479,0.004086443967091378,-0.050936927957634576,-0.06971266618412532,0.16002763131241005,0.01472668119664655,0.053644084858477846,0.01040743121253545,0.014726681196646512,0.025565463460623678,-0.050936927957634645,0.00014270657307708797,0.09952597186271558,-0.05806674839021775,-0.06971266618412533,-0.004875802375962547,0.010407431212535402,0.2002386275713272,0.01472668119664661,0.19229804918037488,-0.023296666919745787,0.029554172827430766,0.13521625877178817,-0.07354331000573609,-0.11992052824381742,0.03892517089968182,0.014726681196646534,0.010407431212535399,0.0208503524123514,0.033080397527308694,-0.010407431212535196,0.1508890248164455,0.010407431212535456,0.010407431212535482,0.010407431212535446,0.010407431212535456,-0.03017061751444675,-0.03305974561522751,0.010407431212535418,0.0147266811966466,0.018046672328548372,0.02332467418285537,0.7843717603858049,0.002963988506389447,-0.1534238088717878,-0.11992052824381742,0.018046672328548532,-0.21519876192018658,0.13460531588738345,0.010407431212535435,0.010407431212535435,0.014726681196646565,0.010407431212535435,0.010407431212535479,0.010407431212535479,0.12143855617546151,0.033080397527308694,0.01472668119664651,-0.010407431212535404,-0.01804667232854791,0.027853358690168098
iutA_VIR,-0.022542346930101702,0.04014249753976834,-0.015515514426399911,0.07209543820080748,-0.06308459260733866,0.02050951946507775,-0.04097735498042476,-0.0060475737495120745,0.0029426829408831026,-0.02941293594788526,-0.0042738555252431285,0.1417108713365151,-0.0042738555252431285,-0.033342759032201644,-0.030765866011268347,0.08122970617288101,0.024703694900234965,-0.011346217292868466,0.0914902056478697,0.32058119356927306,0.3528947325506264,0.3528947325506264,-0.00856228516345732,-0.007410942111317475,0.00957837583503076,-0.00427385552524313,0.00113309349565173,0.3528947325506264,0.3528947325506264,0.3528947325506264,-0.00604757374951207,-0.01049856540343819,0.1112459936268551,0.030066928074121972,0.07738290019569662,-0.004273855525243131,0.03987677888636901,-0.00856228516345731,-0.024211136662820227,-0.00427385552524313,-0.006047573749512073,-0.013584604775387712,-0.01611047180667435,0.04574047047759986,-0.00427385552524313,-0.00427385552524313,-0.007410942111317483,-0.04763178952434339,-0.00427385552524313,-0.011346217292868466,-0.00427385552524313,0.008562285163457244,-0.004273855525243128,-0.004273855525243127,-0.016685525788918597,-0.007410942111317477,0.021890767946978803,-0.004273855525243127,0.05021211471022688,-0.008562285163457318,-0.012136545729014155,-0.006047573749512074,-0.016685525788918597,-0.007410942111317487,0.14922326783609774,-0.014255820872679322,-0.007410942111317482,0.09088551607042566,-0.012976703423153806,-0.016110471806674336,0.08533182558198057,-0.00427385552524313,0.004273855525243088,0.012136545729014245,-0.01668552578891858,0.26528431795973406,0.018309746370772283,-0.008562285163457316,-0.008562285163457313,0.012880112846311294,-0.12797189284746008,-0.06399621562984822,0.048755001851767524,-0.02800851041504027,-0.039220773556330676,-0.011346217292868457,-0.0172426722114216,0.03238667670330935,0.03923123421911098,1.0,-0.013584604775387704,-0.004273855525243128,-0.00427385552524313,-0.00427385552524313,-0.006047573749512072,-0.01724267221142159,-0.004273855525243131,-0.24659138152467902,-0.00427385552524313,-0.004273855525243131,0.09469755567730186,-0.007410942111317483,-0.006047573749512073,0.043494606638570986,-0.00604757374951207,7.509944220722751e-05,-0.00427385552524313,-0.00604757374951207,-0.010498565403438182,-0.00741094211131748,0.26384853975106726,0.15917847047483485,0.06552280684152778,-0.006047573749512073,0.2702984986208073,-0.00427385552524313,-0.11452610719873364,-0.006047573749512076,-0.12855042465197247,0.5413010328844143,-0.012136545729014153,0.02871763784570215,-0.01778359848168561,-0.007410942111317502,0.008562285163457216,-0.006047573749512073,-0.00427385552524313,-0.008562285163457311,-0.013584604775387704,0.004273855525243096,0.08993532030312247,-0.004273855525243131,-0.004273855525243128,-0.004273855525243131,-0.0042738555252431285,-0.009578375835030588,-0.014898264320734978,-0.00427385552524313,-0.0060475737495120745,-0.007410942111317495,-0.009578375835030581,-0.039840886019349334,0.036696314153145705,-0.011346217292868457,-0.007410942111317502,-0.007410942111317487,0.15869152187994745,0.0980502112963904,-0.004273855525243131,-0.004273855525243131,-0.0060475737495120745,-0.004273855525243131,-0.004273855525243131,-0.004273855525243131,0.0309734973892778,-0.013584604775387704,-0.006047573749512071,0.004273855525243063,0.00741094211131736,0.020289151931934295
kefB_STRESS,-0.019008063663799046,0.00922388220085724,-0.013082927297147743,0.08969072164948443,0.06632321662004016,0.003735186390383237,0.043504185164254396,-0.00509940988836191,0.014824994318324899,0.023864509268662484,-0.0036037826125912666,-0.012562452240076436,-0.0036037826125912666,-0.02811514206466612,0.4415479405134317,-0.05417748386011785,-0.04111158742193422,-0.009567309975082879,-0.015555179049361306,-0.008852556487835523,-0.008076638081766679,-0.008076638081766679,-0.007219854347874868,-0.006249023666322244,0.008076638081767356,-0.0036037826125912696,-0.05528826495436507,-0.008076638081766679,-0.008076638081766679,-0.008076638081766679,-0.005099409888361907,0.38198781245010305,-0.008076638081766684,0.04176538693782289,0.09569496643156321,-0.00360378261259127,0.05053283891007483,0.1521584303814627,-0.020415213575002398,-0.003603782612591269,-0.005099409888361909,-0.011454753722794963,-0.013584604775387697,-0.08652367614812842,-0.0036037826125912696,-0.0036037826125912705,-0.006249023666322244,-0.04016387869935562,-0.0036037826125912696,-0.009567309975082884,-0.00360378261259127,0.007219854347874577,-0.0036037826125912675,-0.003603782612591267,0.06875295370259832,-0.006249023666322244,-0.06669799778154199,-0.003603782612591267,0.05464270549649252,0.15215843038146287,-0.010233727419377827,-0.005099409888361909,0.06875295370259832,-0.006249023666322239,-0.012020733758016981,-0.012020733758016993,-0.006249023666322241,-0.00956730997508288,-0.050540230394449936,-0.013584604775387673,-0.021640707952248015,-0.0036037826125912683,0.003603782612591148,0.010233727419379125,-0.014069499393437584,-0.00360378261259127,0.015439067891325377,0.1521584303814628,-0.007219854347874873,0.010860714979622514,0.057354029236537506,0.03974238318288799,-0.05396759492210636,-0.023617219216262916,0.0051950273999584054,-0.009567309975082882,-0.014539294073726769,0.04783134996780905,0.033080397527308694,-0.013584604775387704,1.0,-0.0036037826125912675,-0.0036037826125912696,-0.00360378261259127,-0.005099409888361909,-0.014539294073726769,-0.00360378261259127,0.029665811079342054,-0.0036037826125912705,-0.00360378261259127,-0.03188957264458171,-0.006249023666322245,-0.005099409888361909,-0.009368724452015883,-0.005099409888361904,-0.0558526836190262,-0.0036037826125912696,-0.005099409888361904,-0.008852556487835533,-0.006249023666322245,-0.017502801623723002,-0.06819980713442746,-0.022064923362648443,-0.005099409888361909,-0.027315709965032204,-0.00360378261259127,0.062025266025286366,-0.005099409888361911,0.05716662397036027,-0.008852556487835532,-0.010233727419377827,0.024215166687729165,-0.014995411664964323,-0.006249023666322248,0.007219854347874884,-0.005099409888361909,-0.00360378261259127,-0.00721985434787487,1.0,0.0036037826125915385,-0.01706065743389551,-0.00360378261259127,-0.0036037826125912675,-0.00360378261259127,-0.003603782612591267,-0.008076638081766665,-0.012562452240076464,-0.003603782612591268,-0.005099409888361909,-0.0062490236663222485,-0.008076638081766674,0.038463622931355225,-0.021041873335134166,-0.009567309975082873,-0.006249023666322248,-0.006249023666322239,-0.016705092801218596,-0.027934970041320627,-0.00360378261259127,-0.00360378261259127,-0.00509940988836191,-0.00360378261259127,-0.00360378261259127,-0.00360378261259127,-0.004488647562600604,1.0,-0.0050994098883619075,0.003603782612591167,0.00624902366632291,0.017108133984563678
lnu(F)_AMR,-0.005980131130563731,-0.03777112150267144,-0.004116022662401912,-0.0036037826125912627,-0.05433666815704995,0.053430272093854696,-0.0535793644915627,-0.0016043264774504983,0.12699267896763566,-0.007802790652128056,-0.001133786848072563,-0.003952275889110014,-0.001133786848072563,-0.008845311088753369,-0.008161701781239865,-0.024154166597437278,-0.020512647843886466,-0.0030099735159615387,0.02913170599537283,-0.002785104762606753,-0.0025409929005580823,-0.0025409929005580823,-0.0022714399797645187,-0.001966006723439929,0.0025409929005579656,-0.0011337868480725615,-0.01739425331566743,-0.0025409929005580823,-0.0025409929005580823,-0.0025409929005580823,-0.001604326477450499,-0.002785104762606757,-0.0025409929005580827,-0.023004914407382906,-0.0034168919516781356,-0.001133786848072562,-0.02133809740564116,-0.002271439979764519,-0.006422834876626164,-0.0011337868480725635,-0.0016043264774505007,-0.003603782612591269,-0.004273855525243125,-0.027221232968073023,-0.0011337868480725633,-0.0011337868480725633,-0.001966006723439929,-0.01263596679716704,-0.0011337868480725615,-0.0030099735159615426,-0.001133786848072563,-0.499148935553253,-0.001133786848072563,-0.001133786848072563,-0.0044264083287128215,-0.001966006723439929,-0.0209838718942901,-0.001133786848072563,0.03751215602323303,-0.0022714399797645196,-0.0032196352561086384,-0.0016043264774504998,-0.0044264083287128215,-0.00196600672343993,-0.0037818457171648707,-0.0037818457171648764,-0.0019660067234399253,-0.0030099735159615413,-0.015900473108332727,0.26528431795973395,0.027544792330538435,-0.0011337868480725635,0.0011337868480726064,0.0032196352561083856,-0.004426408328712819,-0.001133786848072562,0.004857288577986071,-0.00227143997976452,-0.00227143997976452,0.0034168919516781556,-0.0628339919716654,-0.09067857345160336,-0.01697875702352514,0.15259131820691596,-0.09317322725916995,0.37667668571175866,0.24786503349591688,0.015048231635721113,0.010407431212535482,-0.004273855525243128,-0.0036037826125912675,1.0,-0.0011337868480725617,-0.001133786848072563,-0.0016043264774505,0.2478650334959168,-0.001133786848072562,-0.12147932186828916,-0.0011337868480725633,-0.001133786848072562,-0.010032785531723199,-0.001966006723439927,-0.0016043264774504987,-0.03674800806791947,-0.0016043264774504994,-0.01757182519710214,-0.0011337868480725615,-0.0016043264774504987,-0.002785104762606757,-0.001966006723439928,-0.005506560305847992,-0.021456356468322033,-0.006941850439283744,-0.001604326477450499,-0.008593801578350276,-0.001133786848072563,-0.05810184854543115,-0.0016043264774505,-0.06303997616615872,-0.0027851047626067573,-0.0032196352561086384,-0.14882336591213594,-0.004717709794083715,-0.001966006723439929,0.002271439979764715,-0.001604326477450499,-0.001133786848072563,-0.00227143997976452,-0.003603782612591268,0.001133786848072513,-0.039464325777161205,-0.0011337868480725624,1.0,-0.0011337868480725624,-0.001133786848072563,0.44619835333799845,-0.003952275889110023,-0.0011337868480725635,-0.001604326477450501,-0.00196600672343993,-0.0025409929005580784,-0.09369327010673971,-0.033557545102406716,-0.0030099735159615387,-0.001966006723439929,-0.00196600672343993,0.21572957752909858,-0.04358843768652304,-0.001133786848072562,-0.001133786848072562,-0.0016043264774504983,-0.001133786848072562,-0.001133786848072562,-0.001133786848072562,-0.035113525783370576,-0.003603782612591268,-0.001604326477450499,0.0011337868480726164,0.00196600672343983,0.00538239383224472
marR-R77C_AMR,-0.005980131130563734,0.03001729371452138,-0.004116022662401913,-0.0036037826125912623,0.020865961909838946,0.053430272093854696,0.02116088645006426,-0.0016043264774504987,-0.008927970157724686,-0.0078027906521280594,-0.0011337868480725615,-0.003952275889110014,-0.0011337868480725615,-0.008845311088753366,-0.008161701781239867,-0.0241541665974373,-0.020512647843886466,-0.0030099735159615374,-0.03891934266577601,-0.002785104762606754,-0.0025409929005580844,-0.0025409929005580844,-0.0022714399797645205,-0.00196600672343993,0.0025409929005579574,-0.0011337868480725624,-0.017394253315667425,-0.0025409929005580844,-0.0025409929005580844,-0.0025409929005580844,-0.0016043264774505002,-0.0027851047626067564,-0.002540992900558081,-0.023004914407382896,-0.003416891951678135,-0.0011337868480725626,-0.02133809740564116,-0.0022714399797645213,-0.006422834876626165,-0.0011337868480725643,-0.0016043264774504987,-0.0036037826125912705,-0.004273855525243129,0.04165082637521778,-0.0011337868480725643,-0.0011337868480725635,-0.0019660067234399305,-0.012635966797167024,-0.0011337868480725624,-0.0030099735159615417,-0.0011337868480725641,0.0022714399797644836,-0.0011337868480725617,-0.0011337868480725615,-0.0044264083287128215,-0.00196600672343993,-0.02098387189429011,-0.0011337868480725615,-0.03022451835000776,-0.00227143997976452,-0.003219635256108638,-0.0016043264774504987,-0.0044264083287128215,-0.001966006723439926,-0.003781845717164871,-0.0037818457171648777,-0.001966006723439926,-0.003009973515961539,-0.015900473108332733,-0.004273855525243115,-0.04116156820015491,-0.0011337868480725643,0.0011337868480726073,0.0032196352561083955,-0.004426408328712822,-0.0011337868480725626,0.004857288577986011,-0.0022714399797645205,-0.0022714399797645218,0.003416891951677996,-0.06283399197166539,0.0125033599991257,-0.01697875702352514,-0.0074302185825220425,0.012168590499917191,-0.0030099735159615404,-0.004574210537410232,-0.07534352710129774,0.01040743121253545,-0.00427385552524313,-0.0036037826125912696,-0.0011337868480725617,1.0,-0.0011337868480725641,-0.0016043264774504994,-0.004574210537410234,-0.0011337868480725626,0.009333167411831983,-0.0011337868480725641,-0.0011337868480725626,-0.010032785531723197,-0.001966006723439929,-0.0016043264774504998,-0.03674800806791947,-0.0016043264774504987,-0.017571825197102126,-0.0011337868480725624,-0.0016043264774505002,-0.0027851047626067556,-0.001966006723439928,-0.005506560305847989,-0.021456356468322044,-0.006941850439283744,-0.0016043264774504987,-0.00859380157835028,-0.0011337868480725641,-0.05810184854543117,-0.0016043264774504992,-0.06303997616615876,-0.002785104762606757,-0.0032196352561086406,0.00761833896931172,-0.0047177097940837185,-0.0019660067234399305,0.002271439979764631,-0.0016043264774504987,-0.001133786848072564,-0.002271439979764522,-0.0036037826125912696,0.0011337868480725138,-0.039464325777161226,-0.001133786848072563,-0.0011337868480725617,-0.001133786848072563,-0.0011337868480725617,-0.0025409929005580784,-0.00395227588911002,-0.0011337868480725643,-0.001604326477450499,-0.0019660067234399314,-0.00254099290055808,0.012101048952404965,0.033786346546286775,-0.0030099735159615395,-0.0019660067234399305,-0.001966006723439927,-0.005255592956045323,-0.04358843768652305,-0.0011337868480725626,-0.0011337868480725626,-0.0016043264774504987,-0.0011337868480725626,-0.0011337868480725626,-0.0011337868480725626,-0.03511352578337057,-0.0036037826125912696,-0.0016043264774505002,0.0011337868480726177,0.0019660067234397163,0.005382393832244631
marR-R94H_AMR,-0.005980131130563731,-0.03777112150267147,-0.004116022662401914,-0.0036037826125912627,0.02086596190983893,0.05343027209385475,-0.05357936449156272,-0.0016043264774505013,-0.008927970157724686,-0.00780279065212806,-0.0011337868480725628,-0.003952275889110013,-0.0011337868480725628,-0.008845311088753366,-0.00816170178123987,0.04693959708768647,0.05527257410653932,-0.0030099735159615395,-0.03891934266577602,-0.0027851047626067543,-0.0025409929005580853,-0.0025409929005580853,-0.00227143997976452,-0.0019660067234399297,0.002540992900558181,-0.0011337868480725641,-0.017394253315667435,-0.0025409929005580853,-0.0025409929005580853,-0.0025409929005580853,-0.0016043264774504996,-0.0027851047626067577,-0.0025409929005580836,-0.023004914407382913,-0.0034168919516781374,-0.0011337868480725641,-0.021338097405641174,-0.0022714399797645205,-0.006422834876626167,-0.001133786848072563,-0.0016043264774505005,-0.0036037826125912696,-0.004273855525243128,0.041650826375217755,-0.0011337868480725637,-0.001133786848072564,-0.0019660067234399297,-0.012635966797167036,-0.0011337868480725641,-0.0030099735159615434,-0.0011337868480725633,0.002271439979764586,-0.001133786848072563,-0.0011337868480725628,-0.004426408328712825,-0.0019660067234399292,0.05403134625412363,-0.0011337868480725628,-0.030224518350007768,-0.00227143997976452,-0.0032196352561086406,-0.0016043264774505007,-0.004426408328712825,-0.001966006723439928,-0.003781845717164875,-0.0037818457171648785,-0.0019660067234399284,-0.0030099735159615426,0.07130522723115677,-0.004273855525243121,-0.04116156820015492,-0.0011337868480725637,0.001133786848072566,0.0032196352561089207,-0.0044264083287128215,-0.0011337868480725641,0.004857288577986022,-0.0022714399797645213,-0.0022714399797645218,0.0034168919516781933,0.018044163875245003,0.012503359999125732,0.06677678739978603,-0.007430218582522049,0.01216859049991723,-0.0030099735159615404,-0.004574210537410236,0.015048231635721183,0.010407431212535389,-0.00427385552524313,-0.00360378261259127,-0.001133786848072563,-0.0011337868480725641,1.0,-0.0016043264774505005,-0.004574210537410236,-0.0011337868480725643,0.009333167411831954,-0.0011337868480725633,-0.0011337868480725643,-0.010032785531723203,-0.00196600672343993,-0.0016043264774505005,-0.03674800806791947,-0.0016043264774504987,-0.01757182519710214,-0.0011337868480725641,-0.0016043264774504996,-0.0027851047626067586,-0.00196600672343993,-0.005506560305847992,0.052841536714142164,-0.006941850439283748,-0.0016043264774505007,-0.008593801578350279,-0.0011337868480725637,0.019513782718737955,-0.001604326477450501,0.01798520426283419,-0.002785104762606757,-0.0032196352561086397,0.007618338969311694,-0.004717709794083718,-0.00196600672343993,0.002271439979764444,-0.0016043264774505005,-0.0011337868480725635,-0.002271439979764521,-0.00360378261259127,0.001133786848072771,-0.039464325777161226,-0.0011337868480725643,-0.001133786848072563,-0.0011337868480725641,-0.001133786848072563,-0.0025409929005580784,-0.003952275889110025,-0.001133786848072563,-0.0016043264774505007,-0.0019660067234399305,-0.002540992900558081,0.012101048952404981,-0.033557545102406716,-0.0030099735159615395,-0.00196600672343993,-0.001966006723439928,-0.005255592956045326,-0.04358843768652306,-0.0011337868480725641,-0.0011337868480725641,-0.0016043264774505013,-0.0011337868480725641,-0.0011337868480725643,-0.0011337868480725643,0.03228917697036036,-0.00360378261259127,-0.0016043264774504998,0.001133786848072605,0.0019660067234399574,0.00538239383224456
mchB_VIR,-0.008461980951445435,-0.0054858950089551215,-0.005824237730666518,-0.005099409888361901,-0.02368079165085346,-0.03002654515089062,0.029942991908818512,-0.0022701475595913773,-0.012633220202082397,-0.011041073251549238,-0.0016043264774505005,-0.00559253343418798,-0.0016043264774505005,-0.012516256300818653,-0.011548938224991654,-0.03417853106948283,-0.029025723939654285,-0.004259160543528209,-0.0550714907566799,-0.0039409676701749295,-0.003595545491032345,-0.003595545491032345,-0.003214123807901694,-0.0027819308775916545,0.003595545491032159,-0.001604326477450499,-0.024613145934129246,-0.003595545491032345,-0.003595545491032345,-0.003595545491032345,-0.0022701475595913773,-0.003940967670174933,-0.0035955454910323453,0.01859305160949623,-0.004834956621682307,-0.0016043264774504996,0.022496132580505545,-0.0032141238079016953,-0.009088413814625933,-0.001604326477450501,-0.002270147559591379,-0.005099409888361911,-0.006047573749512071,-0.03851847891318368,-0.0016043264774505007,-0.0016043264774505007,-0.002781930877591655,-0.017880094600976573,-0.001604326477450499,-0.004259160543528215,-0.0016043264774505005,0.003214123807901557,-0.0016043264774505,-0.0016043264774504998,-0.00626343840011355,-0.002781930877591655,-0.029692513488465175,-0.0016043264774504998,0.005156061784054456,-0.003214123807901695,-0.004555835250593441,-0.0022701475595913786,-0.00626343840011355,-0.002781930877591657,-0.005351372021994091,-0.005351372021994099,-0.0027819308775916514,-0.0042591605435282134,0.10089803407231607,-0.006047573749512064,-0.009633977542724421,-0.0016043264774505011,0.0016043264774505625,0.004555835250592972,-0.006263438400113546,-0.0016043264774504996,0.006873140826715795,-0.0032141238079016962,0.3515447914892471,0.004834956621682221,-0.03168916064677467,-0.05530958708657019,0.09449021946822138,0.10270263586985098,-0.057311426645166134,-0.004259160543528209,0.17213019786593695,0.02129348783066015,-0.06971266618412536,-0.006047573749512072,-0.005099409888361909,-0.0016043264774505,-0.0016043264774504994,-0.0016043264774505005,1.0,0.35073297661519887,-0.0016043264774504996,-0.07934429881798746,-0.0016043264774505007,-0.0016043264774504996,-0.014196551581532968,-0.0027819308775916527,-0.0022701475595913777,-0.05199901766117029,-0.0022701475595913777,-0.024864412979183348,-0.001604326477450499,-0.0022701475595913773,-0.003940967670174933,-0.0027819308775916536,0.14177816866910425,0.07477161743742965,0.11064325573378136,0.4988649262202049,0.08726188802509514,-0.0016043264774505005,-0.02730136437224085,-0.0022701475595913794,-0.031876610503498264,-0.003940967670174934,-0.00455583525059344,0.010780071177785885,-0.006675634620778075,-0.0027819308775916553,0.003214123807901881,-0.0022701475595913773,-0.0016043264774505002,-0.0032141238079016967,-0.00509940988836191,0.0016043264774504298,-0.05584265055346621,-0.0016043264774505002,-0.0016043264774505,-0.0016043264774505002,-0.0016043264774505,-0.003595545491032338,-0.0055925334341879905,-0.001604326477450501,-0.002270147559591379,-0.002781930877591656,-0.0035955454910323406,-0.05772714729158592,0.0001618788465925925,0.2643721794518581,-0.0027819308775916553,-0.0027819308775916558,0.14891202294289,-0.012436047592740841,-0.0016043264774504996,-0.0016043264774504996,-0.0022701475595913773,-0.0016043264774504996,-0.0016043264774504996,-0.0016043264774504996,-0.04968619915345573,-0.00509940988836191,-0.0022701475595913777,0.0016043264774505761,0.002781930877591399,0.007616173138554253
mchF_VIR,-0.02412656213028221,-0.13529276428637235,-0.016605902834897907,-0.014539294073726734,-0.10544319831379993,0.1779153586476108,-0.08424142933797414,-0.0064725808833254765,0.03252621343654815,-0.03147999756995418,-0.004574210537410231,0.20404967899309584,-0.004574210537410231,-0.0011347521292766922,-0.032928007900615515,-0.04366927336951263,-0.02542883374586798,-0.012143598770300624,-0.13985898549512565,-0.011236376197664185,-0.010251518194073718,-0.010251518194073718,-0.009164019417050766,-0.007931763087802845,0.010251518194073515,-0.004574210537410231,-0.07017630954369361,-0.010251518194073718,-0.010251518194073718,-0.010251518194073718,-0.006472580883325475,-0.011236376197664186,-0.010251518194073725,0.05301198589574109,0.1552760014037046,-0.004574210537410235,0.0641403406021522,-0.009164019417050766,0.11247962129361,-0.004574210537410236,-0.0064725808833254765,-0.01453929407372677,-0.01724267221142158,-0.040357520345503294,-0.0045742105374102365,0.24786503349591688,-0.007931763087802841,-0.05097922292203919,-0.004574210537410231,-0.012143598770300638,-0.0045742105374102365,-0.37014047176681614,-0.004574210537410232,-0.004574210537410232,-0.017858139432909294,-0.007931763087802841,-0.008997103487061408,-0.004574210537410232,0.014700818365623293,-0.009164019417050766,-0.01298946935232669,-0.0064725808833254765,-0.017858139432909294,-0.007931763087802841,-0.015257681423738081,-0.0152576814237381,0.13797962871490368,-0.012143598770300629,0.04579632749185136,0.9343373004564074,-0.027468125853743683,-0.004574210537410236,0.00457421053741033,0.01298946935232598,-0.017858139432909308,-0.004574210537410235,0.01959650584625954,-0.009164019417050764,0.37014047176681575,0.01378529235643221,-0.1515323389497964,-0.18371481013137542,0.037096199004249854,0.37352280232944596,-0.2962161923115734,0.3708134624502513,0.8726931949250286,0.060711393710839875,-0.07838724707059126,-0.01724267221142159,-0.014539294073726769,0.2478650334959168,-0.004574210537410234,-0.004574210537410236,0.35073297661519887,1.0,-0.004574210537410236,-0.32517865804407314,-0.0045742105374102365,-0.004574210537410236,0.052598769573215465,-0.007931763087802841,-0.006472580883325475,-0.1482581368966058,-0.006472580883325474,-0.07089271507669757,-0.004574210537410231,-0.006472580883325475,-0.011236376197664181,-0.00793176308780284,0.031090273701295384,0.06331102818973684,0.05786080422924041,0.3507329766151988,0.0007624474490064538,-0.0045742105374102365,-0.13655400803411827,-0.006472580883325477,-0.1521780089353334,-0.011236376197664207,-0.012989469352326696,-0.3242898721647508,-0.019033381705941318,-0.007931763087802851,0.009164019417050829,-0.006472580883325476,-0.0045742105374102365,-0.009164019417050768,-0.014539294073726769,0.004574210537410055,-0.15921699491272265,-0.004574210537410235,0.2478650334959168,-0.004574210537410235,-0.004574210537410234,0.1028996138730148,-0.015945274060510543,-0.004574210537410236,-0.00647258088332548,-0.007931763087802853,-0.01025151819407371,-0.29797198193494573,-0.1184053735229532,0.3708134624502517,-0.007931763087802851,-0.007931763087802841,0.4802959246117666,-0.017907531151599133,-0.004574210537410235,-0.004574210537410235,-0.006472580883325478,-0.004574210537410235,-0.004574210537410236,-0.004574210537410236,-0.005697352250890966,-0.014539294073726769,0.17213019786593678,0.004574210537410342,0.007931763087802107,0.021715018679039723
mcr_AMR,-0.005980131130563734,-0.03777112150267145,-0.004116022662401914,-0.003603782612591263,0.02086596190983895,0.05343027209385471,-0.05357936449156269,0.7067058133169439,-0.008927970157724688,-0.00780279065212806,-0.001133786848072562,-0.003952275889110013,-0.001133786848072562,-0.008845311088753367,0.13891549562355213,-0.024154166597437302,-0.020512647843886473,-0.0030099735159615382,0.02913170599537285,-0.0027851047626067543,-0.0025409929005580853,-0.0025409929005580853,-0.002271439979764521,-0.00196600672343993,0.0025409929005581074,-0.0011337868480725628,-0.017394253315667428,-0.0025409929005580853,-0.0025409929005580853,-0.0025409929005580853,-0.0016043264774505005,-0.002785104762606757,-0.0025409929005580823,0.04928454972684879,-0.0034168919516781356,-0.0011337868480725626,0.053134392749225046,-0.0022714399797645213,-0.006422834876626167,-0.0011337868480725646,-0.001604326477450499,-0.0036037826125912705,-0.004273855525243132,-0.02722123296807303,-0.0011337868480725643,-0.0011337868480725637,-0.0019660067234399305,-0.012635966797167024,-0.0011337868480725628,-0.003009973515961543,-0.0011337868480725641,0.0022714399797645365,-0.001133786848072562,-0.0011337868480725617,-0.004426408328712822,-0.0019660067234399305,-0.020983871894290112,-0.0011337868480725617,-0.030224518350007765,-0.0022714399797645205,-0.003219635256108639,-0.0016043264774504992,-0.004426408328712822,-0.0019660067234399266,-0.0037818457171648725,-0.0037818457171648785,-0.0019660067234399266,-0.0030099735159615404,-0.015900473108332737,-0.0042738555252431155,0.02754479233053841,-0.0011337868480725646,0.0011337868480726075,0.0032196352561084775,-0.004426408328712823,-0.0011337868480725626,0.004857288577986005,-0.002271439979764521,-0.0022714399797645218,0.003416891951677825,0.01804416387524506,0.012503359999125756,-0.016978757023525144,-0.007430218582522043,0.012168590499917187,-0.003009973515961541,-0.004574210537410233,0.015048231635721132,0.010407431212535479,-0.004273855525243131,-0.00360378261259127,-0.001133786848072562,-0.0011337868480725626,-0.0011337868480725643,-0.0016043264774504996,-0.004574210537410236,1.0,0.009333167411831968,-0.0011337868480725643,1.0,0.11300818147538215,0.5766953055423788,-0.0016043264774505,-0.036748008067919474,-0.001604326477450499,-0.01757182519710213,-0.0011337868480725628,-0.0016043264774505005,-0.002785104762606756,-0.001966006723439929,-0.005506560305847991,-0.021456356468322047,-0.006941850439283745,-0.0016043264774504992,-0.008593801578350279,-0.0011337868480725643,0.019513782718737802,-0.0016043264774504994,0.01798520426283427,-0.002785104762606757,-0.0032196352561086414,0.007618338969311744,-0.0047177097940837185,-0.001966006723439931,0.002271439979764444,-0.0016043264774504992,-0.0011337868480725641,-0.0022714399797645226,-0.00360378261259127,0.001133786848072514,0.028729411328970587,-0.0011337868480725628,-0.001133786848072562,-0.0011337868480725626,-0.001133786848072562,-0.002540992900558079,-0.003952275889110021,-0.0011337868480725646,-0.0016043264774504992,-0.001966006723439932,-0.0025409929005580805,0.012101048952405,-0.03355754510240673,-0.0030099735159615395,-0.001966006723439931,-0.0019660067234399266,-0.005255592956045323,0.02601118342957076,-0.0011337868480725626,-0.0011337868480725626,0.7067058133169439,-0.0011337868480725626,1.0,1.0,0.03228917697036031,-0.00360378261259127,-0.0016043264774505005,0.001133786848072618,0.001966006723439488,0.005382393832244671
mdtM_AMR,0.04922756431788063,0.02748542342309583,0.03388249620675864,-0.011913413020751709,0.3785073843406341,0.00885934812527134,-0.02770503288180018,0.013206580780801096,-0.06858611558277034,0.024219893999733684,0.009333167411831976,-0.1574655331786097,0.009333167411831983,-0.016707926622868925,0.06718593465716723,0.06878168495414279,0.14905226258671433,-0.024833846669010118,0.1336495753271448,-0.19129739947282687,-0.21361984709087792,-0.21361984709087792,0.01869816150461615,0.016183879636499157,-0.02091708170146912,0.009333167411831962,-0.1265563422144599,-0.21361984709087792,-0.21361984709087792,-0.21361984709087792,0.01320658078080109,0.0229265748258492,-0.03771715049661761,0.0571339133070356,-0.10328245518046601,0.009333167411831956,0.039419508401571664,0.01869816150461616,-0.13836556975229905,0.009333167411831976,0.013206580780801114,-0.09507186122093961,0.03518175323596997,0.15208822665966087,0.009333167411831956,-0.12147932186828922,0.016183879636499154,0.1040174294919697,-0.1214793218682892,0.02477766149555093,0.009333167411831971,0.17785513145462292,0.009333167411831971,0.009333167411831954,0.036437545589133556,0.01618387963649915,0.1335289055887819,0.009333167411831954,-0.060973071786938414,0.018698161504616135,0.026503566257963213,-0.07934429881798748,0.036437545589133556,-0.21064732225284566,-0.08786927932753355,0.03113160049794518,-0.2106473222528457,-0.024833846669010184,0.03973296284874328,-0.31703466521484114,0.12337668945554911,0.009333167411831947,-0.00933316741183195,-0.026503566257962848,0.036437545589133584,-0.12147932186828919,0.022284124238804843,0.018698161504616163,-0.24337289577436919,-0.028127354508801,0.46440077081711695,0.5577019517811631,-0.00250357913506118,-0.7961090007988604,0.3127625284469989,-0.17366837116269332,-0.3581634662063828,-0.0766309212766616,0.10146118928267504,-0.24659138152467902,0.029665811079342054,-0.12147932186828916,0.009333167411831983,0.009333167411831954,-0.07934429881798746,-0.32517865804407314,0.009333167411831968,1.0,0.009333167411831976,0.009333167411831975,-0.07818224983116318,-0.05942652099328259,-0.07934429881798741,0.17884161797546927,0.01320658078080111,-0.12352296259686993,0.009333167411831964,0.013206580780801072,-0.030629418748819776,0.016183879636499157,-0.12040861655105022,0.05042047553857258,-0.0763435712908305,-0.17189517841677643,-0.11287259059879273,0.00933316741183196,0.42757793681542267,-0.17189517841677648,0.4660003482092133,-0.2448533930474961,0.02650356625796324,0.284789944493938,0.038835496622205215,0.016183879636499178,-0.018698161504616385,0.013206580780801093,0.00933316741183196,0.018698161504616125,0.029665811079342057,-0.009333167411831758,0.16447573613687305,0.009333167411831987,-0.12147932186828916,0.009333167411831968,0.009333167411831945,-0.03771715049661749,0.03253455673217514,0.009333167411831943,0.013206580780801096,0.016183879636499143,0.020917081701469317,0.2459745677746727,-0.022940343523545875,-0.22327987932725468,0.016183879636499178,0.016183879636499213,-0.5631092558548377,0.1314589196961966,0.009333167411831962,0.009333167411831962,0.013206580780801107,0.009333167411831962,0.009333167411831975,0.009333167411831975,0.14813532686472636,0.029665811079342057,-0.17189517841677643,-0.009333167411831959,-0.016183879636498526,0.012147683819628595
merA_STRESS,0.18959230547268716,0.030017293714521404,-0.004116022662401915,0.31461022207921757,0.02086596190983896,-0.021219934011958094,0.021160886450064212,-0.0016043264774505015,-0.008927970157724688,-0.007802790652128063,-0.0011337868480725628,-0.003952275889110015,-0.0011337868480725628,-0.008845311088753369,0.13891549562355213,-0.024154166597437306,-0.020512647843886466,0.37667668571175855,0.029131705995372903,-0.0027851047626067543,-0.0025409929005580844,-0.0025409929005580844,-0.00227143997976452,-0.0019660067234399292,0.0025409929005580745,-0.0011337868480725643,-0.017394253315667435,-0.0025409929005580844,-0.0025409929005580844,-0.0025409929005580844,-0.0016043264774504996,-0.0027851047626067573,-0.0025409929005580836,0.049284549726848835,-0.0034168919516781387,-0.0011337868480725643,0.0531343927492251,0.49914893555325324,-0.006422834876626166,-0.0011337868480725637,-0.0016043264774505007,-0.00360378261259127,-0.0042738555252431285,-0.027221232968073026,-0.0011337868480725637,-0.0011337868480725641,-0.0019660067234399297,-0.01263596679716704,-0.0011337868480725643,-0.0030099735159615434,-0.0011337868480725633,0.0022714399797645604,-0.0011337868480725633,-0.001133786848072563,-0.004426408328712825,-0.001966006723439929,0.05403134625412367,-0.001133786848072563,-0.03022451835000778,-0.0022714399797645205,-0.0032196352561086406,-0.001604326477450501,-0.004426408328712825,-0.0019660067234399284,-0.0037818457171648738,-0.003781845717164878,-0.001966006723439929,0.3766766857117586,-0.015900473108332737,-0.004273855525243121,0.02754479233053844,-0.0011337868480725637,0.0011337868480725205,0.0032196352561085647,-0.004426408328712822,-0.0011337868480725643,0.004857288577985992,0.4991489355532531,-0.0022714399797645218,0.0034168919516779214,0.01804416387524502,0.01250335999912578,-0.016978757023525144,-0.00743021858252205,0.012168590499917236,-0.0030099735159615417,-0.0045742105374102365,0.015048231635721143,0.01040743121253545,-0.00427385552524313,-0.0036037826125912705,-0.0011337868480725633,-0.0011337868480725641,-0.0011337868480725633,-0.0016043264774505007,-0.0045742105374102365,-0.0011337868480725643,0.009333167411831976,1.0,-0.0011337868480725646,0.1130081814753821,0.576695305542379,0.7067058133169442,-0.03674800806791946,-0.0016043264774504985,-0.017571825197102143,-0.0011337868480725646,-0.0016043264774504996,-0.0027851047626067577,-0.0019660067234399305,-0.005506560305847992,-0.021456356468322047,-0.00694185043928375,-0.001604326477450501,-0.008593801578350279,-0.0011337868480725633,0.01951378271873787,-0.0016043264774505011,0.01798520426283425,-0.0027851047626067577,-0.0032196352561086384,0.007618338969311727,-0.0047177097940837185,-0.00196600672343993,0.0022714399797642802,-0.001604326477450501,-0.001133786848072563,-0.002271439979764521,-0.0036037826125912705,0.0011337868480725132,0.028729411328970608,-0.0011337868480725646,-0.0011337868480725635,-0.0011337868480725646,-0.0011337868480725635,-0.0025409929005580784,-0.003952275889110026,-0.0011337868480725635,-0.0016043264774505011,-0.0019660067234399305,-0.002540992900558081,0.012101048952405016,0.03378634654628681,-0.0030099735159615387,-0.00196600672343993,-0.0019660067234399284,-0.005255592956045327,0.026011183429570702,-0.0011337868480725646,-0.0011337868480725646,-0.0016043264774505018,-0.0011337868480725646,-0.0011337868480725646,-0.0011337868480725646,0.0322891769703603,-0.0036037826125912705,-0.0016043264774504998,0.0011337868480726166,0.0019660067234398867,0.005382393832244643
merB_STRESS,-0.005980131130563734,-0.03777112150267145,-0.004116022662401914,-0.003603782612591263,0.02086596190983895,0.05343027209385471,-0.05357936449156269,0.7067058133169439,-0.008927970157724688,-0.00780279065212806,-0.001133786848072562,-0.003952275889110013,-0.001133786848072562,-0.008845311088753367,0.13891549562355213,-0.024154166597437302,-0.020512647843886473,-0.0030099735159615382,0.02913170599537285,-0.0027851047626067543,-0.0025409929005580853,-0.0025409929005580853,-0.002271439979764521,-0.00196600672343993,0.0025409929005581074,-0.0011337868480725628,-0.017394253315667428,-0.0025409929005580853,-0.0025409929005580853,-0.0025409929005580853,-0.0016043264774505005,-0.002785104762606757,-0.0025409929005580823,0.04928454972684879,-0.0034168919516781356,-0.0011337868480725626,0.053134392749225046,-0.0022714399797645213,-0.006422834876626167,-0.0011337868480725646,-0.001604326477450499,-0.0036037826125912705,-0.004273855525243132,-0.02722123296807303,-0.0011337868480725643,-0.0011337868480725637,-0.0019660067234399305,-0.012635966797167024,-0.0011337868480725628,-0.003009973515961543,-0.0011337868480725641,0.0022714399797645365,-0.001133786848072562,-0.0011337868480725617,-0.004426408328712822,-0.0019660067234399305,-0.020983871894290112,-0.0011337868480725617,-0.030224518350007765,-0.0022714399797645205,-0.003219635256108639,-0.0016043264774504992,-0.004426408328712822,-0.0019660067234399266,-0.0037818457171648725,-0.0037818457171648785,-0.0019660067234399266,-0.0030099735159615404,-0.015900473108332737,-0.0042738555252431155,0.02754479233053841,-0.0011337868480725646,0.0011337868480726075,0.0032196352561084775,-0.004426408328712823,-0.0011337868480725626,0.004857288577986005,-0.002271439979764521,-0.0022714399797645218,0.003416891951677825,0.01804416387524506,0.012503359999125756,-0.016978757023525144,-0.007430218582522043,0.012168590499917187,-0.003009973515961541,-0.004574210537410233,0.015048231635721132,0.010407431212535479,-0.004273855525243131,-0.00360378261259127,-0.001133786848072562,-0.0011337868480725626,-0.0011337868480725643,-0.0016043264774504996,-0.004574210537410236,1.0,0.009333167411831975,-0.0011337868480725646,1.0,0.11300818147538215,0.5766953055423788,-0.0016043264774505,-0.036748008067919474,-0.001604326477450499,-0.01757182519710213,-0.0011337868480725628,-0.0016043264774505005,-0.002785104762606756,-0.001966006723439929,-0.005506560305847991,-0.021456356468322047,-0.006941850439283745,-0.0016043264774504992,-0.008593801578350279,-0.0011337868480725643,0.019513782718737802,-0.0016043264774504994,0.01798520426283427,-0.002785104762606757,-0.0032196352561086414,0.007618338969311744,-0.0047177097940837185,-0.001966006723439931,0.002271439979764444,-0.0016043264774504992,-0.0011337868480725641,-0.0022714399797645226,-0.00360378261259127,0.001133786848072514,0.028729411328970587,-0.0011337868480725628,-0.001133786848072562,-0.0011337868480725626,-0.001133786848072562,-0.002540992900558079,-0.003952275889110021,-0.0011337868480725646,-0.0016043264774504992,-0.001966006723439932,-0.0025409929005580805,0.012101048952405,-0.03355754510240673,-0.0030099735159615395,-0.001966006723439931,-0.0019660067234399266,-0.005255592956045323,0.02601118342957076,-0.0011337868480725626,-0.0011337868480725626,0.7067058133169439,-0.0011337868480725626,1.0,1.0,0.03228917697036031,-0.00360378261259127,-0.0016043264774505005,0.001133786848072618,0.001966006723439488,0.005382393832244671
merCPRT_STRESS,0.16340784537680014,0.04900657370710814,-0.0020623762169747996,0.320091585419989,-0.2220299502322433,-0.004280801999612121,0.08620824504437578,0.07285591401911712,-0.02888826043282994,-0.05022901261169059,-0.010032785531723194,0.28670869630494866,-0.010032785531723194,-0.04459029853690255,-0.0360701678616002,0.17071350117647974,-0.1163158276033778,0.2533496340344064,0.13233027906235792,-0.02464516043215392,-0.022485034865476723,-0.022485034865476723,-0.02009978348567034,-0.017397030000595212,-0.0878165528357233,0.11300818147538212,0.15054122635669803,-0.022485034865476723,-0.022485034865476723,-0.022485034865476723,-0.01419655158153296,-0.024645160432153944,0.1981181405369226,-0.01699423301179618,0.09336700810044313,-0.010032785531723199,-0.014916041510251402,0.10315097219382198,0.010618391539560788,-0.010032785531723204,0.1599083796197671,0.0463284624808784,-0.004689855174192829,-0.14776906036899268,-0.010032785531723206,-0.010032785531723203,-0.017397030000595223,-0.04891177220835545,-0.0100327855317232,-0.02663500533027551,-0.010032785531723203,0.02009978348567012,0.11300818147538205,-0.010032785531723192,0.0569037353877367,-0.01739703000059521,-0.10270910897072448,-0.010032785531723192,0.1654430050787973,-0.020099783485670344,0.14621055794375012,0.1599083796197671,0.0569037353877367,-0.017397030000595212,0.07846584271272088,0.04115548239213258,-0.0173970300005952,0.2533496340344064,-0.0763956317203104,0.06156841872680357,0.12552385183225195,0.11300818147538215,0.010032785531723203,-0.015184926011073975,-0.039168919196147546,-0.010032785531723199,-0.07415677210939672,0.16477635003356808,0.10315097219382202,0.030235792728179205,-0.2578110716269942,-0.3458829813552373,-0.06789407032982332,0.012918239862013754,-0.008841277745774135,-0.02663500533027543,0.05259876957321543,0.05539549348554841,0.004086443967091378,0.09469755567730186,-0.03188957264458171,-0.010032785531723199,-0.010032785531723197,-0.010032785531723203,-0.014196551581532968,0.052598769573215465,0.11300818147538215,-0.07818224983116318,0.1130081814753821,0.11300818147538215,1.0,0.1959582129233712,0.15990837961976703,0.07361715414550345,-0.014196551581532954,0.14719599112812962,-0.010032785531723199,-0.01419655158153296,-0.024645160432153916,-0.01739703000059517,-0.022745195548555877,-0.10768352929531035,-0.06142785724585764,-0.014196551581532962,-0.024233742330612585,-0.010032785531723206,-0.2470439890122517,-0.014196551581532971,-0.25909172184248674,0.12647759416223434,0.015184926011072844,-0.04794758839641447,-0.011630390505437977,-0.017397030000595233,0.020099783485670625,-0.01419655158153296,-0.0100327855317232,-0.020099783485670333,-0.03188957264458171,0.010032785531722812,0.12850735739302827,-0.010032785531723199,-0.010032785531723196,-0.010032785531723199,0.11300818147538212,-0.022485034865476674,0.03651154088197989,-0.010032785531723204,0.07285591401911713,-0.017397030000595236,-0.02248503486547669,-0.009939465579602963,0.1086090788437008,0.06669320779128501,-0.017397030000595233,-0.017397030000595202,0.06213143922969465,0.15318564164161963,-0.010032785531723199,-0.010032785531723199,0.07285591401911712,-0.010032785531723199,0.11300818147538215,0.11300818147538215,0.09519450622682803,-0.03188957264458171,-0.01419655158153296,0.010032785531723308,0.017397030000594157,0.04762835541617096
merD_STRESS,0.10267238262817567,-0.02631369277866493,-0.007137257097195906,0.17768057291242925,-0.00728561756166735,0.04950078452907731,-0.049707266966669966,0.406625563274647,-0.015481260332660384,0.07496721343527546,-0.001966006723439928,-0.006853317256315986,-0.001966006723439928,-0.015337928024980874,0.15587046104137633,-0.0418837579659513,-0.035569299154593344,0.43370296856145574,0.05051490052962139,-0.004829421595494658,-0.004406127249758505,-0.004406127249758505,-0.003938717651998646,-0.0034090909090909076,0.004406127249758449,-0.0019660067234399284,-0.030161947129616735,-0.004406127249758505,-0.004406127249758505,-0.004406127249758505,-0.0027819308775916545,-0.004829421595494656,-0.00440612724975851,0.0436765505805801,-0.005924951909335489,-0.0019660067234399292,0.049090445322151656,0.2858852562409012,-0.011137310837974515,-0.0019660067234399314,-0.0027819308775916523,-0.006249023666322253,-0.007410942111317487,-0.047202106045360494,-0.001966006723439931,-0.00196600672343993,-0.0034090909090909076,-0.02191099299010756,-0.0019660067234399284,-0.005219348045725252,-0.00196600672343993,0.003938717651998625,-0.001966006723439927,-0.0019660067234399266,-0.007675471407816987,-0.0034090909090909076,0.006972834325512433,-0.0019660067234399266,-0.052409856746764724,-0.003938717651998642,-0.005582905262390834,0.4066255632746469,-0.007675471407816987,-0.003409090909090903,-0.006557788282337515,-0.006557788282337519,-0.003409090909090903,0.2142418102578649,-0.027571705466508716,-0.007410942111317476,0.047763163781319035,-0.001966006723439931,0.0019660067234399587,0.0055829052623905485,-0.007675471407816986,-0.0019660067234399292,-0.12930289866119646,0.2858852562409013,-0.0039387176519986395,0.0059249519093350885,-0.015459153770419044,-0.03795872379643524,-0.029441469109162784,0.07960927241716582,-0.03978764614969739,-0.005219348045725246,-0.00793176308780284,0.026093903472247562,-0.050936927957634576,-0.007410942111317483,-0.006249023666322245,-0.001966006723439927,-0.001966006723439929,-0.00196600672343993,-0.0027819308775916527,-0.007931763087802841,0.5766953055423788,-0.05942652099328259,0.576695305542379,0.5766953055423788,0.1959582129233712,1.0,0.8160330574268845,-0.06372170488427698,-0.002781930877591653,-0.030469859955901478,-0.0019660067234399292,-0.002781930877591654,-0.004829421595494655,-0.003409090909090905,-0.00954847430337426,-0.037205706830130074,-0.012037293129610195,-0.002781930877591653,-0.014901806024357792,-0.0019660067234399305,-0.01102504963750099,-0.0027819308775916536,-0.01564637188265381,-0.004829421595494656,-0.0055829052623908295,-0.07721390405509115,-0.008180593371826974,-0.003409090909090914,0.003938717651998481,-0.002781930877591653,-0.0019660067234399305,-0.003938717651998641,-0.006249023666322245,0.0019660067234398395,0.010400926744644476,-0.0019660067234399292,-0.0019660067234399275,-0.0019660067234399292,-0.0019660067234399275,-0.004406127249758499,-0.0068533172563159895,-0.0019660067234399305,-0.0027819308775916527,-0.0034090909090909107,-0.004406127249758509,-0.040166312860002294,-0.01926421303024199,-0.00521934804572525,-0.003409090909090914,-0.0034090909090909046,-0.009113292418953279,0.004874861468764871,-0.0019660067234399292,-0.0019660067234399292,0.406625563274647,-0.0019660067234399292,0.5766953055423788,0.5766953055423788,0.017030846777131615,-0.006249023666322245,-0.002781930877591653,0.0019660067234400285,0.003409090909090456,0.009333167411832006
merE_STRESS,0.12990707793978243,-0.005485895008955131,-0.005824237730666516,0.22003953668281612,-0.02368079165085345,0.022789071120496673,-0.022936331802154944,-0.0022701475595913777,-0.012633220202082395,0.09728412320531722,-0.0016043264774504976,-0.005592533434187971,-0.0016043264774504976,-0.01251625630081865,0.09250935210835151,-0.03417853106948283,-0.029025723939654274,0.5330035194472446,0.04122182872480185,-0.003940967670174927,-0.003595545491032345,-0.003595545491032345,-0.0032141238079016945,-0.0027819308775916545,0.003595545491032259,-0.0016043264774504992,-0.02461314593412922,-0.003595545491032345,-0.003595545491032345,-0.003595545491032345,-0.002270147559591377,-0.003940967670174931,-0.0035955454910323427,0.018593051609496206,-0.004834956621682303,-0.0016043264774505,0.022496132580505562,0.35154479148924694,-0.009088413814625926,-0.0016043264774505005,-0.002270147559591377,-0.005099409888361907,-0.006047573749512072,-0.03851847891318367,-0.0016043264774505007,-0.0016043264774505007,-0.002781930877591654,-0.01788009460097655,-0.0016043264774504992,-0.0042591605435282134,-0.0016043264774505005,0.0032141238079016602,-0.0016043264774504987,-0.0016043264774504983,-0.006263438400113545,-0.0027819308775916545,0.0233813517146011,-0.0016043264774504983,-0.04276817564036741,-0.003214123807901694,-0.004555835250593439,0.4988649262202047,-0.006263438400113545,-0.0027819308775916506,-0.0053513720219940915,-0.005351372021994096,-0.0027819308775916514,0.2643721794518583,-0.022499423110308673,-0.0060475737495120545,0.03897632057285075,-0.0016043264774505007,0.0016043264774505007,0.004555835250593207,-0.006263438400113546,-0.0016043264774505,-0.16170973000634017,0.3515447914892471,-0.0032141238079016962,0.004834956621682006,-0.03168916064677463,-0.05530958708657,-0.024025212052289278,0.10270263586985089,-0.05731142664516607,-0.004259160543528209,-0.006472580883325475,0.02129348783066017,-0.06971266618412532,-0.006047573749512073,-0.005099409888361909,-0.0016043264774504987,-0.0016043264774504998,-0.0016043264774505005,-0.0022701475595913777,-0.006472580883325475,-0.0016043264774505,-0.07934429881798741,0.7067058133169442,-0.0016043264774505,0.15990837961976703,0.8160330574268845,1.0,-0.05199901766117026,-0.002270147559591375,-0.02486441297918332,-0.0016043264774504992,-0.002270147559591377,-0.00394096767017493,-0.0027819308775916523,-0.007791870679544565,-0.030361086698319373,-0.009822829115699462,-0.0022701475595913773,-0.012160366331239056,-0.0016043264774505005,-0.02730136437224078,-0.0022701475595913777,-0.031876610503498305,-0.00394096767017493,-0.004555835250593439,-0.09990368289180648,-0.0066756346207780745,-0.002781930877591655,0.0032141238079015405,-0.002270147559591377,-0.0016043264774505,-0.0032141238079016953,-0.005099409888361908,0.0016043264774504291,-0.007595037599737567,-0.0016043264774505,-0.0016043264774504987,-0.0016043264774505,-0.0016043264774504987,-0.0035955454910323362,-0.005592533434187986,-0.0016043264774505005,-0.0022701475595913773,-0.0027819308775916553,-0.00359554549103234,-0.05772714729158591,0.00016187884659258638,-0.004259160543528206,-0.002781930877591655,-0.0027819308775916514,-0.007436747875863718,-0.012436047592740912,-0.0016043264774505,-0.0016043264774505,-0.0022701475595913777,-0.0016043264774505,-0.0016043264774505,-0.0016043264774505,-0.0019982493137803052,-0.005099409888361908,-0.0022701475595913773,0.0016043264774505757,0.0027819308775913995,0.00761617313855423
mph(A)_AMR,-0.0881790810743216,0.18102668552653953,-0.0012613847247416087,-0.030855954818587286,0.15834442772216525,0.017925080157823795,0.07519896679404027,-0.05199901766117028,-0.004854033482919007,-0.04613120657609261,0.030853015107023988,-0.010274699598706737,-0.036748008067919474,-0.05537890935378466,-0.065908800668364,0.16763388941843785,0.15904373262377555,0.004994065476852384,0.824736494568221,0.020436147665261743,0.03884552765013363,0.03884552765013363,-0.03976318661720579,-0.06372170488427699,0.05205712495163671,-0.03674800806791947,0.12763309088353317,0.03884552765013363,0.03884552765013363,0.03884552765013363,-0.05199901766117024,-0.007240414280177129,-0.052057124951636856,0.4356470093333669,0.0024354178931241897,-0.03674800806791947,0.3845400872680245,-0.005905044107087414,-0.04758092118307651,0.030853015107024078,-0.05199901766117029,-0.07383041555173028,0.043494606638570944,0.13618260947037336,0.030853015107024043,-0.03674800806791949,-0.024647909458709944,0.1710544278987287,-0.03674800806791947,0.056270342407789914,0.030853015107024057,0.03976318661720561,-0.03674800806791946,-0.03674800806791945,0.08526359747292615,0.05349968139242432,0.165791665269508,-0.03674800806791945,0.012903218313689577,0.027953098403030844,-0.008370059682592385,-0.0041707545415730135,0.08526359747292615,0.05349968139242424,-0.04058015499649728,0.041415901895738697,-0.06372170488427699,-0.07192034991955414,-0.03839207195585296,-0.1385231073986712,0.786069448025779,0.030853015107024047,0.03674800806791963,-0.015625923108735503,0.12045301395742904,0.03085301510702403,0.07698555858618653,-0.005905044107087446,-0.073621329127324,0.020201150524020522,0.15340372328894872,0.12656349894339222,-0.024345117937520498,-0.24082633599172826,0.1596712837267701,-0.04628221145408524,-0.14825813689660572,0.036068938262181535,0.16002763131241005,0.043494606638570986,-0.009368724452015883,-0.03674800806791947,-0.03674800806791947,-0.03674800806791947,-0.05199901766117029,-0.1482581368966058,-0.036748008067919474,0.17884161797546927,-0.03674800806791946,-0.036748008067919474,0.07361715414550345,-0.06372170488427698,-0.05199901766117026,1.0,-0.004170754541572995,0.1289360527106498,-0.03674800806791947,-0.05199901766117024,-0.007240414280177135,-0.024647909458709906,-0.007177888118651295,0.021982428835596573,-0.018046672328548386,-0.05199901766117029,-0.012852389915867048,-0.036748008067919474,0.11886222431040305,-0.051999017661170294,0.16165081062740216,0.020436147665261823,0.08761387148271947,0.02508715527683288,0.04564789291480863,-0.02464790945870998,0.039763186617205466,-0.05199901766117028,-0.03674800806791947,-0.03976318661720576,-0.009368724452015883,-0.03085301510702393,0.8528896246233547,-0.03674800806791948,-0.03674800806791947,0.030853015107024033,0.030853015107024005,-0.021756240751046554,-0.010274699598706668,0.03085301510702408,0.04365750857802416,0.014425885966857113,0.008544643449543577,0.17076124202317608,0.14012873409571866,-0.07192034991955408,-0.02464790945870998,-0.024647909458709996,-0.1554210234418737,0.819569409620564,-0.036748008067919474,-0.036748008067919474,-0.05199901766117029,-0.036748008067919474,-0.03674800806791948,-0.03674800806791948,0.5459020519563166,-0.009368724452015883,-0.05199901766117026,0.03674800806791954,0.02464790945871067,0.07234172948504607
ncr_STRESS,0.2682761368310106,-0.005485895008955139,-0.005824237730666515,-0.005099409888361899,-0.023680791650853482,0.02278907112049665,-0.022936331802154892,-0.002270147559591376,-0.012633220202082384,-0.011041073251549238,-0.0016043264774505005,-0.005592533434187974,-0.0016043264774505005,-0.012516256300818642,-0.011548938224991643,0.016120873821106066,0.02459292509531374,-0.004259160543528211,-0.006924831015938964,-0.003940967670174925,-0.003595545491032341,-0.003595545491032341,-0.0032141238079016914,-0.002781930877591651,0.003595545491032366,-0.0016043264774504983,0.09223313288219373,-0.003595545491032341,-0.003595545491032341,-0.003595545491032341,-0.002270147559591375,-0.003940967670174931,-0.003595545491032344,0.06973842410540014,0.2323465265419554,-0.001604326477450499,0.07518601339903692,-0.0032141238079016923,0.12034818938399815,-0.0016043264774504992,-0.0022701475595913786,-0.0050994098883619075,-0.006047573749512067,0.010209052434009975,-0.0016043264774504994,-0.001604326477450499,-0.0027819308775916514,-0.017880094600976566,-0.0016043264774504983,-0.004259160543528213,-0.0016043264774504987,0.0032141238079018103,-0.0016043264774504996,-0.0016043264774504996,-0.006263438400113547,-0.0027819308775916514,0.02338135171460108,-0.0016043264774504996,0.0051560617840544385,-0.003214123807901693,-0.004555835250593438,-0.0022701475595913764,-0.006263438400113547,-0.002781930877591654,-0.005351372021994088,-0.005351372021994096,-0.00278193087759165,-0.00425916054352821,-0.022499423110308652,-0.006047573749512061,0.038976320572850776,-0.0016043264774504992,0.0016043264774504768,0.00455583525059316,-0.00626343840011354,-0.001604326477450499,0.006873140826715769,-0.0032141238079016936,-0.003214123807901693,0.004834956621682229,-0.03168916064677462,0.0176924538662571,-0.02402521205228927,-0.010513877829373016,-0.05731142664516609,0.26437217945185837,-0.006472580883325475,-0.04265940249067643,0.01472668119664655,-0.00604757374951207,-0.005099409888361904,-0.0016043264774504994,-0.0016043264774504987,-0.0016043264774504987,-0.0022701475595913777,-0.006472580883325474,-0.001604326477450499,0.01320658078080111,-0.0016043264774504985,-0.001604326477450499,-0.014196551581532954,-0.002781930877591653,-0.002270147559591375,-0.004170754541572995,1.0,0.09130107199763608,-0.0016043264774504983,-0.002270147559591375,-0.0039409676701749295,-0.0027819308775916514,-0.007791870679544562,0.02220526536955511,-0.00982282911569946,-0.0022701475595913755,0.08726188802509503,-0.001604326477450499,-0.027301364372240816,-0.0022701475595913773,-0.03187661050349829,-0.0039409676701749295,-0.004555835250593434,0.010780071177785856,-0.00667563462077807,-0.0027819308775916523,0.0032141238079017617,-0.002270147559591376,-0.0016043264774504985,-0.0032141238079016927,-0.005099409888361905,0.0016043264774504276,-0.007595037599737587,-0.0016043264774504996,-0.0016043264774504994,-0.0016043264774504996,-0.0016043264774504996,-0.003595545491032335,-0.005592533434187985,-0.0016043264774504992,-0.002270147559591379,-0.002781930877591653,-0.0035955454910323367,0.017123177317034326,0.00016187884659255795,-0.0042591605435282065,-0.0027819308775916523,-0.0027819308775916545,-0.007436747875863717,0.0368062395121479,-0.001604326477450499,-0.001604326477450499,-0.002270147559591376,-0.001604326477450499,-0.001604326477450499,-0.001604326477450499,-0.001998249313780306,-0.005099409888361905,-0.002270147559591375,0.001604326477450574,0.0027819308775916905,0.007616173138554332
nfaE_VIR,-0.04457025888284557,0.08722178347906004,0.027910429807746436,-0.029758546245692765,-0.33028803801970974,-0.2309306794006629,0.18699552573097478,-0.02486441297918332,-0.026911356656241676,-0.04559949745636524,0.06452299834279827,0.010289982539525082,-0.017571825197102146,-0.035961191164600864,-0.05412929487179964,-0.0012412301242070015,0.0736031016572484,-0.015514613684645765,0.09993371780502447,0.057666895748681245,0.07101117404356802,0.07101117404356802,-0.035203571410255846,-0.03046985995590153,0.002583739900645376,-0.017571825197102126,0.9898945112734238,0.07101117404356802,0.07101117404356802,0.07101117404356802,-0.024864412979183334,-0.04316452790693372,-0.039381196872753474,-0.19648572490598917,0.0020236050208877554,-0.01757182519710213,-0.16581948321461557,-0.03520357141025583,0.0504767483230299,0.06452299834279834,-0.02486441297918334,-0.05585268361902633,-0.06623770802678694,0.029926716249153558,-0.017571825197102143,-0.017571825197102136,0.11188403602854845,-0.17065478616124677,0.06452299834279829,-0.04664962251087794,-0.01757182519710214,0.03520357141025548,-0.017571825197102132,-0.017571825197102143,0.016866176805951687,-0.030469859955901516,0.10538168419618887,-0.017571825197102143,0.09257764140396314,-0.03520357141025586,0.03752328114712298,-0.024864412979183327,0.016866176805951687,0.11188403602854825,0.09075190586067945,0.16543404274323328,-0.030469859955901485,-0.04664962251087787,-0.20352492156598784,-0.06623770802678686,0.08885590335498468,-0.017571825197102143,0.017571825197102237,0.04989903350435212,-0.06860202474156833,0.06452299834279829,0.055740803391075185,0.0059138274723577735,-0.035203571410255846,0.02546629087824866,-0.37029676686857854,-0.37311289089786837,-0.2219340579195954,0.08167480619694231,-0.09646832074075866,0.015620395141586509,-0.0708927150766976,-0.011382862182327229,0.053644084858477846,7.509944220722751e-05,-0.0558526836190262,-0.01757182519710214,-0.017571825197102126,-0.01757182519710214,-0.024864412979183348,-0.07089271507669757,-0.01757182519710213,-0.12352296259686993,-0.017571825197102143,-0.01757182519710213,0.14719599112812962,-0.030469859955901478,-0.02486441297918332,0.1289360527106498,0.09130107199763608,1.0,-0.01757182519710213,-0.024864412979183327,0.024056421196809643,-0.030469859955901485,-0.05067155401402134,-0.2594273413663023,-0.07966261717700968,-0.024864412979183327,-0.0525268191545516,-0.01757182519710214,-0.3340311114356511,0.09130107199763605,-0.3723920597776232,-0.009554053355062066,0.008382509596630758,0.06675764497769933,-0.07311671675608498,-0.030469859955901527,-0.0059138274723574856,-0.024864412979183317,-0.01757182519710214,0.00591382747235778,-0.05585268361902621,0.017571825197101716,0.08736965652362484,-0.01757182519710213,-0.017571825197102136,0.06452299834279829,-0.017571825197102136,-0.03938119687275345,-0.03740584204000583,-0.01757182519710214,-0.024864412979183348,-0.03046985995590151,-0.03938119687275348,0.057416340205072774,0.004534184290394718,-0.046649622510877946,-0.030469859955901527,0.016981438705581817,-0.04521063215329811,0.06639985258827,-0.01757182519710213,-0.01757182519710213,-0.02486441297918332,-0.01757182519710213,-0.01757182519710213,-0.01757182519710213,0.04720295682075078,-0.05585268361902621,-0.024864412979183327,0.017571825197102278,0.030469859955900624,0.03027371278385253
nfsA-R15C_AMR,-0.005980131130563733,-0.03777112150267145,-0.004116022662401913,-0.003603782612591262,0.020865961909838946,-0.021219934011958094,0.02116088645006427,-0.0016043264774504994,0.1269926789676357,-0.007802790652128056,-0.0011337868480725609,-0.003952275889110014,-0.0011337868480725609,-0.008845311088753367,0.13891549562355218,-0.024154166597437313,-0.02051264784388647,-0.003009973515961538,0.02913170599537282,-0.002785104762606754,-0.0025409929005580844,-0.0025409929005580844,-0.002271439979764521,-0.0019660067234399305,0.002540992900557984,-0.0011337868480725626,-0.01739425331566742,-0.0025409929005580844,-0.0025409929005580844,-0.0025409929005580844,-0.0016043264774505007,-0.0027851047626067564,-0.002540992900558079,-0.02300491440738289,-0.003416891951678136,-0.0011337868480725628,-0.021338097405641156,-0.0022714399797645205,-0.006422834876626165,-0.0011337868480725646,-0.0016043264774504983,-0.003603782612591271,-0.004273855525243129,0.04165082637521776,-0.0011337868480725646,-0.0011337868480725635,-0.0019660067234399314,-0.012635966797167024,-0.0011337868480725626,-0.0030099735159615413,-0.0011337868480725641,0.0022714399797643826,-0.0011337868480725613,-0.0011337868480725613,-0.00442640832871282,-0.0019660067234399305,-0.020983871894290105,-0.0011337868480725613,-0.030224518350007765,-0.0022714399797645205,-0.0032196352561086362,-0.001604326477450498,-0.00442640832871282,-0.0019660067234399258,-0.0037818457171648733,-0.0037818457171648785,-0.0019660067234399266,-0.0030099735159615395,0.07130522723115683,-0.0042738555252431155,0.02754479233053843,-0.0011337868480725646,0.0011337868480726073,0.0032196352561084315,-0.004426408328712824,-0.0011337868480725624,0.004857288577986026,-0.002271439979764521,-0.0022714399797645205,0.0034168919516779357,0.01804416387524506,0.012503359999125718,0.06677678739978592,-0.007430218582522039,0.012168590499917208,-0.0030099735159615404,-0.004574210537410231,0.01504823163572117,0.01040743121253545,-0.00427385552524313,-0.0036037826125912696,-0.0011337868480725615,-0.0011337868480725624,-0.0011337868480725641,-0.001604326477450499,-0.004574210537410231,-0.0011337868480725628,0.009333167411831964,-0.0011337868480725646,-0.0011337868480725628,-0.010032785531723199,-0.0019660067234399292,-0.0016043264774504992,-0.03674800806791947,-0.0016043264774504983,-0.01757182519710213,1.0,-0.0016043264774505007,-0.002785104762606753,-0.001966006723439928,-0.005506560305847991,0.05284153671414209,-0.006941850439283742,-0.0016043264774504987,-0.008593801578350279,-0.0011337868480725643,0.019513782718737847,-0.0016043264774504985,0.017985204262834256,-0.0027851047626067564,-0.0032196352561086423,0.00761833896931174,-0.0047177097940837185,-0.0019660067234399314,0.0022714399797645157,-0.0016043264774504996,-0.0011337868480725641,-0.002271439979764522,-0.0036037826125912696,0.001133786848072514,0.028729411328970545,-0.0011337868480725633,-0.0011337868480725615,-0.0011337868480725624,-0.0011337868480725613,-0.002540992900558077,-0.00395227588911002,-0.0011337868480725646,-0.0016043264774504983,-0.0019660067234399323,-0.002540992900558081,0.012101048952404991,-0.03355754510240671,-0.0030099735159615387,-0.0019660067234399314,-0.0019660067234399258,-0.005255592956045323,0.02601118342957076,-0.0011337868480725628,-0.0011337868480725628,-0.0016043264774504994,-0.0011337868480725628,-0.0011337868480725628,-0.0011337868480725628,-0.03511352578337059,-0.0036037826125912696,-0.0016043264774505,0.0011337868480726177,0.0019660067234395793,0.00538239383224458
nfsA-R203C_AMR,-0.008461980951445434,-0.05344673949318685,-0.005824237730666518,-0.005099409888361897,0.02952566897943555,-0.0300265451508906,0.02994299190881836,-0.002270147559591378,-0.01263322020208239,-0.011041073251549235,-0.0016043264774504987,-0.005592533434187972,-0.0016043264774504987,-0.012516256300818639,0.19656764244169456,-0.03417853106948282,-0.029025723939654257,-0.004259160543528209,0.041221828724801915,-0.003940967670174925,-0.0035955454910323427,-0.0035955454910323427,-0.003214123807901692,-0.0027819308775916523,0.003595545491032396,-0.0016043264774505007,-0.02461314593412922,-0.0035955454910323427,-0.0035955454910323427,-0.0035955454910323427,-0.002270147559591375,-0.00394096767017493,-0.0035955454910323427,-0.03255232088640771,-0.004834956621682306,-0.0016043264774505005,-0.03019374823802594,-0.0032141238079016936,-0.009088413814625926,-0.001604326477450499,-0.0022701475595913773,-0.005099409888361907,-0.006047573749512068,0.058936583781203616,-0.0016043264774504992,-0.0016043264774505,-0.0027819308775916523,-0.01788009460097655,-0.0016043264774505007,-0.004259160543528213,-0.0016043264774504992,0.0032141238079017014,-0.0016043264774504987,-0.0016043264774504985,-0.006263438400113545,-0.002781930877591652,-0.029692513488465147,-0.0016043264774504985,-0.04276817564036741,-0.0032141238079016927,-0.004555835250593439,-0.0022701475595913773,-0.006263438400113545,-0.00278193087759165,-0.005351372021994091,-0.005351372021994097,-0.0027819308775916506,-0.00425916054352821,0.10089803407231589,-0.006047573749512058,0.0389763205728507,-0.0016043264774504992,0.0016043264774501088,0.004555835250593993,-0.006263438400113541,-0.0016043264774505005,0.006873140826715739,-0.0032141238079016953,-0.0032141238079016945,0.004834956621682257,0.025532779744027,0.017692453866257122,0.09449021946822149,-0.010513877829373021,0.017218749684262003,-0.004259160543528209,-0.006472580883325474,0.0212934878306602,0.014726681196646512,-0.00604757374951207,-0.005099409888361904,-0.0016043264774504987,-0.0016043264774505002,-0.0016043264774504996,-0.0022701475595913773,-0.006472580883325475,-0.0016043264774505005,0.013206580780801072,-0.0016043264774504996,-0.0016043264774505005,-0.01419655158153296,-0.002781930877591654,-0.002270147559591377,-0.05199901766117024,-0.002270147559591375,-0.024864412979183327,-0.0016043264774505007,1.0,-0.003940967670174932,-0.002781930877591653,-0.0077918706795445615,0.07477161743742973,-0.009822829115699459,-0.0022701475595913773,-0.012160366331239047,-0.0016043264774504992,0.027612313852562548,-0.0022701475595913777,0.02544935095187641,-0.00394096767017493,-0.004555835250593437,0.0107800711777859,-0.006675634620778071,-0.0027819308775916527,0.0032141238079018003,-0.0022701475595913773,-0.0016043264774504992,-0.0032141238079016936,-0.005099409888361906,0.0016043264774503827,0.04065257535399097,-0.0016043264774505005,-0.0016043264774504987,-0.0016043264774505005,-0.0016043264774504987,-0.003595545491032336,-0.005592533434187988,-0.001604326477450499,-0.0022701475595913773,-0.002781930877591653,-0.0035955454910323384,0.017123177317034253,-0.04748446166715879,-0.004259160543528206,-0.0027819308775916527,-0.00278193087759165,-0.007436747875863719,0.036806239512147794,-0.0016043264774505005,-0.0016043264774505005,-0.002270147559591378,-0.0016043264774505005,-0.0016043264774505005,-0.0016043264774505005,-0.049686199153455686,-0.005099409888361906,-0.002270147559591376,0.001604326477450112,0.002781930877592051,0.007616173138554033
p0111_PLASMID,-0.014689967273001925,-0.03727677540766557,-0.010110854910286658,-0.00885255648783555,0.02046771201977351,-0.021563399294428125,0.021381485886529817,-0.00394096767017493,0.03371610433439889,-0.01916726185685523,-0.0027851047626067543,-0.009708617118472412,-0.0027851047626067543,-0.02172817411130238,-0.02004891355068216,-0.03022727582972753,0.011665967915617456,-0.0073938867688189865,-0.012021480735883262,-0.006841505131128844,-0.006241853520461154,-0.006241853520461154,-0.005579706905554692,-0.004829421595494656,0.006241853520460959,-0.002785104762606753,0.024886571699738732,-0.006241853520461154,-0.006241853520461154,-0.006241853520461154,-0.003940967670174932,-0.0068415051311288486,-0.006241853520461156,0.002681409597684423,-0.00839346660627555,-0.002785104762606755,0.008563390004262962,-0.005579706905554684,-0.01577745237981758,-0.0027851047626067577,-0.003940967670174933,-0.008852556487835546,-0.010498565403438177,0.017722876830436544,-0.0027851047626067586,-0.002785104762606757,-0.004829421595494656,0.05277711375225812,-0.002785104762606753,-0.007393886768818989,-0.002785104762606758,0.0055797069055546255,-0.0027851047626067564,-0.0027851047626067564,-0.010873305629270509,-0.004829421595494656,0.009877928624207933,-0.0027851047626067564,-0.04651329394680975,-0.005579706905554691,-0.007908912950338715,-0.00394096767017493,-0.010873305629270509,-0.0048294215954946635,-0.009289961809158094,-0.009289961809158108,-0.004829421595494651,-0.007393886768818981,-0.03905891434267544,-0.010498565403438185,-0.01672454897068557,-0.0027851047626067586,0.0027851047626068766,0.007908912950338166,-0.010873305629270524,-0.002785104762606755,0.011931746760779665,-0.005579706905554679,-0.0055797069055546844,0.008393466606275525,0.011212451965257914,-0.01152972293822615,-0.04170767823753804,0.0472624288257446,0.029891685031578026,-0.00739388676881899,-0.011236376197664195,0.03696541520895675,0.025565463460623678,-0.010498565403438182,-0.008852556487835533,-0.002785104762606757,-0.0027851047626067556,-0.0027851047626067586,-0.003940967670174933,-0.011236376197664181,-0.002785104762606756,-0.030629418748819776,-0.0027851047626067577,-0.002785104762606756,-0.024645160432153916,-0.004829421595494655,-0.00394096767017493,-0.007240414280177135,-0.0039409676701749295,0.024056421196809643,-0.002785104762606753,-0.003940967670174932,1.0,-0.004829421595494656,-0.013526658348057502,-0.022288402744057845,-0.017052394594822128,-0.0039409676701749295,-0.021110350455599083,-0.0027851047626067586,0.01615822689230607,-0.00394096767017493,0.011007426501240355,-0.0068415051311288486,-0.007908912950338708,0.01871416323328597,-0.011588876726199418,-0.0048294215954946635,0.005579706905554767,-0.0039409676701749295,-0.0027851047626067586,-0.005579706905554687,-0.008852556487835533,0.002785104762606629,-0.013184956857921806,-0.002785104762606756,-0.002785104762606757,-0.002785104762606755,-0.002785104762606757,-0.006241853520461148,-0.009708617118472405,-0.0027851047626067577,-0.003940967670174934,-0.00482942159549466,-0.006241853520461158,0.029725771759634777,-0.027290268552348347,-0.007393886768818983,-0.0048294215954946635,-0.004829421595494665,-0.012910166489484193,-0.02158893209416315,-0.002785104762606755,-0.002785104762606755,-0.00394096767017493,-0.002785104762606755,-0.002785104762606756,-0.002785104762606756,0.024126414169745095,-0.008852556487835533,-0.003940967670174931,0.002785104762606896,0.0048294215954940165,0.0132216480742335
pKPC_PLASMID,0.32875645709370965,0.05205052551327816,-0.007137257097195908,-0.006249023666322248,-0.05075318720323688,-0.03679574605172286,0.03669335652067172,-0.002781930877591653,0.0630816872175644,-0.013530178895403979,-0.0019660067234399275,-0.006853317256315986,-0.0019660067234399275,-0.015337928024980881,-0.01415253722858698,0.08139410298049837,-0.035569299154593344,-0.00521934804572525,0.011180987683364108,-0.004829421595494657,-0.004406127249758504,-0.004406127249758504,-0.003938717651998644,-0.0034090909090909076,0.0044061272497583695,-0.001966006723439928,-0.030161947129616756,-0.004406127249758504,-0.004406127249758504,-0.004406127249758504,-0.0027819308775916536,-0.004829421595494655,-0.00440612724975851,0.001892808259180082,-0.005924951909335485,-0.001966006723439929,0.0060449009135519,-0.003938717651998639,-0.011137310837974508,-0.00196600672343993,-0.0027819308775916536,-0.006249023666322253,-0.007410942111317484,-0.047202106045360494,-0.0019660067234399305,-0.0019660067234399292,-0.0034090909090909068,-0.02191099299010756,-0.001966006723439928,-0.005219348045725253,-0.0019660067234399305,0.003938717651998586,-0.001966006723439928,-0.0019660067234399275,-0.007675471407816982,-0.0034090909090909076,-0.036386410107075336,-0.0019660067234399275,0.0650467511400201,-0.003938717651998643,-0.005582905262390835,-0.0027819308775916523,-0.007675471407816982,-0.003409090909090904,-0.006557788282337516,-0.006557788282337521,-0.0034090909090909046,-0.0052193480457252495,-0.0275717054665087,-0.0074109421113174815,-0.03166221026558246,-0.0019660067234399305,0.0019660067234399717,0.005582905262390491,-0.0076754714078169865,-0.0019660067234399284,0.008422625485771516,-0.003938717651998636,-0.0039387176519986395,0.005924951909335298,-0.0622072112337069,0.02168105042465426,-0.029441469109162777,-0.012884132246462359,-0.03978764614969739,-0.005219348045725246,-0.007931763087802843,-0.13064702690866814,-0.050936927957634645,-0.00741094211131748,-0.006249023666322245,-0.001966006723439928,-0.001966006723439928,-0.00196600672343993,-0.0027819308775916536,-0.00793176308780284,-0.001966006723439929,0.016183879636499157,-0.0019660067234399305,-0.001966006723439929,-0.01739703000059517,-0.003409090909090905,-0.0027819308775916523,-0.024647909458709906,-0.0027819308775916514,-0.030469859955901485,-0.001966006723439928,-0.002781930877591653,-0.004829421595494656,1.0,-0.009548474303374261,-0.03720570683013007,-0.012037293129610199,-0.0027819308775916523,-0.014901806024357788,-0.00196600672343993,-0.10074964714822283,-0.0027819308775916527,-0.06247941043310585,-0.004829421595494654,-0.00558290526239083,-0.07721390405509124,0.1334559546149027,-0.003409090909090913,0.003938717651998664,-0.002781930877591652,-0.00196600672343993,-0.00393871765199864,-0.006249023666322247,0.0019660067234398395,0.010400926744644443,-0.0019660067234399292,-0.001966006723439928,-0.001966006723439929,-0.001966006723439928,-0.004406127249758498,-0.006853317256315991,-0.0019660067234399297,-0.0027819308775916536,-0.00340909090909091,-0.004406127249758507,-0.10131606157617859,0.05858613070295557,-0.0052193480457252495,-0.003409090909090913,-0.0034090909090909046,-0.009113292418953268,0.004874861468764875,-0.001966006723439929,-0.001966006723439929,-0.002781930877591653,-0.001966006723439929,-0.001966006723439929,-0.001966006723439929,-0.021928318259674635,-0.006249023666322247,-0.002781930877591653,0.0019660067234400277,0.003409090909090653,-0.11553329962828328
papA_VIR,-0.029044218287863268,-0.05461562869141073,-0.019990642023484276,-0.017502801623723002,0.0378209773540963,-0.10306068245685258,-0.03926856707111909,-0.007791870679544563,-0.014659610357000185,-0.03789648588082778,-0.0055065603058479925,0.04221588002355085,-0.005506560305847991,-0.04295978473996998,-0.00858214044457482,0.09286320050591146,-0.06761923003689763,-0.014618797803859128,-0.002213268870633641,0.1595753608017219,0.17717468508642034,0.17717468508642034,-0.011031898324584337,-0.009548474303374273,0.012341059227703424,-0.005506560305847991,-0.049605933904424464,0.17717468508642034,0.17717468508642034,0.17717468508642034,-0.0077918706795445615,-0.01352665834805749,-0.012341059227703427,0.10197972745356913,-0.0165951136428054,-0.005506560305847991,0.11652879119650847,-0.011031898324584337,-0.0311943357278935,-0.005506560305847992,-0.007791870679544573,-0.017502801623723013,-0.020757202492021423,0.1441157902131306,-0.0055065603058479925,-0.005506560305847992,-0.009548474303374277,-0.06137018903472057,-0.005506560305847991,-0.014618797803859114,-0.005506560305847992,0.011031898324584087,-0.0055065603058479925,-0.00550656030584799,-0.021498118841121874,-0.009548474303374277,-0.07023305961297743,-0.00550656030584799,0.09636698793835592,-0.011031898324584344,-0.015637080047926136,-0.0077918706795445675,-0.021498118841121874,-0.009548474303374245,0.10984269994088619,-0.018367616050921527,-0.009548474303374266,-0.0146187978038591,0.25424045133535483,-0.020757202492021367,0.003203996261752469,-0.005506560305847991,0.005506560305848245,-0.05940390735598055,-0.02149811884112189,0.2058974723056204,0.023590812085231616,-0.011031898324584333,0.09485034320376311,0.016595113642805515,-0.01483498287724994,-0.004638974189286145,0.2535757490186742,-0.0022960964792243244,-0.007633151497660567,-0.014618797803859123,0.031090273701295277,0.03491096137109369,0.00014270657307708797,0.26384853975106726,-0.017502801623723002,-0.005506560305847992,-0.005506560305847989,-0.005506560305847992,0.14177816866910425,0.031090273701295384,-0.005506560305847991,-0.12040861655105022,-0.005506560305847992,-0.005506560305847991,-0.022745195548555877,-0.00954847430337426,-0.007791870679544565,-0.007177888118651295,-0.007791870679544562,-0.05067155401402134,-0.005506560305847991,-0.0077918706795445615,-0.013526658348057502,-0.009548474303374261,1.0,0.24095095960506221,0.6853771532137581,0.14177816866910425,0.6110857182560431,-0.005506560305847992,-0.003563779851217044,-0.0077918706795445675,-0.015307615445902716,0.24612637037661161,-0.015637080047926157,0.03700064349504771,-0.022912907775191515,-0.009548474303374277,0.011031898324584247,-0.007791870679544565,-0.005506560305847992,-0.011031898324584339,-0.017502801623723002,0.0055065603058479795,-0.0044684355589040495,-0.005506560305847991,-0.005506560305847992,-0.005506560305847991,-0.005506560305847992,-0.012341059227703427,-0.01919535895634276,-0.005506560305847991,-0.007791870679544571,-0.009548474303374273,-0.01234105922770342,-0.030587860003122108,-0.04921664494635509,0.06555759015146749,-0.009548474303374277,-0.009548474303374245,0.11446745534081344,0.023451915132034123,-0.005506560305847991,-0.005506560305847991,-0.007791870679544563,-0.005506560305847991,-0.005506560305847991,-0.005506560305847991,0.01449096970713101,-0.017502801623723002,-0.007791870679544565,0.005506560305848205,0.009548474303374068,0.026141136032283904
papCFGII_VIR,-0.05511437373990068,-0.07588409809081181,-0.05714554198576463,-0.04458395235023164,0.037689598907722,0.41281377435618116,-0.4315538204040784,-0.030361086698319384,-0.037824073397236445,-0.06812488131587999,-0.02145635646832203,0.033119950771969484,-0.02145635646832203,-0.08604019239144832,0.06384683133142362,0.26572479368260193,0.42170826536500744,-0.0006063210075942058,0.0412204777501316,0.09938491795457012,0.11842611322707919,0.11842611322707919,-0.042985880445763125,0.09162817211498699,0.0480870364218244,0.052841536714142094,-0.26176668221551774,0.11842611322707919,0.11842611322707919,0.11842611322707919,-0.030361086698319363,-0.0527067329187148,-0.04808703642182372,-0.15638329238220125,-0.03978394204723437,-0.021456356468322047,-0.1164150548260284,-0.04298588044576308,0.014222998896806274,-0.02145635646832204,-0.03036108669831938,-0.04458395235023163,0.019144009045151598,0.5275473848794956,-0.02145635646832205,-0.02145635646832205,-0.03720570683013008,-0.17075880617683142,-0.021456356468322047,-0.028784292044734854,0.05284153671414217,0.04298588044576365,-0.02145635646832203,-0.02145635646832203,0.012921014309333506,0.048683545799947936,0.4212632035806641,-0.02145635646832203,-0.1849056563649407,-0.005773593746146606,-0.034556872199164805,-0.030361086698319384,0.012921014309333506,-0.037205706830130046,0.04107914339781496,-0.02651008073933527,0.005738919484908945,-0.05696226308187542,0.7022300197905179,0.03914893210653492,0.04196966855764411,0.05284153671414221,0.021456356468321586,-0.018189399454874095,0.10960962138680401,0.05284153671414207,0.05655493062880784,-0.042985880445763076,-0.0057735937461466085,-0.00997416110815927,0.16140875620110987,0.1753597701772524,0.747805254728921,-0.11686162230950904,0.10519958658784355,0.05574962106668712,0.0258421019889743,0.12378088141659904,0.09952597186271558,0.15917847047483485,-0.06819980713442746,-0.021456356468322033,-0.021456356468322044,0.052841536714142164,0.07477161743742965,0.06331102818973684,-0.021456356468322047,0.05042047553857258,-0.021456356468322047,-0.021456356468322047,-0.10768352929531035,-0.037205706830130074,-0.030361086698319373,0.021982428835596573,0.02220526536955511,-0.2594273413663023,0.05284153671414209,0.07477161743742973,-0.022288402744057845,-0.03720570683013007,0.24095095960506221,1.0,0.32353351555901955,0.07477161743742962,0.3900958837746163,-0.021456356468322044,0.18496399878602107,-0.030361086698319398,0.1599656372683637,0.0689665877799132,-0.034556872199164784,0.1093429276083352,-0.08928032921535199,-0.037205706830130074,-0.03143869295347035,-0.030361086698319373,0.052841536714142164,-0.04298588044576308,-0.06819980713442746,-0.052841536714141935,0.0527813678418564,-0.021456356468322047,-0.021456356468322037,-0.021456356468322047,-0.021456356468322037,-0.014784406492043017,-0.053211906148027774,0.052841536714142164,0.022205265369555173,0.005738919484908964,-0.04808703642182362,0.0798299074100031,-0.0902951142310843,-0.028784292044734778,-0.037205706830130074,-0.037205706830130046,-0.03385894923719544,0.048037399958419755,-0.021456356468322047,-0.021456356468322047,-0.030361086698319384,-0.021456356468322047,-0.021456356468322047,-0.021456356468322047,0.030800681182504248,-0.06819980713442746,-0.030361086698319367,-0.05284153671414273,-0.04868354579994668,0.021697269185503857
papE_VIR,-0.036614621157628174,-0.03526636504011779,-0.02520122170729914,-0.022064923362648425,-0.06409541118107792,-0.11722738760168826,-0.010264190763609436,-0.009822829115699462,-0.05466339080107831,-0.0477742406416128,-0.00694185043928375,-0.024198647359184186,-0.006941850439283748,-0.05415729312035038,0.1501418797028179,0.06975431534018048,-0.0740362486231313,-0.01842920122907686,-0.01838963572468254,0.2617858355390281,0.2897202119790157,0.2897202119790157,-0.013907373020017462,-0.012037293129610221,0.015557767946367021,-0.006941850439283742,-0.07841174205315311,0.2897202119790157,0.2897202119790157,0.2897202119790157,-0.009822829115699459,-0.017052394594822103,-0.015557767946367195,0.08045132041211295,0.036094570742626036,-0.006941850439283744,0.09733978091811786,-0.013907373020017459,-0.03932516873480335,-0.0069418504392837485,-0.009822829115699473,-0.02206492336264845,-0.02616758688441363,0.055887561602906165,-0.0069418504392837485,-0.006941850439283748,-0.012037293129610226,-0.05995697802989264,-0.006941850439283742,-0.018429201229076878,-0.006941850439283747,0.013907373020017199,-0.006941850439283749,-0.006941850439283743,-0.027101623778191617,-0.012037293129610221,-0.07744525243309604,-0.006941850439283743,0.10295241709762556,0.07137186570689515,-0.019712899699750895,-0.009822829115699462,-0.027101623778191617,-0.012037293129610192,0.08010747198214449,-0.023155152485349825,-0.01203729312961022,-0.018429201229076864,0.3179290665413419,0.019677609978557036,-0.018315284431939752,-0.0069418504392837485,0.006941850439284034,-0.040726303199138864,-0.02710162377819168,0.16332631450203697,0.029739779488659707,-0.013907373020017452,0.0713718657068952,0.020920645654044688,-0.09585147240580785,-0.028737738457146063,0.33763128167482537,-0.018277372528903178,-0.015075448984967677,0.11072147087627947,0.057860804229240316,-0.0923449148775332,-0.05806674839021775,0.06552280684152778,-0.022064923362648443,-0.006941850439283744,-0.006941850439283744,-0.006941850439283748,0.11064325573378136,0.05786080422924041,-0.006941850439283745,-0.0763435712908305,-0.00694185043928375,-0.006941850439283745,-0.06142785724585764,-0.012037293129610195,-0.009822829115699462,-0.018046672328548386,-0.00982282911569946,-0.07966261717700968,-0.006941850439283742,-0.009822829115699459,-0.017052394594822128,-0.012037293129610199,0.6853771532137581,0.32353351555901955,1.0,0.11064325573378128,0.6882752947294322,-0.0069418504392837485,-0.07853029489116775,-0.009822829115699466,-0.09658754396483178,-0.017052394594822134,-0.01971289969975094,0.02003802060872041,-0.028885178781309456,-0.012037293129610228,-0.1566511044338077,-0.009822829115699459,-0.006941850439283748,-0.013907373020017459,-0.022064923362648446,0.006941850439283669,-0.021265322489608097,-0.006941850439283747,-0.006941850439283746,-0.006941850439283745,-0.006941850439283746,-0.015557767946367209,-0.024198647359184273,-0.006941850439283748,-0.009822829115699469,-0.012037293129610228,-0.015557767946367193,-0.10583880466574674,-0.022206627284368424,0.04614613482360128,-0.012037293129610228,-0.012037293129610195,0.08057389868766378,0.005375661099698723,-0.006941850439283745,-0.006941850439283745,-0.009822829115699464,-0.006941850439283745,-0.006941850439283747,-0.006941850439283747,-0.008646337308293988,-0.022064923362648446,-0.00982282911569946,0.006941850439283998,-0.08637872384674047,-0.003786478721747689
papG-III_VIR,-0.00846198095144543,-0.005485895008955136,-0.005824237730666516,-0.005099409888361896,-0.07688725228114265,0.02278907112049662,0.029942991908818495,-0.0022701475595913764,-0.012633220202082391,-0.011041073251549243,-0.0016043264774504983,-0.005592533434187974,-0.0016043264774504983,-0.012516256300818656,-0.01154893822499165,-0.034178531069482834,-0.029025723939654278,-0.004259160543528207,-0.05507149075667988,-0.003940967670174928,-0.003595545491032345,-0.003595545491032345,-0.003214123807901694,-0.002781930877591655,0.0035955454910322694,-0.0016043264774504987,-0.024613145934129232,-0.003595545491032345,-0.003595545491032345,-0.003595545491032345,-0.0022701475595913773,-0.003940967670174931,-0.003595545491032343,0.018593051609496203,-0.0048349566216823025,-0.0016043264774504992,0.02249613258050554,-0.0032141238079016953,-0.009088413814625926,-0.0016043264774505007,-0.0022701475595913773,-0.005099409888361908,-0.006047573749512071,-0.038518478913183676,-0.001604326477450501,-0.0016043264774505002,-0.002781930877591655,-0.017880094600976556,-0.0016043264774504987,-0.004259160543528214,-0.0016043264774505007,0.0032141238079016715,-0.001604326477450499,-0.0016043264774504987,-0.006263438400113545,-0.0027819308775916545,-0.02969251348846517,-0.0016043264774504987,0.05308029920847639,-0.003214123807901694,-0.004555835250593439,-0.002270147559591377,-0.006263438400113545,-0.0027819308775916514,-0.005351372021994092,-0.005351372021994096,0.4066255632746468,-0.004259160543528212,0.03919930548100372,0.18466698413688626,-0.009633977542724412,-0.001604326477450501,0.0016043264774505623,0.004555835250593091,-0.006263438400113546,-0.0016043264774504992,0.00687314082671573,-0.003214123807901696,0.3515447914892473,0.0048349566216820666,-0.08891110103757639,-0.1283116280393972,0.03523250370796603,0.21591914956907501,-0.13184160297459382,-0.004259160543528207,0.17213019786593692,0.02129348783066015,-0.06971266618412533,-0.006047573749512073,-0.005099409888361909,-0.001604326477450499,-0.0016043264774504987,-0.0016043264774505007,0.4988649262202049,0.3507329766151988,-0.0016043264774504992,-0.17189517841677643,-0.001604326477450501,-0.0016043264774504992,-0.014196551581532962,-0.002781930877591653,-0.0022701475595913773,-0.05199901766117029,-0.0022701475595913755,-0.024864412979183327,-0.0016043264774504987,-0.0022701475595913773,-0.0039409676701749295,-0.0027819308775916523,0.14177816866910425,0.07477161743742962,0.11064325573378128,1.0,0.08726188802509506,-0.0016043264774505007,-0.082215042597044,-0.0022701475595913777,-0.08920257195887325,-0.003940967670174932,-0.0045558352505934395,0.010780071177785906,-0.006675634620778074,-0.002781930877591655,0.0032141238079017365,-0.0022701475595913764,-0.0016043264774505002,-0.003214123807901696,-0.005099409888361909,0.0016043264774504293,-0.055842650553466204,-0.0016043264774504996,-0.001604326477450499,-0.0016043264774504996,-0.001604326477450499,-0.003595545491032338,-0.005592533434187989,-0.0016043264774505007,-0.0022701475595913777,-0.0027819308775916558,-0.0035955454910323397,-0.13257747190020652,0.00016187884659258278,0.264372179451858,-0.002781930877591655,-0.0027819308775916523,0.305260793761644,-0.012436047592740836,-0.0016043264774504992,-0.0016043264774504992,-0.0022701475595913764,-0.0016043264774504992,-0.0016043264774504992,-0.0016043264774504992,-0.00199824931378029,-0.005099409888361909,-0.0022701475595913773,0.001604326477450576,0.002781930877591218,0.0076161731385542795
papH_VIR,-0.017876188892854916,-0.029385972150470414,-0.031198352770459473,-0.027315709965032197,-0.06351441307095697,-0.0665366622394516,-0.07040696805096437,-0.012160366331239056,0.008642609189914966,-0.05914306973642333,-0.008593801578350282,0.13332801407638295,-0.008593801578350282,-0.06704509628485579,0.16522656753534376,0.12627016525290916,-0.08101701898956162,-0.022814795564295904,0.04887429348801312,0.2665507522032583,0.2956773992733801,0.2956773992733801,-0.01721690855420732,-0.01490180602435778,0.01926004772106453,-0.008593801578350279,-0.06229895007303962,0.2956773992733801,0.2956773992733801,0.2956773992733801,-0.012160366331239047,-0.021110350455599072,-0.019260047721064592,0.0691554851879531,-0.02589912865659271,-0.008593801578350279,0.08914362605284645,-0.01721690855420731,-0.02300391181183371,-0.008593801578350279,-0.012160366331239066,-0.02731570996503222,-0.03239468372817536,0.10302251227563386,-0.008593801578350277,-0.008593801578350279,-0.014901806024357773,-0.09577725441962975,-0.008593801578350279,-0.02281479556429587,-0.008593801578350279,0.0172169085542072,-0.00859380157835028,-0.008593801578350277,-0.03355099324567267,-0.014901806024357773,-0.07481580181636865,-0.008593801578350277,0.16072959380335805,0.05316517595211249,-0.024403975573270925,-0.012160366331239054,-0.03355099324567267,-0.014901806024357821,0.14178264083101424,0.05655863003878456,-0.01490180602435781,-0.022814795564295894,0.24669861714782976,-0.032394683728175375,0.054478210393808776,-0.008593801578350277,0.008593801578350413,-0.025477298573021615,-0.03355099324567267,0.13193076867504425,0.03681695048673549,-0.017216908554207315,0.05316517595211237,0.025899128656592888,-0.12433748173965273,0.007873074168019798,0.35331724405386117,-0.03385758178311882,0.003516572266652777,0.030480084021083154,0.0007624474490064829,-0.07625658772937965,-0.004875802375962547,0.2702984986208073,-0.027315709965032204,-0.008593801578350276,-0.00859380157835028,-0.008593801578350279,0.08726188802509514,0.0007624474490064538,-0.008593801578350279,-0.11287259059879273,-0.008593801578350279,-0.008593801578350279,-0.024233742330612585,-0.014901806024357792,-0.012160366331239056,-0.012852389915867048,0.08726188802509503,-0.0525268191545516,-0.008593801578350279,-0.012160366331239047,-0.021110350455599083,-0.014901806024357788,0.6110857182560431,0.3900958837746163,0.6882752947294322,0.08726188802509506,1.0,-0.008593801578350279,-0.11355996443538194,-0.012160366331239054,-0.13663216867431285,0.2665507522032587,-0.024403975573270884,0.05774497523073083,-0.03575898057339299,-0.014901806024357783,0.017216908554207395,-0.012160366331239056,-0.008593801578350277,-0.017216908554207305,-0.027315709965032204,0.008593801578350125,0.055036536838938464,-0.008593801578350282,-0.008593801578350274,-0.008593801578350282,-0.008593801578350274,-0.019260047721064547,-0.029957195950588166,-0.008593801578350277,-0.01216036633123906,-0.014901806024357766,-0.019260047721064558,-0.027076197134879028,-0.02749113514838737,0.030480084021083122,-0.014901806024357783,-0.01490180602435782,0.05322004131644341,0.060386498875861755,-0.008593801578350282,-0.008593801578350282,-0.01216036633123906,-0.008593801578350282,-0.008593801578350282,-0.008593801578350282,-0.03908693215178748,-0.027315709965032204,-0.01216036633123905,-0.1319307686750443,-0.06632223545408654,-0.01984909805194534
parC-A56T_AMR,-0.005980131130563734,0.030017293714521408,-0.004116022662401915,-0.0036037826125912627,0.02086596190983893,-0.02121993401195809,0.021160886450064184,-0.0016043264774505013,-0.008927970157724686,-0.007802790652128061,-0.001133786848072563,-0.003952275889110014,-0.001133786848072563,-0.008845311088753366,-0.008161701781239867,-0.024154166597437302,-0.02051264784388647,-0.0030099735159615395,-0.03891934266577602,-0.0027851047626067543,-0.0025409929005580844,-0.0025409929005580844,-0.0022714399797645196,-0.0019660067234399297,0.002540992900558197,-0.0011337868480725643,-0.017394253315667435,-0.0025409929005580844,-0.0025409929005580844,-0.0025409929005580844,-0.0016043264774504992,-0.0027851047626067577,-0.0025409929005580836,0.04928454972684877,-0.0034168919516781387,-0.0011337868480725641,0.05313439274922516,-0.0022714399797645205,-0.006422834876626165,-0.0011337868480725633,-0.0016043264774505005,-0.0036037826125912696,-0.004273855525243128,-0.027221232968073026,-0.0011337868480725635,-0.001133786848072564,-0.0019660067234399297,0.08972695688997515,-0.0011337868480725643,-0.0030099735159615434,-0.0011337868480725633,0.002271439979764578,-0.001133786848072563,-0.0011337868480725628,-0.004426408328712825,-0.0019660067234399292,-0.020983871894290105,-0.0011337868480725628,-0.03022451835000778,-0.00227143997976452,-0.0032196352561086406,-0.0016043264774505007,-0.004426408328712825,-0.001966006723439928,-0.003781845717164876,-0.0037818457171648785,-0.0019660067234399284,-0.0030099735159615426,-0.015900473108332737,-0.004273855525243121,-0.04116156820015492,-0.0011337868480725635,0.0011337868480726168,0.0032196352561089355,-0.0044264083287128215,-0.0011337868480725641,0.004857288577986043,-0.0022714399797645218,-0.0022714399797645213,0.0034168919516781473,0.018044163875245,0.012503359999125729,-0.01697875702352514,-0.00743021858252205,0.012168590499917227,-0.0030099735159615417,-0.004574210537410236,0.015048231635721193,0.010407431212535402,-0.00427385552524313,-0.00360378261259127,-0.001133786848072563,-0.0011337868480725641,-0.0011337868480725637,-0.0016043264774505005,-0.0045742105374102365,-0.0011337868480725643,0.00933316741183196,-0.0011337868480725633,-0.0011337868480725643,-0.010032785531723206,-0.0019660067234399305,-0.0016043264774505005,-0.036748008067919474,-0.001604326477450499,-0.01757182519710214,-0.0011337868480725643,-0.0016043264774504992,-0.0027851047626067586,-0.00196600672343993,-0.005506560305847992,-0.021456356468322044,-0.0069418504392837485,-0.0016043264774505007,-0.008593801578350279,1.0,0.01951378271873794,-0.001604326477450501,0.017985204262834186,-0.0027851047626067573,-0.0032196352561086397,0.007618338969311717,-0.004717709794083718,-0.0019660067234399297,0.0022714399797644155,-0.0016043264774505007,-0.0011337868480725635,-0.0022714399797645205,-0.00360378261259127,0.0011337868480727482,-0.039464325777161226,-0.0011337868480725643,-0.001133786848072563,-0.0011337868480725641,-0.001133786848072563,-0.0025409929005580784,-0.003952275889110025,-0.0011337868480725633,-0.0016043264774505007,-0.00196600672343993,-0.002540992900558081,0.012101048952404957,0.03378634654628681,-0.0030099735159615387,-0.0019660067234399297,-0.001966006723439928,-0.005255592956045327,0.02601118342957071,-0.0011337868480725641,-0.0011337868480725641,-0.0016043264774505013,-0.0011337868480725641,-0.0011337868480725643,-0.0011337868480725643,0.03228917697036036,-0.00360378261259127,-0.0016043264774504996,0.0011337868480725787,0.001966006723439977,0.0053823938322445685
parC-E84V_AMR,0.011951247991760106,-0.19079244889276298,-0.015857108527903275,0.03735485616027359,0.7019853196182277,0.19159576847678042,-0.14980896783321937,0.027612313852562374,-0.025478842333285436,0.06307431174450537,0.01951378271873782,-0.08980395236149767,0.0195137827187378,0.09912194935641315,0.003641588140470713,-0.04175313351513685,0.3471709330291535,-0.007067365805073232,0.09477995939073053,-0.1427250063583209,-0.13021529127297904,-0.13021529127297904,-0.03865385967809646,0.03383724911786002,-0.008943682638113447,0.01951378271873784,-0.33441542489534976,-0.13021529127297904,-0.13021529127297904,-0.13021529127297904,-0.08221504259704397,0.04793487354243155,0.00894368263811374,0.0316526988394999,-0.07114140899909521,0.019513782718737823,-0.008036077762152228,0.039094108649373197,-0.13057476782311858,0.019513782718737868,0.027612313852562367,-0.08599719316478877,0.07355799569614876,0.4044349627042032,0.019513782718737924,-0.058101848545431184,-0.1007496471482227,0.09050415632761831,-0.05810184854543118,0.05180512481643275,0.019513782718737917,0.07752784384183112,0.0195137827187378,0.019513782718737806,0.015579890565619679,0.033837249117860006,0.3495251808089877,0.019513782718737806,-0.21500698582838884,0.00022012448563836278,-0.027238802247024414,-0.027301364372240844,0.015579890565619679,0.033837249117859965,-0.07612484144670255,0.06508993795968043,-0.10074964714822296,0.02236887950567973,0.10464402614722541,-0.13542434085372065,0.1065269327699849,0.019513782718737955,0.058101848545431524,-0.027862829789910774,-0.004621347862342308,-0.05810184854543118,-0.028180329867033806,0.039094108649373197,-0.11640182800556612,0.07114140899909586,0.9184178620306963,0.6407450661587778,0.09742272150150529,-0.3807677214416898,0.2805792150286884,-0.06593985642657939,-0.15612504992571485,0.5328916149265084,0.2002386275713272,-0.11452610719873364,0.062025266025286366,-0.05810184854543115,-0.05810184854543117,0.019513782718737955,-0.02730136437224085,-0.13655400803411827,0.019513782718737802,0.42757793681542267,0.01951378271873787,0.019513782718737802,-0.2470439890122517,-0.01102504963750099,-0.02730136437224078,0.11886222431040305,-0.027301364372240816,-0.3340311114356511,0.019513782718737847,0.027612313852562548,0.01615822689230607,-0.10074964714822283,-0.003563779851217044,0.18496399878602107,-0.07853029489116775,-0.082215042597044,-0.11355996443538194,0.01951378271873794,1.0,-0.08221504259704401,0.9216667276695721,-0.14272500635832075,-0.1649928823393639,0.3904081068811068,-0.24176295606456605,-0.05588734839286185,-0.03909410864937368,0.027612313852562412,0.019513782718737948,0.0002201244856384809,0.062025266025286366,-0.019513782718737445,0.11881467417624816,0.019513782718737813,-0.05810184854543117,0.019513782718737847,0.019513782718737816,0.008943682638113806,0.022929755251812567,-0.058101848545431156,0.0276123138525624,0.033837249117860076,0.043733426115887035,0.2428365993893008,-0.2682409448153109,-0.09537610173733224,-0.05588734839286185,0.03383724911785993,-0.26932722536664816,0.11349113058795983,0.01951378271873782,0.01951378271873782,0.027612313852562374,0.01951378271873782,0.019513782718737802,0.019513782718737802,0.11313999123890739,0.062025266025286366,-0.08221504259704397,0.058101848545431385,0.05588734839286315,0.024600834707050184
parC-S57T_AMR,-0.008461980951445434,0.04247494947527651,-0.005824237730666517,-0.005099409888361897,-0.07688725228114267,-0.03002654515089062,0.029942991908818533,-0.002270147559591377,-0.012633220202082395,0.09728412320531733,-0.0016043264774504994,-0.005592533434187976,-0.0016043264774504994,-0.012516256300818662,-0.011548938224991654,-0.03417853106948284,-0.029025723939654285,-0.004259160543528209,-0.055071490756679886,-0.0039409676701749295,-0.0035955454910323453,-0.0035955454910323453,-0.0032141238079016953,-0.0027819308775916553,0.0035955454910321675,-0.0016043264774504985,0.09223313288219376,-0.0035955454910323453,-0.0035955454910323453,-0.0035955454910323453,-0.002270147559591378,-0.003940967670174933,-0.0035955454910323436,-0.032552320886407714,-0.004834956621682305,-0.0016043264774504994,-0.030193748238025953,-0.003214123807901696,-0.00908841381462593,-0.0016043264774505011,-0.0022701475595913786,-0.005099409888361911,-0.006047573749512072,-0.03851847891318369,-0.0016043264774505011,-0.0016043264774505005,-0.0027819308775916553,-0.017880094600976563,-0.0016043264774504985,-0.004259160543528215,-0.001604326477450501,0.0032141238079016897,-0.0016043264774504998,-0.0016043264774504998,-0.006263438400113549,-0.0027819308775916553,-0.029692513488465175,-0.0016043264774504998,0.0051560617840544585,-0.003214123807901695,-0.0045558352505934395,-0.0022701475595913773,-0.006263438400113549,-0.0027819308775916527,-0.0053513720219940915,-0.0053513720219940985,-0.002781930877591651,-0.004259160543528213,-0.02249942311030868,-0.006047573749512058,-0.05824427565829963,-0.0016043264774505011,0.0016043264774505627,0.004555835250593065,-0.006263438400113548,-0.0016043264774504994,0.006873140826715814,-0.0032141238079016962,-0.003214123807901698,0.004834956621682367,-0.08891110103757643,-0.12831162803939722,-0.024025212052289285,0.21591914956907507,0.01721874968426195,-0.00425916054352821,-0.006472580883325479,0.021293487830660145,0.01472668119664661,-0.006047573749512076,-0.005099409888361911,-0.0016043264774505,-0.0016043264774504992,-0.001604326477450501,-0.0022701475595913794,-0.006472580883325477,-0.0016043264774504994,-0.17189517841677648,-0.0016043264774505011,-0.0016043264774504994,-0.014196551581532971,-0.0027819308775916536,-0.0022701475595913777,-0.051999017661170294,-0.0022701475595913773,0.09130107199763605,-0.0016043264774504985,-0.0022701475595913777,-0.00394096767017493,-0.0027819308775916527,-0.0077918706795445675,-0.030361086698319398,-0.009822829115699466,-0.0022701475595913777,-0.012160366331239054,-0.001604326477450501,-0.08221504259704401,1.0,-0.08920257195887327,-0.003940967670174934,-0.00455583525059344,-0.21058743696139878,-0.006675634620778077,-0.002781930877591656,0.003214123807901963,-0.002270147559591377,-0.001604326477450501,-0.0032141238079016967,-0.00509940988836191,0.0016043264774504296,-0.05584265055346622,-0.0016043264774505,-0.0016043264774504994,-0.0016043264774505,-0.0016043264774504992,-0.0035955454910323384,-0.005592533434187988,-0.0016043264774505011,-0.002270147559591378,-0.0027819308775916566,-0.0035955454910323406,0.017123177317034336,0.04780821936034403,-0.004259160543528207,-0.002781930877591656,-0.002781930877591655,-0.007436747875863721,-0.061678334697629685,-0.0016043264774504994,-0.0016043264774504994,-0.002270147559591377,-0.0016043264774504994,-0.0016043264774504994,-0.0016043264774504994,-0.04968619915345572,-0.00509940988836191,-0.0022701475595913777,0.0016043264774505761,0.0027819308775915053,0.007616173138554354
parC-S80I_AMR,0.04737748409670876,-0.17441368177820418,-0.025214908223219867,0.031412476538815425,0.7706437690832136,0.17348495220965632,-0.1360576131386384,0.025449350951876552,-0.04538494317098667,0.061817472219258277,0.017985204262834252,-0.10206556913513318,0.017985204262834228,0.08486332881385304,0.010434063877253529,-0.013860094167805011,0.31925755325753463,0.017017720316698976,0.13821404086082067,-0.15485533118809677,-0.14128240432659206,-0.14128240432659206,0.03603173919002654,0.031186666667798114,-0.003989634125088153,0.017985204262834252,-0.37234171908842356,-0.14128240432659206,-0.14128240432659206,-0.14128240432659206,-0.08920257195887323,0.04417997803910758,0.003989634125088692,0.08409540251815797,-0.0814566138456768,0.01798520426283426,0.04917413901327511,0.03603173919002665,-0.14982611153298792,0.017985204262834238,0.025449350951876535,-0.09735826061890974,0.067795957187202,0.3704944981244743,0.01798520426283419,-0.06303997616615878,-0.10931244898355792,0.13416706023224823,-0.06303997616615878,0.047747059866075504,0.01798520426283418,0.08571325712933621,0.017985204262834235,0.017985204262834245,0.07021589470538242,0.03118666666779813,0.32679487592367606,0.017985204262834245,-0.20033789378507386,-0.004549926249761026,-0.03521034413398363,-0.03187661050349827,0.07021589470538242,0.031186666667798246,-0.08742692256404515,0.059991230123514254,-0.10931244898355785,0.017017720316698987,0.08283988041819991,-0.15036668930076935,0.14136496254269346,0.017985204262834155,0.06303997616615888,-0.02231182768897102,0.00694994059838983,-0.06303997616615876,-0.03848178364860794,0.03603173919002664,-0.12629492256912397,0.08145661384567751,0.9901867372991583,0.695202557413456,0.07275312145481236,-0.4131295076740577,0.3185106650347254,-0.0751702983314306,-0.17260878009086034,0.39775777831520004,0.19229804918037488,-0.12855042465197247,0.05716662397036027,-0.06303997616615872,-0.06303997616615876,0.01798520426283419,-0.031876610503498264,-0.1521780089353334,0.01798520426283427,0.4660003482092133,0.01798520426283425,0.01798520426283427,-0.25909172184248674,-0.01564637188265381,-0.031876610503498305,0.16165081062740216,-0.03187661050349829,-0.3723920597776232,0.017985204262834256,0.02544935095187641,0.011007426501240355,-0.06247941043310585,-0.015307615445902716,0.1599656372683637,-0.09658754396483178,-0.08920257195887325,-0.13663216867431285,0.017985204262834186,0.9216667276695721,-0.08920257195887327,1.0,-0.15485533118809686,0.05107291360044984,0.09439382396938845,0.07483679533204368,0.031186666667798145,-0.03603173919002715,0.02544935095187655,0.017985204262834186,-0.004549926249761129,0.057166623970360285,-0.017985204262833617,0.16241183878267584,0.01798520426283427,-0.06303997616615872,0.01798520426283426,0.017985204262834252,0.003989634125088656,0.03915756622081771,-0.06303997616615875,0.02544935095187656,0.031186666667798093,0.040307643738008804,0.23615646216484842,-0.24708144649945696,-0.1058996378808072,0.031186666667798145,0.031186666667798225,-0.2922175850349292,0.15067942473375656,0.01798520426283426,0.01798520426283426,0.025449350951876552,0.01798520426283426,0.01798520426283427,0.01798520426283427,0.14786926973578407,0.057166623970360285,-0.08920257195887324,0.06303997616615879,0.06247941043310701,0.002039472737811943
parC-S80R_AMR,-0.014689967273001953,0.07373635337806356,-0.010110854910286661,-0.008852556487835514,-0.07189850457371877,-0.05212597004399471,0.05198092192835412,-0.003940967670174932,0.03371610433439895,-0.01916726185685525,-0.0027851047626067556,0.22842218609294807,-0.0027851047626067556,-0.021728174111302376,-0.02004891355068215,0.11530535534611448,-0.05038854816564877,-0.007393886768818986,0.07156094044352525,-0.006841505131128843,-0.006241853520461147,-0.006241853520461147,-0.005579706905554682,-0.004829421595494654,0.006241853520461328,-0.0027851047626067564,-0.008920878778521747,-0.006241853520461147,-0.006241853520461147,-0.006241853520461147,-0.00394096767017493,-0.00684150513112885,-0.006241853520461155,0.09146958490100794,-0.008393466606275568,-0.002785104762606757,0.10003282597721798,-0.0055797069055546844,-0.01577745237981756,-0.0027851047626067573,-0.003940967670174934,-0.008852556487835539,-0.010498565403438196,0.01772287683043655,-0.0027851047626067573,-0.002785104762606757,-0.004829421595494654,-0.03103977733271295,-0.0027851047626067564,-0.007393886768818989,-0.002785104762606757,0.005579706905554489,-0.0027851047626067564,-0.0027851047626067564,-0.010873305629270542,-0.004829421595494653,-0.05154609232773274,-0.0027851047626067564,0.09214720083723155,-0.005579706905554685,-0.007908912950338711,-0.003940967670174934,-0.010873305629270542,-0.004829421595494662,-0.009289961809158113,-0.009289961809158117,-0.004829421595494656,-0.00739388676881899,-0.039058914342675416,-0.010498565403438182,0.06766274669283075,-0.002785104762606757,0.0027851047626067877,0.007908912950339013,-0.010873305629270535,-0.002785104762606757,0.011931746760779577,-0.005579706905554689,-0.005579706905554687,0.008393466606275409,-0.15434933875920226,0.030714033719257978,0.026873103668879194,-0.0182520525763472,-0.013236350724767363,-0.007393886768818986,-0.011236376197664202,-4.191090159744525e-05,-0.023296666919745787,0.5413010328844143,-0.008852556487835532,-0.0027851047626067573,-0.002785104762606757,-0.002785104762606757,-0.003940967670174934,-0.011236376197664207,-0.002785104762606757,-0.2448533930474961,-0.0027851047626067577,-0.002785104762606757,0.12647759416223434,-0.004829421595494656,-0.00394096767017493,0.020436147665261823,-0.0039409676701749295,-0.009554053355062066,-0.0027851047626067564,-0.00394096767017493,-0.0068415051311288486,-0.004829421595494654,0.24612637037661161,0.0689665877799132,-0.017052394594822134,-0.003940967670174932,0.2665507522032587,-0.0027851047626067573,-0.14272500635832075,-0.003940967670174934,-0.15485533118809686,1.0,-0.007908912950338706,0.018714163233285987,-0.011588876726199404,-0.004829421595494654,0.005579706905554694,-0.003940967670174931,-0.0027851047626067573,-0.0055797069055546844,-0.008852556487835532,0.00278510476260681,0.07057271872153839,-0.0027851047626067573,-0.0027851047626067573,-0.002785104762606758,-0.002785104762606757,-0.0062418535204611415,-0.009708617118472434,-0.0027851047626067573,-0.003940967670174936,-0.004829421595494656,-0.006241853520461138,-0.013587522735014583,0.08299488994524246,-0.007393886768818979,-0.004829421595494654,-0.004829421595494661,-0.012910166489484254,0.0638954940903486,-0.0027851047626067573,-0.0027851047626067573,-0.003940967670174933,-0.0027851047626067573,-0.0027851047626067573,-0.0027851047626067573,-0.0034689533326965243,-0.008852556487835532,-0.00394096767017493,0.0027851047626067963,0.004829421595494606,0.013221648074233363
parE-E460D_AMR,-0.016981887783270134,0.08524065815416478,-0.011688344860711603,-0.010233727419377805,0.05925345379666795,-0.033760440342480484,0.03356079915467896,-0.004555835250593442,-0.025352920202031233,-0.02215772737383048,-0.0032196352561086367,-0.011223350152701999,-0.0032196352561086367,-0.02511819173155232,0.08123751822080587,-0.06859102880866509,-0.058250141379388186,0.1262279172507713,0.08272583850548529,-0.007908912950338695,-0.007215704029435845,-0.007215704029435845,-0.00645024966854836,-0.0055829052623908295,0.00721570402943599,-0.0032196352561086423,0.009228325718211472,-0.007215704029435845,-0.007215704029435845,-0.007215704029435845,-0.004555835250593437,-0.007908912950338706,-0.0072157040294358425,0.08863380908844934,-0.00970301059025224,-0.003219635256108641,0.09801648402258896,-0.006450249668548362,-0.018239041710621698,-0.0032196352561086375,-0.00455583525059344,-0.010233727419377826,-0.012136545729014146,-0.07730063329606161,-0.00321963525610864,-0.00321963525610864,-0.005582905262390829,0.2547992811147999,-0.0032196352561086423,-0.008547476863413776,-0.0032196352561086393,0.006450249668548669,-0.003219635256108638,-0.003219635256108638,0.26490753849214504,-0.005582905262390828,-0.032960524006023596,-0.003219635256108638,-0.08582911774291413,-0.006450249668548361,-0.009142857142857166,-0.00455583525059344,0.26490753849214504,-0.0055829052623908235,-0.01073937647525808,-0.010739376475258092,-0.005582905262390826,-0.008547476863413773,-0.014197911554034865,-0.012136545729014129,0.07821945073746038,-0.00321963525610864,0.0032196352561087178,0.009142857142857468,-0.012569752716116012,-0.003219635256108641,-0.07078660964450675,-0.006450249668548364,-0.006450249668548363,0.009703010590252302,0.05124034229053124,0.03550602014958921,-0.018484617976022903,-0.021099727651233507,0.034555369077781665,-0.00854747686341377,-0.012989469352326694,-0.2139543923862748,0.029554172827430766,-0.012136545729014153,-0.010233727419377827,-0.0032196352561086384,-0.0032196352561086406,-0.0032196352561086397,-0.00455583525059344,-0.012989469352326696,-0.0032196352561086414,0.02650356625796324,-0.0032196352561086384,-0.0032196352561086414,0.015184926011072844,-0.0055829052623908295,-0.004555835250593439,0.08761387148271947,-0.004555835250593434,0.008382509596630758,-0.0032196352561086423,-0.004555835250593437,-0.007908912950338708,-0.00558290526239083,-0.015637080047926157,-0.034556872199164784,-0.01971289969975094,-0.0045558352505934395,-0.024403975573270884,-0.0032196352561086397,-0.1649928823393639,-0.00455583525059344,0.05107291360044984,-0.007908912950338706,1.0,-0.4226164350362998,-0.013396966816948682,-0.00558290526239083,0.006450249668547772,-0.004555835250593439,-0.003219635256108639,-0.006450249668548364,-0.010233727419377827,0.003219635256109081,0.08158343498096454,-0.0032196352561086414,-0.0032196352561086384,-0.003219635256108641,-0.003219635256108638,-0.007215704029435827,-0.01122335015270203,-0.0032196352561086375,-0.00455583525059344,-0.005582905262390831,-0.007215704029435833,0.03436357010957863,0.09594370643869686,-0.008547476863413762,-0.00558290526239083,-0.005582905262390825,-0.014924403473021052,0.073864433482646,-0.003219635256108641,-0.003219635256108641,-0.004555835250593442,-0.003219635256108641,-0.0032196352561086414,-0.0032196352561086414,0.09169216660189176,-0.010233727419377827,-0.004555835250593438,0.0032196352561086796,0.005582905262391225,0.015284482241098562
parE-I529L_AMR,-0.05150036368743398,0.03134690074860764,0.02765709965753617,0.024215166687729026,0.05956934509478096,-0.03239300179975255,0.04468007722409448,0.010780071177785904,-0.04620750540489096,-0.019346217888835088,0.0076183389693116835,-0.10977849791754571,0.007618338969311696,0.05943496193988495,0.008875635179001903,-0.004340605531403421,0.13783217250977262,-0.09843797719190438,-0.0043354785409942115,0.01871416323328598,0.017073884097328275,0.017073884097328275,-0.14144578590187074,0.01321033637016812,-0.01707388409732825,0.007618338969311743,0.06526374434866769,0.017073884097328275,0.017073884097328275,0.017073884097328275,0.0107800711777859,0.018714163233285983,0.017073884097328195,-0.08264322218490056,-0.08181132459549179,0.0076183389693117234,-0.10100691105736427,0.015262656948006128,-0.15695967689684498,0.007618338969311711,0.010780071177785825,-0.07523595975536289,0.02871763784570212,0.17214741121039684,0.007618338969311729,-0.148823365912136,0.013210336370168167,-0.043059757690488205,0.007618338969311716,0.020225140706322992,0.007618338969311731,0.21980000732680874,0.007618338969311674,0.007618338969311672,-0.09240986892946415,0.013210336370168115,0.12927628547730205,0.007618338969311672,-0.019191765154490763,0.015262656948006145,0.021633936555429646,-0.09990368289180639,-0.09240986892946415,0.013210336370168082,0.025411639455847533,0.025411639455847474,0.01321033637016815,0.020225140706322944,0.03870545031107175,-0.35038380394797713,-0.0025655419329189584,0.007618338969311787,-0.007618338969311668,-0.021633936555429906,-0.01097482475309998,0.00761833896931175,0.041830542314131594,0.01526265694800614,-0.21980000732680915,-0.022959378258488178,0.10624546920324246,0.14171671053996532,0.04864652929830364,-0.35016462978178065,0.16515252883413406,-0.21710109509013142,-0.4031844739339965,0.29438601909738393,0.13521625877178817,0.02871763784570215,0.024215166687729165,-0.14882336591213594,0.00761833896931172,0.007618338969311694,0.010780071177785885,-0.3242898721647508,0.007618338969311744,0.284789944493938,0.007618338969311727,0.007618338969311744,-0.04794758839641447,-0.07721390405509115,-0.09990368289180648,0.02508715527683288,0.010780071177785856,0.06675764497769933,0.00761833896931174,0.0107800711777859,0.01871416323328597,-0.07721390405509124,0.03700064349504771,0.1093429276083352,0.02003802060872041,0.010780071177785906,0.05774497523073083,0.007618338969311717,0.3904081068811068,-0.21058743696139878,0.09439382396938845,0.018714163233285987,-0.4226164350362998,1.0,-0.6192570077398303,-0.1676381444803508,-0.015262656948005762,0.010780071177785884,0.007618338969311679,0.01526265694800621,0.02421516668772916,-0.00761833896931196,0.020081563881976707,0.0076183389693117365,-0.14882336591213594,0.007618338969311746,0.007618338969311719,-0.05304816082332681,-0.018888283514176932,0.007618338969311698,0.010780071177785828,0.013210336370168224,0.01707388409732826,0.24932651433922678,0.004493029582449468,-0.21710109509013117,-0.1676381444803508,0.01321033637016807,-0.37907143702589313,-0.011639609279876555,0.007618338969311724,0.007618338969311724,0.010780071177785906,0.007618338969311724,0.007618338969311745,0.007618338969311745,0.004222603386585208,0.02421516668772916,-0.21058743696139867,-0.007618338969311715,-0.01321033637016803,0.031349243518047
parE-L445H_AMR,0.11872493588556526,0.025348812142156445,-0.017126852776688153,-0.014995411664964339,0.08682368562695222,-0.070024746903038,0.03316928163538176,-0.006675634620778075,-0.03714946272836762,0.005008069352338303,-0.004717709794083715,-0.01644549917180019,-0.004717709794083715,-0.03680551668602386,-0.03396100465903588,0.1431126201993542,-0.08535353871868186,-0.012524560114914617,0.0545913119020686,-0.011588876726199408,-0.010573122376608195,-0.010573122376608195,0.2360096962865517,-0.008180593371826974,0.0105731223766082,-0.0047177097940837185,-0.07237783659918208,-0.010573122376608195,-0.010573122376608195,-0.010573122376608195,-0.006675634620778071,-0.011588876726199415,-0.010573122376608204,0.09891003117495335,-0.014217755879918371,-0.004717709794083719,0.11172332336527332,-0.0094515072717818,-0.026725544624859227,-0.004717709794083718,-0.0066756346207780745,-0.014995411664964329,-0.017783598481685616,-0.11326809584961216,-0.0047177097940837185,-0.004717709794083719,-0.008180593371826974,-0.05257851104733953,-0.0047177097940837185,-0.012524560114914639,-0.004717709794083718,0.009451507271782067,-0.004717709794083715,-0.004717709794083714,-0.01841837375383432,-0.008180593371826972,-0.08731431143497886,-0.004717709794083714,0.13950920587202573,-0.009451507271781808,-0.013396966816948679,-0.0066756346207780745,-0.01841837375383432,-0.008180593371826963,-0.01573633581119158,-0.01573633581119159,-0.008180593371826967,-0.012524560114914632,-0.06616218722352417,-0.017783598481685568,0.030529567272053977,-0.0047177097940837185,0.004717709794083516,0.013396966816949091,-0.018418373753834306,-0.004717709794083719,0.02021127510520312,-0.0094515072717818,-0.009451507271781803,0.014217755879918276,0.07508212746074035,0.05202673150346411,-0.0706489482017045,-0.03091728841143136,0.05063374890901844,-0.012524560114914625,-0.01903338170594132,-0.31350592603086586,-0.07354331000573609,-0.01778359848168561,-0.014995411664964323,-0.004717709794083715,-0.0047177097940837185,-0.004717709794083718,-0.006675634620778075,-0.019033381705941318,-0.0047177097940837185,0.038835496622205215,-0.0047177097940837185,-0.0047177097940837185,-0.011630390505437977,-0.008180593371826974,-0.0066756346207780745,0.04564789291480863,-0.00667563462077807,-0.07311671675608498,-0.0047177097940837185,-0.006675634620778071,-0.011588876726199418,0.1334559546149027,-0.022912907775191515,-0.08928032921535199,-0.028885178781309456,-0.006675634620778074,-0.03575898057339299,-0.004717709794083718,-0.24176295606456605,-0.006675634620778077,0.07483679533204368,-0.011588876726199404,-0.013396966816948682,-0.6192570077398303,1.0,0.27509250260163276,0.009451507271781394,-0.0066756346207780745,-0.004717709794083718,-0.009451507271781802,-0.014995411664964323,0.004717709794083896,0.0527776546799944,-0.0047177097940837185,-0.004717709794083715,-0.0047177097940837185,-0.004717709794083715,-0.010573122376608176,0.054737715380648706,-0.004717709794083716,-0.0066756346207780745,-0.008180593371826982,-0.010573122376608197,-0.0791214932800924,0.041684741727696165,-0.012524560114914611,0.27509250260163276,-0.008180593371826965,-0.021868627603683053,0.04009060414826936,-0.0047177097940837185,-0.0047177097940837185,-0.006675634620778075,-0.0047177097940837185,-0.0047177097940837185,-0.0047177097940837185,0.0353686194085142,-0.014995411664964323,-0.006675634620778073,0.0047177097940836535,0.008180593371826906,-0.08335716052909713
pcoABCDERS_STRESS,-0.010369654604591324,-0.0654958019246366,-0.007137257097195923,-0.006249023666322249,0.03618195207990223,-0.03679574605172286,-0.04970726696667007,-0.002781930877591656,-0.015481260332660361,-0.013530178895404003,-0.0019660067234399284,-0.006853317256316002,-0.0019660067234399284,-0.015337928024980893,-0.014152537228586988,0.04030148266501529,-0.03556929915459337,-0.00521934804572525,-0.028152925162893097,-0.004829421595494655,-0.004406127249758511,-0.004406127249758511,0.5757092301338017,-0.003409090909090913,0.00440612724975859,-0.0019660067234399314,-0.030161947129616794,-0.004406127249758511,-0.004406127249758511,-0.004406127249758511,-0.0027819308775916527,-0.004829421595494658,-0.00440612724975851,0.0018928082591800916,-0.0059249519093355,-0.001966006723439931,0.0060449009135519795,-0.0039387176519986395,-0.011137310837974512,-0.0019660067234399297,-0.0027819308775916553,-0.0062490236663222485,-0.007410942111317496,-0.047202106045360584,-0.00196600672343993,-0.001966006723439931,-0.003409090909090913,-0.02191099299010761,-0.0019660067234399314,-0.00521934804572526,-0.00196600672343993,0.003938717651998736,-0.001966006723439929,-0.001966006723439929,-0.007675471407817001,-0.0034090909090909124,-0.03638641010707535,-0.001966006723439929,0.06504675114002022,-0.003938717651998644,-0.005582905262390836,-0.0027819308775916553,-0.007675471407817001,-0.0034090909090909085,-0.006557788282337533,-0.006557788282337539,-0.00340909090909091,-0.005219348045725256,-0.027571705466508705,-0.007410942111317489,-0.03166221026558252,-0.00196600672343993,0.001966006723439767,0.005582905262391267,-0.007675471407816996,-0.001966006723439931,0.008422625485771464,-0.003938717651998641,-0.003938717651998641,0.005924951909335347,0.03128890369286877,0.0216810504246543,-0.029441469109162784,-0.012884132246462392,0.021100554110584795,-0.005219348045725253,-0.00793176308780285,-0.07840005011502947,-0.11992052824381742,-0.007410942111317502,-0.006249023666322248,-0.001966006723439929,-0.0019660067234399305,-0.00196600672343993,-0.0027819308775916553,-0.007931763087802851,-0.001966006723439931,0.016183879636499178,-0.00196600672343993,-0.001966006723439931,-0.017397030000595233,-0.003409090909090914,-0.002781930877591655,-0.02464790945870998,-0.0027819308775916523,-0.030469859955901527,-0.0019660067234399314,-0.0027819308775916527,-0.0048294215954946635,-0.003409090909090913,-0.009548474303374277,-0.037205706830130074,-0.012037293129610228,-0.002781930877591655,-0.014901806024357783,-0.0019660067234399297,-0.05588734839286185,-0.002781930877591656,0.031186666667798145,-0.004829421595494654,-0.00558290526239083,-0.1676381444803508,0.27509250260163276,1.0,0.0039387176519985875,-0.0027819308775916545,-0.0019660067234399297,-0.003938717651998639,-0.006249023666322247,0.00196600672343989,-0.029015460875617655,-0.001966006723439931,-0.001966006723439929,-0.001966006723439931,-0.001966006723439929,-0.004406127249758502,-0.0068533172563160095,-0.0019660067234399297,-0.002781930877591655,-0.003409090909090909,0.2549678968526916,-0.1013160615761786,-0.058189384896840765,-0.005219348045725247,1.0,-0.0034090909090909085,-0.009113292418953292,-0.03535413551179009,-0.001966006723439931,-0.001966006723439931,-0.002781930877591656,-0.001966006723439931,-0.001966006723439931,-0.001966006723439931,-0.02192831825967469,-0.006249023666322247,-0.002781930877591653,0.0019660067234397384,0.003409090909090936,0.009333167411831846
pmrB-E123D_AMR,0.011980654879961368,0.04171904659135842,0.008246081217902915,0.007219854347875067,-0.04180307804665825,0.04251222931776448,-0.04239393283812062,0.0032141238079016333,0.017886385248581313,0.01563218930534143,0.0022714399797645556,0.007918029284644947,0.002271439979764589,-0.05090839618833194,0.016351235472822658,0.048390700404208745,-0.03481919301713616,0.006030211228689454,0.043887863802028526,0.005579706905554757,0.005090650744835642,0.005090650744835642,0.004550625711035318,0.0039387176519982536,-0.005090650744836204,0.0022714399797645174,0.03484782211623458,0.005090650744835642,0.005090650744835642,0.005090650744835642,0.003214123807901737,0.0055797069055547556,0.0050906507448358835,0.046088277002703314,0.0068454357172790786,0.0022714399797645096,0.042748959049647636,0.004550625711034981,0.012867572019375582,-0.49914893555325307,0.003214123807901881,0.0072198543478750755,0.008562285163457294,-0.04894894048469573,0.0022714399797645565,0.0022714399797643166,0.00393871765199845,0.02531502302646678,0.0022714399797645443,0.006030211228689472,0.00227143997976437,-0.004550625711035147,0.002271439979764661,0.0022714399797647863,0.008867910984938028,0.003938717651998323,-0.033103821330606034,0.0022714399797647863,0.02662602043209176,0.0045506257110352185,0.006450249668548277,0.003214123807901864,0.008867910984938028,0.003938717651998735,0.007576587763275637,0.007576587763275439,0.003938717651998692,0.006030211228689351,0.03185516781821579,0.008562285163457311,0.0480517464008948,0.002271439979764658,-0.002271439979764401,-0.0064502496685487675,0.008867910984937617,0.002271439979764542,-0.00973114081191484,0.004550625711035169,0.004550625711035376,-0.00684543571727958,-0.036149859470791634,-0.025049357232961707,0.03401541266376914,0.014885774672215982,-0.024378676649745256,0.00603021122868948,0.00916401941705084,0.015125161070744242,0.03892517089968182,0.008562285163457216,0.007219854347874884,0.002271439979764715,0.002271439979764631,0.002271439979764444,0.003214123807901881,0.009164019417050829,0.002271439979764444,-0.018698161504616385,0.0022714399797642802,0.002271439979764444,0.020099783485670625,0.003938717651998481,0.0032141238079015405,0.039763186617205466,0.0032141238079017617,-0.0059138274723574856,0.0022714399797645157,0.0032141238079018003,0.005579706905554767,0.003938717651998664,0.011031898324584247,-0.03143869295347035,-0.1566511044338077,0.0032141238079017365,0.017216908554207395,0.0022714399797644155,-0.03909410864937368,0.003214123807901963,-0.03603173919002715,0.005579706905554694,0.006450249668547772,-0.015262656948005762,0.009451507271781394,0.0039387176519985875,1.0,0.0032141238079015527,0.002271439979764448,0.00455062571103543,0.0072198543478748795,-0.002271439979764586,0.044908222584472725,0.00227143997976446,0.0022714399797647213,0.00227143997976454,0.00227143997976473,0.005090650744835692,0.007918029284645025,0.0022714399797643227,0.0032141238079020835,0.003938717651998666,0.005090650744835411,0.08173133842697514,0.03350016598091991,0.00603021122868924,0.003938717651998581,0.003938717651998745,0.010529107810718101,0.05246636933818622,0.002271439979764531,0.002271439979764531,0.0032141238079016624,0.002271439979764531,0.0022714399797644632,0.0022714399797644632,0.07034679087204872,0.0072198543478748795,0.003214123807901532,-0.002271439979764339,-0.003938717651998891,0.09741588477020917
pmrB-G206D_AMR,-0.008461980951445434,-0.05344673949318685,-0.005824237730666516,-0.005099409888361897,0.029525668979435662,-0.03002654515089061,-0.07581565551312845,-0.0022701475595913764,-0.01263322020208239,0.0972841232053172,-0.0016043264774504976,-0.005592533434187971,-0.0016043264774504976,0.08442983416955732,-0.011548938224991648,-0.03417853106948282,-0.029025723939654278,-0.004259160543528204,-0.05507149075667987,-0.003940967670174927,-0.003595545491032345,-0.003595545491032345,-0.0032141238079016945,-0.0027819308775916545,0.0035955454910322443,-0.0016043264774504996,-0.024613145934129232,-0.003595545491032345,-0.003595545491032345,-0.003595545491032345,-0.0022701475595913773,-0.00394096767017493,-0.00359554549103234,-0.03255232088640771,-0.004834956621682303,-0.001604326477450499,-0.03019374823802594,-0.0032141238079016945,-0.009088413814625926,-0.001604326477450501,-0.0022701475595913773,-0.0050994098883619075,-0.00604757374951207,-0.03851847891318367,-0.001604326477450501,-0.0016043264774505,-0.0027819308775916536,-0.017880094600976545,-0.0016043264774504996,-0.004259160543528211,-0.0016043264774505,0.0032141238079017344,-0.0016043264774504987,-0.0016043264774504987,-0.006263438400113545,-0.0027819308775916545,-0.02969251348846516,-0.0016043264774504987,0.005156061784054447,-0.003214123807901695,-0.004555835250593437,-0.002270147559591377,-0.006263438400113545,-0.0027819308775916484,-0.005351372021994087,-0.005351372021994096,-0.0027819308775916506,-0.004259160543528208,-0.022499423110308673,-0.0060475737495120545,-0.05824427565829961,-0.0016043264774505007,0.0016043264774505167,0.004555835250593244,-0.006263438400113544,-0.001604326477450499,0.006873140826715698,-0.003214123807901694,-0.003214123807901696,0.004834956621681975,0.025532779744027036,0.017692453866257132,-0.024025212052289278,-0.010513877829373016,0.01721874968426192,-0.004259160543528207,-0.006472580883325473,0.021293487830660172,0.014726681196646534,-0.006047573749512073,-0.005099409888361909,-0.001604326477450499,-0.0016043264774504987,-0.0016043264774505005,-0.0022701475595913773,-0.006472580883325476,-0.0016043264774504992,0.013206580780801093,-0.001604326477450501,-0.0016043264774504992,-0.01419655158153296,-0.002781930877591653,-0.002270147559591377,-0.05199901766117028,-0.002270147559591376,-0.024864412979183317,-0.0016043264774504996,-0.0022701475595913773,-0.0039409676701749295,-0.002781930877591652,-0.007791870679544565,-0.030361086698319373,-0.009822829115699459,-0.0022701475595913764,-0.012160366331239056,-0.0016043264774505007,0.027612313852562412,-0.002270147559591377,0.02544935095187655,-0.003940967670174931,-0.004555835250593439,0.010780071177785884,-0.0066756346207780745,-0.0027819308775916545,0.0032141238079015527,1.0,-0.0016043264774505,-0.0032141238079016967,-0.005099409888361909,0.0016043264774504293,-0.05584265055346619,-0.0016043264774504992,-0.001604326477450498,-0.001604326477450499,-0.0016043264774504979,-0.003595545491032337,-0.005592533434187985,-0.001604326477450501,-0.002270147559591376,-0.0027819308775916558,-0.0035955454910323397,0.017123177317034353,-0.047484461667158806,-0.004259160543528206,-0.0027819308775916545,-0.0027819308775916497,-0.007436747875863718,-0.06167833469762964,-0.001604326477450499,-0.001604326477450499,-0.0022701475595913764,-0.001604326477450499,-0.0016043264774504992,-0.0016043264774504992,-0.04968619915345571,-0.005099409888361909,-0.002270147559591377,0.0016043264774505761,0.0027819308775913747,-0.14522657416470397
pmrB-T156M_AMR,-0.005980131130563732,-0.03777112150267147,-0.004116022662401915,-0.0036037826125912627,0.020865961909838932,0.05343027209385476,-0.05357936449156272,-0.0016043264774505011,-0.008927970157724688,-0.00780279065212806,-0.0011337868480725626,-0.003952275889110015,-0.0011337868480725626,-0.008845311088753362,-0.00816170178123987,0.04693959708768647,0.05527257410653932,-0.0030099735159615395,-0.03891934266577602,-0.0027851047626067543,-0.0025409929005580844,-0.0025409929005580844,-0.0022714399797645196,-0.0019660067234399297,0.002540992900558178,-0.0011337868480725641,-0.017394253315667435,-0.0025409929005580844,-0.0025409929005580844,-0.0025409929005580844,-0.0016043264774504996,-0.0027851047626067577,-0.0025409929005580836,-0.023004914407382917,-0.0034168919516781374,-0.0011337868480725641,-0.021338097405641174,-0.0022714399797645205,-0.006422834876626167,-0.0011337868480725628,-0.0016043264774505002,-0.0036037826125912696,-0.0042738555252431285,0.041650826375217755,-0.0011337868480725637,-0.0011337868480725637,-0.0019660067234399297,-0.012635966797167037,-0.0011337868480725641,-0.0030099735159615434,-0.0011337868480725633,0.0022714399797646176,-0.0011337868480725628,-0.0011337868480725626,-0.004426408328712824,-0.0019660067234399292,0.05403134625412363,-0.0011337868480725626,-0.030224518350007775,-0.0022714399797645205,-0.0032196352561086406,-0.0016043264774505005,-0.004426408328712824,-0.001966006723439928,-0.003781845717164875,-0.0037818457171648785,-0.0019660067234399284,-0.003009973515961543,0.07130522723115676,-0.004273855525243121,-0.041161568200154916,-0.0011337868480725637,0.0011337868480724986,0.00321963525610891,-0.004426408328712821,-0.0011337868480725641,0.00485728857798602,-0.0022714399797645213,-0.0022714399797645213,0.003416891951678207,0.018044163875245007,0.012503359999125732,0.06677678739978603,-0.007430218582522049,0.01216859049991724,-0.003009973515961541,-0.004574210537410235,0.015048231635721176,0.010407431212535399,-0.00427385552524313,-0.00360378261259127,-0.001133786848072563,-0.001133786848072564,-0.0011337868480725635,-0.0016043264774505002,-0.0045742105374102365,-0.0011337868480725641,0.00933316741183196,-0.001133786848072563,-0.0011337868480725641,-0.0100327855317232,-0.0019660067234399305,-0.0016043264774505,-0.03674800806791947,-0.0016043264774504985,-0.01757182519710214,-0.0011337868480725641,-0.0016043264774504992,-0.0027851047626067586,-0.00196600672343993,-0.005506560305847992,0.052841536714142164,-0.006941850439283748,-0.0016043264774505002,-0.008593801578350277,-0.0011337868480725635,0.019513782718737948,-0.001604326477450501,0.017985204262834186,-0.0027851047626067573,-0.003219635256108639,0.007618338969311679,-0.004717709794083718,-0.0019660067234399297,0.002271439979764448,-0.0016043264774505,1.0,-0.002271439979764521,-0.00360378261259127,0.0011337868480727137,-0.039464325777161226,-0.0011337868480725643,-0.0011337868480725633,-0.0011337868480725643,-0.001133786848072563,-0.0025409929005580784,-0.003952275889110026,-0.001133786848072563,-0.0016043264774505007,-0.0019660067234399305,-0.002540992900558081,0.012101048952404988,-0.03355754510240672,-0.0030099735159615395,-0.00196600672343993,-0.0019660067234399284,-0.005255592956045327,-0.04358843768652306,-0.0011337868480725643,-0.0011337868480725643,-0.0016043264774505015,-0.0011337868480725643,-0.0011337868480725643,-0.0011337868480725643,-0.035113525783370576,-0.00360378261259127,-0.0016043264774505,0.0011337868480725483,0.0019660067234399227,0.005382393832244567
pmrB-V161G_AMR,-0.011980654879961621,0.06013694826625327,-0.008246081217902917,-0.007219854347874857,0.004137651602577296,-0.04251222931776477,0.04239393283812091,-0.003214123807901698,-0.017886385248581143,-0.015632189305341306,-0.0022714399797645196,-0.00791802928464495,-0.0022714399797645196,-0.017720785238075853,-0.016351235472822342,0.09403926111884614,-0.04109524509182893,-0.006030211228689303,-0.04388786380202872,-0.005579706905554679,-0.005090650744835637,-0.005090650744835637,-0.004550625711035267,-0.0039387176519986395,-0.21966157963965757,-0.002271439979764522,0.006510547411500729,-0.005090650744835637,-0.005090650744835637,-0.005090650744835637,-0.0032141238079016936,-0.0055797069055546844,-0.005090650744835636,-0.009881917044173951,-0.006845435717279212,-0.002271439979764522,-0.005449225017198088,-0.00455062571103527,0.07876199324762984,-0.00227143997976452,-0.0032141238079016967,-0.0072198543478748725,-0.00856228516345731,-0.05453529203242955,-0.002271439979764521,-0.0022714399797645218,0.2858852562409012,-0.025315023026466873,-0.002271439979764522,-0.006030211228689311,-0.0022714399797645205,0.004550625711035484,-0.00227143997976452,-0.00227143997976452,-0.008867910984938039,-0.003938717651998639,-0.04203930009593574,-0.00227143997976452,0.07515223082997233,-0.004550625711035268,-0.006450249668548363,-0.0032141238079016962,-0.008867910984938039,-0.003938717651998635,-0.007576587763275712,-0.007576587763275719,-0.003938717651998637,-0.006030211228689306,-0.03185516781821594,-0.008562285163457296,-0.04805174640089507,-0.0022714399797645205,0.002271439979764249,0.006450249668549128,-0.008867910984938032,-0.002271439979764522,-0.3482937482264472,-0.004550625711035272,-0.0045506257110352714,0.006845435717279074,-0.004358168337214659,0.02504935723296119,-0.034015412663769395,-0.014885774672215713,0.02437867664974514,-0.006030211228689304,-0.009164019417050768,-0.1509439803127848,0.0208503524123514,-0.008562285163457311,-0.00721985434787487,-0.00227143997976452,-0.002271439979764522,-0.002271439979764521,-0.0032141238079016967,-0.009164019417050768,-0.0022714399797645226,0.018698161504616125,-0.002271439979764521,-0.0022714399797645226,-0.020099783485670333,-0.003938717651998641,-0.0032141238079016953,-0.03976318661720576,-0.0032141238079016927,0.00591382747235778,-0.002271439979764522,-0.0032141238079016936,-0.005579706905554687,-0.00393871765199864,-0.011031898324584339,-0.04298588044576308,-0.013907373020017459,-0.003214123807901696,-0.017216908554207305,-0.0022714399797645205,0.0002201244856384809,-0.0032141238079016967,-0.004549926249761129,-0.0055797069055546844,-0.006450249668548364,0.01526265694800621,-0.009451507271781802,-0.003938717651998639,0.00455062571103543,-0.0032141238079016967,-0.002271439979764521,1.0,-0.007219854347874871,0.0022714399797645985,-0.044908222584473065,-0.002271439979764522,-0.00227143997976452,-0.0022714399797645218,-0.00227143997976452,-0.005090650744835626,-0.007918029284644974,-0.00227143997976452,-0.0032141238079016967,-0.0039387176519986395,-0.005090650744835631,0.024243363233845704,0.06768790663419572,-0.006030211228689302,-0.0039387176519986395,-0.003938717651998636,-0.010529107810717987,-0.05246636933818645,-0.0022714399797645218,-0.0022714399797645218,-0.0032141238079016975,-0.0022714399797645218,-0.002271439979764522,-0.002271439979764522,-0.03658797764377764,-0.007219854347874871,-0.0032141238079016945,0.0022714399797642256,0.00393871765199906,0.010783141961985133
psi-GI_STRESS,-0.019008063663799046,0.00922388220085724,-0.013082927297147743,0.08969072164948443,0.06632321662004016,0.003735186390383237,0.043504185164254396,-0.00509940988836191,0.014824994318324899,0.023864509268662484,-0.0036037826125912666,-0.012562452240076436,-0.0036037826125912666,-0.02811514206466612,0.4415479405134317,-0.05417748386011785,-0.04111158742193422,-0.009567309975082879,-0.015555179049361306,-0.008852556487835523,-0.008076638081766679,-0.008076638081766679,-0.007219854347874868,-0.006249023666322244,0.008076638081767356,-0.0036037826125912696,-0.05528826495436507,-0.008076638081766679,-0.008076638081766679,-0.008076638081766679,-0.005099409888361907,0.38198781245010305,-0.008076638081766684,0.04176538693782289,0.09569496643156321,-0.00360378261259127,0.05053283891007483,0.1521584303814627,-0.020415213575002398,-0.003603782612591269,-0.005099409888361909,-0.011454753722794963,-0.013584604775387697,-0.08652367614812842,-0.0036037826125912696,-0.0036037826125912705,-0.006249023666322244,-0.04016387869935562,-0.0036037826125912696,-0.009567309975082884,-0.00360378261259127,0.007219854347874577,-0.0036037826125912675,-0.003603782612591267,0.06875295370259832,-0.006249023666322244,-0.06669799778154199,-0.003603782612591267,0.05464270549649252,0.15215843038146287,-0.010233727419377827,-0.005099409888361909,0.06875295370259832,-0.006249023666322239,-0.012020733758016981,-0.012020733758016993,-0.006249023666322241,-0.00956730997508288,-0.050540230394449936,-0.013584604775387673,-0.021640707952248015,-0.0036037826125912683,0.003603782612591148,0.010233727419379125,-0.014069499393437584,-0.00360378261259127,0.015439067891325377,0.1521584303814628,-0.007219854347874873,0.010860714979622514,0.057354029236537506,0.03974238318288799,-0.05396759492210636,-0.023617219216262916,0.0051950273999584054,-0.009567309975082882,-0.014539294073726769,0.04783134996780905,0.033080397527308694,-0.013584604775387704,1.0,-0.003603782612591268,-0.0036037826125912696,-0.00360378261259127,-0.00509940988836191,-0.014539294073726769,-0.00360378261259127,0.029665811079342057,-0.0036037826125912705,-0.00360378261259127,-0.03188957264458171,-0.006249023666322245,-0.005099409888361908,-0.009368724452015883,-0.005099409888361905,-0.05585268361902621,-0.0036037826125912696,-0.005099409888361906,-0.008852556487835533,-0.006249023666322247,-0.017502801623723002,-0.06819980713442746,-0.022064923362648446,-0.005099409888361909,-0.027315709965032204,-0.00360378261259127,0.062025266025286366,-0.00509940988836191,0.057166623970360285,-0.008852556487835532,-0.010233727419377827,0.02421516668772916,-0.014995411664964323,-0.006249023666322247,0.0072198543478748795,-0.005099409888361909,-0.00360378261259127,-0.007219854347874871,1.0,0.0036037826125915385,-0.01706065743389551,-0.00360378261259127,-0.0036037826125912675,-0.00360378261259127,-0.003603782612591267,-0.008076638081766665,-0.012562452240076464,-0.003603782612591268,-0.005099409888361909,-0.0062490236663222485,-0.008076638081766674,0.038463622931355225,-0.021041873335134166,-0.009567309975082873,-0.006249023666322248,-0.006249023666322239,-0.016705092801218596,-0.027934970041320627,-0.00360378261259127,-0.00360378261259127,-0.00509940988836191,-0.00360378261259127,-0.00360378261259127,-0.00360378261259127,-0.004488647562600604,1.0,-0.0050994098883619075,0.003603782612591167,0.00624902366632291,0.017108133984563678
ptsI-V25I_AMR,0.005980131130563635,-0.030017293714521085,0.004116022662402015,0.003603782612591178,-0.020865961909838786,-0.053430272093854064,0.05357936449156252,0.0016043264774504302,0.008927970157724594,0.007802790652128249,0.0011337868480725125,0.003952275889109825,0.0011337868480725125,0.008845311088753163,0.008161701781239893,0.02415416659743799,-0.05527257410653849,0.0030099735159614836,-0.029131705995372847,0.002785104762606754,0.0025409929005581052,0.0025409929005581052,0.0022714399797646063,0.001966006723440229,-0.0025409929005581473,0.001133786848072514,0.017394253315667015,0.0025409929005581052,0.0025409929005581052,0.0025409929005581052,0.0016043264774504794,0.0027851047626068965,0.00254099290055797,0.023004914407383278,0.0034168919516779773,0.0011337868480725138,0.021338097405641195,0.0022714399797646506,0.006422834876626292,0.0011337868480725127,0.0016043264774504298,0.0036037826125913416,0.004273855525243032,-0.041650826375217054,0.0011337868480724449,0.0011337868480725136,0.001966006723440243,0.012635966797166944,0.001133786848072514,0.0030099735159615174,0.0011337868480728358,-0.002271439979764564,0.001133786848072513,0.001133786848072513,0.0044264083287128865,0.001966006723439988,-0.05403134625412269,0.001133786848072513,0.030224518350007452,0.0022714399797645465,0.0032196352561084758,0.0016043264774504293,0.0044264083287128865,0.0019660067234398373,0.0037818457171648443,0.003781845717165169,0.0019660067234398377,0.0030099735159615066,0.01590047310833292,0.0042738555252429655,-0.027544792330538383,0.001133786848072535,-0.0011337868480723499,-0.003219635256108844,0.004426408328713186,0.0011337868480725138,-0.0048572885779859225,0.002271439979764546,0.002271439979764427,-0.003416891951677848,-0.018044163875244462,-0.012503359999125285,0.0169787570235254,0.007430218582521829,-0.012168590499916868,0.0030099735159614094,0.004574210537410089,-0.015048231635721004,-0.010407431212535196,0.004273855525243096,0.0036037826125915385,0.001133786848072513,0.0011337868480725138,0.001133786848072771,0.0016043264774504298,0.004574210537410055,0.001133786848072514,-0.009333167411831758,0.0011337868480725132,0.001133786848072514,0.010032785531722812,0.0019660067234398395,0.0016043264774504291,-0.03085301510702393,0.0016043264774504276,0.017571825197101716,0.001133786848072514,0.0016043264774503827,0.002785104762606629,0.0019660067234398395,0.0055065603058479795,-0.052841536714141935,0.006941850439283669,0.0016043264774504293,0.008593801578350125,0.0011337868480727482,-0.019513782718737445,0.0016043264774504296,-0.017985204262833617,0.00278510476260681,0.003219635256109081,-0.00761833896931196,0.004717709794083896,0.00196600672343989,-0.002271439979764586,0.0016043264774504293,0.0011337868480727137,0.0022714399797645985,0.0036037826125915385,1.0,-0.028729411328970528,0.0011337868480725134,0.001133786848072512,0.0011337868480725132,0.001133786848072512,0.002540992900558171,0.003952275889109917,0.0011337868480725119,0.0016043264774504285,0.0019660067234402155,0.0025409929005581937,-0.01210104895240474,-0.033786346546286684,0.003009973515961404,0.001966006723439887,0.0019660067234398395,0.005255592956045267,-0.026011183429570525,0.0011337868480725132,0.0011337868480725132,0.0016043264774504293,0.0011337868480725132,0.0011337868480725134,0.0011337868480725134,-0.03228917697035979,0.003603782612591526,0.0016043264774505599,-0.0011337868480723484,-0.001966006723439973,-0.0053823938322444965
qacE_STRESS,-0.06161480083384825,0.16288358369905698,-0.009963886070984342,0.04796622248321123,0.1628132497903398,0.003783450441909742,0.06963142562349074,-0.007595037599737586,0.013284760332957309,-0.03172457568414273,0.028729411328970583,0.0010992955235841343,-0.039464325777161205,-0.0465413861655618,0.016462827480637907,0.17621135907237745,0.13777235091942397,-0.0013180428230927907,0.9537426888463164,0.014734268335231523,0.03382052801148037,0.03382052801148037,-0.04490822258447305,-0.06843184849587977,-0.003253970965280519,-0.03946432577716124,0.0863974611438883,0.03382052801148037,0.03382052801148037,0.03382052801148037,0.04065257535399097,-0.013184956857921802,0.03382052801148048,0.37119281553255584,-0.004758377923802281,-0.03946432577716123,0.32763547276412336,0.0575567917361721,-0.0615606358489751,0.02872941132897061,0.04065257535399107,-0.06041191071196658,0.016489874913381736,0.17841376691618757,0.028729411328970555,-0.03946432577716123,-0.029015460875617637,0.14587194742050089,-0.03946432577716124,0.05040781552317023,-0.039464325777161226,0.04490822258447284,0.02872941132897059,-0.039464325777161205,0.07666431800150049,0.010400926744644486,0.14848438081418935,-0.039464325777161205,0.023017674923254353,0.02340178696262372,-0.01524206648165873,-0.055842650553466204,0.07666431800150049,0.04981731436490656,-0.028242998486168465,0.07515073146112325,-0.06843184849587984,0.05040781552317017,-0.01884298281377532,-0.14876237721353494,0.8792056978656905,0.028729411328970566,0.03946432577716126,-0.03317068424965274,0.07666431800150063,-0.03946432577716123,0.03922547296112457,0.05755679173617204,-0.07906322735802142,0.027593419808137228,0.154287045843542,0.14704703426282006,0.02516591335057572,-0.24772748764949443,0.15806452516634792,-0.027180971996224247,-0.14202171525177182,0.03121818139879262,0.1508890248164455,0.08993532030312247,-0.01706065743389551,-0.039464325777161205,-0.039464325777161226,-0.039464325777161226,-0.05584265055346621,-0.15921699491272265,0.028729411328970587,0.16447573613687305,0.028729411328970608,0.028729411328970587,0.12850735739302827,0.010400926744644476,-0.007595037599737567,0.8528896246233547,-0.007595037599737587,0.08736965652362484,0.028729411328970545,0.04065257535399097,-0.013184956857921806,0.010400926744644443,-0.0044684355589040495,0.0527813678418564,-0.021265322489608097,-0.055842650553466204,0.055036536838938464,-0.039464325777161226,0.11881467417624816,-0.05584265055346622,0.16241183878267584,0.07057271872153839,0.08158343498096454,0.020081563881976707,0.0527776546799944,-0.029015460875617655,0.044908222584472725,-0.05584265055346619,-0.039464325777161226,-0.044908222584473065,-0.01706065743389551,-0.028729411328970528,1.0,0.02872941132897058,-0.03946432577716121,0.028729411328970552,-0.03946432577716121,-0.057879143127118955,-0.01871045850345198,0.028729411328970614,0.04065257535399101,0.010400926744644443,0.0032539709652806468,0.14736678693297914,0.12095639004573269,-0.07890683034248713,-0.029015460875617658,-0.02901546087561758,-0.13777602345426662,0.8959034201135061,-0.039464325777161226,-0.039464325777161226,-0.007595037599737588,-0.039464325777161226,0.028729411328970583,0.028729411328970583,0.48113352922375596,-0.017060657433895506,-0.007595037599737606,0.0394643257771611,0.02901546087561833,0.040195965733368755
qacF_STRESS,0.1895923054726872,-0.03777112150267145,-0.004116022662401914,-0.003603782612591264,-0.054336668157049975,-0.0212199340119581,-0.05357936449156269,-0.0016043264774504992,-0.008927970157724688,0.14530530147740692,-0.0011337868480725626,-0.003952275889110014,-0.0011337868480725626,-0.008845311088753369,-0.008161701781239867,0.04693959708768651,-0.020512647843886473,-0.0030099735159615382,-0.03891934266577602,-0.0027851047626067543,-0.0025409929005580857,-0.0025409929005580857,-0.002271439979764521,-0.00196600672343993,0.0025409929005580823,-0.0011337868480725633,-0.017394253315667428,-0.0025409929005580857,-0.0025409929005580857,-0.0025409929005580857,-0.0016043264774505005,-0.002785104762606757,-0.0025409929005580823,-0.023004914407382896,0.3318181739740769,-0.001133786848072563,-0.021338097405641167,-0.0022714399797645213,-0.006422834876626167,-0.0011337868480725646,-0.0016043264774504996,-0.0036037826125912705,-0.004273855525243132,-0.027221232968073033,-0.0011337868480725643,-0.0011337868480725637,-0.0019660067234399305,-0.012635966797167024,-0.0011337868480725633,-0.003009973515961543,-0.0011337868480725641,0.0022714399797645712,-0.0011337868480725624,-0.0011337868480725622,-0.004426408328712822,-0.0019660067234399305,-0.020983871894290112,-0.0011337868480725622,0.037512156023233025,-0.002271439979764521,-0.0032196352561086393,-0.0016043264774504996,-0.004426408328712822,-0.0019660067234399266,-0.0037818457171648725,-0.0037818457171648785,-0.001966006723439927,-0.0030099735159615404,-0.015900473108332737,-0.0042738555252431155,0.02754479233053841,-0.0011337868480725646,0.0011337868480726075,0.0032196352561084667,-0.004426408328712823,-0.001133786848072563,0.004857288577986001,-0.0022714399797645213,-0.002271439979764522,0.0034168919516778477,0.01804416387524505,0.012503359999125763,-0.016978757023525144,-0.007430218582522043,0.012168590499917187,-0.003009973515961541,-0.004574210537410233,0.015048231635721132,0.010407431212535456,-0.004273855525243131,-0.00360378261259127,-0.0011337868480725624,-0.001133786848072563,-0.0011337868480725643,-0.0016043264774505002,-0.004574210537410235,-0.0011337868480725628,0.009333167411831987,-0.0011337868480725646,-0.0011337868480725628,-0.010032785531723199,-0.0019660067234399292,-0.0016043264774505,-0.03674800806791948,-0.0016043264774504996,-0.01757182519710213,-0.0011337868480725633,-0.0016043264774505005,-0.002785104762606756,-0.0019660067234399292,-0.005506560305847991,-0.021456356468322047,-0.006941850439283747,-0.0016043264774504996,-0.008593801578350282,-0.0011337868480725643,0.019513782718737813,-0.0016043264774505,0.01798520426283427,-0.0027851047626067573,-0.0032196352561086414,0.0076183389693117365,-0.0047177097940837185,-0.001966006723439931,0.00227143997976446,-0.0016043264774504992,-0.0011337868480725643,-0.002271439979764522,-0.00360378261259127,0.0011337868480725134,0.02872941132897058,1.0,-0.001133786848072562,-0.0011337868480725626,-0.001133786848072562,-0.002540992900558079,-0.003952275889110021,-0.0011337868480725646,-0.0016043264774504992,-0.001966006723439932,-0.0025409929005580805,0.012101048952404983,-0.03355754510240673,-0.0030099735159615395,-0.001966006723439931,-0.0019660067234399266,-0.005255592956045323,0.02601118342957076,-0.0011337868480725626,-0.0011337868480725626,-0.0016043264774504992,-0.0011337868480725626,-0.0011337868480725628,-0.0011337868480725628,-0.035113525783370576,-0.00360378261259127,-0.0016043264774505005,0.001133786848072618,0.0019660067234394756,-0.21064732225284602
qacL_STRESS,-0.005980131130563731,-0.03777112150267144,-0.004116022662401912,-0.0036037826125912627,-0.05433666815704995,0.053430272093854696,-0.0535793644915627,-0.0016043264774504983,0.12699267896763566,-0.007802790652128056,-0.001133786848072563,-0.003952275889110014,-0.001133786848072563,-0.008845311088753369,-0.008161701781239865,-0.024154166597437278,-0.020512647843886466,-0.0030099735159615387,0.02913170599537283,-0.002785104762606753,-0.0025409929005580823,-0.0025409929005580823,-0.0022714399797645187,-0.001966006723439929,0.0025409929005579656,-0.0011337868480725615,-0.01739425331566743,-0.0025409929005580823,-0.0025409929005580823,-0.0025409929005580823,-0.001604326477450499,-0.002785104762606757,-0.0025409929005580827,-0.023004914407382906,-0.0034168919516781356,-0.001133786848072562,-0.02133809740564116,-0.002271439979764519,-0.006422834876626164,-0.0011337868480725635,-0.0016043264774505007,-0.003603782612591269,-0.004273855525243125,-0.027221232968073023,-0.0011337868480725633,-0.0011337868480725633,-0.001966006723439929,-0.01263596679716704,-0.0011337868480725615,-0.0030099735159615426,-0.001133786848072563,-0.499148935553253,-0.001133786848072563,-0.001133786848072563,-0.0044264083287128215,-0.001966006723439929,-0.0209838718942901,-0.001133786848072563,0.03751215602323303,-0.0022714399797645196,-0.0032196352561086384,-0.0016043264774504998,-0.0044264083287128215,-0.00196600672343993,-0.0037818457171648707,-0.0037818457171648764,-0.0019660067234399253,-0.0030099735159615413,-0.015900473108332727,0.26528431795973395,0.027544792330538435,-0.0011337868480725635,0.0011337868480726064,0.0032196352561083856,-0.004426408328712819,-0.001133786848072562,0.004857288577986071,-0.00227143997976452,-0.00227143997976452,0.0034168919516781556,-0.0628339919716654,-0.09067857345160336,-0.01697875702352514,0.15259131820691596,-0.09317322725916995,0.37667668571175866,0.24786503349591688,0.015048231635721113,0.010407431212535482,-0.004273855525243128,-0.0036037826125912675,1.0,-0.0011337868480725617,-0.001133786848072563,-0.0016043264774505,0.2478650334959168,-0.001133786848072562,-0.12147932186828916,-0.0011337868480725635,-0.001133786848072562,-0.010032785531723196,-0.0019660067234399275,-0.0016043264774504987,-0.03674800806791947,-0.0016043264774504994,-0.017571825197102136,-0.0011337868480725615,-0.0016043264774504987,-0.002785104762606757,-0.001966006723439928,-0.005506560305847992,-0.021456356468322037,-0.006941850439283746,-0.001604326477450499,-0.008593801578350274,-0.001133786848072563,-0.05810184854543117,-0.0016043264774504994,-0.06303997616615872,-0.0027851047626067573,-0.0032196352561086384,-0.14882336591213594,-0.004717709794083715,-0.001966006723439929,0.0022714399797647213,-0.001604326477450498,-0.0011337868480725633,-0.00227143997976452,-0.0036037826125912675,0.001133786848072512,-0.03946432577716121,-0.001133786848072562,1.0,-0.0011337868480725624,-0.001133786848072563,0.44619835333799845,-0.003952275889110023,-0.0011337868480725635,-0.001604326477450501,-0.00196600672343993,-0.0025409929005580784,-0.09369327010673971,-0.033557545102406716,-0.0030099735159615387,-0.001966006723439929,-0.00196600672343993,0.21572957752909858,-0.04358843768652304,-0.001133786848072562,-0.001133786848072562,-0.0016043264774504983,-0.001133786848072562,-0.001133786848072562,-0.001133786848072562,-0.035113525783370576,-0.003603782612591268,-0.001604326477450499,0.0011337868480726164,0.00196600672343983,0.00538239383224472
qepA4_AMR,-0.005980131130563734,-0.03777112150267145,-0.004116022662401914,-0.0036037826125912627,0.020865961909838946,-0.0212199340119581,0.021160886450064264,-0.0016043264774504992,-0.008927970157724688,-0.0078027906521280594,-0.0011337868480725624,-0.003952275889110014,-0.0011337868480725624,-0.008845311088753367,-0.008161701781239867,0.04693959708768654,-0.020512647843886473,-0.003009973515961538,0.029131705995372823,-0.002785104762606754,-0.002540992900558085,-0.002540992900558085,-0.002271439979764521,-0.00196600672343993,0.002540992900558013,-0.0011337868480725624,0.06518169118828056,-0.002540992900558085,-0.002540992900558085,-0.002540992900558085,-0.0016043264774505005,-0.0027851047626067564,-0.002540992900558081,0.049284549726848786,-0.0034168919516781356,-0.0011337868480725626,0.05313439274922502,-0.0022714399797645213,-0.006422834876626167,-0.0011337868480725646,-0.0016043264774504996,-0.0036037826125912705,-0.004273855525243131,0.04165082637521777,-0.0011337868480725643,-0.0011337868480725637,-0.0019660067234399305,-0.012635966797167024,-0.0011337868480725624,-0.0030099735159615417,-0.0011337868480725641,0.0022714399797644225,-0.0011337868480725622,-0.0011337868480725622,0.25614149528818153,-0.00196600672343993,-0.02098387189429011,-0.0011337868480725622,0.03751215602323302,-0.0022714399797645205,-0.003219635256108639,-0.0016043264774504996,0.25614149528818153,-0.001966006723439926,-0.0037818457171648725,-0.0037818457171648785,-0.001966006723439927,-0.0030099735159615395,-0.015900473108332737,-0.004273855525243115,0.027544792330538418,-0.0011337868480725646,0.0011337868480726073,0.003219635256108384,-0.004426408328712823,-0.001133786848072563,0.0048572885779860015,-0.0022714399797645213,-0.002271439979764522,0.0034168919516779205,0.018044163875245062,0.012503359999125715,-0.016978757023525144,-0.0074302185825220425,0.012168590499917207,-0.003009973515961541,-0.004574210537410233,-0.07534352710129774,0.010407431212535446,-0.004273855525243131,-0.00360378261259127,-0.0011337868480725624,-0.001133786848072563,-0.0011337868480725641,-0.0016043264774505002,-0.004574210537410235,-0.0011337868480725626,0.009333167411831968,-0.0011337868480725646,-0.0011337868480725626,-0.010032785531723199,-0.0019660067234399292,-0.0016043264774505,0.030853015107024033,-0.0016043264774504996,0.06452299834279829,-0.0011337868480725624,-0.0016043264774505005,-0.002785104762606755,-0.001966006723439929,-0.005506560305847991,-0.021456356468322047,-0.006941850439283745,-0.0016043264774504996,-0.008593801578350282,-0.0011337868480725641,0.019513782718737847,-0.0016043264774505,0.01798520426283426,-0.002785104762606758,-0.003219635256108641,0.007618338969311746,-0.0047177097940837185,-0.001966006723439931,0.00227143997976454,-0.001604326477450499,-0.0011337868480725643,-0.0022714399797645218,-0.00360378261259127,0.0011337868480725132,0.028729411328970552,-0.0011337868480725626,-0.0011337868480725624,1.0,-0.0011337868480725617,-0.0025409929005580784,-0.00395227588911002,-0.0011337868480725646,-0.001604326477450499,-0.001966006723439932,-0.00254099290055808,0.012101048952404974,-0.03355754510240673,-0.00300997351596154,-0.001966006723439931,-0.0019660067234399275,-0.005255592956045323,0.02601118342957076,-0.0011337868480725626,-0.0011337868480725626,-0.0016043264774504992,-0.0011337868480725626,-0.0011337868480725626,-0.0011337868480725626,0.03228917697036034,-0.00360378261259127,-0.0016043264774505005,0.0011337868480726177,0.0019660067234395814,0.005382393832244604
qnrA_AMR,-0.005980131130563731,0.030017293714521377,-0.004116022662401912,0.3146102220792175,0.020865961909838922,-0.02121993401195808,0.02116088645006426,-0.0016043264774504979,-0.00892797015772468,-0.007802790652128056,-0.001133786848072564,-0.003952275889110014,-0.001133786848072564,-0.008845311088753369,-0.008161701781239865,0.0469395970876865,-0.020512647843886466,0.37667668571175866,0.029131705995372847,-0.002785104762606753,-0.002540992900558082,-0.002540992900558082,-0.0022714399797645187,-0.001966006723439929,0.002540992900557964,-0.0011337868480725613,-0.01739425331566743,-0.002540992900558082,-0.002540992900558082,-0.002540992900558082,-0.0016043264774504987,-0.0027851047626067564,-0.0025409929005580827,-0.023004914407382906,-0.0034168919516781365,-0.0011337868480725617,-0.02133809740564116,-0.002271439979764519,-0.006422834876626164,-0.0011337868480725633,-0.0016043264774505018,-0.00360378261259127,-0.004273855525243125,-0.027221232968073023,-0.0011337868480725633,-0.0011337868480725633,-0.001966006723439929,-0.01263596679716704,-0.0011337868480725613,-0.0030099735159615426,-0.0011337868480725628,0.002271439979764512,-0.001133786848072564,-0.001133786848072564,-0.004426408328712822,-0.001966006723439929,-0.0209838718942901,-0.001133786848072564,0.03751215602323303,-0.0022714399797645196,-0.0032196352561086384,0.7067058133169439,-0.004426408328712822,-0.00196600672343993,-0.0037818457171648703,-0.0037818457171648772,-0.0019660067234399253,-0.0030099735159615413,-0.015900473108332727,-0.004273855525243122,0.027544792330538435,-0.0011337868480725635,0.0011337868480726064,0.003219635256108361,-0.004426408328712819,-0.0011337868480725617,0.004857288577986075,-0.0022714399797645196,-0.0022714399797645196,0.003416891951678171,0.01804416387524502,0.012503359999125668,-0.016978757023525137,-0.0074302185825220425,0.012168590499917215,-0.0030099735159615387,-0.004574210537410234,0.015048231635721119,0.010407431212535456,-0.0042738555252431285,-0.003603782612591267,-0.001133786848072563,-0.0011337868480725617,-0.001133786848072563,-0.0016043264774505,-0.004574210537410234,-0.001133786848072562,0.009333167411831945,-0.0011337868480725635,-0.001133786848072562,0.11300818147538212,-0.0019660067234399275,-0.0016043264774504987,0.030853015107024005,-0.0016043264774504996,-0.017571825197102136,-0.0011337868480725613,-0.0016043264774504987,-0.002785104762606757,-0.001966006723439928,-0.005506560305847992,-0.021456356468322037,-0.006941850439283746,-0.001604326477450499,-0.008593801578350274,-0.001133786848072563,0.019513782718737816,-0.0016043264774504992,0.017985204262834252,-0.002785104762606757,-0.003219635256108638,0.007618338969311719,-0.004717709794083715,-0.001966006723439929,0.00227143997976473,-0.0016043264774504979,-0.001133786848072563,-0.00227143997976452,-0.003603782612591267,0.001133786848072512,-0.03946432577716121,-0.001133786848072562,-0.001133786848072563,-0.0011337868480725617,1.0,-0.0025409929005580766,-0.003952275889110023,-0.0011337868480725633,-0.001604326477450501,-0.00196600672343993,-0.0025409929005580784,0.01210104895240499,-0.033557545102406716,-0.0030099735159615387,-0.001966006723439929,-0.00196600672343993,-0.005255592956045322,0.026011183429570768,-0.0011337868480725617,-0.0011337868480725617,-0.0016043264774504979,-0.0011337868480725617,-0.001133786848072562,-0.001133786848072562,-0.035113525783370576,-0.0036037826125912675,-0.001604326477450499,0.0011337868480726164,0.001966006723439854,0.005382393832244729
qnrB_AMR,-0.013402405199002885,0.036888550905553305,-0.009224647808782904,-0.008076638081766662,-0.02065245209440765,0.019363918234413625,-0.019576974816779516,-0.0035955454910323375,0.10183876554559593,0.11976836265732335,-0.0025409929005580775,-0.008857665788192949,-0.0025409929005580775,0.10301378554716488,-0.018291644781255643,-0.022266809785571703,-0.012002741412504495,-0.0067458194174048365,-0.056721708505217995,-0.0062418535204611485,-0.005694760820045556,-0.005694760820045556,-0.005090650744835634,-0.004406127249758501,0.005694760820045522,-0.002540992900558077,-0.03898323063171675,-0.005694760820045556,-0.005694760820045556,-0.005694760820045556,-0.003595545491032336,-0.006241853520461149,-0.005694760820045565,-0.019155206460527048,-0.007657787004627995,-0.0025409929005580784,-0.014441109713793244,0.21966157963965754,-0.014394573239854163,-0.002540992900558078,-0.003595545491032338,-0.00807663808176667,0.11124599362685504,-0.030136420268742616,-0.0025409929005580792,-0.0025409929005580784,-0.0044061272497585,0.01756308126562069,-0.002540992900558077,-0.006745819417404852,0.44619835333799857,-0.2196615796396574,-0.0025409929005580775,-0.0025409929005580775,-0.009920270425919236,-0.0044061272497585005,-0.013403967584965176,-0.0025409929005580775,-0.03737616544435454,-0.0050906507448356345,-0.007215704029435838,-0.003595545491032338,-0.009920270425919236,-0.004406127249758509,-0.00847570523035994,-0.008475705230359936,-0.0044061272497585,-0.0067458194174048434,-0.03563543654830112,0.11124599362685506,0.03093583855954643,-0.002540992900558079,0.0025409929005581803,0.007215704029435703,-0.009920270425919234,-0.0025409929005580784,0.010885940169094731,-0.005090650744835626,-0.005090650744835628,0.007657787004627967,0.004187672795931438,-0.018227379438263573,-0.03805203873234284,0.05507436007221323,-0.1143807451859296,0.16344156759883752,0.10289961387301477,0.033725430681547125,-0.03017061751444675,-0.009578375835030588,-0.008076638081766665,0.44619835333799845,-0.0025409929005580784,-0.0025409929005580784,-0.003595545491032338,0.1028996138730148,-0.002540992900558079,-0.03771715049661749,-0.0025409929005580784,-0.002540992900558079,-0.022485034865476674,-0.004406127249758499,-0.0035955454910323362,-0.021756240751046554,-0.003595545491032335,-0.03938119687275345,-0.002540992900558077,-0.003595545491032336,-0.006241853520461148,-0.004406127249758498,-0.012341059227703427,-0.014784406492043017,-0.015557767946367209,-0.003595545491032338,-0.019260047721064547,-0.0025409929005580784,0.008943682638113806,-0.0035955454910323384,0.003989634125088656,-0.0062418535204611415,-0.007215704029435827,-0.05304816082332681,-0.010573122376608176,-0.004406127249758502,0.005090650744835692,-0.003595545491032337,-0.0025409929005580784,-0.005090650744835626,-0.008076638081766665,0.002540992900558171,-0.057879143127118955,-0.002540992900558079,0.44619835333799845,-0.0025409929005580784,-0.0025409929005580766,1.0,-0.008857665788192947,-0.002540992900558078,-0.0035955454910323384,-0.004406127249758499,0.19544419134396337,-0.11514059184383489,0.015349204755180635,-0.006745819417404833,-0.004406127249758503,-0.004406127249758509,0.087273834270484,-0.004098323095965242,-0.0025409929005580784,-0.0025409929005580784,-0.0035955454910323375,-0.0025409929005580784,-0.002540992900558079,-0.002540992900558079,0.011941092630684578,-0.008076638081766665,-0.0035955454910323362,0.002540992900558224,0.004406127249758392,0.012062782822883759
qnrS1_AMR,0.1495906648129361,0.02586945971911305,-0.014348073586579788,0.1723149698930485,0.029045243039721093,-0.030600106776182204,0.030341957788181564,0.20016609249864467,0.008361822318933435,0.3286139423578619,-0.003952275889110022,-0.013777267508610786,-0.0039522758891100225,-0.030833934797521997,-0.028450936098736772,0.06036613898316717,0.03856991919581437,0.09980355375313688,-0.01705939722689717,-0.009708617118472412,-0.008857665788192947,-0.008857665788192947,-0.007918029284644969,-0.0068533172563159895,0.00885766578819293,-0.00395227588911002,-0.03664708099139848,-0.008857665788192947,-0.008857665788192947,-0.008857665788192947,-0.005592533434187988,-0.009708617118472422,-0.008857665788192947,0.02480465564916955,-0.011910968714506842,0.28686935828456883,0.0337857862669974,0.1377407177641363,-0.022389407202754823,-0.003952275889110025,-0.0055925334341879905,-0.012562452240076467,-0.014898264320734999,0.045156914142533394,-0.003952275889110026,-0.003952275889110025,-0.006853317256315997,-0.014312170463668238,-0.00395227588911002,-0.010492488755023165,-0.003952275889110025,0.00791802928464512,-0.003952275889110023,0.2868693582845691,0.1359558784551242,0.16124332544721243,0.014017533437150231,0.2868693582845691,0.03237899563966438,-0.007918029284644973,-0.01122335015270201,-0.005592533434187987,0.1359558784551242,-0.00685331725631599,0.075004211783459,-0.013183163722259106,-0.006853317256315989,0.099803553753137,-0.030094993292421345,-0.014898264320734956,0.03614259208395515,-0.003952275889110027,0.003952275889109948,0.011223350152701683,0.06026291459896114,-0.00395227588911002,0.016932057878303312,0.2833994648129175,-0.007918029284644973,0.011910968714506703,0.03940580347189091,0.043585554323033196,-0.03485603475176192,-0.025901053451485818,0.04241857887047741,-0.01049248875502316,-0.015945274060510543,-0.026317582657414525,-0.03305974561522751,-0.014898264320734978,-0.012562452240076464,-0.003952275889110023,-0.00395227588911002,-0.003952275889110025,-0.0055925334341879905,-0.015945274060510543,-0.003952275889110021,0.03253455673217514,-0.003952275889110026,-0.003952275889110021,0.03651154088197989,-0.0068533172563159895,-0.005592533434187986,-0.010274699598706668,-0.005592533434187985,-0.03740584204000583,-0.00395227588911002,-0.005592533434187988,-0.009708617118472405,-0.006853317256315991,-0.01919535895634276,-0.053211906148027774,-0.024198647359184273,-0.005592533434187989,-0.029957195950588166,-0.003952275889110025,0.022929755251812567,-0.005592533434187988,0.03915756622081771,-0.009708617118472434,-0.01122335015270203,-0.018888283514176932,0.054737715380648706,-0.0068533172563160095,0.007918029284645025,-0.005592533434187985,-0.003952275889110026,-0.007918029284644974,-0.012562452240076464,0.003952275889109917,-0.01871045850345198,-0.003952275889110021,-0.003952275889110023,-0.00395227588911002,-0.003952275889110023,-0.008857665788192947,1.0,-0.003952275889110025,-0.0055925334341879905,-0.006853317256316015,-0.00885766578819294,0.011450702567604963,0.03952455128421733,-0.010492488755023162,-0.006853317256316011,-0.00685331725631599,-0.01832051003102214,-0.01041818728917829,0.28686935828456883,0.28686935828456883,0.20016609249864467,0.28686935828456883,-0.0039522758891100225,-0.0039522758891100225,-0.02450267377694859,-0.012562452240076464,-0.005592533434187988,0.003952275889110049,0.006853317256316091,-0.04399243817340965
rep21_PLASMID,-0.005980131130563733,0.030017293714521397,-0.004116022662401915,-0.003603782612591263,-0.05433666815704996,-0.021219934011958094,0.021160886450064212,-0.0016043264774505018,-0.008927970157724688,-0.007802790652128065,-0.001133786848072563,-0.003952275889110015,-0.001133786848072563,-0.008845311088753366,-0.008161701781239867,0.04693959708768649,-0.02051264784388646,-0.0030099735159615417,0.02913170599537292,-0.002785104762606754,-0.002540992900558084,-0.002540992900558084,-0.002271439979764519,-0.0019660067234399284,0.0025409929005582,-0.0011337868480725646,-0.017394253315667435,-0.002540992900558084,-0.002540992900558084,-0.002540992900558084,-0.0016043264774504992,-0.0027851047626067573,-0.0025409929005580836,0.04928454972684883,-0.00341689195167814,-0.0011337868480725646,0.05313439274922513,-0.0022714399797645205,-0.006422834876626167,-0.0011337868480725633,-0.001604326477450501,-0.0036037826125912696,-0.00427385552524313,-0.02722123296807302,-0.0011337868480725635,-0.001133786848072564,-0.001966006723439929,0.08972695688997517,-0.0011337868480725646,-0.0030099735159615443,-0.001133786848072563,0.002271439979764701,-0.0011337868480725633,-0.001133786848072563,-0.004426408328712826,-0.001966006723439929,-0.0209838718942901,-0.001133786848072563,0.037512156023233045,-0.0022714399797645205,-0.0032196352561086397,-0.001604326477450501,-0.004426408328712826,-0.001966006723439928,-0.0037818457171648746,-0.0037818457171648772,-0.0019660067234399284,-0.0030099735159615417,0.07130522723115681,-0.004273855525243121,0.027544792330538463,-0.0011337868480725633,0.001133786848072508,0.0032196352561086783,-0.00442640832871282,-0.0011337868480725646,0.004857288577986017,-0.002271439979764521,-0.0022714399797645213,0.003416891951678056,-0.06283399197166539,0.012503359999125772,0.066776787399786,-0.00743021858252205,0.012168590499917245,-0.0030099735159615417,-0.004574210537410235,-0.07534352710129774,0.010407431212535418,-0.00427385552524313,-0.003603782612591268,-0.0011337868480725635,-0.0011337868480725643,-0.001133786848072563,-0.001604326477450501,-0.004574210537410236,-0.0011337868480725646,0.009333167411831943,-0.0011337868480725635,-0.0011337868480725646,-0.010032785531723204,-0.0019660067234399305,-0.0016043264774505005,0.03085301510702408,-0.0016043264774504992,-0.01757182519710214,-0.0011337868480725646,-0.001604326477450499,-0.0027851047626067577,-0.0019660067234399297,-0.005506560305847991,0.052841536714142164,-0.006941850439283748,-0.0016043264774505007,-0.008593801578350277,-0.0011337868480725633,-0.058101848545431156,-0.0016043264774505011,-0.06303997616615875,-0.0027851047626067573,-0.0032196352561086375,0.007618338969311698,-0.004717709794083716,-0.0019660067234399297,0.0022714399797643227,-0.001604326477450501,-0.001133786848072563,-0.00227143997976452,-0.003603782612591268,0.0011337868480725119,0.028729411328970614,-0.0011337868480725646,-0.0011337868480725635,-0.0011337868480725646,-0.0011337868480725633,-0.002540992900558078,-0.003952275889110025,1.0,-0.0016043264774505011,-0.00196600672343993,-0.00254099290055808,0.012101048952404998,0.033786346546286816,-0.0030099735159615395,-0.0019660067234399297,-0.0019660067234399284,-0.005255592956045328,0.026011183429570726,-0.0011337868480725646,-0.0011337868480725646,-0.0016043264774505018,-0.0011337868480725646,-0.0011337868480725646,-0.0011337868480725646,0.03228917697036031,-0.003603782612591269,-0.0016043264774504998,0.0011337868480725262,0.0019660067234400693,0.005382393832244633
rmtB1/C_AMR,-0.008461980951445435,-0.0534467394931869,-0.005824237730666518,0.22003953668281592,-0.02368079165085353,0.07560468739188406,0.02994299190881854,-0.0022701475595913764,-0.012633220202082397,-0.011041073251549242,-0.0016043264774505018,-0.005592533434187977,-0.0016043264774505018,0.08442983416955735,-0.011548938224991655,0.01612087382110611,0.024592925095313762,0.26437217945185854,-0.006924831015938975,-0.0039409676701749295,-0.003595545491032345,-0.003595545491032345,-0.0032141238079016945,-0.002781930877591655,0.003595545491032332,-0.0016043264774504983,-0.024613145934129246,-0.003595545491032345,-0.003595545491032345,-0.003595545491032345,-0.0022701475595913777,-0.003940967670174935,-0.003595545491032348,0.018593051609496244,-0.004834956621682308,-0.001604326477450499,0.02249613258050553,-0.0032141238079016953,-0.009088413814625933,-0.0016043264774505011,-0.00227014755959138,0.2200395366828163,-0.006047573749512071,0.058936583781203755,-0.0016043264774505011,-0.0016043264774505007,-0.002781930877591655,-0.017880094600976573,-0.0016043264774504983,-0.004259160543528215,-0.0016043264774505005,0.0032141238079017747,-0.001604326477450501,-0.0016043264774505007,0.3624443020865701,-0.0027819308775916553,0.0233813517146011,-0.0016043264774505007,0.0051560617840544325,-0.0032141238079016962,-0.00455583525059344,-0.0022701475595913786,0.3624443020865701,-0.0027819308775916566,-0.0053513720219940915,-0.005351372021994101,-0.00278193087759165,-0.004259160543528216,0.03919930548100374,-0.006047573749512065,-0.009633977542724418,-0.0016043264774505011,0.0016043264774505623,0.0045558352505929555,-0.006263438400113546,-0.001604326477450499,0.006873140826715864,-0.0032141238079016967,-0.0032141238079016967,0.004834956621682415,0.025532779744027054,0.017692453866257056,0.03523250370796611,-0.010513877829373016,0.01721874968426193,-0.00425916054352821,-0.006472580883325481,0.021293487830660134,0.0147266811966466,-0.0060475737495120745,-0.005099409888361909,-0.001604326477450501,-0.001604326477450499,-0.0016043264774505007,-0.002270147559591379,-0.00647258088332548,-0.0016043264774504992,0.013206580780801096,-0.0016043264774505011,-0.0016043264774504992,0.07285591401911713,-0.0027819308775916527,-0.0022701475595913773,0.04365750857802416,-0.002270147559591379,-0.024864412979183348,-0.0016043264774504983,-0.0022701475595913773,-0.003940967670174934,-0.0027819308775916536,-0.007791870679544571,0.022205265369555173,-0.009822829115699469,-0.0022701475595913777,-0.01216036633123906,-0.0016043264774505007,0.0276123138525624,-0.002270147559591378,0.02544935095187656,-0.003940967670174936,-0.00455583525059344,0.010780071177785828,-0.0066756346207780745,-0.002781930877591655,0.0032141238079020835,-0.002270147559591376,-0.0016043264774505007,-0.0032141238079016967,-0.005099409888361909,0.0016043264774504285,0.04065257535399101,-0.0016043264774504992,-0.001604326477450501,-0.001604326477450499,-0.001604326477450501,-0.0035955454910323384,-0.0055925334341879905,-0.0016043264774505011,1.0,-0.002781930877591656,-0.0035955454910323397,0.01712317731703431,0.00016187884659259216,-0.004259160543528209,-0.0027819308775916553,-0.0027819308775916566,-0.00743674787586372,0.036806239512148016,-0.001604326477450499,-0.001604326477450499,-0.0022701475595913764,-0.001604326477450499,-0.0016043264774504992,-0.0016043264774504992,0.04568970052589511,-0.00509940988836191,-0.0022701475595913777,0.0016043264774505764,0.002781930877591665,0.007616173138554416
rpoB-Q513L_AMR,-0.010369654604591319,0.012868416367306576,-0.007137257097195916,-0.006249023666322244,0.03618195207990219,0.09264904981947758,-0.006506955222999246,-0.002781930877591657,-0.01548126033266037,-0.013530178895403993,-0.0019660067234399292,-0.006853317256315996,-0.0019660067234399292,-0.015337928024980886,-0.014152537228586995,-0.041883757965951236,0.008235012077632494,-0.005219348045725247,0.011180987683364188,-0.004829421595494652,-0.004406127249758509,-0.004406127249758509,-0.003938717651998641,-0.0034090909090909085,0.004406127249758645,-0.0019660067234399323,-0.030161947129616788,-0.004406127249758509,-0.004406127249758509,-0.004406127249758509,-0.0027819308775916536,-0.004829421595494657,-0.004406127249758507,0.04367655058058012,-0.0059249519093355005,-0.001966006723439932,0.04909044532215175,-0.00393871765199864,-0.011137310837974512,-0.00196600672343993,-0.002781930877591656,-0.006249023666322248,-0.0074109421113175,-0.007393644117897958,-0.00196600672343993,-0.0019660067234399314,-0.003409090909090909,0.09642177037542768,-0.0019660067234399323,-0.005219348045725256,-0.0019660067234399305,0.003938717651998787,-0.00196600672343993,-0.0019660067234399297,-0.007675471407816994,-0.003409090909090908,0.006972834325512468,-0.0019660067234399297,-0.05240985674676465,-0.003938717651998641,-0.005582905262390832,-0.0027819308775916558,-0.007675471407816994,-0.003409090909090906,-0.006557788282337537,-0.006557788282337543,-0.0034090909090909063,-0.00521934804572525,0.022833710531270188,-0.007410942111317485,0.008050476757868212,-0.00196600672343993,0.0019660067234399075,0.005582905262391461,-0.007675471407816997,-0.001966006723439932,0.008422625485771405,-0.003938717651998643,-0.003938717651998642,0.0059249519093354346,0.031288903692868734,0.02168105042465433,0.018969736148548088,-0.012884132246462395,0.021100554110584833,-0.005219348045725249,-0.007931763087802851,0.02609390347224764,0.018046672328548372,-0.007410942111317495,-0.0062490236663222485,-0.00196600672343993,-0.0019660067234399314,-0.0019660067234399305,-0.002781930877591656,-0.007931763087802853,-0.001966006723439932,0.016183879636499143,-0.0019660067234399305,-0.001966006723439932,-0.017397030000595236,-0.0034090909090909107,-0.0027819308775916553,0.014425885966857113,-0.002781930877591653,-0.03046985995590151,-0.0019660067234399323,-0.002781930877591653,-0.00482942159549466,-0.00340909090909091,-0.009548474303374273,0.005738919484908964,-0.012037293129610228,-0.0027819308775916558,-0.014901806024357766,-0.00196600672343993,0.033837249117860076,-0.0027819308775916566,0.031186666667798093,-0.004829421595494656,-0.005582905262390831,0.013210336370168224,-0.008180593371826982,-0.003409090909090909,0.003938717651998666,-0.0027819308775916558,-0.0019660067234399305,-0.0039387176519986395,-0.0062490236663222485,0.0019660067234402155,0.010400926744644443,-0.001966006723439932,-0.00196600672343993,-0.001966006723439932,-0.00196600672343993,-0.004406127249758499,-0.006853317256316015,-0.00196600672343993,-0.002781930877591656,1.0,-0.004406127249758503,0.020983435856173623,0.019660958836356806,-0.005219348045725245,-0.003409090909090909,-0.003409090909090906,-0.009113292418953306,0.004874861468764784,-0.001966006723439932,-0.001966006723439932,-0.002781930877591657,-0.001966006723439932,-0.001966006723439932,-0.001966006723439932,0.05599001181393789,-0.0062490236663222485,-0.002781930877591655,0.0019660067234398724,0.003409090909091375,0.009333167411831777
sat2_AMR,-0.013402405199002872,0.006503671754803716,-0.009224647808782903,-0.008076638081766665,-0.054360613276222755,-0.047557176877082344,-0.05307788327262515,-0.0035955454910323397,-0.02000897155028649,0.051140546806306725,-0.0025409929005580775,-0.008857665788192923,-0.0025409929005580775,0.16443253817251705,-0.01829164478125563,-0.054133249073513044,0.055935852608274335,-0.006745819417404843,-0.0262191088644704,-0.006241853520461148,-0.005694760820045561,-0.005694760820045561,-0.005090650744835637,-0.004406127249758501,0.005694760820045747,-0.002540992900558081,-0.03898323063171678,-0.005694760820045561,-0.005694760820045561,-0.005694760820045561,-0.0035955454910323393,-0.006241853520461153,-0.005694760820045562,0.01324718301197365,-0.0076577870046279865,-0.00254099290055808,0.018939780017304782,0.2196615796396576,-0.014394573239854158,-0.00254099290055808,-0.0035955454910323393,-0.008076638081766674,0.1112459936268551,0.03160478413334493,-0.0025409929005580814,-0.0025409929005580814,-0.004406127249758503,-0.028319169496340953,-0.002540992900558081,-0.00674581941740485,-0.0025409929005580805,0.00509065074483594,-0.0025409929005580784,-0.002540992900558078,-0.009920270425919238,-0.0044061272497585005,0.053844347060059014,-0.002540992900558078,-0.0070144781514704,-0.005090650744835636,-0.0072157040294358495,-0.0035955454910323397,-0.009920270425919238,-0.004406127249758504,-0.008475705230359946,-0.008475705230359945,-0.004406127249758503,-0.006745819417404839,-0.03563543654830114,-0.009578375835030569,0.06173216939165405,-0.002540992900558081,0.0025409929005581404,0.007215704029435816,-0.009920270425919234,-0.00254099290055808,-0.09591722837880147,-0.005090650744835629,-0.005090650744835631,0.007657787004627851,0.04043978141169082,0.02802197700997416,-0.03805203873234285,-0.016652277012984818,0.027271706425817763,-0.006745819417404836,-0.0102515181940737,-0.0067909710760122284,0.02332467418285537,-0.009578375835030581,-0.008076638081766674,-0.0025409929005580784,-0.00254099290055808,-0.002540992900558081,-0.0035955454910323406,-0.01025151819407371,-0.0025409929005580805,0.020917081701469317,-0.002540992900558081,-0.0025409929005580805,-0.02248503486547669,-0.004406127249758509,-0.00359554549103234,0.008544643449543577,-0.0035955454910323367,-0.03938119687275348,-0.002540992900558081,-0.0035955454910323384,-0.006241853520461158,-0.004406127249758507,-0.01234105922770342,-0.04808703642182362,-0.015557767946367193,-0.0035955454910323397,-0.019260047721064558,-0.002540992900558081,0.043733426115887035,-0.0035955454910323406,0.040307643738008804,-0.006241853520461138,-0.007215704029435833,0.01707388409732826,-0.010573122376608197,0.2549678968526916,0.005090650744835411,-0.0035955454910323397,-0.002540992900558081,-0.005090650744835631,-0.008076638081766674,0.0025409929005581937,0.0032539709652806468,-0.0025409929005580805,-0.0025409929005580784,-0.00254099290055808,-0.0025409929005580784,0.19544419134396337,-0.00885766578819294,-0.00254099290055808,-0.0035955454910323397,-0.004406127249758503,1.0,0.02712033529903765,0.015349204755180635,-0.0067458194174048365,0.2549678968526916,-0.004406127249758503,-0.011778602311569172,-0.004098323095965297,-0.00254099290055808,-0.00254099290055808,-0.0035955454910323397,-0.00254099290055808,-0.0025409929005580805,-0.0025409929005580805,0.04215308344127051,-0.008076638081766674,-0.00359554549103234,0.002540992900558167,0.0044061272497585326,0.012062782822883611
sat_VIR,-0.03950841567872776,0.09510509232008872,-0.044700367355533926,-0.0960448089434433,0.16669801750162563,0.005601548202603859,0.01898952368293139,0.017123177317034336,-0.10579752257936123,-0.04615681549985123,0.01210104895240501,-0.08074659561350564,-0.09369327010673968,-0.07935313830948693,0.009399313352621052,0.03241649142509773,0.13083983274267091,-0.04812057671145088,0.12774057615119985,-0.05690081722966386,-0.06772028279621081,-0.06772028279621081,-0.08173133842697533,0.020983435856173686,0.11514059184383524,0.012101048952404974,0.054758459978745774,-0.06772028279621081,-0.06772028279621081,-0.06772028279621081,0.017123177317034236,0.029725771759634655,-0.11514059184383511,0.001081420365445419,-0.10523428535877208,0.012101048952404997,-0.008351125151525939,0.024243363233845797,-0.2021082507416987,0.012101048952405012,-0.13257747190020655,-0.12967191691214358,-0.011355459011182945,0.1886433343691436,0.012101048952404967,-0.09369327010673974,-0.10131606157617856,0.015876589238685696,0.012101048952404991,0.03212582411236625,0.012101048952405023,0.13471868925738606,-0.09369327010673971,0.01210104895240496,0.019708225497717488,0.020983435856173696,0.1446915296821284,0.01210104895240496,-0.0567860336854993,0.024243363233845735,0.0343635701095786,-0.05772714729158588,0.019708225497717488,0.02098343585617371,-0.055877592608017265,-0.02379702416011129,-0.16246581029235446,-0.08824377712335967,0.022261030015714403,-0.296209729092846,0.10533907507609308,0.012101048952404955,-0.01210104895240504,-0.034363570109578,0.047243610172534756,-0.09369327010673972,0.07405656769863676,0.0242433632338458,-0.1877060400877962,-0.036468915513199765,0.23475034133209108,0.13914257153508924,0.03960318560916589,-0.25890028619403,0.6382272895633166,-0.12836697753526805,-0.32464837451819184,0.21192041610740903,0.7843717603858049,-0.039840886019349334,0.038463622931355225,-0.09369327010673971,0.012101048952404965,0.012101048952404981,-0.05772714729158592,-0.29797198193494573,0.012101048952405,0.2459745677746727,0.012101048952405016,0.012101048952405,-0.009939465579602963,-0.040166312860002294,-0.05772714729158591,0.17076124202317608,0.017123177317034326,0.057416340205072774,0.012101048952404991,0.017123177317034253,0.029725771759634777,-0.10131606157617859,-0.030587860003122108,0.0798299074100031,-0.10583880466574674,-0.13257747190020652,-0.027076197134879028,0.012101048952404957,0.2428365993893008,0.017123177317034336,0.23615646216484842,-0.013587522735014583,0.03436357010957863,0.24932651433922678,-0.0791214932800924,-0.1013160615761786,0.08173133842697514,0.017123177317034353,0.012101048952404988,0.024243363233845704,0.038463622931355225,-0.01210104895240474,0.14736678693297914,0.012101048952404983,-0.09369327010673971,0.012101048952404974,0.01210104895240499,-0.11514059184383489,0.011450702567604963,0.012101048952404998,0.01712317731703431,0.020983435856173623,0.02712033529903765,1.0,0.03791991568280427,-0.20861337835908517,-0.10131606157617862,0.020983435856173693,-0.43430887493441667,0.097479570281343,0.012101048952404993,0.012101048952404993,0.01712317731703434,0.012101048952404993,0.012101048952405009,0.012101048952405009,0.11122940361547519,0.038463622931355225,-0.1325774719002065,-0.012101048952405078,0.04016631286000327,0.07952603895209541
senB_VIR,0.007181250437094319,0.6878060094768109,-0.00898779063292198,0.0003636268433490929,-0.20192414562777491,0.02975960301232512,0.2090239998424031,0.0001618788465925754,0.01918696339070676,-0.024960731336015417,-0.033557545102406695,-0.03872697065292142,-0.033557545102406695,0.06080513777374198,-0.05359090784599071,0.15068875671056536,-0.1024370273447351,-0.012466599158090836,0.11150137871553896,-0.08243284780114371,-0.07520768476925915,-0.07520768476925915,-0.0672295235192914,0.058586130702955576,-0.04553483459666043,0.03378634654628678,0.012864480406133394,-0.07520768476925915,-0.07520768476925915,-0.07520768476925915,0.04780821936034402,0.00028102107204928777,-0.014836425086299305,0.2381641445599669,-0.07858186356245567,0.03378634654628678,0.1900125760622189,0.033958549095823846,-0.04242440913872893,-0.03355754510240671,0.04780821936034409,-0.04244737351361737,-0.035833837827218426,-0.24047847937446265,0.03378634654628682,-0.03355754510240672,0.05858613070295561,0.12866063540217562,0.03378634654628678,0.06415525970451395,0.0337863465462868,0.06722952351929173,0.03378634654628682,0.033786346546286754,0.009210522908736448,0.0585861307029556,-0.11141984651784727,0.033786346546286754,0.1032923712133135,0.00022919155745212622,-0.023579844330729356,-0.04748446166715881,0.009210522908736448,-0.058189384896840814,-0.09151309927727898,-0.07109205640089877,0.019660958836356827,-0.012466599158090825,-0.048257642008809165,-0.12649652780267331,0.10814181874261479,-0.03355754510240672,-0.03378634654628693,-0.0003248658231557195,0.07932165849851475,-0.03355754510240673,-0.01651843446564764,0.03395854909582385,-0.0335001659809196,-0.056720935642578636,-0.24936258657087515,-0.13660727630328262,-0.08561438495996632,0.006131854054742298,0.02711654710029451,-0.012466599158090844,-0.11840537352295316,-0.20521309082947764,0.002963988506389447,0.036696314153145705,-0.021041873335134166,-0.033557545102406716,0.033786346546286775,-0.033557545102406716,0.0001618788465925925,-0.1184053735229532,-0.03355754510240673,-0.022940343523545875,0.03378634654628681,-0.03355754510240673,0.1086090788437008,-0.01926421303024199,0.00016187884659258638,0.14012873409571866,0.00016187884659255795,0.004534184290394718,-0.03355754510240671,-0.04748446166715879,-0.027290268552348347,0.05858613070295557,-0.04921664494635509,-0.0902951142310843,-0.022206627284368424,0.00016187884659258278,-0.02749113514838737,0.03378634654628681,-0.2682409448153109,0.04780821936034403,-0.24708144649945696,0.08299488994524246,0.09594370643869686,0.004493029582449468,0.041684741727696165,-0.058189384896840765,0.03350016598091991,-0.047484461667158806,-0.03355754510240672,0.06768790663419572,-0.021041873335134166,-0.033786346546286684,0.12095639004573269,-0.03355754510240673,-0.033557545102406716,-0.03355754510240673,-0.033557545102406716,0.015349204755180635,0.03952455128421733,0.033786346546286816,0.00016187884659259216,0.019660958836356806,0.015349204755180635,0.03791991568280427,1.0,-0.06354783839982721,-0.05818938489684077,-0.05818938489684083,-0.11095830913294503,0.10505686132886628,0.03378634654628678,0.03378634654628678,0.0001618788465925753,0.03378634654628678,-0.03355754510240673,-0.03355754510240673,0.13956359617611475,-0.02104187333513417,-0.0474844616671588,0.03355754510240665,-0.019660958836356636,0.013988714551778223
sfaF_VIR,-0.01587603203862701,-0.07456543834895701,-0.010927203138745845,-0.00956730997508286,-0.08721060705304924,0.028600154643511434,-0.028859364224347924,-0.004259160543528208,0.0278468666352213,-0.020714822414305015,-0.0030099735159615387,0.2100995962612969,-0.0030099735159615387,-0.02348250216771314,-0.021667658474316592,-0.06412440035091685,-0.05445690859556742,-0.007990867579908674,-0.07751412655243191,-0.007393886768818978,-0.006745819417404841,-0.006745819417404841,-0.006030211228689306,-0.005219348045725246,0.0067458194174047905,-0.0030099735159615387,-0.04617820527649527,-0.006745819417404841,-0.006745819417404841,-0.006745819417404841,-0.0042591605435282065,-0.00739388676881898,-0.006745819417404844,0.021175413318230814,-0.009071153276241839,-0.0030099735159615395,0.028084254987303776,-0.006030211228689297,0.19110051313646273,-0.0030099735159615395,-0.004259160543528209,-0.009567309975082882,-0.011346217292868438,-0.07226683784964409,-0.00300997351596154,-0.0030099735159615374,-0.005219348045725247,0.005275898643757804,-0.0030099735159615387,-0.007990867579908691,-0.0030099735159615395,0.006030211228689376,-0.0030099735159615387,-0.003009973515961538,0.08707089965044863,-0.005219348045725245,-0.055707912621774144,-0.003009973515961538,-0.0031711945349980238,-0.006030211228689307,-0.00854747686341377,-0.004259160543528206,0.08707089965044863,-0.005219348045725244,-0.010040031307004819,-0.010040031307004826,-0.005219348045725245,-0.007990867579908679,0.12315419193197316,0.295348982797014,-0.005046212909229395,-0.003009973515961541,0.0030099735159615534,0.008547476863413684,-0.011751213963106822,-0.00300997351596154,0.01289511340158419,-0.006030211228689295,0.754637862333118,0.009071153276241686,-0.10546431183791363,-0.04507099339925596,0.11374909431760201,0.2837204509280396,-0.20740438448720844,-0.007990867579908679,0.37081346245025176,0.03994999480067737,-0.1534238088717878,-0.011346217292868457,-0.009567309975082873,-0.0030099735159615387,-0.0030099735159615395,-0.0030099735159615395,0.2643721794518581,0.3708134624502517,-0.0030099735159615395,-0.22327987932725468,-0.0030099735159615387,-0.0030099735159615395,0.06669320779128501,-0.00521934804572525,-0.004259160543528206,-0.07192034991955408,-0.0042591605435282065,-0.046649622510877946,-0.0030099735159615387,-0.004259160543528206,-0.007393886768818983,-0.0052193480457252495,0.06555759015146749,-0.028784292044734778,0.04614613482360128,0.264372179451858,0.030480084021083122,-0.0030099735159615387,-0.09537610173733224,-0.004259160543528207,-0.1058996378808072,-0.007393886768818979,-0.008547476863413762,-0.21710109509013117,-0.012524560114914611,-0.005219348045725247,0.00603021122868924,-0.004259160543528206,-0.0030099735159615395,-0.006030211228689302,-0.009567309975082873,0.003009973515961404,-0.07890683034248713,-0.0030099735159615395,-0.0030099735159615387,-0.00300997351596154,-0.0030099735159615387,-0.006745819417404833,-0.010492488755023162,-0.0030099735159615395,-0.004259160543528209,-0.005219348045725245,-0.0067458194174048365,-0.20861337835908517,-0.06354783839982721,1.0,-0.005219348045725247,-0.005219348045725245,0.4050979611391508,-0.010133957754701028,-0.0030099735159615395,-0.0030099735159615395,-0.004259160543528208,-0.0030099735159615395,-0.0030099735159615395,-0.0030099735159615395,-0.06765634618178797,-0.009567309975082873,-0.004259160543528206,0.0030099735159614814,0.005219348045725219,0.014289161066802369
sil_STRESS,-0.010369654604591324,-0.0654958019246366,-0.007137257097195923,-0.006249023666322249,0.03618195207990223,-0.03679574605172286,-0.04970726696667007,-0.002781930877591656,-0.015481260332660361,-0.013530178895404003,-0.0019660067234399284,-0.006853317256316002,-0.0019660067234399284,-0.015337928024980893,-0.014152537228586988,0.04030148266501529,-0.03556929915459337,-0.00521934804572525,-0.028152925162893097,-0.004829421595494655,-0.004406127249758511,-0.004406127249758511,0.5757092301338017,-0.003409090909090913,0.00440612724975859,-0.0019660067234399314,-0.030161947129616794,-0.004406127249758511,-0.004406127249758511,-0.004406127249758511,-0.0027819308775916527,-0.004829421595494658,-0.00440612724975851,0.0018928082591800916,-0.0059249519093355,-0.001966006723439931,0.0060449009135519795,-0.0039387176519986395,-0.011137310837974512,-0.0019660067234399297,-0.0027819308775916553,-0.0062490236663222485,-0.007410942111317496,-0.047202106045360584,-0.00196600672343993,-0.001966006723439931,-0.003409090909090913,-0.02191099299010761,-0.0019660067234399314,-0.00521934804572526,-0.00196600672343993,0.003938717651998736,-0.001966006723439929,-0.001966006723439929,-0.007675471407817001,-0.0034090909090909124,-0.03638641010707535,-0.001966006723439929,0.06504675114002022,-0.003938717651998644,-0.005582905262390836,-0.0027819308775916553,-0.007675471407817001,-0.0034090909090909085,-0.006557788282337533,-0.006557788282337539,-0.00340909090909091,-0.005219348045725256,-0.027571705466508705,-0.007410942111317489,-0.03166221026558252,-0.00196600672343993,0.001966006723439767,0.005582905262391267,-0.007675471407816996,-0.001966006723439931,0.008422625485771464,-0.003938717651998641,-0.003938717651998641,0.005924951909335347,0.03128890369286877,0.0216810504246543,-0.029441469109162784,-0.012884132246462392,0.021100554110584795,-0.005219348045725253,-0.00793176308780285,-0.07840005011502947,-0.11992052824381742,-0.007410942111317502,-0.006249023666322248,-0.001966006723439929,-0.0019660067234399305,-0.00196600672343993,-0.0027819308775916553,-0.007931763087802851,-0.001966006723439931,0.016183879636499178,-0.00196600672343993,-0.001966006723439931,-0.017397030000595233,-0.003409090909090914,-0.002781930877591655,-0.02464790945870998,-0.0027819308775916523,-0.030469859955901527,-0.0019660067234399314,-0.0027819308775916527,-0.0048294215954946635,-0.003409090909090913,-0.009548474303374277,-0.037205706830130074,-0.012037293129610228,-0.002781930877591655,-0.014901806024357783,-0.0019660067234399297,-0.05588734839286185,-0.002781930877591656,0.031186666667798145,-0.004829421595494654,-0.00558290526239083,-0.1676381444803508,0.27509250260163276,1.0,0.003938717651998581,-0.0027819308775916545,-0.00196600672343993,-0.0039387176519986395,-0.006249023666322248,0.001966006723439887,-0.029015460875617658,-0.001966006723439931,-0.001966006723439929,-0.001966006723439931,-0.001966006723439929,-0.004406127249758503,-0.006853317256316011,-0.0019660067234399297,-0.0027819308775916553,-0.003409090909090909,0.2549678968526916,-0.10131606157617862,-0.05818938489684077,-0.005219348045725247,1.0,-0.0034090909090909085,-0.009113292418953292,-0.03535413551179009,-0.001966006723439931,-0.001966006723439931,-0.002781930877591656,-0.001966006723439931,-0.001966006723439931,-0.001966006723439931,-0.02192831825967469,-0.006249023666322247,-0.002781930877591653,0.0019660067234397384,0.003409090909090936,0.009333167411831846
soxR-G121D_AMR,-0.010369654604591293,-0.06549580192463654,-0.0071372570971959,-0.0062490236663222485,0.036181952079902116,-0.03679574605172287,0.036693356520671745,-0.0027819308775916497,-0.015481260332660299,-0.013530178895403991,-0.001966006723439935,-0.006853317256316,-0.001966006723439933,-0.015337928024980864,-0.014152537228586993,-0.04188375796595126,0.008235012077632472,-0.0052193480457252564,-0.02815292516289303,-0.004829421595494654,-0.0044061272497585,-0.0044061272497585,-0.0039387176519986395,-0.0034090909090909024,0.004406127249758094,-0.0019660067234399258,0.017567442324597587,-0.0044061272497585,-0.0044061272497585,-0.0044061272497585,-0.0027819308775916506,-0.004829421595494644,-0.00440612724975853,-0.03989093406221991,-0.0059249519093355,-0.0019660067234399266,-0.03700064349504774,-0.003938717651998635,-0.01113731083797451,-0.0019660067234399284,-0.0027819308775916623,-0.00624902366632226,-0.007410942111317477,-0.007393644117897914,-0.0019660067234399284,-0.0019660067234399275,-0.003409090909090903,-0.021910992990107656,-0.0019660067234399258,-0.005219348045725246,-0.001966006723439928,0.003938717651998368,-0.001966006723439934,-0.00196600672343993,-0.00767547140781697,-0.0034090909090909033,0.006972834325512409,-0.00196600672343993,0.025894548511091835,-0.003938717651998644,-0.005582905262390815,-0.002781930877591654,-0.00767547140781697,-0.003409090909090899,-0.006557788282337495,-0.006557788282337522,-0.0034090909090909046,-0.005219348045725268,-0.027571705466508677,-0.007410942111317489,-0.03166221026558237,-0.0019660067234399284,0.001966006723440011,0.005582905262390217,-0.007675471407816986,-0.0019660067234399275,0.008422625485771756,-0.003938717651998636,-0.003938717651998639,0.005924951909335913,0.03128890369286873,0.021681050424654236,-0.02944146910916278,-0.012884132246462338,0.021100554110584643,-0.005219348045725264,-0.00793176308780286,0.02609390347224749,0.018046672328548532,-0.007410942111317487,-0.006249023666322239,-0.00196600672343993,-0.001966006723439927,-0.001966006723439928,-0.0027819308775916558,-0.007931763087802841,-0.0019660067234399266,0.016183879636499213,-0.0019660067234399284,-0.0019660067234399266,-0.017397030000595202,-0.0034090909090909046,-0.0027819308775916514,-0.024647909458709996,-0.0027819308775916545,0.016981438705581817,-0.0019660067234399258,-0.00278193087759165,-0.004829421595494665,-0.0034090909090909046,-0.009548474303374245,-0.037205706830130046,-0.012037293129610195,-0.0027819308775916523,-0.01490180602435782,-0.001966006723439928,0.03383724911785993,-0.002781930877591655,0.031186666667798225,-0.004829421595494661,-0.005582905262390825,0.01321033637016807,-0.008180593371826965,-0.0034090909090909085,0.003938717651998745,-0.0027819308775916497,-0.0019660067234399284,-0.003938717651998636,-0.006249023666322239,0.0019660067234398395,-0.02901546087561758,-0.0019660067234399266,-0.00196600672343993,-0.0019660067234399275,-0.00196600672343993,-0.004406127249758509,-0.00685331725631599,-0.0019660067234399284,-0.0027819308775916566,-0.003409090909090906,-0.004406127249758503,0.020983435856173693,-0.05818938489684083,-0.005219348045725245,-0.0034090909090909085,1.0,-0.00911329241895327,-0.035354135511789946,-0.0019660067234399266,-0.0019660067234399266,-0.0027819308775916497,-0.0019660067234399266,-0.0019660067234399266,-0.0019660067234399266,-0.060887483296480985,-0.006249023666322239,-0.0027819308775916506,0.001966006723440024,0.003409090909090621,0.00933316741183204
sslE_VIR,-0.02772049711058789,-0.13019569457109376,-0.01907954722549219,0.05353584502485753,-0.25187398399146654,0.0828933848822765,-0.09988351444676644,-0.007436747875863718,0.07862471845075139,-0.036169313181339674,-0.005255592956045324,0.17426294660460326,-0.005255592956045324,-0.04100184680313607,-0.037833021668709305,-0.06488639528592927,-0.09508500447102428,-0.01395253052658274,-0.10530179631536606,0.1680370876409057,0.1863262708525375,0.1863262708525375,-0.010529107810717973,-0.009113292418953284,0.011778602311569098,-0.005255592956045323,-0.04417510921671994,0.1863262708525375,0.1863262708525375,0.1863262708525375,-0.007436747875863719,-0.012910166489484223,0.08727383427048421,-0.010896891490390685,0.1321573866256817,-0.005255592956045323,-0.00027925274025657475,-0.01052910781071798,0.2932900403747569,-0.005255592956045328,-0.007436747875863716,0.1940177206770102,-0.019811170884375617,-0.12618220125333215,-0.005255592956045328,-0.005255592956045325,-0.009113292418953284,-0.058573177317155965,-0.005255592956045323,-0.01395253052658275,-0.005255592956045326,-0.3215138277915673,-0.005255592956045321,-0.005255592956045321,-0.020518319181873742,-0.00911329241895328,-0.09726933197864228,-0.005255592956045321,-0.005537094453490879,-0.010529107810717975,-0.014924403473021023,-0.007436747875863715,-0.020518319181873742,-0.00911329241895327,0.11649050137922465,-0.01753049238996801,0.3740789554827496,0.06985756780656394,0.06103981578381813,0.4561960098204858,-0.06947455578914759,-0.005255592956045328,0.005255592956045323,0.0149244034730208,-0.020518319181873763,0.21572957752909852,0.0225156357029016,-0.010529107810717976,0.4321948063256617,0.015838773666616086,-0.2912627591049264,-0.3520068880407167,0.050710514105418054,0.6013598142242188,-0.43189825116401753,0.23747776447285687,0.536018076948147,0.00989722072037372,-0.21519876192018658,0.15869152187994745,-0.016705092801218596,0.21572957752909858,-0.005255592956045323,-0.005255592956045326,0.14891202294289,0.4802959246117666,-0.005255592956045323,-0.5631092558548377,-0.005255592956045327,-0.005255592956045323,0.06213143922969465,-0.009113292418953279,-0.007436747875863718,-0.1554210234418737,-0.007436747875863717,-0.04521063215329811,-0.005255592956045323,-0.007436747875863719,-0.012910166489484193,-0.009113292418953268,0.11446745534081344,-0.03385894923719544,0.08057389868766378,0.305260793761644,0.05322004131644341,-0.005255592956045327,-0.26932722536664816,-0.007436747875863721,-0.2922175850349292,-0.012910166489484254,-0.014924403473021052,-0.37907143702589313,-0.021868627603683053,-0.009113292418953292,0.010529107810718101,-0.007436747875863718,-0.005255592956045327,-0.010529107810717987,-0.016705092801218596,0.005255592956045267,-0.13777602345426662,-0.005255592956045323,0.21572957752909858,-0.005255592956045323,-0.005255592956045322,0.087273834270484,-0.01832051003102214,-0.005255592956045328,-0.00743674787586372,-0.009113292418953306,-0.011778602311569172,-0.43430887493441667,-0.11095830913294503,0.4050979611391508,-0.009113292418953292,-0.00911329241895327,1.0,-0.07914675634434265,-0.0052555929560453235,-0.0052555929560453235,-0.007436747875863719,-0.0052555929560453235,-0.0052555929560453235,-0.0052555929560453235,-0.10325387918602097,-0.016705092801218596,0.1489120229428899,0.005255592956045353,0.009113292418952756,-0.022735572754176744
sul_AMR,-0.025960871664301104,0.12664526896311779,-0.0027514344771651955,0.060554997838450066,0.16958616658505588,0.04569676562834882,0.0756980403009535,0.03680623951214796,-0.0030605926184390543,-0.012584984844142923,0.02601118342957079,0.07045442261275074,-0.043588437686523054,-0.06380200592743412,0.01342093691715489,0.15874197751121544,0.11233022650541266,0.01626216229662936,0.8597655149395469,0.03540068536217795,0.05829511300295409,0.05829511300295409,-0.05246636933818651,-0.07558313249234498,0.004098323095965217,-0.04358843768652305,0.0660933414149907,0.05829511300295409,0.05829511300295409,0.05829511300295409,-0.06167833469762965,-0.021588932094163196,0.02709839495349451,0.5177243700549139,0.07838986972305742,0.02601118342957076,0.4791809500187282,0.05211106661129129,0.007446811542000032,0.026011183429570706,0.03680623951214805,-0.005812478071377972,0.02309061253040527,0.14091371636204578,0.026011183429570706,0.0260111834295707,-0.03535413551179004,0.19738004943245313,-0.04358843768652305,0.04265828234795984,0.026011183429570723,0.052466369338186325,0.02601118342957082,-0.043588437686523034,0.08343516798968215,0.0048748614687648215,0.12678111150948748,-0.043588437686523034,0.020004375041098782,0.05211106661129127,-0.024957225252469756,-0.012436047592740841,0.08343516798968215,0.045103858449319884,0.044552470097149535,0.06565752969789158,-0.07558313249234483,0.042658282347959826,-0.02322055153358259,-0.014389186852587173,0.8583457109409621,0.026011183429570664,0.043588437686523186,-0.024453604115088016,0.06532027904577022,0.026011183429570765,0.05421681497286981,0.05211106661129135,0.0172519212947987,0.03813917904034337,0.14268194064571946,0.12920046656994943,0.016868177388966434,-0.2189058176559865,0.10164911781750498,-0.010133957754700959,-0.0003577531195657876,0.031811958922769654,0.13460531588738345,0.0980502112963904,-0.027934970041320627,-0.04358843768652304,-0.04358843768652305,-0.04358843768652306,-0.012436047592740841,-0.017907531151599133,0.02601118342957076,0.1314589196961966,0.026011183429570702,0.02601118342957076,0.15318564164161963,0.004874861468764871,-0.012436047592740912,0.819569409620564,0.0368062395121479,0.06639985258827,0.02601118342957076,0.036806239512147794,-0.02158893209416315,0.004874861468764875,0.023451915132034123,0.048037399958419755,0.005375661099698723,-0.012436047592740836,0.060386498875861755,0.02601118342957071,0.11349113058795983,-0.061678334697629685,0.15067942473375656,0.0638954940903486,0.073864433482646,-0.011639609279876555,0.04009060414826936,-0.03535413551179009,0.05246636933818622,-0.06167833469762964,-0.04358843768652306,-0.05246636933818645,-0.027934970041320627,-0.026011183429570525,0.8959034201135061,0.02601118342957076,-0.04358843768652304,0.02601118342957076,0.026011183429570768,-0.004098323095965242,-0.01041818728917829,0.026011183429570726,0.036806239512148016,0.004874861468764784,-0.004098323095965297,0.097479570281343,0.10505686132886628,-0.010133957754701028,-0.03535413551179009,-0.035354135511789946,-0.07914675634434265,1.0,0.02601118342957076,0.02601118342957076,0.03680623951214796,0.02601118342957076,0.026011183429570758,0.026011183429570758,0.5478457879775168,-0.027934970041320627,0.03680623951214786,0.04358843768652313,0.03535413551179053,0.041721997861083354
terB_STRESS,-0.005980131130563734,0.03001729371452139,-0.004116022662401914,-0.0036037826125912627,0.020865961909838953,0.053430272093854723,0.021160886450064257,0.706705813316944,-0.008927970157724688,-0.0078027906521280594,-0.0011337868480725617,-0.003952275889110013,-0.0011337868480725617,-0.008845311088753367,-0.008161701781239867,-0.024154166597437302,-0.020512647843886473,-0.003009973515961538,-0.03891934266577602,-0.002785104762606754,-0.0025409929005580844,-0.0025409929005580844,-0.002271439979764521,-0.00196600672343993,0.002540992900558008,-0.0011337868480725628,-0.017394253315667428,-0.0025409929005580844,-0.0025409929005580844,-0.0025409929005580844,-0.0016043264774505005,-0.0027851047626067564,-0.002540992900558081,0.04928454972684879,-0.0034168919516781356,1.0,0.05313439274922504,-0.0022714399797645213,-0.006422834876626167,-0.0011337868480725646,-0.001604326477450499,-0.0036037826125912705,-0.004273855525243131,0.041650826375217755,-0.0011337868480725643,-0.0011337868480725637,-0.0019660067234399305,0.08972695688997512,-0.0011337868480725628,-0.0030099735159615417,-0.0011337868480725641,0.0022714399797645318,-0.0011337868480725617,-0.0011337868480725617,0.2561414952881816,-0.00196600672343993,-0.02098387189429011,-0.0011337868480725617,-0.030224518350007765,-0.0022714399797645205,-0.003219635256108638,-0.0016043264774504992,0.2561414952881816,-0.001966006723439926,-0.0037818457171648725,-0.0037818457171648785,-0.0019660067234399266,-0.0030099735159615395,-0.015900473108332737,-0.004273855525243115,-0.041161568200154916,-0.0011337868480725646,0.0011337868480726073,0.0032196352561084307,-0.004426408328712823,-0.0011337868480725626,0.004857288577986012,-0.002271439979764521,-0.0022714399797645218,0.003416891951677891,0.018044163875245045,0.012503359999125755,-0.016978757023525144,-0.0074302185825220425,0.012168590499917179,-0.003009973515961541,-0.004574210537410233,0.015048231635721143,0.010407431212535435,-0.004273855525243131,-0.00360378261259127,-0.001133786848072562,-0.0011337868480725626,-0.0011337868480725641,-0.0016043264774504996,-0.004574210537410235,-0.0011337868480725626,0.009333167411831962,-0.0011337868480725646,-0.0011337868480725626,-0.010032785531723199,-0.0019660067234399292,-0.0016043264774505,-0.036748008067919474,-0.001604326477450499,-0.01757182519710213,-0.0011337868480725628,-0.0016043264774505005,-0.002785104762606755,-0.001966006723439929,-0.005506560305847991,-0.021456356468322047,-0.006941850439283745,-0.0016043264774504992,-0.008593801578350282,-0.0011337868480725641,0.01951378271873782,-0.0016043264774504994,0.01798520426283426,-0.0027851047626067573,-0.003219635256108641,0.007618338969311724,-0.0047177097940837185,-0.001966006723439931,0.002271439979764531,-0.001604326477450499,-0.0011337868480725643,-0.0022714399797645218,-0.00360378261259127,0.0011337868480725132,-0.039464325777161226,-0.0011337868480725626,-0.001133786848072562,-0.0011337868480725626,-0.0011337868480725617,-0.0025409929005580784,0.28686935828456883,-0.0011337868480725646,-0.001604326477450499,-0.001966006723439932,-0.00254099290055808,0.012101048952404993,0.03378634654628678,-0.0030099735159615395,-0.001966006723439931,-0.0019660067234399266,-0.0052555929560453235,0.02601118342957076,1.0,1.0,0.706705813316944,1.0,-0.0011337868480725626,-0.0011337868480725626,0.03228917697036032,-0.00360378261259127,-0.0016043264774505005,0.0011337868480726177,0.0019660067234395675,0.005382393832244648
terC_STRESS,-0.005980131130563734,0.03001729371452139,-0.004116022662401914,-0.0036037826125912627,0.020865961909838953,0.053430272093854723,0.021160886450064257,0.706705813316944,-0.008927970157724688,-0.0078027906521280594,-0.0011337868480725617,-0.003952275889110013,-0.0011337868480725617,-0.008845311088753367,-0.008161701781239867,-0.024154166597437302,-0.020512647843886473,-0.003009973515961538,-0.03891934266577602,-0.002785104762606754,-0.0025409929005580844,-0.0025409929005580844,-0.002271439979764521,-0.00196600672343993,0.002540992900558008,-0.0011337868480725628,-0.017394253315667428,-0.0025409929005580844,-0.0025409929005580844,-0.0025409929005580844,-0.0016043264774505005,-0.0027851047626067564,-0.002540992900558081,0.04928454972684879,-0.0034168919516781356,1.0,0.05313439274922504,-0.0022714399797645213,-0.006422834876626167,-0.0011337868480725646,-0.001604326477450499,-0.0036037826125912705,-0.004273855525243131,0.041650826375217755,-0.0011337868480725643,-0.0011337868480725637,-0.0019660067234399305,0.08972695688997512,-0.0011337868480725628,-0.0030099735159615417,-0.0011337868480725641,0.0022714399797645318,-0.0011337868480725617,-0.0011337868480725617,0.2561414952881816,-0.00196600672343993,-0.02098387189429011,-0.0011337868480725617,-0.030224518350007765,-0.0022714399797645205,-0.003219635256108638,-0.0016043264774504992,0.2561414952881816,-0.001966006723439926,-0.0037818457171648725,-0.0037818457171648785,-0.0019660067234399266,-0.0030099735159615395,-0.015900473108332737,-0.004273855525243115,-0.041161568200154916,-0.0011337868480725646,0.0011337868480726073,0.0032196352561084307,-0.004426408328712823,-0.0011337868480725626,0.004857288577986012,-0.002271439979764521,-0.0022714399797645218,0.003416891951677891,0.018044163875245045,0.012503359999125755,-0.016978757023525144,-0.0074302185825220425,0.012168590499917179,-0.003009973515961541,-0.004574210537410233,0.015048231635721143,0.010407431212535435,-0.004273855525243131,-0.00360378261259127,-0.001133786848072562,-0.0011337868480725626,-0.0011337868480725641,-0.0016043264774504996,-0.004574210537410235,-0.0011337868480725626,0.009333167411831962,-0.0011337868480725646,-0.0011337868480725626,-0.010032785531723199,-0.0019660067234399292,-0.0016043264774505,-0.036748008067919474,-0.001604326477450499,-0.01757182519710213,-0.0011337868480725628,-0.0016043264774505005,-0.002785104762606755,-0.001966006723439929,-0.005506560305847991,-0.021456356468322047,-0.006941850439283745,-0.0016043264774504992,-0.008593801578350282,-0.0011337868480725641,0.01951378271873782,-0.0016043264774504994,0.01798520426283426,-0.0027851047626067573,-0.003219635256108641,0.007618338969311724,-0.0047177097940837185,-0.001966006723439931,0.002271439979764531,-0.001604326477450499,-0.0011337868480725643,-0.0022714399797645218,-0.00360378261259127,0.0011337868480725132,-0.039464325777161226,-0.0011337868480725626,-0.001133786848072562,-0.0011337868480725626,-0.0011337868480725617,-0.0025409929005580784,0.28686935828456883,-0.0011337868480725646,-0.001604326477450499,-0.001966006723439932,-0.00254099290055808,0.012101048952404993,0.03378634654628678,-0.0030099735159615395,-0.001966006723439931,-0.0019660067234399266,-0.0052555929560453235,0.02601118342957076,1.0,1.0,0.706705813316944,1.0,-0.0011337868480725626,-0.0011337868480725626,0.03228917697036032,-0.00360378261259127,-0.0016043264774505005,0.0011337868480726177,0.0019660067234395675,0.005382393832244648
terD_STRESS,-0.008461980951445437,-0.005485895008955137,-0.005824237730666518,-0.0050994098883619,0.029525668979435676,0.07560468739188406,-0.022936331802154892,1.0,-0.0126332202020824,-0.01104107325154924,-0.0016043264774504979,-0.005592533434187972,-0.0016043264774504979,-0.01251625630081865,0.09250935210835153,-0.034178531069482834,-0.029025723939654285,-0.0042591605435282065,-0.0069248310159389865,-0.003940967670174928,-0.0035955454910323466,-0.0035955454910323466,-0.003214123807901696,-0.002781930877591655,0.003595545491032308,-0.0016043264774504994,-0.024613145934129225,-0.0035955454910323466,-0.0035955454910323466,-0.0035955454910323466,-0.002270147559591378,-0.003940967670174931,-0.003595545491032342,0.06973842410540017,-0.004834956621682303,0.706705813316944,0.07518601339903694,-0.0032141238079016962,-0.00908841381462593,-0.0016043264774505018,-0.0022701475595913764,-0.005099409888361911,-0.006047573749512075,0.010209052434009968,-0.0016043264774505015,-0.0016043264774505005,-0.0027819308775916558,0.054542490411235905,-0.0016043264774504994,-0.004259160543528213,-0.0016043264774505013,0.0032141238079017136,-0.0016043264774504979,-0.0016043264774504976,0.17809043184322831,-0.0027819308775916553,-0.029692513488465175,-0.0016043264774504976,-0.04276817564036742,-0.0032141238079016953,-0.004555835250593438,-0.0022701475595913764,0.17809043184322831,-0.0027819308775916497,-0.00535137202199409,-0.0053513720219940985,-0.0027819308775916497,-0.004259160543528209,-0.022499423110308673,-0.006047573749512052,-0.009633977542724426,-0.0016043264774505018,0.0016043264774505623,0.004555835250593177,-0.006263438400113548,-0.0016043264774504992,0.006873140826715695,-0.003214123807901696,-0.003214123807901697,0.0048349566216819104,0.02553277974402708,0.01769245386625713,-0.024025212052289288,-0.010513877829373018,0.01721874968426191,-0.00425916054352821,-0.006472580883325474,0.021293487830660165,0.014726681196646565,-0.0060475737495120745,-0.00509940988836191,-0.0016043264774504983,-0.0016043264774504987,-0.0016043264774505013,-0.0022701475595913773,-0.006472580883325478,0.7067058133169439,0.013206580780801107,-0.0016043264774505018,0.7067058133169439,0.07285591401911712,0.406625563274647,-0.0022701475595913777,-0.05199901766117029,-0.002270147559591376,-0.02486441297918332,-0.0016043264774504994,-0.002270147559591378,-0.00394096767017493,-0.002781930877591653,-0.007791870679544563,-0.030361086698319384,-0.009822829115699464,-0.0022701475595913764,-0.01216036633123906,-0.0016043264774505013,0.027612313852562374,-0.002270147559591377,0.025449350951876552,-0.003940967670174933,-0.004555835250593442,0.010780071177785906,-0.006675634620778075,-0.002781930877591656,0.0032141238079016624,-0.0022701475595913764,-0.0016043264774505015,-0.0032141238079016975,-0.00509940988836191,0.0016043264774504293,-0.007595037599737588,-0.0016043264774504992,-0.0016043264774504983,-0.0016043264774504992,-0.0016043264774504979,-0.0035955454910323375,0.20016609249864467,-0.0016043264774505018,-0.0022701475595913764,-0.002781930877591657,-0.0035955454910323397,0.01712317731703434,0.0001618788465925753,-0.004259160543528208,-0.002781930877591656,-0.0027819308775916497,-0.007436747875863719,0.03680623951214796,0.706705813316944,0.706705813316944,1.0,0.706705813316944,0.7067058133169439,0.7067058133169439,0.045689700525895126,-0.00509940988836191,-0.002270147559591378,0.001604326477450577,0.002781930877591086,0.007616173138554274
terE_STRESS,-0.005980131130563734,0.03001729371452139,-0.004116022662401914,-0.0036037826125912627,0.020865961909838953,0.053430272093854723,0.021160886450064257,0.706705813316944,-0.008927970157724688,-0.0078027906521280594,-0.0011337868480725617,-0.003952275889110013,-0.0011337868480725617,-0.008845311088753367,-0.008161701781239867,-0.024154166597437302,-0.020512647843886473,-0.003009973515961538,-0.03891934266577602,-0.002785104762606754,-0.0025409929005580844,-0.0025409929005580844,-0.002271439979764521,-0.00196600672343993,0.002540992900558008,-0.0011337868480725628,-0.017394253315667428,-0.0025409929005580844,-0.0025409929005580844,-0.0025409929005580844,-0.0016043264774505005,-0.0027851047626067564,-0.002540992900558081,0.04928454972684879,-0.0034168919516781356,1.0,0.05313439274922504,-0.0022714399797645213,-0.006422834876626167,-0.0011337868480725646,-0.001604326477450499,-0.0036037826125912705,-0.004273855525243131,0.041650826375217755,-0.0011337868480725643,-0.0011337868480725637,-0.0019660067234399305,0.08972695688997512,-0.0011337868480725628,-0.0030099735159615417,-0.0011337868480725641,0.0022714399797645318,-0.0011337868480725617,-0.0011337868480725617,0.2561414952881816,-0.00196600672343993,-0.02098387189429011,-0.0011337868480725617,-0.030224518350007765,-0.0022714399797645205,-0.003219635256108638,-0.0016043264774504992,0.2561414952881816,-0.001966006723439926,-0.0037818457171648725,-0.0037818457171648785,-0.0019660067234399266,-0.0030099735159615395,-0.015900473108332737,-0.004273855525243115,-0.041161568200154916,-0.0011337868480725646,0.0011337868480726073,0.0032196352561084307,-0.004426408328712823,-0.0011337868480725626,0.004857288577986012,-0.002271439979764521,-0.0022714399797645218,0.003416891951677891,0.018044163875245045,0.012503359999125755,-0.016978757023525144,-0.0074302185825220425,0.012168590499917179,-0.003009973515961541,-0.004574210537410233,0.015048231635721143,0.010407431212535435,-0.004273855525243131,-0.00360378261259127,-0.001133786848072562,-0.0011337868480725626,-0.0011337868480725641,-0.0016043264774504996,-0.004574210537410235,-0.0011337868480725626,0.009333167411831962,-0.0011337868480725646,-0.0011337868480725626,-0.010032785531723199,-0.0019660067234399292,-0.0016043264774505,-0.036748008067919474,-0.001604326477450499,-0.01757182519710213,-0.0011337868480725628,-0.0016043264774505005,-0.002785104762606755,-0.001966006723439929,-0.005506560305847991,-0.021456356468322047,-0.006941850439283745,-0.0016043264774504992,-0.008593801578350282,-0.0011337868480725641,0.01951378271873782,-0.0016043264774504994,0.01798520426283426,-0.0027851047626067573,-0.003219635256108641,0.007618338969311724,-0.0047177097940837185,-0.001966006723439931,0.002271439979764531,-0.001604326477450499,-0.0011337868480725643,-0.0022714399797645218,-0.00360378261259127,0.0011337868480725132,-0.039464325777161226,-0.0011337868480725626,-0.001133786848072562,-0.0011337868480725626,-0.0011337868480725617,-0.0025409929005580784,0.28686935828456883,-0.0011337868480725646,-0.001604326477450499,-0.001966006723439932,-0.00254099290055808,0.012101048952404993,0.03378634654628678,-0.0030099735159615395,-0.001966006723439931,-0.0019660067234399266,-0.0052555929560453235,0.02601118342957076,1.0,1.0,0.706705813316944,1.0,-0.0011337868480725626,-0.0011337868480725626,0.03228917697036032,-0.00360378261259127,-0.0016043264774505005,0.0011337868480726177,0.0019660067234395675,0.005382393832244648
terW_STRESS,-0.005980131130563734,-0.03777112150267145,-0.004116022662401914,-0.003603782612591263,0.02086596190983895,0.05343027209385471,-0.05357936449156269,0.7067058133169439,-0.008927970157724688,-0.00780279065212806,-0.001133786848072562,-0.003952275889110013,-0.001133786848072562,-0.008845311088753367,0.13891549562355213,-0.024154166597437302,-0.020512647843886473,-0.0030099735159615382,0.02913170599537285,-0.0027851047626067543,-0.0025409929005580853,-0.0025409929005580853,-0.002271439979764521,-0.00196600672343993,0.0025409929005581074,-0.0011337868480725628,-0.017394253315667428,-0.0025409929005580853,-0.0025409929005580853,-0.0025409929005580853,-0.0016043264774505005,-0.002785104762606757,-0.0025409929005580823,0.04928454972684879,-0.0034168919516781356,-0.0011337868480725626,0.053134392749225046,-0.0022714399797645213,-0.006422834876626167,-0.0011337868480725646,-0.001604326477450499,-0.0036037826125912705,-0.004273855525243132,-0.02722123296807303,-0.0011337868480725643,-0.0011337868480725637,-0.0019660067234399305,-0.012635966797167024,-0.0011337868480725628,-0.003009973515961543,-0.0011337868480725641,0.0022714399797645365,-0.001133786848072562,-0.0011337868480725617,-0.004426408328712822,-0.0019660067234399305,-0.020983871894290112,-0.0011337868480725617,-0.030224518350007765,-0.0022714399797645205,-0.003219635256108639,-0.0016043264774504992,-0.004426408328712822,-0.0019660067234399266,-0.0037818457171648725,-0.0037818457171648785,-0.0019660067234399266,-0.0030099735159615404,-0.015900473108332737,-0.0042738555252431155,0.02754479233053841,-0.0011337868480725646,0.0011337868480726075,0.0032196352561084775,-0.004426408328712823,-0.0011337868480725626,0.004857288577986005,-0.002271439979764521,-0.0022714399797645218,0.003416891951677825,0.01804416387524506,0.012503359999125756,-0.016978757023525144,-0.007430218582522043,0.012168590499917187,-0.003009973515961541,-0.004574210537410233,0.015048231635721132,0.010407431212535479,-0.004273855525243131,-0.00360378261259127,-0.001133786848072562,-0.0011337868480725626,-0.0011337868480725643,-0.0016043264774504996,-0.004574210537410236,1.0,0.009333167411831975,-0.0011337868480725646,1.0,0.11300818147538215,0.5766953055423788,-0.0016043264774505,-0.03674800806791948,-0.001604326477450499,-0.01757182519710213,-0.0011337868480725628,-0.0016043264774505005,-0.002785104762606756,-0.001966006723439929,-0.005506560305847991,-0.021456356468322047,-0.006941850439283747,-0.0016043264774504992,-0.008593801578350282,-0.0011337868480725643,0.019513782718737802,-0.0016043264774504994,0.01798520426283427,-0.0027851047626067573,-0.0032196352561086414,0.007618338969311745,-0.0047177097940837185,-0.001966006723439931,0.0022714399797644632,-0.0016043264774504992,-0.0011337868480725643,-0.002271439979764522,-0.00360378261259127,0.0011337868480725134,0.028729411328970583,-0.0011337868480725628,-0.001133786848072562,-0.0011337868480725626,-0.001133786848072562,-0.002540992900558079,-0.0039522758891100225,-0.0011337868480725646,-0.0016043264774504992,-0.001966006723439932,-0.0025409929005580805,0.012101048952405009,-0.03355754510240673,-0.0030099735159615395,-0.001966006723439931,-0.0019660067234399266,-0.0052555929560453235,0.026011183429570758,-0.0011337868480725626,-0.0011337868480725626,0.7067058133169439,-0.0011337868480725626,1.0,1.0,0.03228917697036031,-0.00360378261259127,-0.0016043264774505005,0.001133786848072618,0.001966006723439488,0.005382393832244671
terZ_STRESS,-0.005980131130563734,-0.03777112150267145,-0.004116022662401914,-0.003603782612591263,0.02086596190983895,0.05343027209385471,-0.05357936449156269,0.7067058133169439,-0.008927970157724688,-0.00780279065212806,-0.001133786848072562,-0.003952275889110013,-0.001133786848072562,-0.008845311088753367,0.13891549562355213,-0.024154166597437302,-0.020512647843886473,-0.0030099735159615382,0.02913170599537285,-0.0027851047626067543,-0.0025409929005580853,-0.0025409929005580853,-0.002271439979764521,-0.00196600672343993,0.0025409929005581074,-0.0011337868480725628,-0.017394253315667428,-0.0025409929005580853,-0.0025409929005580853,-0.0025409929005580853,-0.0016043264774505005,-0.002785104762606757,-0.0025409929005580823,0.04928454972684879,-0.0034168919516781356,-0.0011337868480725626,0.053134392749225046,-0.0022714399797645213,-0.006422834876626167,-0.0011337868480725646,-0.001604326477450499,-0.0036037826125912705,-0.004273855525243132,-0.02722123296807303,-0.0011337868480725643,-0.0011337868480725637,-0.0019660067234399305,-0.012635966797167024,-0.0011337868480725628,-0.003009973515961543,-0.0011337868480725641,0.0022714399797645365,-0.001133786848072562,-0.0011337868480725617,-0.004426408328712822,-0.0019660067234399305,-0.020983871894290112,-0.0011337868480725617,-0.030224518350007765,-0.0022714399797645205,-0.003219635256108639,-0.0016043264774504992,-0.004426408328712822,-0.0019660067234399266,-0.0037818457171648725,-0.0037818457171648785,-0.0019660067234399266,-0.0030099735159615404,-0.015900473108332737,-0.0042738555252431155,0.02754479233053841,-0.0011337868480725646,0.0011337868480726075,0.0032196352561084775,-0.004426408328712823,-0.0011337868480725626,0.004857288577986005,-0.002271439979764521,-0.0022714399797645218,0.003416891951677825,0.01804416387524506,0.012503359999125756,-0.016978757023525144,-0.007430218582522043,0.012168590499917187,-0.003009973515961541,-0.004574210537410233,0.015048231635721132,0.010407431212535479,-0.004273855525243131,-0.00360378261259127,-0.001133786848072562,-0.0011337868480725626,-0.0011337868480725643,-0.0016043264774504996,-0.004574210537410236,1.0,0.009333167411831975,-0.0011337868480725646,1.0,0.11300818147538215,0.5766953055423788,-0.0016043264774505,-0.03674800806791948,-0.001604326477450499,-0.01757182519710213,-0.0011337868480725628,-0.0016043264774505005,-0.002785104762606756,-0.001966006723439929,-0.005506560305847991,-0.021456356468322047,-0.006941850439283747,-0.0016043264774504992,-0.008593801578350282,-0.0011337868480725643,0.019513782718737802,-0.0016043264774504994,0.01798520426283427,-0.0027851047626067573,-0.0032196352561086414,0.007618338969311745,-0.0047177097940837185,-0.001966006723439931,0.0022714399797644632,-0.0016043264774504992,-0.0011337868480725643,-0.002271439979764522,-0.00360378261259127,0.0011337868480725134,0.028729411328970583,-0.0011337868480725628,-0.001133786848072562,-0.0011337868480725626,-0.001133786848072562,-0.002540992900558079,-0.0039522758891100225,-0.0011337868480725646,-0.0016043264774504992,-0.001966006723439932,-0.0025409929005580805,0.012101048952405009,-0.03355754510240673,-0.0030099735159615395,-0.001966006723439931,-0.0019660067234399266,-0.0052555929560453235,0.026011183429570758,-0.0011337868480725626,-0.0011337868480725626,0.7067058133169439,-0.0011337868480725626,1.0,1.0,0.03228917697036031,-0.00360378261259127,-0.0016043264774505005,0.001133786848072618,0.001966006723439488,0.005382393832244671
tet_AMR,-0.027199252580835966,0.1263846579827439,-0.05218323651717644,-0.004488647562600633,0.1652251454454705,0.18717168071166543,0.03138867423082034,0.045689700525895126,-0.0019690807676350634,-0.025180988771643154,0.03228917697036029,0.01465725553535117,-0.035113525783370576,-0.03408061362476825,-0.03492114245810068,0.21402580518239178,0.2219143963578416,0.00903242619115016,0.4532129729641342,-0.05865968833757958,-0.04848288899048713,-0.04848288899048713,-0.07034679087204902,0.055990011813937854,0.048482888990487374,-0.03511352578337059,0.050608800165690034,-0.04848288899048713,-0.04848288899048713,-0.04848288899048713,-0.0496861991534557,-0.0034689533326965117,-0.048482888990487215,0.5480844846746739,0.029599371451398095,0.03228917697036032,0.5224514701519061,0.030929648812765047,-0.01415846913570867,-0.035113525783370576,-0.04968619915345574,-0.004488647562600618,-0.0053232487218466485,0.09824673656963964,0.03228917697036038,0.032289176970360295,-0.021928318259674635,0.24270107434001761,-0.03511352578337059,0.06015827443977564,0.03228917697036033,0.002829164415506363,-0.035113525783370576,-0.03511352578337056,0.0909737405503648,-0.02192831825967467,0.2390151623443998,-0.03511352578337056,-0.10605274590115733,0.030929648812765057,-0.004010177499137114,-0.049686199153455714,0.0909737405503648,0.05599001181393781,0.0055090063438631405,-0.07624649956590393,-0.021928318259674656,-0.04209342205747536,-0.005126532815929115,0.012825124333715566,0.4645028104862585,0.03228917697036037,0.035113525783371013,-0.019915408526120122,-0.06691407691059814,0.032289176970360337,0.05417691025531988,0.03092964881276508,-0.07034679087204904,0.08325142730328533,0.1504376539265458,0.10935608433665452,-0.046522989224533184,-0.19779382640172594,0.09317154279501139,0.034595350315462875,-0.022693169945271735,0.027871765079995392,0.12143855617546151,0.0309734973892778,-0.004488647562600604,-0.035113525783370576,-0.03511352578337057,0.03228917697036036,-0.04968619915345573,-0.005697352250890966,0.03228917697036031,0.14813532686472636,0.0322891769703603,0.03228917697036031,0.09519450622682803,0.017030846777131615,-0.0019982493137803052,0.5459020519563166,-0.001998249313780306,0.04720295682075078,-0.03511352578337059,-0.049686199153455686,0.024126414169745095,-0.021928318259674635,0.01449096970713101,0.030800681182504248,-0.008646337308293988,-0.00199824931378029,-0.03908693215178748,0.03228917697036036,0.11313999123890739,-0.04968619915345572,0.14786926973578407,-0.0034689533326965243,0.09169216660189176,0.004222603386585208,0.0353686194085142,-0.02192831825967469,0.07034679087204872,-0.04968619915345571,-0.035113525783370576,-0.03658797764377764,-0.004488647562600604,-0.03228917697035979,0.48113352922375596,-0.035113525783370576,-0.035113525783370576,0.03228917697036034,-0.035113525783370576,0.011941092630684578,-0.02450267377694859,0.03228917697036031,0.04568970052589511,0.05599001181393789,0.04215308344127051,0.11122940361547519,0.13956359617611475,-0.06765634618178797,-0.02192831825967469,-0.060887483296480985,-0.10325387918602097,0.5478457879775168,0.03228917697036032,0.03228917697036032,0.045689700525895126,0.03228917697036032,0.03228917697036031,0.03228917697036031,1.0,-0.004488647562600604,-0.0019982493137803083,0.035113525783370944,0.021928318259675162,0.05033746425702731
trxLHR_STRESS,-0.019008063663799046,0.00922388220085724,-0.013082927297147743,0.08969072164948443,0.06632321662004016,0.003735186390383237,0.043504185164254396,-0.00509940988836191,0.014824994318324899,0.023864509268662484,-0.0036037826125912666,-0.012562452240076436,-0.0036037826125912666,-0.02811514206466612,0.4415479405134317,-0.05417748386011785,-0.04111158742193422,-0.009567309975082879,-0.015555179049361306,-0.008852556487835523,-0.008076638081766679,-0.008076638081766679,-0.007219854347874868,-0.006249023666322244,0.008076638081767356,-0.0036037826125912696,-0.05528826495436507,-0.008076638081766679,-0.008076638081766679,-0.008076638081766679,-0.005099409888361907,0.38198781245010305,-0.008076638081766684,0.04176538693782289,0.09569496643156321,-0.00360378261259127,0.05053283891007483,0.1521584303814627,-0.020415213575002398,-0.003603782612591269,-0.005099409888361909,-0.011454753722794963,-0.013584604775387697,-0.08652367614812842,-0.0036037826125912696,-0.0036037826125912705,-0.006249023666322244,-0.04016387869935562,-0.0036037826125912696,-0.009567309975082884,-0.00360378261259127,0.007219854347874577,-0.0036037826125912675,-0.003603782612591267,0.06875295370259832,-0.006249023666322244,-0.06669799778154199,-0.003603782612591267,0.05464270549649252,0.15215843038146287,-0.010233727419377827,-0.005099409888361909,0.06875295370259832,-0.006249023666322239,-0.012020733758016981,-0.012020733758016993,-0.006249023666322241,-0.00956730997508288,-0.050540230394449936,-0.013584604775387673,-0.021640707952248015,-0.0036037826125912683,0.003603782612591148,0.010233727419379125,-0.014069499393437584,-0.00360378261259127,0.015439067891325377,0.1521584303814628,-0.007219854347874873,0.010860714979622514,0.057354029236537506,0.03974238318288799,-0.05396759492210636,-0.023617219216262916,0.0051950273999584054,-0.009567309975082882,-0.014539294073726769,0.04783134996780905,0.033080397527308694,-0.013584604775387704,1.0,-0.003603782612591268,-0.0036037826125912696,-0.00360378261259127,-0.00509940988836191,-0.014539294073726769,-0.00360378261259127,0.029665811079342057,-0.0036037826125912705,-0.00360378261259127,-0.03188957264458171,-0.006249023666322245,-0.005099409888361908,-0.009368724452015883,-0.005099409888361905,-0.05585268361902621,-0.0036037826125912696,-0.005099409888361906,-0.008852556487835533,-0.006249023666322247,-0.017502801623723002,-0.06819980713442746,-0.022064923362648446,-0.005099409888361909,-0.027315709965032204,-0.00360378261259127,0.062025266025286366,-0.00509940988836191,0.057166623970360285,-0.008852556487835532,-0.010233727419377827,0.02421516668772916,-0.014995411664964323,-0.006249023666322247,0.0072198543478748795,-0.005099409888361909,-0.00360378261259127,-0.007219854347874871,1.0,0.003603782612591526,-0.017060657433895506,-0.00360378261259127,-0.003603782612591268,-0.00360378261259127,-0.0036037826125912675,-0.008076638081766665,-0.012562452240076464,-0.003603782612591269,-0.00509940988836191,-0.0062490236663222485,-0.008076638081766674,0.038463622931355225,-0.02104187333513417,-0.009567309975082873,-0.006249023666322247,-0.006249023666322239,-0.016705092801218596,-0.027934970041320627,-0.00360378261259127,-0.00360378261259127,-0.00509940988836191,-0.00360378261259127,-0.00360378261259127,-0.00360378261259127,-0.004488647562600604,1.0,-0.0050994098883619075,0.003603782612591167,0.00624902366632291,0.017108133984563678
tsh_VIR,-0.00846198095144543,-0.05344673949318685,-0.005824237730666517,-0.005099409888361897,-0.023680791650853444,0.07560468739188406,-0.07581565551312847,-0.002270147559591378,0.1796966666675512,-0.011041073251549238,-0.001604326477450498,-0.005592533434187973,-0.001604326477450498,-0.012516256300818642,-0.01154893822499165,0.016120873821106066,-0.029025723939654267,-0.004259160543528208,-0.006924831015938928,-0.003940967670174925,-0.0035955454910323445,-0.0035955454910323445,-0.0032141238079016927,-0.0027819308775916536,0.0035955454910324316,-0.0016043264774505,-0.02461314593412923,-0.0035955454910323445,-0.0035955454910323445,-0.0035955454910323445,-0.002270147559591376,-0.00394096767017493,-0.003595545491032343,-0.032552320886407714,-0.004834956621682304,-0.0016043264774505005,-0.03019374823802595,-0.003214123807901694,0.12034818938399813,-0.0016043264774504998,-0.0022701475595913777,-0.005099409888361907,-0.006047573749512069,-0.03851847891318366,-0.0016043264774504998,0.7067058133169443,-0.002781930877591653,-0.017880094600976545,-0.0016043264774505,-0.004259160543528213,-0.0016043264774504998,0.00321412380790169,-0.001604326477450499,-0.0016043264774504987,-0.006263438400113546,-0.002781930877591653,-0.029692513488465154,-0.0016043264774504987,-0.042768175640367403,-0.0032141238079016936,-0.004555835250593439,-0.0022701475595913773,-0.006263438400113546,-0.00278193087759165,-0.005351372021994091,-0.005351372021994098,-0.0027819308775916514,-0.004259160543528211,-0.022499423110308666,0.18466698413688623,-0.05824427565829961,-0.0016043264774505,0.0016043264774504727,0.004555835250593602,-0.0062634384001135435,-0.0016043264774505005,0.006873140826715722,-0.0032141238079016953,-0.0032141238079016945,0.004834956621682162,-0.08891110103757635,-0.12831162803939714,-0.024025212052289278,0.215919149569075,-0.13184160297459382,-0.00425916054352821,0.35073297661519875,0.0212934878306602,0.01472668119664651,-0.006047573749512071,-0.0050994098883619075,-0.001604326477450499,-0.0016043264774505002,-0.0016043264774504998,-0.0022701475595913777,0.17213019786593678,-0.0016043264774505005,-0.17189517841677643,-0.0016043264774504998,-0.0016043264774505005,-0.01419655158153296,-0.002781930877591653,-0.0022701475595913773,-0.05199901766117026,-0.002270147559591375,-0.024864412979183327,-0.0016043264774505,-0.002270147559591376,-0.003940967670174931,-0.002781930877591653,-0.007791870679544565,-0.030361086698319367,-0.00982282911569946,-0.0022701475595913773,-0.01216036633123905,-0.0016043264774504996,-0.08221504259704397,-0.0022701475595913777,-0.08920257195887324,-0.00394096767017493,-0.004555835250593438,-0.21058743696139867,-0.006675634620778073,-0.002781930877591653,0.003214123807901532,-0.002270147559591377,-0.0016043264774505,-0.0032141238079016945,-0.0050994098883619075,0.0016043264774505599,-0.007595037599737606,-0.0016043264774505005,-0.001604326477450499,-0.0016043264774505005,-0.001604326477450499,-0.0035955454910323362,-0.005592533434187988,-0.0016043264774504998,-0.0022701475595913777,-0.002781930877591655,-0.00359554549103234,-0.1325774719002065,-0.0474844616671588,-0.004259160543528206,-0.002781930877591653,-0.0027819308775916506,0.1489120229428899,0.03680623951214786,-0.0016043264774505005,-0.0016043264774505005,-0.002270147559591378,-0.0016043264774505005,-0.0016043264774505005,-0.0016043264774505005,-0.0019982493137803083,-0.0050994098883619075,1.0,0.0016043264774504916,0.0027819308775916558,0.007616173138554157
uhpT-E350Q_AMR,0.00598013113056406,0.037771121502671354,0.004116022662402095,0.0036037826125914435,-0.020865961909838977,0.021219934011958028,0.05357936449156298,0.001604326477450577,0.008927970157724983,0.0078027906521283335,0.001133786848072616,0.003952275889110125,0.001133786848072616,0.008845311088753145,0.008161701781239664,0.024154166597437264,0.020512647843886612,0.003009973515961675,0.038919342665776,0.0027851047626066645,0.002540992900557957,0.002540992900557957,0.002271439979764366,0.0019660067234401495,-0.0025409929005582718,0.0011337868480726177,0.017394253315667633,0.002540992900557957,0.002540992900557957,0.002540992900557957,0.001604326477450213,0.0027851047626067625,0.0025409929005582106,0.02300491440738327,0.003416891951678303,0.0011337868480726177,0.02133809740564137,0.0022714399797646254,0.006422834876625974,0.0011337868480726162,0.0016043264774505761,0.003603782612591111,0.004273855525243104,-0.0416508263752177,0.0011337868480722688,0.0011337868480726172,0.001966006723439987,0.012635966797167279,0.0011337868480726177,0.003009973515961589,0.0011337868480726864,-0.0022714399797647816,0.0011337868480726164,0.0011337868480726164,0.004426408328712898,0.0019660067234398663,0.020983871894290212,0.0011337868480726164,0.03022451835000773,0.00227143997976445,0.0032196352561085664,0.001604326477450576,0.004426408328712898,0.001966006723440024,0.003781845717164959,0.0037818457171650325,0.0019660067234400246,0.0030099735159617013,0.015900473108332237,0.004273855525243216,0.04116156820015489,0.0011337868480723343,-0.0011337868480728497,-0.0032196352561087633,0.004426408328712842,0.0011337868480726177,-0.004857288577985923,0.002271439979764639,0.00227143997976435,-0.0034168919516778347,-0.018044163875244993,-0.012503359999125715,0.01697875702352455,0.0074302185825219705,-0.012168590499917184,0.0030099735159616918,0.004574210537410323,-0.015048231635721119,-0.010407431212535404,0.004273855525243063,0.003603782612591167,0.0011337868480726164,0.0011337868480726177,0.001133786848072605,0.0016043264774505761,0.004574210537410342,0.001133786848072618,-0.009333167411831959,0.0011337868480726166,0.001133786848072618,0.010032785531723308,0.0019660067234400285,0.0016043264774505757,0.03674800806791954,0.001604326477450574,0.017571825197102278,0.0011337868480726177,0.001604326477450112,0.002785104762606896,0.0019660067234400277,0.005506560305848205,-0.05284153671414273,0.006941850439283998,0.001604326477450576,-0.1319307686750443,0.0011337868480725787,0.058101848545431385,0.0016043264774505761,0.06303997616615879,0.0027851047626067963,0.0032196352561086796,-0.007618338969311715,0.0047177097940836535,0.0019660067234397384,-0.002271439979764339,0.0016043264774505761,0.0011337868480725483,0.0022714399797642256,0.003603782612591167,-0.0011337868480723484,0.0394643257771611,0.001133786848072618,0.0011337868480726164,0.0011337868480726177,0.0011337868480726164,0.002540992900558224,0.003952275889110049,0.0011337868480725262,0.0016043264774505764,0.0019660067234398724,0.002540992900558167,-0.012101048952405078,0.03355754510240665,0.0030099735159614814,0.0019660067234397384,0.001966006723440024,0.005255592956045353,0.04358843768652313,0.0011337868480726177,0.0011337868480726177,0.001604326477450577,0.0011337868480726177,0.001133786848072618,0.001133786848072618,0.035113525783370944,0.003603782612591167,0.0016043264774504916,1.0,-0.0019660067234402584,-0.0053823938322447714
ybtPQ_VIR,0.010369654604590927,-0.05205052551327771,0.00713725709719568,0.006249023666321918,0.05075318720323775,-0.006352519238676227,0.006506955222998109,0.002781930877591086,0.015481260332659546,-0.07496721343527564,0.001966006723439761,0.006853317256315268,0.0019660067234397276,0.015337928024980896,-0.07085896190639426,0.04188375796595198,-0.008235012077631016,0.005219348045725048,0.028152925162893694,0.00482942159549453,0.004406127249758415,0.004406127249758415,0.003938717651998951,0.0034090909090912455,-0.004406127249758196,0.0019660067234395823,0.030161947129615903,0.004406127249758415,0.004406127249758415,0.004406127249758415,0.0027819308775919828,0.004829421595495041,0.004406127249758206,0.039890934062220176,0.005924951909334721,0.0019660067234395675,0.03700064349504774,0.003938717651998654,0.011137310837974585,0.0019660067234399865,0.0027819308775914177,0.006249023666322668,0.007410942111317339,0.007393644117899224,0.0019660067234399696,0.001966006723439894,0.0034090909090910594,0.021910992990107264,0.001966006723439611,0.005219348045725145,0.00196600672344002,-0.0039387176519982605,0.001966006723439761,0.001966006723439932,0.007675471407816862,0.003409090909091167,-0.006972834325510901,0.001966006723439932,0.013257654117836148,0.0039387176519986725,0.005582905262390648,0.002781930877591379,0.007675471407816862,0.00340909090909062,0.006557788282336925,0.006557788282337813,0.0034090909090903772,0.005219348045725067,-0.07323912652904754,0.007410942111316797,0.0316622102655831,0.001966006723440224,0.5766953055423788,0.199821484183072,0.007675471407817499,0.0019660067234396113,-0.008422625485771258,0.00393871765199853,0.003938717651998534,-0.005924951909335301,0.062207211233707954,0.037958723796436625,-0.06738094140625757,0.01288413224646179,0.03978764614969794,0.00521934804572469,0.007931763087802215,0.07840005011502983,-0.01804667232854791,0.00741094211131736,0.00624902366632291,0.00196600672343983,0.0019660067234397163,0.0019660067234399574,0.002781930877591399,0.007931763087802107,0.001966006723439488,-0.016183879636498526,0.0019660067234398867,0.001966006723439488,0.017397030000594157,0.003409090909090456,0.0027819308775913995,0.02464790945871067,0.0027819308775916905,0.030469859955900624,0.0019660067234395793,0.002781930877592051,0.0048294215954940165,0.003409090909090653,0.009548474303374068,-0.04868354579994668,-0.08637872384674047,0.002781930877591218,-0.06632223545408654,0.001966006723439977,0.05588734839286315,0.0027819308775915053,0.06247941043310701,0.004829421595494606,0.005582905262391225,-0.01321033637016803,0.008180593371826906,0.003409090909090936,-0.003938717651998891,0.0027819308775913747,0.0019660067234399227,0.00393871765199906,0.00624902366632291,-0.001966006723439973,0.02901546087561833,0.0019660067234394756,0.00196600672343983,0.0019660067234395814,0.001966006723439854,0.004406127249758392,0.006853317256316091,0.0019660067234400693,0.002781930877591665,0.003409090909091375,0.0044061272497585326,0.04016631286000327,-0.019660958836356636,0.005219348045725219,0.003409090909090936,0.003409090909090621,0.009113292418952756,0.03535413551179053,0.0019660067234395675,0.0019660067234395675,0.002781930877591086,0.0019660067234395675,0.001966006723439488,0.001966006723439488,0.021928318259675162,0.00624902366632291,0.0027819308775916558,-0.0019660067234402584,1.0,-0.009333167411831694
ymgB_STRESS,-0.18261874636818382,0.047660217031324295,-0.04078778416779573,0.017108133984563886,0.014536845871806708,0.036303187639230995,-0.035945151517921214,0.007616173138554274,0.04238349703305624,-0.06207335278470312,0.005382393832244656,0.0187625261353477,-0.21064732225284583,0.012423201860323831,0.038745813115265405,-0.00806139422083815,0.03196583041340637,-0.06764154816687601,0.06728548285072286,0.013221648074233277,0.01206278282288362,0.01206278282288362,0.010783141961985262,0.009333167411831884,-0.012062782822883922,0.005382393832244607,0.04693793001548794,0.01206278282288362,0.01206278282288362,0.01206278282288362,0.007616173138554085,0.013221648074233374,0.01206278282288388,0.01561665238350045,-0.05611780612246499,0.005382393832244648,0.004877433339801071,0.010783141961985295,0.030490940060071636,0.0053823938322446405,0.007616173138554277,-0.05155769468984457,0.020289151931934264,0.05491877173899305,0.005382393832244544,0.005382393832244607,0.009333167411831855,0.05998636328260432,0.005382393832244619,0.014289161066802432,0.005382393832244549,-0.010783141961985607,0.005382393832244659,0.005382393832244755,-0.03521329970353662,0.009333167411831886,0.05105464360972015,0.005382393832244755,-0.04653132173844479,0.010783141961985349,0.01528448224109878,0.007616173138554294,-0.03521329970353662,0.009333167411832039,0.017953447861185783,0.017953447861185703,0.009333167411832025,0.014289161066802475,0.0190307982818335,0.02028915193193441,0.047147071305497404,0.0053823938322444965,-0.005382393832244641,-0.015284482241098693,0.021013361486739643,0.005382393832244613,-0.02305886695372125,0.010783141961985394,0.01078314196198534,0.05611780612246584,0.0016009469157463746,-0.03709172293974496,0.008309985622250235,0.0007430066670036597,0.1240819240866882,0.014289161066802534,0.021715018679039695,0.04559310841900769,0.027853358690168098,0.020289151931934295,0.017108133984563678,0.00538239383224472,0.005382393832244631,0.00538239383224456,0.007616173138554253,0.021715018679039723,0.005382393832244671,0.012147683819628595,0.005382393832244643,0.005382393832244671,0.04762835541617096,0.009333167411832006,0.00761617313855423,0.07234172948504607,0.007616173138554332,0.03027371278385253,0.00538239383224458,0.007616173138554033,0.0132216480742335,-0.11553329962828328,0.026141136032283904,0.021697269185503857,-0.003786478721747689,0.0076161731385542795,-0.01984909805194534,0.0053823938322445685,0.024600834707050184,0.007616173138554354,0.002039472737811943,0.013221648074233363,0.015284482241098562,0.031349243518047,-0.08335716052909713,0.009333167411831846,0.09741588477020917,-0.14522657416470397,0.005382393832244567,0.010783141961985133,0.017108133984563678,-0.0053823938322444965,0.040195965733368755,-0.21064732225284602,0.00538239383224472,0.005382393832244604,0.005382393832244729,0.012062782822883759,-0.04399243817340965,0.005382393832244633,0.007616173138554416,0.009333167411831777,0.012062782822883611,0.07952603895209541,0.013988714551778223,0.014289161066802369,0.009333167411831846,0.00933316741183204,-0.022735572754176744,0.041721997861083354,0.005382393832244648,0.005382393832244648,0.007616173138554274,0.005382393832244648,0.005382393832244671,0.005382393832244671,0.05033746425702731,0.017108133984563678,0.007616173138554157,-0.0053823938322447714,-0.009333167411831694,1.0
