,BlaKPC_AMR,Col_PLASMID,IncB/O/K/Z_PLASMID,IncC_PLASMID,IncFIA_PLASMID,IncFIB_PLASMID,IncFII_PLASMID,IncI_PLASMID,IncN_PLASMID,IncQ1_PLASMID,IncX_PLASMID,IncY_PLASMID,aac(3)_AMR,aac(6')-Ib-cr_AMR,aac(6')_AMR,aadA_AMR,aap_VIR,aar_VIR,aatA_VIR,acrF_AMR,afaC_VIR,agg3DCB_VIR,agg5A_VIR,aggR_VIR,ampC-T32A_AMR,ant(2'')-Ia_AMR,aph(3'')-Ib_AMR,aph(3')-Ia_AMR,aph(6)-Id_AMR,astA_VIR,blaCMY_AMR,blaCTX-M-14_AMR,blaCTX-M-15_AMR,blaCTX-M-27_AMR,blaCTX-M_AMR,blaNDM_AMR,blaOXA-OH_AMR,blaTEM-CA_AMR,blaTEM-IR_AMR,ble_AMR,catA_AMR,catB_AMR,cmlA_AMR,cnf1_VIR,cvaC_VIR,dfrA_AMR,emrE_STRESS,erm(B)_AMR,fdeC_VIR,glpT-E448K_AMR,gyrA-D87N_AMR,gyrA-S83L_AMR,hlyA-alpha_VIR,ibeA_VIR,iha_VIR,ireA_VIR,iroBCDEN_VIR,iss_VIR,iucABCD_VIR,iutA_VIR,kefB_STRESS,mchF_VIR,mdtM_AMR,merCPRT_STRESS,mph(A)_AMR,nfaE_VIR,p0111_PLASMID,papA_VIR,papCFGII_VIR,papE_VIR,papH_VIR,parC-E84V_AMR,parC-S80I_AMR,parC-S80R_AMR,parE-E460D_AMR,parE-I529L_AMR,parE-L445H_AMR,psi-GI_STRESS,qacE_STRESS,qnrB_AMR,qnrS1_AMR,sat2_AMR,sat_VIR,senB_VIR,sfaF_VIR,sslE_VIR,sul_AMR,tet_AMR,trxLHR_STRESS,ymgB_STRESS
BlaKPC_AMR,1.0,0.02590017169455574,-0.021709861337146256,0.10531875274460498,-0.00747023381138627,0.0776548277107562,0.024009106197746818,-0.020538133297458988,0.19812286097368348,-0.02084618296748009,-0.019886466523426648,-0.01431702709077523,0.06703471637623841,-0.004560455847956898,0.13246826732759184,-0.0723407552582879,-0.014689967273001935,-0.013402405199002909,-0.013402405199002909,0.013402405199002675,-0.043351698004265214,-0.013402405199002909,-0.013402405199002909,-0.013402405199002909,-0.01468996727300194,-0.013402405199002878,0.03400110960380649,0.1129546639592846,0.047483713587856954,0.00186182313680813,-0.019008063663799056,-0.022542346930101674,-0.03594395273250671,-0.02665471044791366,-0.01587603203862704,-0.023346982978433607,0.006555431697741569,0.06553271672593561,-0.016981887783270106,-0.023346982978433607,0.09866166637394581,-0.019947253174310325,0.058296117644482386,-0.03275950905763012,-0.022542346930101653,-0.015777897198239417,0.016981887783269332,-0.023346982978433642,0.025619650364375055,0.018022313422262393,0.04777462931259129,0.06594866794806176,-0.024107139837117944,-0.03919050704086959,-0.038710186635715974,0.05829611764448235,-0.024126562130282213,-0.061893396277394985,-0.03836489080068946,-0.022542346930101702,-0.019008063663799046,-0.02412656213028221,0.04922756431788063,0.16340784537680014,-0.0881790810743216,-0.04457025888284557,-0.014689967273001925,-0.029044218287863268,-0.05511437373990068,-0.036614621157628174,-0.017876188892854916,0.011951247991760106,0.04737748409670876,-0.014689967273001953,-0.016981887783270134,-0.05150036368743398,0.11872493588556526,-0.019008063663799046,-0.06161480083384825,-0.013402405199002885,0.1495906648129361,-0.013402405199002872,-0.03950841567872776,0.007181250437094319,-0.01587603203862701,-0.02772049711058789,-0.025960871664301104,-0.027199252580835966,-0.019008063663799046,-0.18261874636818382
Col_PLASMID,0.02590017169455574,1.0,-0.023539655763574783,0.009223882200857413,-0.12978783945691294,0.01589679412297486,0.15839169070735276,-0.030528640907426283,-0.0111303581979311,-0.013514562577398635,-0.01632873845842699,-0.06276436990206963,0.10514747442207552,-0.03165516350207283,-0.023147022056782793,0.15490824517123117,-0.0927833398005302,-0.08465096569744508,-0.08465096569744508,-0.036888550905553,0.09148795956444498,-0.08465096569744508,-0.08465096569744508,-0.08465096569744508,-0.06503005760409793,-0.02388120739594588,0.12447191827520679,-0.04573282685271469,0.07075135921105546,-0.040543969675281406,-0.05541649861943655,-0.014614184222768405,-0.10473992092401899,0.07808742776421349,-0.07456543834895724,-0.023957569732088818,-0.028578117836647297,0.03883254213532122,-0.03507184368427434,-0.023957569732088818,-0.06432138240874626,-0.043765544309968506,-0.023147022056782828,-0.08094246909820546,-0.14237977500202062,0.13605769712235619,-0.013053157051100625,0.08190331804156135,-0.04792731000541849,-0.06776376142987987,-0.17652219263095895,-0.07951135721200527,-0.08357832336030163,-0.0416601543268377,0.04874260915631168,-0.023147022056782828,-0.13529276428637235,-0.14134160545364644,0.055790614478471265,0.04014249753976834,0.00922388220085724,-0.13529276428637235,0.02748542342309583,0.04900657370710814,0.18102668552653953,0.08722178347906004,-0.03727677540766557,-0.05461562869141073,-0.07588409809081181,-0.03526636504011779,-0.029385972150470414,-0.19079244889276298,-0.17441368177820418,0.07373635337806356,0.08524065815416478,0.03134690074860764,0.025348812142156445,0.00922388220085724,0.16288358369905698,0.036888550905553305,0.02586945971911305,0.006503671754803716,0.09510509232008872,0.6878060094768109,-0.07456543834895701,-0.13019569457109376,0.12664526896311779,0.1263846579827439,0.00922388220085724,0.047660217031324295
IncB/O/K/Z_PLASMID,-0.021709861337146256,-0.023539655763574783,1.0,-0.013082927297147759,-0.050254483412496026,-0.035342323515840095,0.07682104297915052,-0.032411495653626575,0.014429679845437157,-0.01434807358657978,-0.03211141579142195,-0.029629687054898116,0.011579265763763549,-0.010977218058274427,-0.010927203138745862,-0.008264342985843175,-0.010110854910286661,-0.00922464780878292,-0.00922464780878292,0.009224647808782861,0.029092498943282644,-0.00922464780878292,-0.00922464780878292,-0.00922464780878292,-0.010110854910286661,-0.00922464780878291,-0.002766321564696698,-0.01240445215253181,-0.035870552464003835,-0.02331702290778977,0.0757803404211713,0.2855877655408775,-0.04112324200410116,-0.04587275446607481,-0.01092720313874585,0.05669589868270364,-0.013333003055968943,0.041602112361216526,-0.011688344860711603,0.05669589868270364,-0.013729355481606365,0.0710470143803406,-0.010927203138745858,-0.03337125434567632,-0.015515514426399887,-0.015123366260762786,0.011688344860711481,-0.016069331748731392,0.0176335701007681,0.012404452152531404,-0.024836635089073415,-0.04105126922266853,-0.03824926073439562,-0.0269741601997338,-0.01465871061176074,-0.010927203138745864,-0.01660590283489791,0.029387607964647382,-0.02887468460678141,-0.015515514426399911,-0.013082927297147743,-0.016605902834897907,0.03388249620675864,-0.0020623762169747996,-0.0012613847247416087,0.027910429807746436,-0.010110854910286658,-0.019990642023484276,-0.05714554198576463,-0.02520122170729914,-0.031198352770459473,-0.015857108527903275,-0.025214908223219867,-0.010110854910286661,-0.011688344860711603,0.02765709965753617,-0.017126852776688153,-0.013082927297147743,-0.009963886070984342,-0.009224647808782904,-0.014348073586579788,-0.009224647808782903,-0.044700367355533926,-0.00898779063292198,-0.010927203138745845,-0.01907954722549219,-0.0027514344771651955,-0.05218323651717644,-0.013082927297147743,-0.04078778416779573
IncC_PLASMID,0.10531875274460498,0.009223882200857413,-0.013082927297147759,1.0,0.018516359252288842,0.003735186390383181,0.01974772536212926,0.05802786554961506,-0.024801453050572988,-0.01256245224007644,0.05899247352515894,0.06755577603059215,0.013614747951621514,0.031154235458426594,0.4731718161962424,0.04933563874868263,-0.008852556487835523,-0.008076638081766674,-0.008076638081766674,-0.27719021896623186,-0.029041201537857386,-0.008076638081766674,-0.008076638081766674,-0.008076638081766674,-0.008852556487835523,0.4198236474902321,0.01878791861003625,0.20225064784274893,0.026861487845037068,-0.020415213575002353,0.19083619702176396,-0.01358460477538769,-0.04274120850411842,0.02490897431262789,-0.009567309975082885,0.23439785989466969,0.02867743872226628,0.011582010312732626,-0.010233727419377813,0.23439785989466969,0.08447297449951922,0.18096668275705527,0.5938565977390735,-0.02282158229612738,-0.013584604775387681,0.04387498960832914,0.010233727419377064,-0.014069499393437561,-0.13603534264245706,0.010860714979622618,0.03164661410158187,0.006945631453457919,-0.027345591393491846,-0.023617219216262864,-0.09525480896857777,-0.009567309975082872,-0.01453929407372675,-0.009631346660184725,-0.08072476227767948,0.07209543820080748,0.08969072164948443,-0.014539294073726734,-0.011913413020751709,0.320091585419989,-0.030855954818587286,-0.029758546245692765,-0.00885255648783555,-0.017502801623723002,-0.04458395235023164,-0.022064923362648425,-0.027315709965032197,0.03735485616027359,0.031412476538815425,-0.008852556487835514,-0.010233727419377805,0.024215166687729026,-0.014995411664964339,0.08969072164948443,0.04796622248321123,-0.008076638081766662,0.1723149698930485,-0.008076638081766665,-0.0960448089434433,0.0003636268433490929,-0.00956730997508286,0.05353584502485753,0.060554997838450066,-0.004488647562600633,0.08969072164948443,0.017108133984563886
IncFIA_PLASMID,-0.00747023381138627,-0.12978783945691294,-0.050254483412496026,0.018516359252288842,1.0,0.16061806579609147,-0.0581966815702748,-0.009261858964956383,0.01708882440716241,-0.08018367350233058,0.028978792907803513,0.028677425910743015,-0.09485076897933022,0.14410568795694928,-0.0016473114665575739,0.15396252471078586,-0.13347598230271338,-0.1217769356398532,-0.1217769356398532,-0.01305570908740725,-0.3311840382632991,-0.1217769356398532,-0.1217769356398532,-0.1217769356398532,0.05125645088427085,0.013055709087407425,0.11928608321777567,-0.06302631578535614,0.0906156524463801,-0.14290363059974392,-0.10100078416708994,0.017909511750756654,0.22677833831479619,0.14796785854263078,0.05539488559110354,0.042316238356429996,0.15514946097191293,-0.1713682804270764,-0.020829402890767488,0.042316238356429996,-0.09002837602139177,-0.09002837602139187,0.026873787062272954,-0.008702080445608107,-0.1035816447863861,0.15368582401951467,-0.032559168234188855,-0.07512296060237873,-0.05359493678213272,0.0630263157853569,0.773635066751722,0.5527182038599984,-0.014684926094661318,-0.34407237767236243,0.2429195519447912,-0.05868950852421871,-0.12440579385577254,0.2798356452530336,0.13120702225758266,-0.06308459260733866,0.06632321662004016,-0.10544319831379993,0.3785073843406341,-0.2220299502322433,0.15834442772216525,-0.33028803801970974,0.02046771201977351,0.0378209773540963,0.037689598907722,-0.06409541118107792,-0.06351441307095697,0.7019853196182277,0.7706437690832136,-0.07189850457371877,0.05925345379666795,0.05956934509478096,0.08682368562695222,0.06632321662004016,0.1628132497903398,-0.02065245209440765,0.029045243039721093,-0.054360613276222755,0.16669801750162563,-0.20192414562777491,-0.08721060705304924,-0.25187398399146654,0.16958616658505588,0.1652251454454705,0.06632321662004016,0.014536845871806708
IncFIB_PLASMID,0.0776548277107562,0.01589679412297486,-0.035342323515840095,0.003735186390383181,0.16061806579609147,1.0,-0.3841811414269108,-0.03534055112930805,0.025212211709167657,0.07782643529191112,-0.063375279771927,-0.08695280820733096,0.19997296682990737,0.47503392269906985,0.08522333076508216,-0.002792860735646051,-0.05212597004399477,-0.04755717687708235,-0.04755717687708235,0.04755717687708305,-0.22703324562929453,-0.04755717687708235,-0.04755717687708235,-0.04755717687708235,-0.021563399294428097,-0.047557176877082365,-0.010115228620077812,0.08603166522402102,-0.0828372717306632,0.04348929375639557,-0.043720491058657926,0.04060930380210731,0.3943742928656437,-0.06857381715397257,-0.028023021478059497,0.09202019229649235,0.46308085307099844,-0.30303836812727614,-0.03376044034248057,0.09202019229649235,0.06503849488442566,-0.025507805443438638,-0.05633460953884494,0.33965703243638234,0.2014075784983438,0.023706830543994965,-0.04573414318394514,0.13087903007640778,0.05537436045659431,-0.011040588824405782,0.16282297298102227,0.08013606944696872,0.33173582674999597,0.039917847712043424,0.02352016954975245,0.11353491882586796,0.19673865863393233,0.1805406060123638,0.07019607630486273,0.02050951946507775,0.003735186390383237,0.1779153586476108,0.00885934812527134,-0.004280801999612121,0.017925080157823795,-0.2309306794006629,-0.021563399294428125,-0.10306068245685258,0.41281377435618116,-0.11722738760168826,-0.0665366622394516,0.19159576847678042,0.17348495220965632,-0.05212597004399471,-0.033760440342480484,-0.03239300179975255,-0.070024746903038,0.003735186390383237,0.003783450441909742,0.019363918234413625,-0.030600106776182204,-0.047557176877082344,0.005601548202603859,0.02975960301232512,0.028600154643511434,0.0828933848822765,0.04569676562834882,0.18717168071166543,0.003735186390383237,0.036303187639230995
IncFII_PLASMID,0.024009106197746818,0.15839169070735276,0.07682104297915052,0.01974772536212926,-0.0581966815702748,-0.3841811414269108,1.0,0.014422179462855726,0.008465987497515247,0.030341957788181505,0.04233204334831347,0.04252782590220919,-0.10648155692875212,-0.3130623424688889,-0.0005136260596101068,0.060855390844499625,0.051980921928354136,0.0474248420949117,0.0474248420949117,-0.047424842094912475,0.18901997616852717,0.0474248420949117,0.0474248420949117,0.0474248420949117,0.02138148588652962,0.013923933639066176,0.19190165499960826,-0.08639052878779256,0.15918122919033975,-0.030363217877267812,0.019747725362129043,0.03951876169969763,-0.30433187649051857,0.16705874788491437,0.05617785026986529,-0.014650224971381964,-0.29719679555432127,0.26069208981807807,0.060090956409452036,-0.014650224971381964,-0.042735401985326785,-0.1107270415403601,0.027832112105127583,-0.3607849778036292,-0.1013494424905163,0.03987272784949705,0.019499515354865916,0.004802630140994323,0.016076323089495494,0.011308996386591,-0.14355825232028893,-0.05618995578293485,-0.38342610206497224,-0.01662769499009325,0.0009529855499674255,-0.05720510238908541,-0.12193343952567678,-0.14589368520768092,0.01959586698032887,-0.04097735498042476,0.043504185164254396,-0.08424142933797414,-0.02770503288180018,0.08620824504437578,0.07519896679404027,0.18699552573097478,0.021381485886529817,-0.03926856707111909,-0.4315538204040784,-0.010264190763609436,-0.07040696805096437,-0.14980896783321937,-0.1360576131386384,0.05198092192835412,0.03356079915467896,0.04468007722409448,0.03316928163538176,0.043504185164254396,0.06963142562349074,-0.019576974816779516,0.030341957788181564,-0.05307788327262515,0.01898952368293139,0.2090239998424031,-0.028859364224347924,-0.09988351444676644,0.0756980403009535,0.03138867423082034,0.043504185164254396,-0.035945151517921214
IncI_PLASMID,-0.020538133297458988,-0.030528640907426283,-0.032411495653626575,0.05802786554961506,-0.009261858964956383,-0.03534055112930805,0.014422179462855726,1.0,0.000918111378430369,0.008361822318933404,0.19079544018111513,0.035571869160298655,-0.07437524838972456,-0.038056892649116006,-0.02370194518637285,0.026137248925031432,-0.021931223006300585,-0.020008971550286473,-0.020008971550286473,-0.16276263409353753,-0.024859870114610966,-0.020008971550286473,-0.020008971550286473,-0.020008971550286473,0.14501075901579796,0.10183876554559593,-0.004490440937078016,-0.0269062120702954,0.01396974003389902,0.17296685055320452,0.10123073678090522,-0.0336543457464373,-0.05539370412437303,0.05337072340386767,0.23404211392159796,0.03589728032408444,-0.04302202282024267,-0.0540743331349889,-0.025352920202031226,0.03589728032408444,0.011435904718762106,0.05265183886842306,0.07939567845681539,-0.0896888980387858,0.03953971162820338,0.011683815459715096,0.025352920202030366,0.0005208310761306766,-0.05880168339677798,0.02690621207029555,-0.044581329724683136,-0.027620723515543833,-0.09958506107669338,0.07184456279931842,-0.1330094099361258,0.02784686663522132,0.06679906124618068,-0.041041658405290435,-0.0800812580913012,0.0029426829408831026,0.014824994318324899,0.03252621343654815,-0.06858611558277034,-0.02888826043282994,-0.004854033482919007,-0.026911356656241676,0.03371610433439889,-0.014659610357000185,-0.037824073397236445,-0.05466339080107831,0.008642609189914966,-0.025478842333285436,-0.04538494317098667,0.03371610433439895,-0.025352920202031233,-0.04620750540489096,-0.03714946272836762,0.014824994318324899,0.013284760332957309,0.10183876554559593,0.008361822318933435,-0.02000897155028649,-0.10579752257936123,0.01918696339070676,0.0278468666352213,0.07862471845075139,-0.0030605926184390543,-0.0019690807676350634,0.014824994318324899,0.04238349703305624
IncN_PLASMID,0.19812286097368348,-0.0111303581979311,0.014429679845437157,-0.024801453050572988,0.01708882440716241,0.025212211709167657,0.008465987497515247,0.000918111378430369,1.0,-0.027199805161441656,0.022949369391430677,-0.03367612583254426,0.029478200953859973,0.032683548074079555,0.03735244168674689,-0.04929060778295222,-0.01916726185685522,-0.017487269044709774,-0.017487269044709774,0.017487269044709666,-0.04393595634086573,-0.017487269044709774,-0.017487269044709774,-0.017487269044709774,-0.019167261856855234,-0.01748726904470975,-0.014598857809750034,0.02775381310249268,-0.044345246244644684,0.01175560538414798,-0.024801453050573016,0.09426145663298446,0.02332035479811818,-0.07130665608429994,-0.020714822414305025,-0.030462813701267907,0.016201721135902868,0.01989734092258101,-0.0221577273738305,-0.030462813701267907,0.0668286517296272,-0.026026894261341867,-0.020714822414305,-0.0027338127954351634,-0.029412935947885188,0.05296632744279951,-0.03219025393475967,-0.030462813701267917,-0.03945348032210632,0.02351526005545913,0.06233566168874804,0.05448869524857281,-0.014375817249212546,-0.0021895297524206483,-0.012917527318067354,-0.020714822414305036,-0.03147999756995413,0.020618636119878946,-0.05614209515136888,-0.02941293594788526,0.023864509268662484,-0.03147999756995418,0.024219893999733684,-0.05022901261169059,-0.04613120657609261,-0.04559949745636524,-0.01916726185685523,-0.03789648588082778,-0.06812488131587999,-0.0477742406416128,-0.05914306973642333,0.06307431174450537,0.061817472219258277,-0.01916726185685525,-0.02215772737383048,-0.019346217888835088,0.005008069352338303,0.023864509268662484,-0.03172457568414273,0.11976836265732335,0.3286139423578619,0.051140546806306725,-0.04615681549985123,-0.024960731336015417,-0.020714822414305015,-0.036169313181339674,-0.012584984844142923,-0.025180988771643154,0.023864509268662484,-0.06207335278470312
IncQ1_PLASMID,-0.02084618296748009,-0.013514562577398635,-0.01434807358657978,-0.01256245224007644,-0.08018367350233058,0.07782643529191112,0.030341957788181505,0.008361822318933404,-0.027199805161441656,1.0,-0.030833934797522045,-0.028450936098736744,0.06036613898316722,-0.005460124307616906,-0.010492488755023153,0.002708906908733019,-0.009708617118472408,-0.008857665788192937,-0.008857665788192937,0.008857665788192646,0.011328267437667258,-0.008857665788192937,-0.008857665788192937,-0.008857665788192937,-0.009708617118472427,-0.008857665788192954,0.12980231115356405,0.18285542711715078,0.14195420277808757,0.13704483924912006,-0.01256245224007645,-0.014898264320734959,0.04515691414253348,-0.04404780933288957,-0.010492488755023167,-0.015430049257201971,-0.007773808156166039,0.05205597647230273,-0.011223350152702012,-0.015430049257201971,0.3395663383006134,0.16319158728917701,-0.010492488755023167,0.020570171773752217,0.22001543916513985,0.07605992643058723,0.011223350152701272,-0.015430049257201978,0.016932057878303382,0.011910968714506791,-0.10156107484956621,-0.04633511032004692,0.038134981894417726,0.11355400872937985,-0.07998535950413556,-0.010492488755023156,0.20404967899309584,-5.9474763067677906e-05,0.0016097975893401544,0.1417108713365151,-0.012562452240076436,0.20404967899309584,-0.1574655331786097,0.28670869630494866,-0.010274699598706737,0.010289982539525082,-0.009708617118472412,0.04221588002355085,0.033119950771969484,-0.024198647359184186,0.13332801407638295,-0.08980395236149767,-0.10206556913513318,0.22842218609294807,-0.011223350152701999,-0.10977849791754571,-0.01644549917180019,-0.012562452240076436,0.0010992955235841343,-0.008857665788192949,-0.013777267508610786,-0.008857665788192923,-0.08074659561350564,-0.03872697065292142,0.2100995962612969,0.17426294660460326,0.07045442261275074,0.01465725553535117,-0.012562452240076436,0.0187625261353477
IncX_PLASMID,-0.019886466523426648,-0.01632873845842699,-0.03211141579142195,0.05899247352515894,0.028978792907803513,-0.063375279771927,0.04233204334831347,0.19079544018111513,0.022949369391430677,-0.030833934797522045,1.0,-0.06367404189899256,-0.08140399946920214,-0.04593116084618944,-0.02348250216771313,-0.05215061347261786,-0.021728174111302376,-0.01982371970353952,-0.01982371970353952,-0.1644325381725168,-0.04528532781750502,-0.01982371970353952,-0.01982371970353952,-0.01982371970353952,0.14656987624203088,0.10301378554716503,-0.011272470920703725,-0.026657102541479176,-0.013575296846228366,0.02501154325875969,0.05899247352515917,0.04044585306161802,-0.0709708844138823,0.013502630373793964,0.23635520978831073,0.036794714151958986,-0.05076673643012604,0.033063031331885005,-0.025118191731552296,0.036794714151958986,-0.029504312838749668,0.05359714884104617,0.0804525826146964,-0.11211275962234855,0.003551547014708186,-0.039010363772621647,0.02511819173155207,0.03679471415195894,-0.09255700836669246,0.026657102541479363,0.08542392196824564,0.026933443731276728,-0.12099728229645307,0.051543050447338395,-0.15017344102773103,-0.02348250216771315,-0.0011347521292766783,0.05554035096513322,-0.08215621791685394,-0.033342759032201644,-0.02811514206466612,-0.0011347521292766922,-0.016707926622868925,-0.04459029853690255,-0.05537890935378466,-0.035961191164600864,-0.02172817411130238,-0.04295978473996998,-0.08604019239144832,-0.05415729312035038,-0.06704509628485579,0.09912194935641315,0.08486332881385304,-0.021728174111302376,-0.02511819173155232,0.05943496193988495,-0.03680551668602386,-0.02811514206466612,-0.0465413861655618,0.10301378554716488,-0.030833934797521997,0.16443253817251705,-0.07935313830948693,0.06080513777374198,-0.02348250216771314,-0.04100184680313607,-0.06380200592743412,-0.03408061362476825,-0.02811514206466612,0.012423201860323831
IncY_PLASMID,-0.01431702709077523,-0.06276436990206963,-0.029629687054898116,0.06755577603059215,0.028677425910743015,-0.08695280820733096,0.04252782590220919,0.035571869160298655,-0.03367612583254426,-0.028450936098736744,-0.06367404189899256,1.0,-0.11121011165461019,-0.058593538079077336,0.03411234861845762,0.019757080845912805,-0.020048913550682147,-0.018291644781255632,-0.018291644781255632,0.01829164478125597,-0.05242693149267448,-0.018291644781255632,-0.018291644781255632,-0.018291644781255632,0.16059588915597442,-0.01829164478125565,-0.006302296279185579,0.02465268536543102,0.010507133531959726,-0.0462355538364953,-0.025942265090117708,-0.030765866011268336,-0.023948696419448107,-0.04584693011974869,-0.021667658474316575,0.08297655042501473,-0.06289067537232952,0.001352376577029086,-0.023176933873767066,0.08297655042501473,-0.027224073888872147,-0.02722407388887217,0.03411234861845761,0.10333307828997766,-0.0307658660112683,0.036785402077679344,0.02317693387376775,-0.03186403582151823,0.034965779419949286,0.024596910059174533,0.011074486522423564,0.07484842643768007,0.08695422311721572,-0.05348732730765511,0.05664540470170529,-0.021667658474316617,-0.03292800790061548,-0.0643071194904659,0.00478545342488894,-0.030765866011268347,0.4415479405134317,-0.032928007900615515,0.06718593465716723,-0.0360701678616002,-0.065908800668364,-0.05412929487179964,-0.02004891355068216,-0.00858214044457482,0.06384683133142362,0.1501418797028179,0.16522656753534376,0.003641588140470713,0.010434063877253529,-0.02004891355068215,0.08123751822080587,0.008875635179001903,-0.03396100465903588,0.4415479405134317,0.016462827480637907,-0.018291644781255643,-0.028450936098736772,-0.01829164478125563,0.009399313352621052,-0.05359090784599071,-0.021667658474316592,-0.037833021668709305,0.01342093691715489,-0.03492114245810068,0.4415479405134317,0.038745813115265405
aac(3)_AMR,0.06703471637623841,0.10514747442207552,0.011579265763763549,0.013614747951621514,-0.09485076897933022,0.19997296682990737,-0.10648155692875212,-0.07437524838972456,0.029478200953859973,0.06036613898316722,-0.08140399946920214,-0.11121011165461019,1.0,0.3379717696059973,-0.010198833198669648,0.1760287316453083,0.08619882911094602,0.10519894736619377,0.10519894736619377,0.022266809785572262,0.004728378432681103,0.10519894736619377,0.10519894736619377,0.10519894736619377,-0.05933380206489597,-0.05413324907351311,0.06945644538229724,-0.02518111755337532,-0.005060940936184241,0.006076513996953578,-0.054177483860117906,-0.014481303368957671,0.20750296445801392,-0.2328507006276624,-0.010198833198669682,-0.020284997590460152,0.3253859106540239,0.1882624568631548,0.007116319238899003,-0.020284997590460152,0.07033860785601867,0.07033860785601882,-0.03716161677479332,0.2557616968436489,-0.03362350527732542,0.172093300355456,-0.007116319238897669,0.01672254966651571,0.035796260579109514,-0.02243114540086541,-0.011883612219814006,-0.004738255266984566,0.26279909266348933,-0.14692954110805076,0.05726139695188082,0.016763950377453946,-0.025742742274542985,0.006055535048807886,0.03526398302191328,0.08122970617288101,-0.05417748386011785,-0.04366927336951263,0.06878168495414279,0.17071350117647974,0.16763388941843785,-0.0012412301242070015,-0.03022727582972753,0.09286320050591146,0.26572479368260193,0.06975431534018048,0.12627016525290916,-0.04175313351513685,-0.013860094167805011,0.11530535534611448,-0.06859102880866509,-0.004340605531403421,0.1431126201993542,-0.05417748386011785,0.17621135907237745,-0.022266809785571703,0.06036613898316717,-0.054133249073513044,0.03241649142509773,0.15068875671056536,-0.06412440035091685,-0.06488639528592927,0.15874197751121544,0.21402580518239178,-0.05417748386011785,-0.00806139422083815
aac(6')-Ib-cr_AMR,-0.004560455847956898,-0.03165516350207283,-0.010977218058274427,0.031154235458426594,0.14410568795694928,0.47503392269906985,-0.3130623424688889,-0.038056892649116006,0.032683548074079555,-0.005460124307616906,-0.04593116084618944,-0.058593538079077336,0.3379717696059973,1.0,0.0030271921693889436,0.13039576464995611,-0.05038854816564886,-0.04597203842289396,-0.04597203842289396,0.04597203842289454,0.07285930634321006,-0.04597203842289396,-0.04597203842289396,-0.04597203842289396,-0.050388548165648826,-0.045972038422893984,-0.1918454697728762,-0.0364418485050104,-0.26202668033789633,-0.005410987947972597,-0.04111158742193428,-0.05691786767004536,0.6962039177979901,-0.22861187490220503,-0.05445690859556747,0.057990561231011886,0.9605076929268026,-0.30582829525627475,-0.05825014137938827,0.057990561231011886,0.04648201915845043,0.13840502681110853,-0.025714858213089276,0.32625811372165137,-0.016107086384905264,0.14987565842381698,-0.04935419928588192,0.07771539388393314,0.0878788197673495,-0.039689426486923536,0.32033538939940415,0.22621273210516957,0.28880062906941,-0.13442866923838406,0.1483872234763534,0.0030271921693889674,-0.02542883374586795,0.25856974232950614,0.13408563641365492,0.024703694900234965,-0.04111158742193422,-0.02542883374586798,0.14905226258671433,-0.1163158276033778,0.15904373262377555,0.0736031016572484,0.011665967915617456,-0.06761923003689763,0.42170826536500744,-0.0740362486231313,-0.08101701898956162,0.3471709330291535,0.31925755325753463,-0.05038854816564877,-0.058250141379388186,0.13783217250977262,-0.08535353871868186,-0.04111158742193422,0.13777235091942397,-0.012002741412504495,0.03856991919581437,0.055935852608274335,0.13083983274267091,-0.1024370273447351,-0.05445690859556742,-0.09508500447102428,0.11233022650541266,0.2219143963578416,-0.04111158742193422,0.03196583041340637
aac(6')_AMR,0.13246826732759184,-0.023147022056782793,-0.010927203138745862,0.4731718161962424,-0.0016473114665575739,0.08522333076508216,-0.0005136260596101068,-0.02370194518637285,0.03735244168674689,-0.010492488755023153,-0.02348250216771313,0.03411234861845762,-0.010198833198669648,0.0030271921693889436,1.0,0.025721127966116135,-0.007393886768818989,-0.006745819417404843,-0.006745819417404843,0.006745819417404706,-0.014860728118933603,-0.006745819417404843,-0.006745819417404843,-0.006745819417404843,-0.0073938867688189925,-0.006745819417404847,0.021175413318230838,-0.00907115327624184,0.0280842549873037,-0.017051320456666283,0.11111747156774847,-0.011346217292868447,-0.04614665044840147,0.0052758986437577825,-0.007990867579908682,0.28471512687755984,0.05809217261831052,-0.0545503647075351,-0.008547476863413775,0.28471512687755984,-0.01004003130700483,-0.010040031307004826,0.13600782778864995,0.02393416321305683,-0.011346217292868424,0.021011132113282645,0.008547476863413226,-0.011751213963106825,-0.07747302257935944,0.009071153276241877,0.017230006150067614,-0.0059385576356935825,0.018454549457599567,0.04096351471732347,-0.047598039371846285,-0.00799086757990866,-0.01214359877030064,0.005668318018366246,-0.06289709772324871,-0.011346217292868466,-0.009567309975082879,-0.012143598770300624,-0.024833846669010118,0.2533496340344064,0.004994065476852384,-0.015514613684645765,-0.0073938867688189865,-0.014618797803859128,-0.0006063210075942058,-0.01842920122907686,-0.022814795564295904,-0.007067365805073232,0.017017720316698976,-0.007393886768818986,0.1262279172507713,-0.09843797719190438,-0.012524560114914617,-0.009567309975082879,-0.0013180428230927907,-0.0067458194174048365,0.09980355375313688,-0.006745819417404843,-0.04812057671145088,-0.012466599158090836,-0.007990867579908674,-0.01395253052658274,0.01626216229662936,0.00903242619115016,-0.009567309975082879,-0.06764154816687601
aadA_AMR,-0.0723407552582879,0.15490824517123117,-0.008264342985843175,0.04933563874868263,0.15396252471078586,-0.002792860735646051,0.060855390844499625,0.026137248925031432,-0.04929060778295222,0.002708906908733019,-0.05215061347261786,0.019757080845912805,0.1760287316453083,0.13039576464995611,0.025721127966116135,1.0,0.015839326323919618,0.03478609041702461,0.03478609041702461,-0.03478609041702455,0.09892383874634118,0.03478609041702461,0.03478609041702461,0.03478609041702461,-0.01202148073588326,0.06528869005777219,0.3601433354906513,-0.026142124904790415,0.3154037750290578,-0.0588123125704076,-0.0804459968474053,-0.018447446772727676,0.1657349275233665,0.1298461808290181,0.051529941595753255,0.06059735165393682,0.1414345872314241,0.03069206634470481,-0.038052791455400255,0.06059735165393682,-0.026641500244467067,0.07653588886020138,0.07733875522539027,-0.018246363671653446,-0.12838509919332472,0.8848130537467902,-0.03441438652113102,0.07830918929393227,0.020965746729840258,0.02614212490479119,0.13011218344385417,0.12059887418028009,0.026344740694069155,-0.2115468713846147,0.13128939799712586,-8.768566352088092e-05,-0.12269968520442176,0.03115981895896319,0.13010364090713508,0.0914902056478697,-0.015555179049361306,-0.13985898549512565,0.1336495753271448,0.13233027906235792,0.824736494568221,0.09993371780502447,-0.012021480735883262,-0.002213268870633641,0.0412204777501316,-0.01838963572468254,0.04887429348801312,0.09477995939073053,0.13821404086082067,0.07156094044352525,0.08272583850548529,-0.0043354785409942115,0.0545913119020686,-0.015555179049361306,0.9537426888463164,-0.056721708505217995,-0.01705939722689717,-0.0262191088644704,0.12774057615119985,0.11150137871553896,-0.07751412655243191,-0.10530179631536606,0.8597655149395469,0.4532129729641342,-0.015555179049361306,0.06728548285072286
aap_VIR,-0.014689967273001935,-0.0927833398005302,-0.010110854910286661,-0.008852556487835523,-0.13347598230271338,-0.05212597004399477,0.051980921928354136,-0.021931223006300585,-0.01916726185685522,-0.009708617118472408,-0.021728174111302376,-0.020048913550682147,0.08619882911094602,-0.05038854816564886,-0.007393886768818989,0.015839326323919618,1.0,0.912350922907404,0.912350922907404,0.006241853520461184,0.05869402217799912,0.912350922907404,0.912350922907404,0.912350922907404,-0.006841505131128843,-0.006241853520461163,-0.026914648836756844,-0.008393466606275558,-0.021926421986721917,-0.015777452379817553,-0.008852556487835528,-0.010498565403438182,-0.06686793528456594,-0.031039777332712952,-0.007393886768819001,-0.010873305629270517,-0.05154609232773282,0.09214720083723142,-0.007908912950338711,-0.010873305629270517,0.2392868950843754,-0.009289961809158117,-0.007393886768818993,0.03234692699186375,-0.010498565403438184,0.011404549583819831,0.007908912950338857,-0.010873305629270523,0.011931746760779597,0.008393466606275416,-0.15434933875920215,-0.18050474956816234,0.129744276528505,-0.018252052576347176,-0.09949242223745854,-0.007393886768818991,-0.011236376197664186,-0.03704923701215163,0.02556546346062357,0.32058119356927306,-0.008852556487835523,-0.011236376197664185,-0.19129739947282687,-0.02464516043215392,0.020436147665261743,0.057666895748681245,-0.006841505131128844,0.1595753608017219,0.09938491795457012,0.2617858355390281,0.2665507522032583,-0.1427250063583209,-0.15485533118809677,-0.006841505131128843,-0.007908912950338695,0.01871416323328598,-0.011588876726199408,-0.008852556487835523,0.014734268335231523,-0.0062418535204611485,-0.009708617118472412,-0.006241853520461148,-0.05690081722966386,-0.08243284780114371,-0.007393886768818978,0.1680370876409057,0.03540068536217795,-0.05865968833757958,-0.008852556487835523,0.013221648074233277
aar_VIR,-0.013402405199002909,-0.08465096569744508,-0.00922464780878292,-0.008076638081766674,-0.1217769356398532,-0.04755717687708235,0.0474248420949117,-0.020008971550286473,-0.017487269044709774,-0.008857665788192937,-0.01982371970353952,-0.018291644781255632,0.10519894736619377,-0.04597203842289396,-0.006745819417404843,0.03478609041702461,0.912350922907404,1.0,1.0,0.00569476082004567,0.0720561004902377,1.0,1.0,1.0,-0.0062418535204611545,-0.005694760820045565,-0.01915520646052706,-0.007657787004627998,-0.01444110971379324,-0.01439457323985417,-0.00807663808176668,-0.009578375835030583,-0.06100702246978647,-0.028319169496340953,-0.006745819417404849,-0.009920270425919253,-0.047028124907477376,0.08407058372718218,-0.007215704029435844,-0.009920270425919253,0.2636714845299249,-0.008475705230359948,-0.006745819417404848,0.04254118574275461,-0.00957837583503056,0.03093583855954641,0.007215704029436157,-0.00992027042591924,0.010885940169094683,0.007657787004627824,-0.14082076166710575,-0.2032248052312145,0.1496571802657507,-0.01665227701298484,-0.0671632613153473,-0.006745819417404844,-0.010251518194073715,-0.006790971076012181,0.02332467418285542,0.3528947325506264,-0.008076638081766679,-0.010251518194073718,-0.21361984709087792,-0.022485034865476723,0.03884552765013363,0.07101117404356802,-0.006241853520461154,0.17717468508642034,0.11842611322707919,0.2897202119790157,0.2956773992733801,-0.13021529127297904,-0.14128240432659206,-0.006241853520461147,-0.007215704029435845,0.017073884097328275,-0.010573122376608195,-0.008076638081766679,0.03382052801148037,-0.005694760820045556,-0.008857665788192947,-0.005694760820045561,-0.06772028279621081,-0.07520768476925915,-0.006745819417404841,0.1863262708525375,0.05829511300295409,-0.04848288899048713,-0.008076638081766679,0.01206278282288362
aatA_VIR,-0.013402405199002909,-0.08465096569744508,-0.00922464780878292,-0.008076638081766674,-0.1217769356398532,-0.04755717687708235,0.0474248420949117,-0.020008971550286473,-0.017487269044709774,-0.008857665788192937,-0.01982371970353952,-0.018291644781255632,0.10519894736619377,-0.04597203842289396,-0.006745819417404843,0.03478609041702461,0.912350922907404,1.0,1.0,0.00569476082004567,0.0720561004902377,1.0,1.0,1.0,-0.0062418535204611545,-0.005694760820045565,-0.01915520646052706,-0.007657787004627998,-0.01444110971379324,-0.01439457323985417,-0.00807663808176668,-0.009578375835030583,-0.06100702246978647,-0.028319169496340953,-0.006745819417404849,-0.009920270425919253,-0.047028124907477376,0.08407058372718218,-0.007215704029435844,-0.009920270425919253,0.2636714845299249,-0.008475705230359948,-0.006745819417404848,0.04254118574275461,-0.00957837583503056,0.03093583855954641,0.007215704029436157,-0.00992027042591924,0.010885940169094683,0.007657787004627824,-0.14082076166710575,-0.2032248052312145,0.1496571802657507,-0.01665227701298484,-0.0671632613153473,-0.006745819417404844,-0.010251518194073715,-0.006790971076012181,0.02332467418285542,0.3528947325506264,-0.008076638081766679,-0.010251518194073718,-0.21361984709087792,-0.022485034865476723,0.03884552765013363,0.07101117404356802,-0.006241853520461154,0.17717468508642034,0.11842611322707919,0.2897202119790157,0.2956773992733801,-0.13021529127297904,-0.14128240432659206,-0.006241853520461147,-0.007215704029435845,0.017073884097328275,-0.010573122376608195,-0.008076638081766679,0.03382052801148037,-0.005694760820045556,-0.008857665788192947,-0.005694760820045561,-0.06772028279621081,-0.07520768476925915,-0.006745819417404841,0.1863262708525375,0.05829511300295409,-0.04848288899048713,-0.008076638081766679,0.01206278282288362
acrF_AMR,0.013402405199002675,-0.036888550905553,0.009224647808782861,-0.27719021896623186,-0.01305570908740725,0.04755717687708305,-0.047424842094912475,-0.16276263409353753,0.017487269044709666,0.008857665788192646,-0.1644325381725168,0.01829164478125597,0.022266809785572262,0.04597203842289454,0.006745819417404706,-0.03478609041702455,0.006241853520461184,0.00569476082004567,0.00569476082004567,1.0,0.001970120257731099,0.005694760820045642,0.005694760820045642,0.005694760820045642,0.006241853520461395,-0.5977220956719825,0.019155206460527062,0.0076577870046278295,0.014441109713793174,-0.06760806012008912,-0.13455679044223268,0.00957837583503055,0.06100702246978695,-0.10932758278954396,0.0067458194174046405,0.00992027042591923,0.04702812490747798,0.00701447815147044,0.007215704029435573,0.00992027042591923,0.008475705230359842,-0.2636714845299249,-0.5038163416313224,0.03563543654830185,0.009578375835030429,-0.00013950772743863017,-0.007215704029435386,0.009920270425919465,0.30952356547459303,-0.007657787004628166,-0.004187672795930913,-0.02802197700997374,0.038052038732343633,0.016652277012984724,0.11438074518593007,0.006745819417404678,0.010251518194073548,0.12834017634869063,0.1371612009090513,0.00957837583503076,0.008076638081767356,0.010251518194073515,-0.02091708170146912,-0.0878165528357233,0.05205712495163671,0.002583739900645376,0.006241853520460959,0.012341059227703424,0.0480870364218244,0.015557767946367021,0.01926004772106453,-0.008943682638113447,-0.003989634125088153,0.006241853520461328,0.00721570402943599,-0.01707388409732825,0.0105731223766082,0.008076638081767356,-0.003253970965280519,0.005694760820045522,0.00885766578819293,0.005694760820045747,0.11514059184383524,-0.04553483459666043,0.0067458194174047905,0.011778602311569098,0.004098323095965217,0.048482888990487374,0.008076638081767356,-0.012062782822883922
afaC_VIR,-0.043351698004265214,0.09148795956444498,0.029092498943282644,-0.029041201537857386,-0.3311840382632991,-0.22703324562929453,0.18901997616852717,-0.024859870114610966,-0.04393595634086573,0.011328267437667258,-0.04528532781750502,-0.05242693149267448,0.004728378432681103,0.07285930634321006,-0.014860728118933603,0.09892383874634118,0.05869402217799912,0.0720561004902377,0.0720561004902377,0.001970120257731099,1.0,0.0720561004902377,0.0720561004902377,0.0720561004902377,-0.04272832925678218,-0.03898323063171683,-0.19194473614976354,0.002880965085937363,-0.1615112226961968,0.05236188294693752,-0.0552882649543652,-0.06556834361504783,0.025476454187715002,-0.16852818174442183,-0.04617820527649524,0.018060324614125503,0.10500424380297795,0.09501208705120946,0.038539878269221325,0.018060324614125503,0.09221956954393463,0.1673393849565677,-0.04617820527649518,-0.20797609888238333,-0.06556834361504786,0.08822783137618903,0.04939477938380689,-0.06790876775392204,0.054865552403642236,0.02477003677148321,-0.3702608629469385,-0.37839346074958835,-0.22594172727623443,0.08399205301337469,-0.09135591416793118,0.01645674903862809,-0.07017630954369362,-0.007717484395627926,0.051383178239222976,0.00113309349565173,-0.05528826495436507,-0.07017630954369361,-0.1265563422144599,0.15054122635669803,0.12763309088353317,0.9898945112734238,0.024886571699738732,-0.049605933904424464,-0.26176668221551774,-0.07841174205315311,-0.06229895007303962,-0.33441542489534976,-0.37234171908842356,-0.008920878778521747,0.009228325718211472,0.06526374434866769,-0.07237783659918208,-0.05528826495436507,0.0863974611438883,-0.03898323063171675,-0.03664708099139848,-0.03898323063171678,0.054758459978745774,0.012864480406133394,-0.04617820527649527,-0.04417510921671994,0.0660933414149907,0.050608800165690034,-0.05528826495436507,0.04693793001548794
agg3DCB_VIR,-0.013402405199002909,-0.08465096569744508,-0.00922464780878292,-0.008076638081766674,-0.1217769356398532,-0.04755717687708235,0.0474248420949117,-0.020008971550286473,-0.017487269044709774,-0.008857665788192937,-0.01982371970353952,-0.018291644781255632,0.10519894736619377,-0.04597203842289396,-0.006745819417404843,0.03478609041702461,0.912350922907404,1.0,1.0,0.005694760820045642,0.0720561004902377,1.0,1.0,1.0,-0.0062418535204611545,-0.005694760820045565,-0.01915520646052706,-0.007657787004627998,-0.01444110971379324,-0.01439457323985417,-0.00807663808176668,-0.009578375835030583,-0.06100702246978647,-0.028319169496340953,-0.006745819417404849,-0.009920270425919253,-0.047028124907477376,0.08407058372718218,-0.007215704029435844,-0.009920270425919253,0.2636714845299249,-0.008475705230359948,-0.006745819417404848,0.04254118574275461,-0.00957837583503056,0.03093583855954641,0.007215704029436157,-0.00992027042591924,0.010885940169094683,0.007657787004627824,-0.14082076166710575,-0.2032248052312145,0.1496571802657507,-0.01665227701298484,-0.0671632613153473,-0.006745819417404844,-0.010251518194073715,-0.006790971076012181,0.02332467418285542,0.3528947325506264,-0.008076638081766679,-0.010251518194073718,-0.21361984709087792,-0.022485034865476723,0.03884552765013363,0.07101117404356802,-0.006241853520461154,0.17717468508642034,0.11842611322707919,0.2897202119790157,0.2956773992733801,-0.13021529127297904,-0.14128240432659206,-0.006241853520461147,-0.007215704029435845,0.017073884097328275,-0.010573122376608195,-0.008076638081766679,0.03382052801148037,-0.005694760820045556,-0.008857665788192947,-0.005694760820045561,-0.06772028279621081,-0.07520768476925915,-0.006745819417404841,0.1863262708525375,0.05829511300295409,-0.04848288899048713,-0.008076638081766679,0.01206278282288362
agg5A_VIR,-0.013402405199002909,-0.08465096569744508,-0.00922464780878292,-0.008076638081766674,-0.1217769356398532,-0.04755717687708235,0.0474248420949117,-0.020008971550286473,-0.017487269044709774,-0.008857665788192937,-0.01982371970353952,-0.018291644781255632,0.10519894736619377,-0.04597203842289396,-0.006745819417404843,0.03478609041702461,0.912350922907404,1.0,1.0,0.005694760820045642,0.0720561004902377,1.0,1.0,1.0,-0.0062418535204611545,-0.005694760820045565,-0.01915520646052706,-0.007657787004627998,-0.01444110971379324,-0.01439457323985417,-0.00807663808176668,-0.009578375835030583,-0.06100702246978647,-0.028319169496340953,-0.006745819417404849,-0.009920270425919253,-0.047028124907477376,0.08407058372718218,-0.007215704029435844,-0.009920270425919253,0.2636714845299249,-0.008475705230359948,-0.006745819417404848,0.04254118574275461,-0.00957837583503056,0.03093583855954641,0.007215704029436157,-0.00992027042591924,0.010885940169094683,0.007657787004627824,-0.14082076166710575,-0.2032248052312145,0.1496571802657507,-0.01665227701298484,-0.0671632613153473,-0.006745819417404844,-0.010251518194073715,-0.006790971076012181,0.02332467418285542,0.3528947325506264,-0.008076638081766679,-0.010251518194073718,-0.21361984709087792,-0.022485034865476723,0.03884552765013363,0.07101117404356802,-0.006241853520461154,0.17717468508642034,0.11842611322707919,0.2897202119790157,0.2956773992733801,-0.13021529127297904,-0.14128240432659206,-0.006241853520461147,-0.007215704029435845,0.017073884097328275,-0.010573122376608195,-0.008076638081766679,0.03382052801148037,-0.005694760820045556,-0.008857665788192947,-0.005694760820045561,-0.06772028279621081,-0.07520768476925915,-0.006745819417404841,0.1863262708525375,0.05829511300295409,-0.04848288899048713,-0.008076638081766679,0.01206278282288362
aggR_VIR,-0.013402405199002909,-0.08465096569744508,-0.00922464780878292,-0.008076638081766674,-0.1217769356398532,-0.04755717687708235,0.0474248420949117,-0.020008971550286473,-0.017487269044709774,-0.008857665788192937,-0.01982371970353952,-0.018291644781255632,0.10519894736619377,-0.04597203842289396,-0.006745819417404843,0.03478609041702461,0.912350922907404,1.0,1.0,0.005694760820045642,0.0720561004902377,1.0,1.0,1.0,-0.0062418535204611545,-0.005694760820045565,-0.01915520646052706,-0.007657787004627998,-0.01444110971379324,-0.01439457323985417,-0.00807663808176668,-0.009578375835030583,-0.06100702246978647,-0.028319169496340953,-0.006745819417404849,-0.009920270425919253,-0.047028124907477376,0.08407058372718218,-0.007215704029435844,-0.009920270425919253,0.2636714845299249,-0.008475705230359948,-0.006745819417404848,0.04254118574275461,-0.00957837583503056,0.03093583855954641,0.007215704029436157,-0.00992027042591924,0.010885940169094683,0.007657787004627824,-0.14082076166710575,-0.2032248052312145,0.1496571802657507,-0.01665227701298484,-0.0671632613153473,-0.006745819417404844,-0.010251518194073715,-0.006790971076012181,0.02332467418285542,0.3528947325506264,-0.008076638081766679,-0.010251518194073718,-0.21361984709087792,-0.022485034865476723,0.03884552765013363,0.07101117404356802,-0.006241853520461154,0.17717468508642034,0.11842611322707919,0.2897202119790157,0.2956773992733801,-0.13021529127297904,-0.14128240432659206,-0.006241853520461147,-0.007215704029435845,0.017073884097328275,-0.010573122376608195,-0.008076638081766679,0.03382052801148037,-0.005694760820045556,-0.008857665788192947,-0.005694760820045561,-0.06772028279621081,-0.07520768476925915,-0.006745819417404841,0.1863262708525375,0.05829511300295409,-0.04848288899048713,-0.008076638081766679,0.01206278282288362
ampC-T32A_AMR,-0.01468996727300194,-0.06503005760409793,-0.010110854910286661,-0.008852556487835523,0.05125645088427085,-0.021563399294428097,0.02138148588652962,0.14501075901579796,-0.019167261856855234,-0.009708617118472427,0.14656987624203088,0.16059588915597442,-0.05933380206489597,-0.050388548165648826,-0.0073938867688189925,-0.01202148073588326,-0.006841505131128843,-0.0062418535204611545,-0.0062418535204611545,0.006241853520461395,-0.04272832925678218,-0.0062418535204611545,-0.0062418535204611545,-0.0062418535204611545,1.0,-0.006241853520461172,0.03227746803212552,-0.008393466606275563,0.03905320199524805,-0.01577745237981757,-0.00885255648783554,-0.010498565403438187,-0.06686793528456592,-0.031039777332713,0.4589491144359794,-0.01087330562927052,-0.05154609232773284,-0.01878119499000153,-0.00790891295033869,-0.01087330562927052,-0.009289961809158087,-0.00928996180915811,-0.007393886768818998,-0.03905891434267542,-0.010498565403438184,-0.016724548970685524,0.007908912950339166,-0.01087330562927053,0.011931746760779675,0.008393466606275976,0.04432481011014987,0.030714033719258012,-0.041707678237538015,-0.018252052576347176,0.02989168503157812,-0.007393886768818993,-0.011236376197664195,0.03696541520895686,0.025565463460623546,-0.01049856540343819,0.38198781245010305,-0.011236376197664186,0.0229265748258492,-0.024645160432153944,-0.007240414280177129,-0.04316452790693372,-0.0068415051311288486,-0.01352665834805749,-0.0527067329187148,-0.017052394594822103,-0.021110350455599072,0.04793487354243155,0.04417997803910758,-0.00684150513112885,-0.007908912950338706,0.018714163233285983,-0.011588876726199415,0.38198781245010305,-0.013184956857921802,-0.006241853520461149,-0.009708617118472422,-0.006241853520461153,0.029725771759634655,0.00028102107204928777,-0.00739388676881898,-0.012910166489484223,-0.021588932094163196,-0.0034689533326965117,0.38198781245010305,0.013221648074233374
ant(2'')-Ia_AMR,-0.013402405199002878,-0.02388120739594588,-0.00922464780878291,0.4198236474902321,0.013055709087407425,-0.047557176877082365,0.013923933639066176,0.10183876554559593,-0.01748726904470975,-0.008857665788192954,0.10301378554716503,-0.01829164478125565,-0.05413324907351311,-0.045972038422893984,-0.006745819417404847,0.06528869005777219,-0.006241853520461163,-0.005694760820045565,-0.005694760820045565,-0.5977220956719825,-0.03898323063171683,-0.005694760820045565,-0.005694760820045565,-0.005694760820045565,-0.006241853520461172,1.0,-0.01915520646052705,0.142605011330628,-0.014441109713793369,-0.014394573239854186,0.1345567904422328,-0.009578375835030569,-0.0610070224697865,0.06344533202758224,-0.006745819417404859,-0.00992027042591924,-0.047028124907477445,0.023347209141413718,-0.007215704029435864,-0.00992027042591924,-0.008475705230359946,0.2636714845299251,0.8441911156638063,-0.0356354365483012,-0.009578375835030581,0.03093583855954652,0.007215704029435068,-0.00992027042591925,-0.20272039692669713,0.007657787004628472,0.004187672795931407,-0.018227379438263618,-0.03805203873234293,-0.016652277012984818,-0.11438074518592967,-0.006745819417404844,-0.01025151819407372,-0.04730737283357155,-0.08366590921174885,0.1112459936268551,-0.008076638081766684,-0.010251518194073725,-0.03771715049661761,0.1981181405369226,-0.052057124951636856,-0.039381196872753474,-0.006241853520461156,-0.012341059227703427,-0.04808703642182372,-0.015557767946367195,-0.019260047721064592,0.00894368263811374,0.003989634125088692,-0.006241853520461155,-0.0072157040294358425,0.017073884097328195,-0.010573122376608204,-0.008076638081766684,0.03382052801148048,-0.005694760820045565,-0.008857665788192947,-0.005694760820045562,-0.11514059184383511,-0.014836425086299305,-0.006745819417404844,0.08727383427048421,0.02709839495349451,-0.048482888990487215,-0.008076638081766684,0.01206278282288388
aph(3'')-Ib_AMR,0.03400110960380649,0.12447191827520679,-0.002766321564696698,0.01878791861003625,0.11928608321777567,-0.010115228620077812,0.19190165499960826,-0.004490440937078016,-0.014598857809750034,0.12980231115356405,-0.011272470920703725,-0.006302296279185579,0.06945644538229724,-0.1918454697728762,0.021175413318230838,0.3601433354906513,-0.026914648836756844,-0.01915520646052706,-0.01915520646052706,0.019155206460527062,-0.19194473614976354,-0.01915520646052706,-0.01915520646052706,-0.01915520646052706,0.03227746803212552,-0.01915520646052705,1.0,0.07590922878164175,0.9275451769902373,0.06783119464015214,0.018787918610036213,0.03006692807412195,-0.2489696861138758,0.4236190266977322,0.07600793519505723,0.023076586008290143,-0.18743636272578038,0.10083536641682266,-0.06532747633797842,0.023076586008290143,0.07671008938467382,-0.032893484930321314,-0.0062408476201824,-0.12112467055328284,0.04953107579365983,0.3951760529820032,-0.011653166375235426,-0.08981330565553385,0.0469397841440348,0.0693298806748909,0.08580129477518512,0.1791921630815354,-0.13887991771610736,-0.10454253851132775,-0.026928487768295935,0.04859167425664414,0.05301198589574108,-0.1319734440155653,0.04743205928862219,0.030066928074121972,0.04176538693782289,0.05301198589574109,0.0571339133070356,-0.01699423301179618,0.4356470093333669,-0.19648572490598917,0.002681409597684423,0.10197972745356913,-0.15638329238220125,0.08045132041211295,0.0691554851879531,0.0316526988394999,0.08409540251815797,0.09146958490100794,0.08863380908844934,-0.08264322218490056,0.09891003117495335,0.04176538693782289,0.37119281553255584,-0.019155206460527048,0.02480465564916955,0.01324718301197365,0.001081420365445419,0.2381641445599669,0.021175413318230814,-0.010896891490390685,0.5177243700549139,0.5480844846746739,0.04176538693782289,0.01561665238350045
aph(3')-Ia_AMR,0.1129546639592846,-0.04573282685271469,-0.01240445215253181,0.20225064784274893,-0.06302631578535614,0.08603166522402102,-0.08639052878779256,-0.0269062120702954,0.02775381310249268,0.18285542711715078,-0.026657102541479176,0.02465268536543102,-0.02518111755337532,-0.0364418485050104,-0.00907115327624184,-0.026142124904790415,-0.008393466606275558,-0.007657787004627998,-0.007657787004627998,0.0076577870046278295,0.002880965085937363,-0.007657787004627998,-0.007657787004627998,-0.007657787004627998,-0.008393466606275563,0.142605011330628,0.07590922878164175,1.0,0.08531850147087285,0.10316523057939617,-0.010860714979622568,-0.012880112846311461,-0.012850049177764007,-0.038080996727304674,-0.009071153276241825,0.0739127114959329,-0.06323906747774903,0.09036834393824754,-0.009703010590252232,0.0739127114959329,0.09025775075641979,-0.011397343526639743,0.11806897915108445,-0.047919235157911924,0.16764591323770467,0.060005008264339445,0.009703010590251523,-0.013339861032019958,0.014638404279705027,0.01029748283752848,-0.08103276745382453,-0.10052275525057007,-0.05116885799284633,0.031191637419680816,-0.13969892315809654,0.11806897915108445,0.15527600140370454,-0.01518550295496421,-0.04856348751919928,0.07738290019569662,0.09569496643156321,0.1552760014037046,-0.10328245518046601,0.09336700810044313,0.0024354178931241897,0.0020236050208877554,-0.00839346660627555,-0.0165951136428054,-0.03978394204723437,0.036094570742626036,-0.02589912865659271,-0.07114140899909521,-0.0814566138456768,-0.008393466606275568,-0.00970301059025224,-0.08181132459549179,-0.014217755879918371,0.09569496643156321,-0.004758377923802281,-0.007657787004627995,-0.011910968714506842,-0.0076577870046279865,-0.10523428535877208,-0.07858186356245567,-0.009071153276241839,0.1321573866256817,0.07838986972305742,0.029599371451398095,0.09569496643156321,-0.05611780612246499
aph(6)-Id_AMR,0.047483713587856954,0.07075135921105546,-0.035870552464003835,0.026861487845037068,0.0906156524463801,-0.0828372717306632,0.15918122919033975,0.01396974003389902,-0.044345246244644684,0.14195420277808757,-0.013575296846228366,0.010507133531959726,-0.005060940936184241,-0.26202668033789633,0.0280842549873037,0.3154037750290578,-0.021926421986721917,-0.01444110971379324,-0.01444110971379324,0.014441109713793174,-0.1615112226961968,-0.01444110971379324,-0.01444110971379324,-0.01444110971379324,0.03905320199524805,-0.014441109713793369,0.9275451769902373,0.08531850147087285,1.0,0.08325750655470864,0.026861487845037203,-0.020279022520232053,-0.29713196777166756,0.4551161075921354,0.0845726311918352,0.03299308707008725,-0.2554146237270407,0.11644606212864655,-0.06059418560223568,0.03299308707008725,0.08690369737232394,-0.026009729319497757,-0.00015993311496192262,-0.09166385184650609,0.05992871268856923,0.3599594429540057,0.03415907399809797,-0.08330589849034016,0.038240198538357216,0.06430659644130374,0.050808741382370966,0.15856062848682792,-0.10770935575960287,-0.09222338974070589,-0.03741488925372758,0.05632844308956941,0.06414034060215222,-0.16057823800695895,0.03606516785851647,0.03987677888636901,0.05053283891007483,0.0641403406021522,0.039419508401571664,-0.014916041510251402,0.3845400872680245,-0.16581948321461557,0.008563390004262962,0.11652879119650847,-0.1164150548260284,0.09733978091811786,0.08914362605284645,-0.008036077762152228,0.04917413901327511,0.10003282597721798,0.09801648402258896,-0.10100691105736427,0.11172332336527332,0.05053283891007483,0.32763547276412336,-0.014441109713793244,0.0337857862669974,0.018939780017304782,-0.008351125151525939,0.1900125760622189,0.028084254987303776,-0.00027925274025657475,0.4791809500187282,0.5224514701519061,0.05053283891007483,0.004877433339801071
astA_VIR,0.00186182313680813,-0.040543969675281406,-0.02331702290778977,-0.020415213575002353,-0.14290363059974392,0.04348929375639557,-0.030363217877267812,0.17296685055320452,0.01175560538414798,0.13704483924912006,0.02501154325875969,-0.0462355538364953,0.006076513996953578,-0.005410987947972597,-0.017051320456666283,-0.0588123125704076,-0.015777452379817553,-0.01439457323985417,-0.01439457323985417,-0.06760806012008912,0.05236188294693752,-0.01439457323985417,-0.01439457323985417,-0.01439457323985417,-0.01577745237981757,-0.014394573239854186,0.06783119464015214,0.10316523057939617,0.08325750655470864,1.0,0.2703369410496285,-0.024211136662820206,0.009407190726734814,-0.015464592710167124,-0.017051320456666307,-0.02507533919640748,0.004502153718177718,0.002074715400110616,-0.018239041710621712,-0.02507533919640748,0.03405211231692974,-0.021423930442939183,-0.017051320456666293,-0.026331349088994756,0.12356605462706635,-0.032291411044553305,0.018239041710622544,0.02254084254644801,0.02751625011135242,0.019356489126866945,-0.14903536518963525,-0.04230201761635469,-0.03496168929026626,0.19184695483808756,-0.1813178055986707,0.05233262407437674,0.15861037168945652,-0.09645276673478761,-0.15913825938935272,-0.024211136662820227,-0.020415213575002398,0.11247962129361,-0.13836556975229905,0.010618391539560788,-0.04758092118307651,0.0504767483230299,-0.01577745237981758,-0.0311943357278935,0.014222998896806274,-0.03932516873480335,-0.02300391181183371,-0.13057476782311858,-0.14982611153298792,-0.01577745237981756,-0.018239041710621698,-0.15695967689684498,-0.026725544624859227,-0.020415213575002398,-0.0615606358489751,-0.014394573239854163,-0.022389407202754823,-0.014394573239854158,-0.2021082507416987,-0.04242440913872893,0.19110051313646273,0.2932900403747569,0.007446811542000032,-0.01415846913570867,-0.020415213575002398,0.030490940060071636
blaCMY_AMR,-0.019008063663799056,-0.05541649861943655,0.0757803404211713,0.19083619702176396,-0.10100078416708994,-0.043720491058657926,0.019747725362129043,0.10123073678090522,-0.024801453050573016,-0.01256245224007645,0.05899247352515917,-0.025942265090117708,-0.054177483860117906,-0.04111158742193428,0.11111747156774847,-0.0804459968474053,-0.008852556487835528,-0.00807663808176668,-0.00807663808176668,-0.13455679044223268,-0.0552882649543652,-0.00807663808176668,-0.00807663808176668,-0.00807663808176668,-0.00885255648783554,0.1345567904422328,0.018787918610036213,-0.010860714979622568,0.026861487845037203,0.2703369410496285,1.0,-0.013584604775387695,-0.0646324423261235,0.024908974312627903,-0.009567309975082896,0.0687529537025984,-0.042854138655589985,-0.0960697276466667,-0.010233727419377838,0.0687529537025984,-0.012020733758016978,0.08447297449951953,0.11111747156774841,-0.0228215822961274,-0.013584604775387704,-0.08715640551282516,0.010233727419378412,-0.014069499393437587,-0.06029813737556587,0.010860714979622476,-0.09689046157319643,-0.0586478720054018,-0.02734559139349189,0.12897305811027482,-0.09525480896857767,-0.009567309975082896,-0.01453929407372676,-0.12455673991617192,-0.15659486881433848,-0.013584604775387712,-0.011454753722794963,-0.01453929407372677,-0.09507186122093961,0.0463284624808784,-0.07383041555173028,-0.05585268361902633,-0.008852556487835546,-0.017502801623723013,-0.04458395235023163,-0.02206492336264845,-0.02731570996503222,-0.08599719316478877,-0.09735826061890974,-0.008852556487835539,-0.010233727419377826,-0.07523595975536289,-0.014995411664964329,-0.011454753722794963,-0.06041191071196658,-0.00807663808176667,-0.012562452240076467,-0.008076638081766674,-0.12967191691214358,-0.04244737351361737,-0.009567309975082882,0.1940177206770102,-0.005812478071377972,-0.004488647562600618,-0.011454753722794963,-0.05155769468984457
blaCTX-M-14_AMR,-0.022542346930101674,-0.014614184222768405,0.2855877655408775,-0.01358460477538769,0.017909511750756654,0.04060930380210731,0.03951876169969763,-0.0336543457464373,0.09426145663298446,-0.014898264320734959,0.04044585306161802,-0.030765866011268336,-0.014481303368957671,-0.05691786767004536,-0.011346217292868447,-0.018447446772727676,-0.010498565403438182,-0.009578375835030583,-0.009578375835030583,0.00957837583503055,-0.06556834361504783,-0.009578375835030583,-0.009578375835030583,-0.009578375835030583,-0.010498565403438187,-0.009578375835030569,0.03006692807412195,-0.012880112846311461,-0.020279022520232053,-0.024211136662820206,-0.013584604775387695,1.0,-0.06552353897617602,-0.04763178952434337,-0.01134621729286844,-0.016685525788918593,-0.05890149160237224,0.03197381882823159,0.08354711390240986,-0.016685525788918593,-0.014255820872679336,-0.014255820872679332,-0.011346217292868447,-0.012976703423153832,-0.016110471806674315,-0.007165107868656356,0.012136545729014157,-0.01668552578891858,0.018309746370772147,0.01288011284631097,0.0680182078383684,0.04713192281883604,-0.018899267349558928,-0.028008510415040214,0.017506405887141807,-0.011346217292868447,-0.01724267221142157,0.05672491970673232,0.007096559065609081,-0.01611047180667435,-0.013584604775387697,-0.01724267221142158,0.03518175323596997,-0.004689855174192829,0.043494606638570944,-0.06623770802678694,-0.010498565403438177,-0.020757202492021423,0.019144009045151598,-0.02616758688441363,-0.03239468372817536,0.07355799569614876,0.067795957187202,-0.010498565403438196,-0.012136545729014146,0.02871763784570212,-0.017783598481685616,-0.013584604775387697,0.016489874913381736,0.11124599362685504,-0.014898264320734999,0.1112459936268551,-0.011355459011182945,-0.035833837827218426,-0.011346217292868438,-0.019811170884375617,0.02309061253040527,-0.0053232487218466485,-0.013584604775387697,0.020289151931934264
blaCTX-M-15_AMR,-0.03594395273250671,-0.10473992092401899,-0.04112324200410116,-0.04274120850411842,0.22677833831479619,0.3943742928656437,-0.30433187649051857,-0.05539370412437303,0.02332035479811818,0.04515691414253348,-0.0709708844138823,-0.023948696419448107,0.20750296445801392,0.6962039177979901,-0.04614665044840147,0.1657349275233665,-0.06686793528456594,-0.06100702246978647,-0.06100702246978647,0.06100702246978695,0.025476454187715002,-0.06100702246978647,-0.06100702246978647,-0.06100702246978647,-0.06686793528456592,-0.0610070224697865,-0.2489696861138758,-0.012850049177764007,-0.29713196777166756,0.009407190726734814,-0.0646324423261235,-0.06552353897617602,1.0,-0.28929461509562343,-0.07226683784964409,0.03712999334338702,0.7089369051590769,-0.3016151479883071,0.04493514607432239,0.03712999334338702,0.03450780735464483,0.09716111899443552,-0.04614665044840153,0.34415086640659703,-0.02843553582491744,0.17921429176402917,-0.04493514607432112,0.1267576153286543,0.06744313498851508,0.012850049177764715,0.3664573887438539,0.293096459840602,0.3644473245871853,-0.17839306513599024,0.1979476511191536,-0.02002646304715886,-0.040357520345503294,0.24936341981758692,0.1759797151011812,0.04574047047759986,-0.08652367614812842,-0.040357520345503294,0.15208822665966087,-0.14776906036899268,0.13618260947037336,0.029926716249153558,0.017722876830436544,0.1441157902131306,0.5275473848794956,0.055887561602906165,0.10302251227563386,0.4044349627042032,0.3704944981244743,0.01772287683043655,-0.07730063329606161,0.17214741121039684,-0.11326809584961216,-0.08652367614812842,0.17841376691618757,-0.030136420268742616,0.045156914142533394,0.03160478413334493,0.1886433343691436,-0.24047847937446265,-0.07226683784964409,-0.12618220125333215,0.14091371636204578,0.09824673656963964,-0.08652367614812842,0.05491877173899305
blaCTX-M-27_AMR,-0.02665471044791366,0.07808742776421349,-0.04587275446607481,0.02490897431262789,0.14796785854263078,-0.06857381715397257,0.16705874788491437,0.05337072340386767,-0.07130665608429994,-0.04404780933288957,0.013502630373793964,-0.04584693011974869,-0.2328507006276624,-0.22861187490220503,0.0052758986437577825,0.1298461808290181,-0.031039777332712952,-0.028319169496340953,-0.028319169496340953,-0.10932758278954396,-0.16852818174442183,-0.028319169496340953,-0.028319169496340953,-0.028319169496340953,-0.031039777332713,0.06344533202758224,0.4236190266977322,-0.038080996727304674,0.4551161075921354,-0.015464592710167124,0.024908974312627903,-0.04763178952434337,-0.28929461509562343,1.0,-0.03354592220989331,0.057237164311244614,-0.22619354971150088,-0.1844807466249295,-0.03588258610014626,0.057237164311244614,-0.04214837823823949,0.019931718482970654,0.04409771949740876,-0.12371041783784743,-0.04763178952434341,0.11028404789054982,0.03588258610014519,-0.022689692968927658,-0.06768142790193,0.0380809967273053,0.13494442313235822,0.12879893798950065,-0.13784441723526566,-0.08280921185851804,0.03868003958760684,0.005275898643757744,-0.05097922292203913,-0.07258805532333219,0.006163653922410779,-0.04763178952434339,-0.04016387869935562,-0.05097922292203919,0.1040174294919697,-0.04891177220835545,0.1710544278987287,-0.17065478616124677,0.05277711375225812,-0.06137018903472057,-0.17075880617683142,-0.05995697802989264,-0.09577725441962975,0.09050415632761831,0.13416706023224823,-0.03103977733271295,0.2547992811147999,-0.043059757690488205,-0.05257851104733953,-0.04016387869935562,0.14587194742050089,0.01756308126562069,-0.014312170463668238,-0.028319169496340953,0.015876589238685696,0.12866063540217562,0.005275898643757804,-0.058573177317155965,0.19738004943245313,0.24270107434001761,-0.04016387869935562,0.05998636328260432
blaCTX-M_AMR,-0.01587603203862704,-0.07456543834895724,-0.01092720313874585,-0.009567309975082885,0.05539488559110354,-0.028023021478059497,0.05617785026986529,0.23404211392159796,-0.020714822414305025,-0.010492488755023167,0.23635520978831073,-0.021667658474316575,-0.010198833198669682,-0.05445690859556747,-0.007990867579908682,0.051529941595753255,-0.007393886768819001,-0.006745819417404849,-0.006745819417404849,0.0067458194174046405,-0.04617820527649524,-0.006745819417404849,-0.006745819417404849,-0.006745819417404849,0.4589491144359794,-0.006745819417404859,0.07600793519505723,-0.009071153276241825,0.0845726311918352,-0.017051320456666307,-0.009567309975082896,-0.01134621729286844,-0.07226683784964409,-0.03354592220989331,1.0,-0.011751213963106829,-0.05570791262177427,-0.054550364707535125,-0.008547476863413781,-0.011751213963106829,-0.01004003130700484,-0.010040031307004824,-0.007990867579908686,-0.009139179693248624,-0.01134621729286844,0.047068477135794796,0.008547476863413422,-0.011751213963106832,0.012895113401584422,0.009071153276242376,0.04790358564706291,0.033193878127868996,-0.013310298829067962,-0.019725719335355475,0.03230513318583485,-0.007990867579908677,-0.01214359877030063,0.03994999480067738,0.02762961342529028,-0.011346217292868466,-0.009567309975082884,-0.012143598770300638,0.02477766149555093,-0.02663500533027551,0.056270342407789914,-0.04664962251087794,-0.007393886768818989,-0.014618797803859114,-0.028784292044734854,-0.018429201229076878,-0.02281479556429587,0.05180512481643275,0.047747059866075504,-0.007393886768818989,-0.008547476863413776,0.020225140706322992,-0.012524560114914639,-0.009567309975082884,0.05040781552317023,-0.006745819417404852,-0.010492488755023165,-0.00674581941740485,0.03212582411236625,0.06415525970451395,-0.007990867579908691,-0.01395253052658275,0.04265828234795984,0.06015827443977564,-0.009567309975082884,0.014289161066802432
blaNDM_AMR,-0.023346982978433607,-0.023957569732088818,0.05669589868270364,0.23439785989466969,0.042316238356429996,0.09202019229649235,-0.014650224971381964,0.03589728032408444,-0.030462813701267907,-0.015430049257201971,0.036794714151958986,0.08297655042501473,-0.020284997590460152,0.057990561231011886,0.28471512687755984,0.06059735165393682,-0.010873305629270517,-0.009920270425919253,-0.009920270425919253,0.00992027042591923,0.018060324614125503,-0.009920270425919253,-0.009920270425919253,-0.009920270425919253,-0.01087330562927052,-0.00992027042591924,0.023076586008290143,0.0739127114959329,0.03299308707008725,-0.02507533919640748,0.0687529537025984,-0.016685525788918593,0.03712999334338702,0.057237164311244614,-0.011751213963106829,1.0,0.03522356014563182,-0.02984923190074627,-0.012569752716116007,1.0,-0.014764674161482354,-0.01476467416148238,-0.011751213963106823,0.028712178428008262,-0.016685525788918548,0.05389021489419195,0.012569752716115825,0.050537634408602074,0.018963302187805047,0.013339861032019824,0.07044607846512231,0.04881426957025585,0.020910531566410723,-0.029008258010528115,0.020089687707655176,-0.011751213963106822,-0.017858139432909283,-0.03535638515199642,0.009568646895291988,-0.016685525788918597,0.06875295370259832,-0.017858139432909294,0.036437545589133556,0.0569037353877367,0.08526359747292615,0.016866176805951687,-0.010873305629270509,-0.021498118841121874,0.012921014309333506,-0.027101623778191617,-0.03355099324567267,0.015579890565619679,0.07021589470538242,-0.010873305629270542,0.26490753849214504,-0.09240986892946415,-0.01841837375383432,0.06875295370259832,0.07666431800150049,-0.009920270425919236,0.1359558784551242,-0.009920270425919238,0.019708225497717488,0.009210522908736448,0.08707089965044863,-0.020518319181873742,0.08343516798968215,0.0909737405503648,0.06875295370259832,-0.03521329970353662
blaOXA-OH_AMR,0.006555431697741569,-0.028578117836647297,-0.013333003055968943,0.02867743872226628,0.15514946097191293,0.46308085307099844,-0.29719679555432127,-0.04302202282024267,0.016201721135902868,-0.007773808156166039,-0.05076673643012604,-0.06289067537232952,0.3253859106540239,0.9605076929268026,0.05809217261831052,0.1414345872314241,-0.05154609232773282,-0.047028124907477376,-0.047028124907477376,0.04702812490747798,0.10500424380297795,-0.047028124907477376,-0.047028124907477376,-0.047028124907477376,-0.05154609232773284,-0.047028124907477445,-0.18743636272578038,-0.06323906747774903,-0.2554146237270407,0.004502153718177718,-0.042854138655589985,-0.05890149160237224,0.7089369051590769,-0.22619354971150088,-0.05570791262177427,0.03522356014563182,1.0,-0.32083882398921626,-0.059588284936781845,0.035223560145631834,0.04374274836970431,0.1347317867924347,0.0011921299982681338,0.3199461525823107,0.0016927030596409864,0.17001256441192958,-0.04692275878624978,0.07427240334537195,0.08989760416371886,-0.03723793941897106,0.32789710375552994,0.23140937374240403,0.2819643589272018,-0.13751681380611508,0.1620672141241064,0.0011921299982681603,-0.008997103487061378,0.2514169723301515,0.14790467665370163,0.021890767946978803,-0.06669799778154199,-0.008997103487061408,0.1335289055887819,-0.10270910897072448,0.165791665269508,0.10538168419618887,0.009877928624207933,-0.07023305961297743,0.4212632035806641,-0.07744525243309604,-0.07481580181636865,0.3495251808089877,0.32679487592367606,-0.05154609232773274,-0.032960524006023596,0.12927628547730205,-0.08731431143497886,-0.06669799778154199,0.14848438081418935,-0.013403967584965176,0.014017533437150231,0.053844347060059014,0.1446915296821284,-0.11141984651784727,-0.055707912621774144,-0.09726933197864228,0.12678111150948748,0.2390151623443998,-0.06669799778154199,0.05105464360972015
blaTEM-CA_AMR,0.06553271672593561,0.03883254213532122,0.041602112361216526,0.011582010312732626,-0.1713682804270764,-0.30303836812727614,0.26069208981807807,-0.0540743331349889,0.01989734092258101,0.05205597647230273,0.033063031331885005,0.001352376577029086,0.1882624568631548,-0.30582829525627475,-0.0545503647075351,0.03069206634470481,0.09214720083723142,0.08407058372718218,0.08407058372718218,0.00701447815147044,0.09501208705120946,0.08407058372718218,0.08407058372718218,0.08407058372718218,-0.01878119499000153,0.023347209141413718,0.10083536641682266,0.09036834393824754,0.11644606212864655,0.002074715400110616,-0.0960697276466667,0.03197381882823159,-0.3016151479883071,-0.1844807466249295,-0.054550364707535125,-0.02984923190074627,-0.32083882398921626,1.0,-0.08582911774291432,-0.029849231900746273,0.08404479767907991,0.08404479767907994,0.02251839055127044,-0.12885849227879612,0.013735522946236405,0.06488132077619381,-0.010347419017229853,-0.06510926102229679,0.0005112239417311602,0.06840559974631945,-0.19753263491833573,-0.09254354423135609,-0.11827321014746056,0.007639017977266752,-0.08187254341467816,-0.05455036470753511,-0.0023792113933838277,-0.13704332582426998,-0.04556048087278913,0.05021211471022688,0.05464270549649252,0.014700818365623293,-0.060973071786938414,0.1654430050787973,0.012903218313689577,0.09257764140396314,-0.04651329394680975,0.09636698793835592,-0.1849056563649407,0.10295241709762556,0.16072959380335805,-0.21500698582838884,-0.20033789378507386,0.09214720083723155,-0.08582911774291413,-0.019191765154490763,0.13950920587202573,0.05464270549649252,0.023017674923254353,-0.03737616544435454,0.03237899563966438,-0.0070144781514704,-0.0567860336854993,0.1032923712133135,-0.0031711945349980238,-0.005537094453490879,0.020004375041098782,-0.10605274590115733,0.05464270549649252,-0.04653132173844479
blaTEM-IR_AMR,-0.016981887783270106,-0.03507184368427434,-0.011688344860711603,-0.010233727419377813,-0.020829402890767488,-0.03376044034248057,0.060090956409452036,-0.025352920202031226,-0.0221577273738305,-0.011223350152702012,-0.025118191731552296,-0.023176933873767066,0.007116319238899003,-0.05825014137938827,-0.008547476863413775,-0.038052791455400255,-0.007908912950338711,-0.007215704029435844,-0.007215704029435844,0.007215704029435573,0.038539878269221325,-0.007215704029435844,-0.007215704029435844,-0.007215704029435844,-0.00790891295033869,-0.007215704029435864,-0.06532747633797842,-0.009703010590252232,-0.06059418560223568,-0.018239041710621712,-0.010233727419377838,0.08354711390240986,0.04493514607432239,-0.03588258610014626,-0.008547476863413781,-0.012569752716116007,-0.059588284936781845,-0.08582911774291432,1.0,-0.012569752716116007,-0.010739376475258047,-0.010739376475258071,-0.008547476863413781,-0.04515286439900471,-0.012136545729014132,-0.043722242414336206,0.009142857142856928,-0.012569752716116014,0.013793331243313884,0.009703010590252366,-0.03488634979552041,-0.07437183893482888,-0.048214886961138154,-0.021099727651233476,0.03455536907778155,-0.008547476863413776,-0.012989469352326696,0.04273273869671517,0.029554172827430832,-0.012136545729014155,-0.010233727419377827,-0.01298946935232669,0.026503566257963213,0.14621055794375012,-0.008370059682592385,0.03752328114712298,-0.007908912950338715,-0.015637080047926136,-0.034556872199164805,-0.019712899699750895,-0.024403975573270925,-0.027238802247024414,-0.03521034413398363,-0.007908912950338711,-0.009142857142857166,0.021633936555429646,-0.013396966816948679,-0.010233727419377827,-0.01524206648165873,-0.007215704029435838,-0.01122335015270201,-0.0072157040294358495,0.0343635701095786,-0.023579844330729356,-0.00854747686341377,-0.014924403473021023,-0.024957225252469756,-0.004010177499137114,-0.010233727419377827,0.01528448224109878
ble_AMR,-0.023346982978433607,-0.023957569732088818,0.05669589868270364,0.23439785989466969,0.042316238356429996,0.09202019229649235,-0.014650224971381964,0.03589728032408444,-0.030462813701267907,-0.015430049257201971,0.036794714151958986,0.08297655042501473,-0.020284997590460152,0.057990561231011886,0.28471512687755984,0.06059735165393682,-0.010873305629270517,-0.009920270425919253,-0.009920270425919253,0.00992027042591923,0.018060324614125503,-0.009920270425919253,-0.009920270425919253,-0.009920270425919253,-0.01087330562927052,-0.00992027042591924,0.023076586008290143,0.0739127114959329,0.03299308707008725,-0.02507533919640748,0.0687529537025984,-0.016685525788918593,0.03712999334338702,0.057237164311244614,-0.011751213963106829,1.0,0.035223560145631834,-0.029849231900746273,-0.012569752716116007,1.0,-0.014764674161482354,-0.01476467416148238,-0.011751213963106823,0.028712178428008262,-0.016685525788918548,0.05389021489419195,0.012569752716115825,0.050537634408602074,0.018963302187805047,0.013339861032019824,0.07044607846512231,0.04881426957025585,0.020910531566410723,-0.029008258010528115,0.020089687707655176,-0.011751213963106822,-0.017858139432909283,-0.03535638515199642,0.009568646895291988,-0.016685525788918597,0.06875295370259832,-0.017858139432909294,0.036437545589133556,0.0569037353877367,0.08526359747292615,0.016866176805951687,-0.010873305629270509,-0.021498118841121874,0.012921014309333506,-0.027101623778191617,-0.03355099324567267,0.015579890565619679,0.07021589470538242,-0.010873305629270542,0.26490753849214504,-0.09240986892946415,-0.01841837375383432,0.06875295370259832,0.07666431800150049,-0.009920270425919236,0.1359558784551242,-0.009920270425919238,0.019708225497717488,0.009210522908736448,0.08707089965044863,-0.020518319181873742,0.08343516798968215,0.0909737405503648,0.06875295370259832,-0.03521329970353662
catA_AMR,0.09866166637394581,-0.06432138240874626,-0.013729355481606365,0.08447297449951922,-0.09002837602139177,0.06503849488442566,-0.042735401985326785,0.011435904718762106,0.0668286517296272,0.3395663383006134,-0.029504312838749668,-0.027224073888872147,0.07033860785601867,0.04648201915845043,-0.01004003130700483,-0.026641500244467067,0.2392868950843754,0.2636714845299249,0.2636714845299249,0.008475705230359842,0.09221956954393463,0.2636714845299249,0.2636714845299249,0.2636714845299249,-0.009289961809158087,-0.008475705230359946,0.07671008938467382,0.09025775075641979,0.08690369737232394,0.03405211231692974,-0.012020733758016978,-0.014255820872679336,0.03450780735464483,-0.04214837823823949,-0.01004003130700484,-0.014764674161482354,0.04374274836970431,0.08404479767907991,-0.010739376475258047,-0.014764674161482354,1.0,0.17149708090075047,0.10509435368111539,0.05273794878408898,-0.014255820872679287,0.050209693646996886,0.01073937647525765,-0.014764674161482354,0.016201913117018903,0.011397343526639596,-0.0869627593637097,-0.14602434941894551,0.04495640219591099,0.023740025858042982,-0.05524065878202813,-0.010040031307004826,-0.01525768142373806,-0.05944517620587557,-0.0014754857932218546,0.14922326783609774,-0.012020733758016981,-0.015257681423738081,-0.08786927932753355,0.07846584271272088,-0.04058015499649728,0.09075190586067945,-0.009289961809158094,0.10984269994088619,0.04107914339781496,0.08010747198214449,0.14178264083101424,-0.07612484144670255,-0.08742692256404515,-0.009289961809158113,-0.01073937647525808,0.025411639455847533,-0.01573633581119158,-0.012020733758016981,-0.028242998486168465,-0.00847570523035994,0.075004211783459,-0.008475705230359946,-0.055877592608017265,-0.09151309927727898,-0.010040031307004819,0.11649050137922465,0.044552470097149535,0.0055090063438631405,-0.012020733758016981,0.017953447861185783
catB_AMR,-0.019947253174310325,-0.043765544309968506,0.0710470143803406,0.18096668275705527,-0.09002837602139187,-0.025507805443438638,-0.1107270415403601,0.05265183886842306,-0.026026894261341867,0.16319158728917701,0.05359714884104617,-0.02722407388887217,0.07033860785601882,0.13840502681110853,-0.010040031307004826,0.07653588886020138,-0.009289961809158117,-0.008475705230359948,-0.008475705230359948,-0.2636714845299249,0.1673393849565677,-0.008475705230359948,-0.008475705230359948,-0.008475705230359948,-0.00928996180915811,0.2636714845299251,-0.032893484930321314,-0.011397343526639743,-0.026009729319497757,-0.021423930442939183,0.08447297449951953,-0.014255820872679332,0.09716111899443552,0.019931718482970654,-0.010040031307004824,-0.01476467416148238,0.1347317867924347,0.08404479767907994,-0.010739376475258071,-0.01476467416148238,0.17149708090075047,1.0,0.22022873866923567,-0.05303742606281747,-0.014255820872679298,0.0710438851367987,0.010739376475257897,-0.014764674161482349,-0.12830605943174553,0.011397343526640048,0.060187895094589286,0.04170605660424623,-0.05663413686740189,-0.024784147365688486,-0.023297304686068252,-0.010040031307004826,-0.015257681423738094,-0.0046252382530942715,-0.037665873443636734,-0.014255820872679322,-0.012020733758016993,-0.0152576814237381,0.03113160049794518,0.04115548239213258,0.041415901895738697,0.16543404274323328,-0.009289961809158108,-0.018367616050921527,-0.02651008073933527,-0.023155152485349825,0.05655863003878456,0.06508993795968043,0.059991230123514254,-0.009289961809158117,-0.010739376475258092,0.025411639455847474,-0.01573633581119159,-0.012020733758016993,0.07515073146112325,-0.008475705230359936,-0.013183163722259106,-0.008475705230359945,-0.02379702416011129,-0.07109205640089877,-0.010040031307004826,-0.01753049238996801,0.06565752969789158,-0.07624649956590393,-0.012020733758016993,0.017953447861185703
cmlA_AMR,0.058296117644482386,-0.023147022056782828,-0.010927203138745858,0.5938565977390735,0.026873787062272954,-0.05633460953884494,0.027832112105127583,0.07939567845681539,-0.020714822414305,-0.010492488755023167,0.0804525826146964,0.03411234861845761,-0.03716161677479332,-0.025714858213089276,0.13600782778864995,0.07733875522539027,-0.007393886768818993,-0.006745819417404848,-0.006745819417404848,-0.5038163416313224,-0.04617820527649518,-0.006745819417404848,-0.006745819417404848,-0.006745819417404848,-0.007393886768818998,0.8441911156638063,-0.0062408476201824,0.11806897915108445,-0.00015993311496192262,-0.017051320456666293,0.11111747156774841,-0.011346217292868447,-0.04614665044840153,0.04409771949740876,-0.007990867579908686,-0.011751213963106823,0.0011921299982681338,0.02251839055127044,-0.008547476863413781,-0.011751213963106823,0.10509435368111539,0.22022873866923567,1.0,-0.04221252259955411,-0.011346217292868433,0.04706847713579478,0.008547476863413119,-0.011751213963106837,-0.1678411585603033,0.009071153276242168,0.0172300061500676,-0.005938557635693551,-0.04507514711573547,-0.019725719335355434,-0.08754962565068672,-0.007990867579908663,-0.012143598770300636,-0.02861335876394487,-0.06289709772324871,0.09088551607042566,-0.00956730997508288,-0.012143598770300629,-0.024833846669010184,0.2533496340344064,-0.07192034991955414,-0.04664962251087787,-0.007393886768818981,-0.0146187978038591,-0.05696226308187542,-0.018429201229076864,-0.022814795564295894,0.02236887950567973,0.017017720316698987,-0.00739388676881899,-0.008547476863413773,0.020225140706322944,-0.012524560114914632,-0.00956730997508288,0.05040781552317017,-0.0067458194174048434,0.099803553753137,-0.006745819417404839,-0.08824377712335967,-0.012466599158090825,-0.007990867579908679,0.06985756780656394,0.042658282347959826,-0.04209342205747536,-0.00956730997508288,0.014289161066802475
cnf1_VIR,-0.03275950905763012,-0.08094246909820546,-0.03337125434567632,-0.02282158229612738,-0.008702080445608107,0.33965703243638234,-0.3607849778036292,-0.0896888980387858,-0.0027338127954351634,0.020570171773752217,-0.11211275962234855,0.10333307828997766,0.2557616968436489,0.32625811372165137,0.02393416321305683,-0.018246363671653446,0.03234692699186375,0.04254118574275461,0.04254118574275461,0.03563543654830185,-0.20797609888238333,0.04254118574275461,0.04254118574275461,0.04254118574275461,-0.03905891434267542,-0.0356354365483012,-0.12112467055328284,-0.047919235157911924,-0.09166385184650609,-0.026331349088994756,-0.0228215822961274,-0.012976703423153832,0.34415086640659703,-0.12371041783784743,-0.009139179693248624,0.028712178428008262,0.3199461525823107,-0.12885849227879612,-0.04515286439900471,0.028712178428008262,0.05273794878408898,-0.05303742606281747,-0.04221252259955411,1.0,0.010503684123249441,-0.00870270014321368,-0.047711994135903026,0.05140945107969259,0.04736409105934498,-0.039684666797442425,0.08397410750700382,0.1393983875823064,0.9291964867060933,-0.034508068122045266,0.06054291685158504,-0.009139179693248652,0.02380711749984222,0.037817181778802285,0.041996073684966585,-0.012976703423153806,-0.050540230394449936,0.04579632749185136,0.03973296284874328,-0.0763956317203104,-0.03839207195585296,-0.20352492156598784,-0.03905891434267544,0.25424045133535483,0.7022300197905179,0.3179290665413419,0.24669861714782976,0.10464402614722541,0.08283988041819991,-0.039058914342675416,-0.014197911554034865,0.03870545031107175,-0.06616218722352417,-0.050540230394449936,-0.01884298281377532,-0.03563543654830112,-0.030094993292421345,-0.03563543654830114,0.022261030015714403,-0.048257642008809165,0.12315419193197316,0.06103981578381813,-0.02322055153358259,-0.005126532815929115,-0.050540230394449936,0.0190307982818335
cvaC_VIR,-0.022542346930101653,-0.14237977500202062,-0.015515514426399887,-0.013584604775387681,-0.1035816447863861,0.2014075784983438,-0.1013494424905163,0.03953971162820338,-0.029412935947885188,0.22001543916513985,0.003551547014708186,-0.0307658660112683,-0.03362350527732542,-0.016107086384905264,-0.011346217292868424,-0.12838509919332472,-0.010498565403438184,-0.00957837583503056,-0.00957837583503056,0.009578375835030429,-0.06556834361504786,-0.00957837583503056,-0.00957837583503056,-0.00957837583503056,-0.010498565403438184,-0.009578375835030581,0.04953107579365983,0.16764591323770467,0.05992871268856923,0.12356605462706635,-0.013584604775387704,-0.016110471806674315,-0.02843553582491744,-0.04763178952434341,-0.01134621729286844,-0.016685525788918548,0.0016927030596409864,0.013735522946236405,-0.012136545729014132,-0.016685525788918548,-0.014255820872679287,-0.014255820872679298,-0.011346217292868433,0.010503684123249441,1.0,-0.025664494558783713,0.012136545729013546,-0.01668552578891857,0.018309746370772293,0.01288011284631121,-0.14974857070144082,-0.1751243540785324,0.003652155717549893,0.359767852421762,-0.2944930810519568,0.3975807161603088,0.8663673024087051,0.0567249197067322,-0.05717279124139459,-0.016110471806674336,-0.013584604775387673,0.9343373004564074,-0.31703466521484114,0.06156841872680357,-0.1385231073986712,-0.06623770802678686,-0.010498565403438185,-0.020757202492021367,0.03914893210653492,0.019677609978557036,-0.032394683728175375,-0.13542434085372065,-0.15036668930076935,-0.010498565403438182,-0.012136545729014129,-0.35038380394797713,-0.017783598481685568,-0.013584604775387673,-0.14876237721353494,0.11124599362685506,-0.014898264320734956,-0.009578375835030569,-0.296209729092846,-0.12649652780267331,0.295348982797014,0.4561960098204858,-0.014389186852587173,0.012825124333715566,-0.013584604775387673,0.02028915193193441
dfrA_AMR,-0.015777897198239417,0.13605769712235619,-0.015123366260762786,0.04387498960832914,0.15368582401951467,0.023706830543994965,0.03987272784949705,0.011683815459715096,0.05296632744279951,0.07605992643058723,-0.039010363772621647,0.036785402077679344,0.172093300355456,0.14987565842381698,0.021011132113282645,0.8848130537467902,0.011404549583819831,0.03093583855954641,0.03093583855954641,-0.00013950772743863017,0.08822783137618903,0.03093583855954641,0.03093583855954641,0.03093583855954641,-0.016724548970685524,0.03093583855954652,0.3951760529820032,0.060005008264339445,0.3599594429540057,-0.032291411044553305,-0.08715640551282516,-0.007165107868656356,0.17921429176402917,0.11028404789054982,0.047068477135794796,0.05389021489419195,0.17001256441192958,0.06488132077619381,-0.043722242414336206,0.05389021489419195,0.050209693646996886,0.0710438851367987,0.04706847713579478,-0.00870270014321368,-0.025664494558783713,1.0,-0.029442773476741714,0.018125419891131842,0.02916800896611359,0.03202177818361902,0.13333264851289311,0.11402939962116092,0.03312110294714009,-0.1928760712539237,0.10921964478106552,-0.005046212909229384,-0.027468125853743683,0.04383868799610416,0.11573582840873886,0.08533182558198057,-0.021640707952248015,-0.027468125853743683,0.12337668945554911,0.12552385183225195,0.786069448025779,0.08885590335498468,-0.01672454897068557,0.003203996261752469,0.04196966855764411,-0.018315284431939752,0.054478210393808776,0.1065269327699849,0.14136496254269346,0.06766274669283075,0.07821945073746038,-0.0025655419329189584,0.030529567272053977,-0.021640707952248015,0.8792056978656905,0.03093583855954643,0.03614259208395515,0.06173216939165405,0.10533907507609308,0.10814181874261479,-0.005046212909229395,-0.06947455578914759,0.8583457109409621,0.4645028104862585,-0.021640707952248015,0.047147071305497404
emrE_STRESS,0.016981887783269332,-0.013053157051100625,0.011688344860711481,0.010233727419377064,-0.032559168234188855,-0.04573414318394514,0.019499515354865916,0.025352920202030366,-0.03219025393475967,0.011223350152701272,0.02511819173155207,0.02317693387376775,-0.007116319238897669,-0.04935419928588192,0.008547476863413226,-0.03441438652113102,0.007908912950338857,0.007215704029436157,0.007215704029436157,-0.007215704029435386,0.04939477938380689,0.007215704029436157,0.007215704029436157,0.007215704029436157,0.007908912950339166,0.007215704029435068,-0.011653166375235426,0.009703010590251523,0.03415907399809797,0.018239041710622544,0.010233727419378412,0.012136545729014157,-0.04493514607432112,0.03588258610014519,0.008547476863413422,0.012569752716115825,-0.04692275878624978,-0.010347419017229853,0.009142857142856928,0.012569752716115825,0.01073937647525765,0.010739376475257897,0.008547476863413119,-0.047711994135903026,0.012136545729013546,-0.029442773476741714,1.0,0.012569752716116553,-0.013793331243313538,-0.00970301059025215,-0.022531444928513077,0.0011199328785508884,-0.040975919994205474,0.021099727651233236,-0.03455536907778119,0.008547476863413069,0.012989469352326134,-0.01064684731134095,-0.02955417282743059,0.012136545729014245,0.010233727419379125,0.01298946935232598,-0.026503566257962848,-0.015184926011073975,-0.015625923108735503,0.04989903350435212,0.007908912950338166,-0.05940390735598055,-0.018189399454874095,-0.040726303199138864,-0.025477298573021615,-0.027862829789910774,-0.02231182768897102,0.007908912950339013,0.009142857142857468,-0.021633936555429906,0.013396966816949091,0.010233727419379125,-0.03317068424965274,0.007215704029435703,0.011223350152701683,0.007215704029435816,-0.034363570109578,-0.0003248658231557195,0.008547476863413684,0.0149244034730208,-0.024453604115088016,-0.019915408526120122,0.010233727419379125,-0.015284482241098693
erm(B)_AMR,-0.023346982978433642,0.08190331804156135,-0.016069331748731392,-0.014069499393437561,-0.07512296060237873,0.13087903007640778,0.004802630140994323,0.0005208310761306766,-0.030462813701267917,-0.015430049257201978,0.03679471415195894,-0.03186403582151823,0.01672254966651571,0.07771539388393314,-0.011751213963106825,0.07830918929393227,-0.010873305629270523,-0.00992027042591924,-0.00992027042591924,0.009920270425919465,-0.06790876775392204,-0.00992027042591924,-0.00992027042591924,-0.00992027042591924,-0.01087330562927053,-0.00992027042591925,-0.08981330565553385,-0.013339861032019958,-0.08330589849034016,0.02254084254644801,-0.014069499393437587,-0.01668552578891858,0.1267576153286543,-0.022689692968927658,-0.011751213963106832,0.050537634408602074,0.07427240334537195,-0.06510926102229679,-0.012569752716116014,0.050537634408602074,-0.014764674161482354,-0.014764674161482349,-0.011751213963106837,0.05140945107969259,-0.01668552578891857,0.018125419891131842,0.012569752716116553,1.0,0.018963302187804957,0.013339861032020027,-0.034805845874476736,0.048814269570255905,0.04270982244379056,-0.02900825801052813,0.04750729859770078,-0.011751213963106834,-0.017858139432909308,-0.08240941919753193,0.040631570456111175,-0.01668552578891858,-0.014069499393437584,-0.017858139432909308,0.036437545589133584,-0.039168919196147546,0.12045301395742904,-0.06860202474156833,-0.010873305629270524,-0.02149811884112189,0.10960962138680401,-0.02710162377819168,-0.03355099324567267,-0.004621347862342308,0.00694994059838983,-0.010873305629270535,-0.012569752716116012,-0.01097482475309998,-0.018418373753834306,-0.014069499393437584,0.07666431800150063,-0.009920270425919234,0.06026291459896114,-0.009920270425919234,0.047243610172534756,0.07932165849851475,-0.011751213963106822,-0.020518319181873763,0.06532027904577022,-0.06691407691059814,-0.014069499393437584,0.021013361486739643
fdeC_VIR,0.025619650364375055,-0.04792731000541849,0.0176335701007681,-0.13603534264245706,-0.05359493678213272,0.05537436045659431,0.016076323089495494,-0.05880168339677798,-0.03945348032210632,0.016932057878303382,-0.09255700836669246,0.034965779419949286,0.035796260579109514,0.0878788197673495,-0.07747302257935944,0.020965746729840258,0.011931746760779597,0.010885940169094683,0.010885940169094683,0.30952356547459303,0.054865552403642236,0.010885940169094683,0.010885940169094683,0.010885940169094683,0.011931746760779675,-0.20272039692669713,0.0469397841440348,0.014638404279705027,0.038240198538357216,0.02751625011135242,-0.06029813737556587,0.018309746370772147,0.06744313498851508,-0.06768142790193,0.012895113401584422,0.018963302187805047,0.08989760416371886,0.0005112239417311602,0.013793331243313884,0.018963302187805047,0.016201913117018903,-0.12830605943174553,-0.1678411585603033,0.04736409105934498,0.018309746370772293,0.02916800896611359,-0.013793331243313538,0.018963302187804957,1.0,-0.014638404279705199,-0.03880436000668302,-0.004449927413532359,0.03287034206833947,-0.006254256978885789,0.07322871832617213,0.012895113401584354,0.01959650584625953,0.15067028164292856,0.09744107880841185,0.018309746370772283,0.015439067891325377,0.01959650584625954,0.022284124238804843,-0.07415677210939672,0.07698555858618653,0.055740803391075185,0.011931746760779665,0.023590812085231616,0.05655493062880784,0.029739779488659707,0.03681695048673549,-0.028180329867033806,-0.03848178364860794,0.011931746760779577,-0.07078660964450675,0.041830542314131594,0.02021127510520312,0.015439067891325377,0.03922547296112457,0.010885940169094731,0.016932057878303312,-0.09591722837880147,0.07405656769863676,-0.01651843446564764,0.01289511340158419,0.0225156357029016,0.05421681497286981,0.05417691025531988,0.015439067891325377,-0.02305886695372125
glpT-E448K_AMR,0.018022313422262393,-0.06776376142987987,0.012404452152531404,0.010860714979622618,0.0630263157853569,-0.011040588824405782,0.011308996386591,0.02690621207029555,0.02351526005545913,0.011910968714506791,0.026657102541479363,0.024596910059174533,-0.02243114540086541,-0.039689426486923536,0.009071153276241877,0.02614212490479119,0.008393466606275416,0.007657787004627824,0.007657787004627824,-0.007657787004628166,0.02477003677148321,0.007657787004627824,0.007657787004627824,0.007657787004627824,0.008393466606275976,0.007657787004628472,0.0693298806748909,0.01029748283752848,0.06430659644130374,0.019356489126866945,0.010860714979622476,0.01288011284631097,0.012850049177764715,0.0380809967273053,0.009071153276242376,0.013339861032019824,-0.03723793941897106,0.06840559974631945,0.009703010590252366,0.013339861032019824,0.011397343526639596,0.011397343526640048,0.009071153276242168,-0.039684666797442425,0.01288011284631121,0.03202177818361902,-0.00970301059025215,0.013339861032020027,-0.014638404279705199,1.0,0.08103276745382536,-0.03768135979225261,-0.032969133827792846,0.022392440093116816,-0.036672465387226544,0.00907115327624186,0.013785292356432244,0.10599001159537112,-0.03136486192992081,0.012880112846311294,0.010860714979622514,0.01378529235643221,-0.028127354508801,0.030235792728179205,0.020201150524020522,0.02546629087824866,0.008393466606275525,0.016595113642805515,-0.00997416110815927,0.020920645654044688,0.025899128656592888,0.07114140899909586,0.08145661384567751,0.008393466606275409,0.009703010590252302,-0.022959378258488178,0.014217755879918276,0.010860714979622514,0.027593419808137228,0.007657787004627967,0.011910968714506703,0.007657787004627851,-0.036468915513199765,-0.056720935642578636,0.009071153276241686,0.015838773666616086,0.03813917904034337,0.08325142730328533,0.010860714979622514,0.05611780612246584
gyrA-D87N_AMR,0.04777462931259129,-0.17652219263095895,-0.024836635089073415,0.03164661410158187,0.773635066751722,0.16282297298102227,-0.14355825232028893,-0.044581329724683136,0.06233566168874804,-0.10156107484956621,0.08542392196824564,0.011074486522423564,-0.011883612219814006,0.32033538939940415,0.017230006150067614,0.13011218344385417,-0.15434933875920215,-0.14082076166710575,-0.14082076166710575,-0.004187672795930913,-0.3702608629469385,-0.14082076166710575,-0.14082076166710575,-0.14082076166710575,0.04432481011014987,0.004187672795931407,0.08580129477518512,-0.08103276745382453,0.050808741382370966,-0.14903536518963525,-0.09689046157319643,0.0680182078383684,0.3664573887438539,0.13494442313235822,0.04790358564706291,0.07044607846512231,0.32789710375552994,-0.19753263491833573,-0.03488634979552041,0.07044607846512231,-0.0869627593637097,0.060187895094589286,0.0172300061500676,0.08397410750700382,-0.14974857070144082,0.13333264851289311,-0.022531444928513077,-0.034805845874476736,-0.03880436000668302,0.08103276745382536,1.0,0.692930971231048,0.07399276236394076,-0.4117795999800033,0.31694965158726807,-0.07479073234091843,-0.1719260373635549,0.41042520906175517,0.19110833336847713,-0.12797189284746008,0.057354029236537506,-0.1515323389497964,0.46440077081711695,-0.2578110716269942,0.15340372328894872,-0.37029676686857854,0.011212451965257914,-0.01483498287724994,0.16140875620110987,-0.09585147240580785,-0.12433748173965273,0.9184178620306963,0.9901867372991583,-0.15434933875920226,0.05124034229053124,0.10624546920324246,0.07508212746074035,0.057354029236537506,0.154287045843542,0.004187672795931438,0.03940580347189091,0.04043978141169082,0.23475034133209108,-0.24936258657087515,-0.10546431183791363,-0.2912627591049264,0.14268194064571946,0.1504376539265458,0.057354029236537506,0.0016009469157463746
gyrA-S83L_AMR,0.06594866794806176,-0.07951135721200527,-0.04105126922266853,0.006945631453457919,0.5527182038599984,0.08013606944696872,-0.05618995578293485,-0.027620723515543833,0.05448869524857281,-0.04633511032004692,0.026933443731276728,0.07484842643768007,-0.004738255266984566,0.22621273210516957,-0.0059385576356935825,0.12059887418028009,-0.18050474956816234,-0.2032248052312145,-0.2032248052312145,-0.02802197700997374,-0.37839346074958835,-0.2032248052312145,-0.2032248052312145,-0.2032248052312145,0.030714033719258012,-0.018227379438263618,0.1791921630815354,-0.10052275525057007,0.15856062848682792,-0.04230201761635469,-0.0586478720054018,0.04713192281883604,0.293096459840602,0.12879893798950065,0.033193878127868996,0.04881426957025585,0.23140937374240403,-0.09254354423135609,-0.07437183893482888,0.04881426957025585,-0.14602434941894551,0.04170605660424623,-0.005938557635693551,0.1393983875823064,-0.1751243540785324,0.11402939962116092,0.0011199328785508884,0.048814269570255905,-0.004449927413532359,-0.03768135979225261,0.692930971231048,1.0,0.1268152100756604,-0.5447798528702276,0.1806600500883251,-0.12333586492638104,-0.20973248091662094,-0.06347277758522185,0.08203627294345527,-0.06399621562984822,0.03974238318288799,-0.18371481013137542,0.5577019517811631,-0.3458829813552373,0.12656349894339222,-0.37311289089786837,-0.01152972293822615,-0.004638974189286145,0.1753597701772524,-0.028737738457146063,0.007873074168019798,0.6407450661587778,0.695202557413456,0.030714033719257978,0.03550602014958921,0.14171671053996532,0.05202673150346411,0.03974238318288799,0.14704703426282006,-0.018227379438263573,0.043585554323033196,0.02802197700997416,0.13914257153508924,-0.13660727630328262,-0.04507099339925596,-0.3520068880407167,0.12920046656994943,0.10935608433665452,0.03974238318288799,-0.03709172293974496
hlyA-alpha_VIR,-0.024107139837117944,-0.08357832336030163,-0.03824926073439562,-0.027345591393491846,-0.014684926094661318,0.33173582674999597,-0.38342610206497224,-0.09958506107669338,-0.014375817249212546,0.038134981894417726,-0.12099728229645307,0.08695422311721572,0.26279909266348933,0.28880062906941,0.018454549457599567,0.026344740694069155,0.129744276528505,0.1496571802657507,0.1496571802657507,0.038052038732343633,-0.22594172727623443,0.1496571802657507,0.1496571802657507,0.1496571802657507,-0.041707678237538015,-0.03805203873234293,-0.13887991771610736,-0.05116885799284633,-0.10770935575960287,-0.03496168929026626,-0.02734559139349189,-0.018899267349558928,0.3644473245871853,-0.13784441723526566,-0.013310298829067962,0.020910531566410723,0.2819643589272018,-0.11827321014746056,-0.048214886961138154,0.020910531566410723,0.04495640219591099,-0.05663413686740189,-0.04507514711573547,0.9291964867060933,0.003652155717549893,0.03312110294714009,-0.040975919994205474,0.04270982244379056,0.03287034206833947,-0.032969133827792846,0.07399276236394076,0.1268152100756604,1.0,-0.044331920843763396,0.06765925104171898,-0.013310298829067946,0.01597695740479625,0.05141978589499838,0.05600703727085166,0.048755001851767524,-0.05396759492210636,0.037096199004249854,-0.00250357913506118,-0.06789407032982332,-0.024345117937520498,-0.2219340579195954,-0.04170767823753804,0.2535757490186742,0.747805254728921,0.33763128167482537,0.35331724405386117,0.09742272150150529,0.07275312145481236,0.026873103668879194,-0.018484617976022903,0.04864652929830364,-0.0706489482017045,-0.05396759492210636,0.02516591335057572,-0.03805203873234284,-0.03485603475176192,-0.03805203873234285,0.03960318560916589,-0.08561438495996632,0.11374909431760201,0.050710514105418054,0.016868177388966434,-0.046522989224533184,-0.05396759492210636,0.008309985622250235
ibeA_VIR,-0.03919050704086959,-0.0416601543268377,-0.0269741601997338,-0.023617219216262864,-0.34407237767236243,0.039917847712043424,-0.01662769499009325,0.07184456279931842,-0.0021895297524206483,0.11355400872937985,0.051543050447338395,-0.05348732730765511,-0.14692954110805076,-0.13442866923838406,0.04096351471732347,-0.2115468713846147,-0.018252052576347176,-0.01665227701298484,-0.01665227701298484,0.016652277012984724,0.08399205301337469,-0.01665227701298484,-0.01665227701298484,-0.01665227701298484,-0.018252052576347176,-0.016652277012984818,-0.10454253851132775,0.031191637419680816,-0.09222338974070589,0.19184695483808756,0.12897305811027482,-0.028008510415040214,-0.17839306513599024,-0.08280921185851804,-0.019725719335355475,-0.029008258010528115,-0.13751681380611508,0.007639017977266752,-0.021099727651233476,-0.029008258010528115,0.023740025858042982,-0.024784147365688486,-0.019725719335355434,-0.034508068122045266,0.359767852421762,-0.1928760712539237,0.021099727651233236,-0.02900825801052813,-0.006254256978885789,0.022392440093116816,-0.4117795999800033,-0.5447798528702276,-0.044331920843763396,1.0,-0.32436257291818577,0.1623419828226819,0.4138727698431357,0.06972138176670092,-0.14163744610491613,-0.02800851041504027,-0.023617219216262916,0.37352280232944596,-0.7961090007988604,0.012918239862013754,-0.24082633599172826,0.08167480619694231,0.0472624288257446,-0.0022960964792243244,-0.11686162230950904,-0.018277372528903178,-0.03385758178311882,-0.3807677214416898,-0.4131295076740577,-0.0182520525763472,-0.021099727651233507,-0.35016462978178065,-0.03091728841143136,-0.023617219216262916,-0.24772748764949443,0.05507436007221323,-0.025901053451485818,-0.016652277012984818,-0.25890028619403,0.006131854054742298,0.2837204509280396,0.6013598142242188,-0.2189058176559865,-0.19779382640172594,-0.023617219216262916,0.0007430066670036597
iha_VIR,-0.038710186635715974,0.04874260915631168,-0.01465871061176074,-0.09525480896857777,0.2429195519447912,0.02352016954975245,0.0009529855499674255,-0.1330094099361258,-0.012917527318067354,-0.07998535950413556,-0.15017344102773103,0.05664540470170529,0.05726139695188082,0.1483872234763534,-0.047598039371846285,0.13128939799712586,-0.09949242223745854,-0.0671632613153473,-0.0671632613153473,0.11438074518593007,-0.09135591416793118,-0.0671632613153473,-0.0671632613153473,-0.0671632613153473,0.02989168503157812,-0.11438074518592967,-0.026928487768295935,-0.13969892315809654,-0.03741488925372758,-0.1813178055986707,-0.09525480896857767,0.017506405887141807,0.1979476511191536,0.03868003958760684,0.03230513318583485,0.020089687707655176,0.1620672141241064,-0.08187254341467816,0.03455536907778155,0.020089687707655176,-0.05524065878202813,-0.023297304686068252,-0.08754962565068672,0.06054291685158504,-0.2944930810519568,0.10921964478106552,-0.03455536907778119,0.04750729859770078,0.07322871832617213,-0.036672465387226544,0.31694965158726807,0.1806600500883251,0.06765925104171898,-0.32436257291818577,1.0,-0.12750121192952732,-0.32277848517347296,0.1808968362691232,0.5162027096954052,-0.039220773556330676,0.0051950273999584054,-0.2962161923115734,0.3127625284469989,-0.008841277745774135,0.1596712837267701,-0.09646832074075866,0.029891685031578026,-0.007633151497660567,0.10519958658784355,-0.015075448984967677,0.003516572266652777,0.2805792150286884,0.3185106650347254,-0.013236350724767363,0.034555369077781665,0.16515252883413406,0.05063374890901844,0.0051950273999584054,0.15806452516634792,-0.1143807451859296,0.04241857887047741,0.027271706425817763,0.6382272895633166,0.02711654710029451,-0.20740438448720844,-0.43189825116401753,0.10164911781750498,0.09317154279501139,0.0051950273999584054,0.1240819240866882
ireA_VIR,0.05829611764448235,-0.023147022056782828,-0.010927203138745864,-0.009567309975082872,-0.05868950852421871,0.11353491882586796,-0.05720510238908541,0.02784686663522132,-0.020714822414305036,-0.010492488755023156,-0.02348250216771315,-0.021667658474316617,0.016763950377453946,0.0030271921693889674,-0.00799086757990866,-8.768566352088092e-05,-0.007393886768818991,-0.006745819417404844,-0.006745819417404844,0.006745819417404678,0.01645674903862809,-0.006745819417404844,-0.006745819417404844,-0.006745819417404844,-0.007393886768818993,-0.006745819417404844,0.04859167425664414,0.11806897915108445,0.05632844308956941,0.05233262407437674,-0.009567309975082896,-0.011346217292868447,-0.02002646304715886,0.005275898643757744,-0.007990867579908677,-0.011751213963106822,0.0011921299982681603,-0.05455036470753511,-0.008547476863413776,-0.011751213963106822,-0.010040031307004826,-0.010040031307004826,-0.007990867579908663,-0.009139179693248652,0.3975807161603088,-0.005046212909229384,0.008547476863413069,-0.011751213963106834,0.012895113401584354,0.00907115327624186,-0.07479073234091843,-0.12333586492638104,-0.013310298829067946,0.1623419828226819,-0.12750121192952732,1.0,0.37081346245025115,0.03994999480067732,-0.06289709772324868,-0.011346217292868457,-0.009567309975082882,0.3708134624502513,-0.17366837116269332,-0.02663500533027543,-0.04628221145408524,0.015620395141586509,-0.00739388676881899,-0.014618797803859123,0.05574962106668712,0.11072147087627947,0.030480084021083154,-0.06593985642657939,-0.0751702983314306,-0.007393886768818986,-0.00854747686341377,-0.21710109509013142,-0.012524560114914625,-0.009567309975082882,-0.027180971996224247,0.16344156759883752,-0.01049248875502316,-0.006745819417404836,-0.12836697753526805,-0.012466599158090844,-0.007990867579908679,0.23747776447285687,-0.010133957754700959,0.034595350315462875,-0.009567309975082882,0.014289161066802534
iroBCDEN_VIR,-0.024126562130282213,-0.13529276428637235,-0.01660590283489791,-0.01453929407372675,-0.12440579385577254,0.19673865863393233,-0.12193343952567678,0.06679906124618068,-0.03147999756995413,0.20404967899309584,-0.0011347521292766783,-0.03292800790061548,-0.025742742274542985,-0.02542883374586795,-0.01214359877030064,-0.12269968520442176,-0.011236376197664186,-0.010251518194073715,-0.010251518194073715,0.010251518194073548,-0.07017630954369362,-0.010251518194073715,-0.010251518194073715,-0.010251518194073715,-0.011236376197664195,-0.01025151819407372,0.05301198589574108,0.15527600140370454,0.06414034060215222,0.15861037168945652,-0.01453929407372676,-0.01724267221142157,-0.040357520345503294,-0.05097922292203913,-0.01214359877030063,-0.017858139432909283,-0.008997103487061378,-0.0023792113933838277,-0.012989469352326696,-0.017858139432909283,-0.01525768142373806,-0.015257681423738094,-0.012143598770300636,0.02380711749984222,0.8663673024087051,-0.027468125853743683,0.012989469352326134,-0.017858139432909308,0.01959650584625953,0.013785292356432244,-0.1719260373635549,-0.20973248091662094,0.01597695740479625,0.4138727698431357,-0.32277848517347296,0.37081346245025115,1.0,0.06071139371083985,-0.0783872470705913,-0.0172426722114216,-0.014539294073726769,0.8726931949250286,-0.3581634662063828,0.05259876957321543,-0.14825813689660572,-0.0708927150766976,-0.011236376197664195,0.031090273701295277,0.0258421019889743,0.057860804229240316,0.0007624474490064829,-0.15612504992571485,-0.17260878009086034,-0.011236376197664202,-0.012989469352326694,-0.4031844739339965,-0.01903338170594132,-0.014539294073726769,-0.14202171525177182,0.10289961387301477,-0.015945274060510543,-0.0102515181940737,-0.32464837451819184,-0.11840537352295316,0.37081346245025176,0.536018076948147,-0.0003577531195657876,-0.022693169945271735,-0.014539294073726769,0.021715018679039695
iss_VIR,-0.061893396277394985,-0.14134160545364644,0.029387607964647382,-0.009631346660184725,0.2798356452530336,0.1805406060123638,-0.14589368520768092,-0.041041658405290435,0.020618636119878946,-5.9474763067677906e-05,0.05554035096513322,-0.0643071194904659,0.006055535048807886,0.25856974232950614,0.005668318018366246,0.03115981895896319,-0.03704923701215163,-0.006790971076012181,-0.006790971076012181,0.12834017634869063,-0.007717484395627926,-0.006790971076012181,-0.006790971076012181,-0.006790971076012181,0.03696541520895686,-0.04730737283357155,-0.1319734440155653,-0.01518550295496421,-0.16057823800695895,-0.09645276673478761,-0.12455673991617192,0.05672491970673232,0.24936341981758692,-0.07258805532333219,0.03994999480067738,-0.03535638515199642,0.2514169723301515,-0.13704332582426998,0.04273273869671517,-0.03535638515199642,-0.05944517620587557,-0.0046252382530942715,-0.02861335876394487,0.037817181778802285,0.0567249197067322,0.04383868799610416,-0.01064684731134095,-0.08240941919753193,0.15067028164292856,0.10599001159537112,0.41042520906175517,-0.06347277758522185,0.05141978589499838,0.06972138176670092,0.1808968362691232,0.03994999480067732,0.06071139371083985,1.0,0.228244759977929,0.03238667670330935,0.04783134996780905,0.060711393710839875,-0.0766309212766616,0.05539549348554841,0.036068938262181535,-0.011382862182327229,0.03696541520895675,0.03491096137109369,0.12378088141659904,-0.0923449148775332,-0.07625658772937965,0.5328916149265084,0.39775777831520004,-4.191090159744525e-05,-0.2139543923862748,0.29438601909738393,-0.31350592603086586,0.04783134996780905,0.03121818139879262,0.033725430681547125,-0.026317582657414525,-0.0067909710760122284,0.21192041610740903,-0.20521309082947764,0.03994999480067737,0.00989722072037372,0.031811958922769654,0.027871765079995392,0.04783134996780905,0.04559310841900769
iucABCD_VIR,-0.03836489080068946,0.055790614478471265,-0.02887468460678141,-0.08072476227767948,0.13120702225758266,0.07019607630486273,0.01959586698032887,-0.0800812580913012,-0.05614209515136888,0.0016097975893401544,-0.08215621791685394,0.00478545342488894,0.03526398302191328,0.13408563641365492,-0.06289709772324871,0.13010364090713508,0.02556546346062357,0.02332467418285542,0.02332467418285542,0.1371612009090513,0.051383178239222976,0.02332467418285542,0.02332467418285542,0.02332467418285542,0.025565463460623546,-0.08366590921174885,0.04743205928862219,-0.04856348751919928,0.03606516785851647,-0.15913825938935272,-0.15659486881433848,0.007096559065609081,0.1759797151011812,0.006163653922410779,0.02762961342529028,0.009568646895291988,0.14790467665370163,-0.04556048087278913,0.029554172827430832,0.009568646895291988,-0.0014754857932218546,-0.037665873443636734,-0.06289709772324871,0.041996073684966585,-0.05717279124139459,0.11573582840873886,-0.02955417282743059,0.040631570456111175,0.09744107880841185,-0.03136486192992081,0.19110833336847713,0.08203627294345527,0.05600703727085166,-0.14163744610491613,0.5162027096954052,-0.06289709772324868,-0.0783872470705913,0.228244759977929,1.0,0.03923123421911098,0.033080397527308694,-0.07838724707059126,0.10146118928267504,0.004086443967091378,0.16002763131241005,0.053644084858477846,0.025565463460623678,0.00014270657307708797,0.09952597186271558,-0.05806674839021775,-0.004875802375962547,0.2002386275713272,0.19229804918037488,-0.023296666919745787,0.029554172827430766,0.13521625877178817,-0.07354331000573609,0.033080397527308694,0.1508890248164455,-0.03017061751444675,-0.03305974561522751,0.02332467418285537,0.7843717603858049,0.002963988506389447,-0.1534238088717878,-0.21519876192018658,0.13460531588738345,0.12143855617546151,0.033080397527308694,0.027853358690168098
iutA_VIR,-0.022542346930101702,0.04014249753976834,-0.015515514426399911,0.07209543820080748,-0.06308459260733866,0.02050951946507775,-0.04097735498042476,0.0029426829408831026,-0.02941293594788526,0.1417108713365151,-0.033342759032201644,-0.030765866011268347,0.08122970617288101,0.024703694900234965,-0.011346217292868466,0.0914902056478697,0.32058119356927306,0.3528947325506264,0.3528947325506264,0.00957837583503076,0.00113309349565173,0.3528947325506264,0.3528947325506264,0.3528947325506264,-0.01049856540343819,0.1112459936268551,0.030066928074121972,0.07738290019569662,0.03987677888636901,-0.024211136662820227,-0.013584604775387712,-0.01611047180667435,0.04574047047759986,-0.04763178952434339,-0.011346217292868466,-0.016685525788918597,0.021890767946978803,0.05021211471022688,-0.012136545729014155,-0.016685525788918597,0.14922326783609774,-0.014255820872679322,0.09088551607042566,-0.012976703423153806,-0.016110471806674336,0.08533182558198057,0.012136545729014245,-0.01668552578891858,0.018309746370772283,0.012880112846311294,-0.12797189284746008,-0.06399621562984822,0.048755001851767524,-0.02800851041504027,-0.039220773556330676,-0.011346217292868457,-0.0172426722114216,0.03238667670330935,0.03923123421911098,1.0,-0.013584604775387704,-0.01724267221142159,-0.24659138152467902,0.09469755567730186,0.043494606638570986,7.509944220722751e-05,-0.010498565403438182,0.26384853975106726,0.15917847047483485,0.06552280684152778,0.2702984986208073,-0.11452610719873364,-0.12855042465197247,0.5413010328844143,-0.012136545729014153,0.02871763784570215,-0.01778359848168561,-0.013584604775387704,0.08993532030312247,-0.009578375835030588,-0.014898264320734978,-0.009578375835030581,-0.039840886019349334,0.036696314153145705,-0.011346217292868457,0.15869152187994745,0.0980502112963904,0.0309734973892778,-0.013584604775387704,0.020289151931934295
kefB_STRESS,-0.019008063663799046,0.00922388220085724,-0.013082927297147743,0.08969072164948443,0.06632321662004016,0.003735186390383237,0.043504185164254396,0.014824994318324899,0.023864509268662484,-0.012562452240076436,-0.02811514206466612,0.4415479405134317,-0.05417748386011785,-0.04111158742193422,-0.009567309975082879,-0.015555179049361306,-0.008852556487835523,-0.008076638081766679,-0.008076638081766679,0.008076638081767356,-0.05528826495436507,-0.008076638081766679,-0.008076638081766679,-0.008076638081766679,0.38198781245010305,-0.008076638081766684,0.04176538693782289,0.09569496643156321,0.05053283891007483,-0.020415213575002398,-0.011454753722794963,-0.013584604775387697,-0.08652367614812842,-0.04016387869935562,-0.009567309975082884,0.06875295370259832,-0.06669799778154199,0.05464270549649252,-0.010233727419377827,0.06875295370259832,-0.012020733758016981,-0.012020733758016993,-0.00956730997508288,-0.050540230394449936,-0.013584604775387673,-0.021640707952248015,0.010233727419379125,-0.014069499393437584,0.015439067891325377,0.010860714979622514,0.057354029236537506,0.03974238318288799,-0.05396759492210636,-0.023617219216262916,0.0051950273999584054,-0.009567309975082882,-0.014539294073726769,0.04783134996780905,0.033080397527308694,-0.013584604775387704,1.0,-0.014539294073726769,0.029665811079342054,-0.03188957264458171,-0.009368724452015883,-0.0558526836190262,-0.008852556487835533,-0.017502801623723002,-0.06819980713442746,-0.022064923362648443,-0.027315709965032204,0.062025266025286366,0.05716662397036027,-0.008852556487835532,-0.010233727419377827,0.024215166687729165,-0.014995411664964323,1.0,-0.01706065743389551,-0.008076638081766665,-0.012562452240076464,-0.008076638081766674,0.038463622931355225,-0.021041873335134166,-0.009567309975082873,-0.016705092801218596,-0.027934970041320627,-0.004488647562600604,1.0,0.017108133984563678
mchF_VIR,-0.02412656213028221,-0.13529276428637235,-0.016605902834897907,-0.014539294073726734,-0.10544319831379993,0.1779153586476108,-0.08424142933797414,0.03252621343654815,-0.03147999756995418,0.20404967899309584,-0.0011347521292766922,-0.032928007900615515,-0.04366927336951263,-0.02542883374586798,-0.012143598770300624,-0.13985898549512565,-0.011236376197664185,-0.010251518194073718,-0.010251518194073718,0.010251518194073515,-0.07017630954369361,-0.010251518194073718,-0.010251518194073718,-0.010251518194073718,-0.011236376197664186,-0.010251518194073725,0.05301198589574109,0.1552760014037046,0.0641403406021522,0.11247962129361,-0.01453929407372677,-0.01724267221142158,-0.040357520345503294,-0.05097922292203919,-0.012143598770300638,-0.017858139432909294,-0.008997103487061408,0.014700818365623293,-0.01298946935232669,-0.017858139432909294,-0.015257681423738081,-0.0152576814237381,-0.012143598770300629,0.04579632749185136,0.9343373004564074,-0.027468125853743683,0.01298946935232598,-0.017858139432909308,0.01959650584625954,0.01378529235643221,-0.1515323389497964,-0.18371481013137542,0.037096199004249854,0.37352280232944596,-0.2962161923115734,0.3708134624502513,0.8726931949250286,0.060711393710839875,-0.07838724707059126,-0.01724267221142159,-0.014539294073726769,1.0,-0.32517865804407314,0.052598769573215465,-0.1482581368966058,-0.07089271507669757,-0.011236376197664181,0.031090273701295384,0.06331102818973684,0.05786080422924041,0.0007624474490064538,-0.13655400803411827,-0.1521780089353334,-0.011236376197664207,-0.012989469352326696,-0.3242898721647508,-0.019033381705941318,-0.014539294073726769,-0.15921699491272265,0.1028996138730148,-0.015945274060510543,-0.01025151819407371,-0.29797198193494573,-0.1184053735229532,0.3708134624502517,0.4802959246117666,-0.017907531151599133,-0.005697352250890966,-0.014539294073726769,0.021715018679039723
mdtM_AMR,0.04922756431788063,0.02748542342309583,0.03388249620675864,-0.011913413020751709,0.3785073843406341,0.00885934812527134,-0.02770503288180018,-0.06858611558277034,0.024219893999733684,-0.1574655331786097,-0.016707926622868925,0.06718593465716723,0.06878168495414279,0.14905226258671433,-0.024833846669010118,0.1336495753271448,-0.19129739947282687,-0.21361984709087792,-0.21361984709087792,-0.02091708170146912,-0.1265563422144599,-0.21361984709087792,-0.21361984709087792,-0.21361984709087792,0.0229265748258492,-0.03771715049661761,0.0571339133070356,-0.10328245518046601,0.039419508401571664,-0.13836556975229905,-0.09507186122093961,0.03518175323596997,0.15208822665966087,0.1040174294919697,0.02477766149555093,0.036437545589133556,0.1335289055887819,-0.060973071786938414,0.026503566257963213,0.036437545589133556,-0.08786927932753355,0.03113160049794518,-0.024833846669010184,0.03973296284874328,-0.31703466521484114,0.12337668945554911,-0.026503566257962848,0.036437545589133584,0.022284124238804843,-0.028127354508801,0.46440077081711695,0.5577019517811631,-0.00250357913506118,-0.7961090007988604,0.3127625284469989,-0.17366837116269332,-0.3581634662063828,-0.0766309212766616,0.10146118928267504,-0.24659138152467902,0.029665811079342054,-0.32517865804407314,1.0,-0.07818224983116318,0.17884161797546927,-0.12352296259686993,-0.030629418748819776,-0.12040861655105022,0.05042047553857258,-0.0763435712908305,-0.11287259059879273,0.42757793681542267,0.4660003482092133,-0.2448533930474961,0.02650356625796324,0.284789944493938,0.038835496622205215,0.029665811079342057,0.16447573613687305,-0.03771715049661749,0.03253455673217514,0.020917081701469317,0.2459745677746727,-0.022940343523545875,-0.22327987932725468,-0.5631092558548377,0.1314589196961966,0.14813532686472636,0.029665811079342057,0.012147683819628595
merCPRT_STRESS,0.16340784537680014,0.04900657370710814,-0.0020623762169747996,0.320091585419989,-0.2220299502322433,-0.004280801999612121,0.08620824504437578,-0.02888826043282994,-0.05022901261169059,0.28670869630494866,-0.04459029853690255,-0.0360701678616002,0.17071350117647974,-0.1163158276033778,0.2533496340344064,0.13233027906235792,-0.02464516043215392,-0.022485034865476723,-0.022485034865476723,-0.0878165528357233,0.15054122635669803,-0.022485034865476723,-0.022485034865476723,-0.022485034865476723,-0.024645160432153944,0.1981181405369226,-0.01699423301179618,0.09336700810044313,-0.014916041510251402,0.010618391539560788,0.0463284624808784,-0.004689855174192829,-0.14776906036899268,-0.04891177220835545,-0.02663500533027551,0.0569037353877367,-0.10270910897072448,0.1654430050787973,0.14621055794375012,0.0569037353877367,0.07846584271272088,0.04115548239213258,0.2533496340344064,-0.0763956317203104,0.06156841872680357,0.12552385183225195,-0.015184926011073975,-0.039168919196147546,-0.07415677210939672,0.030235792728179205,-0.2578110716269942,-0.3458829813552373,-0.06789407032982332,0.012918239862013754,-0.008841277745774135,-0.02663500533027543,0.05259876957321543,0.05539549348554841,0.004086443967091378,0.09469755567730186,-0.03188957264458171,0.052598769573215465,-0.07818224983116318,1.0,0.07361715414550345,0.14719599112812962,-0.024645160432153916,-0.022745195548555877,-0.10768352929531035,-0.06142785724585764,-0.024233742330612585,-0.2470439890122517,-0.25909172184248674,0.12647759416223434,0.015184926011072844,-0.04794758839641447,-0.011630390505437977,-0.03188957264458171,0.12850735739302827,-0.022485034865476674,0.03651154088197989,-0.02248503486547669,-0.009939465579602963,0.1086090788437008,0.06669320779128501,0.06213143922969465,0.15318564164161963,0.09519450622682803,-0.03188957264458171,0.04762835541617096
mph(A)_AMR,-0.0881790810743216,0.18102668552653953,-0.0012613847247416087,-0.030855954818587286,0.15834442772216525,0.017925080157823795,0.07519896679404027,-0.004854033482919007,-0.04613120657609261,-0.010274699598706737,-0.05537890935378466,-0.065908800668364,0.16763388941843785,0.15904373262377555,0.004994065476852384,0.824736494568221,0.020436147665261743,0.03884552765013363,0.03884552765013363,0.05205712495163671,0.12763309088353317,0.03884552765013363,0.03884552765013363,0.03884552765013363,-0.007240414280177129,-0.052057124951636856,0.4356470093333669,0.0024354178931241897,0.3845400872680245,-0.04758092118307651,-0.07383041555173028,0.043494606638570944,0.13618260947037336,0.1710544278987287,0.056270342407789914,0.08526359747292615,0.165791665269508,0.012903218313689577,-0.008370059682592385,0.08526359747292615,-0.04058015499649728,0.041415901895738697,-0.07192034991955414,-0.03839207195585296,-0.1385231073986712,0.786069448025779,-0.015625923108735503,0.12045301395742904,0.07698555858618653,0.020201150524020522,0.15340372328894872,0.12656349894339222,-0.024345117937520498,-0.24082633599172826,0.1596712837267701,-0.04628221145408524,-0.14825813689660572,0.036068938262181535,0.16002763131241005,0.043494606638570986,-0.009368724452015883,-0.1482581368966058,0.17884161797546927,0.07361715414550345,1.0,0.1289360527106498,-0.007240414280177135,-0.007177888118651295,0.021982428835596573,-0.018046672328548386,-0.012852389915867048,0.11886222431040305,0.16165081062740216,0.020436147665261823,0.08761387148271947,0.02508715527683288,0.04564789291480863,-0.009368724452015883,0.8528896246233547,-0.021756240751046554,-0.010274699598706668,0.008544643449543577,0.17076124202317608,0.14012873409571866,-0.07192034991955408,-0.1554210234418737,0.819569409620564,0.5459020519563166,-0.009368724452015883,0.07234172948504607
nfaE_VIR,-0.04457025888284557,0.08722178347906004,0.027910429807746436,-0.029758546245692765,-0.33028803801970974,-0.2309306794006629,0.18699552573097478,-0.026911356656241676,-0.04559949745636524,0.010289982539525082,-0.035961191164600864,-0.05412929487179964,-0.0012412301242070015,0.0736031016572484,-0.015514613684645765,0.09993371780502447,0.057666895748681245,0.07101117404356802,0.07101117404356802,0.002583739900645376,0.9898945112734238,0.07101117404356802,0.07101117404356802,0.07101117404356802,-0.04316452790693372,-0.039381196872753474,-0.19648572490598917,0.0020236050208877554,-0.16581948321461557,0.0504767483230299,-0.05585268361902633,-0.06623770802678694,0.029926716249153558,-0.17065478616124677,-0.04664962251087794,0.016866176805951687,0.10538168419618887,0.09257764140396314,0.03752328114712298,0.016866176805951687,0.09075190586067945,0.16543404274323328,-0.04664962251087787,-0.20352492156598784,-0.06623770802678686,0.08885590335498468,0.04989903350435212,-0.06860202474156833,0.055740803391075185,0.02546629087824866,-0.37029676686857854,-0.37311289089786837,-0.2219340579195954,0.08167480619694231,-0.09646832074075866,0.015620395141586509,-0.0708927150766976,-0.011382862182327229,0.053644084858477846,7.509944220722751e-05,-0.0558526836190262,-0.07089271507669757,-0.12352296259686993,0.14719599112812962,0.1289360527106498,1.0,0.024056421196809643,-0.05067155401402134,-0.2594273413663023,-0.07966261717700968,-0.0525268191545516,-0.3340311114356511,-0.3723920597776232,-0.009554053355062066,0.008382509596630758,0.06675764497769933,-0.07311671675608498,-0.05585268361902621,0.08736965652362484,-0.03938119687275345,-0.03740584204000583,-0.03938119687275348,0.057416340205072774,0.004534184290394718,-0.046649622510877946,-0.04521063215329811,0.06639985258827,0.04720295682075078,-0.05585268361902621,0.03027371278385253
p0111_PLASMID,-0.014689967273001925,-0.03727677540766557,-0.010110854910286658,-0.00885255648783555,0.02046771201977351,-0.021563399294428125,0.021381485886529817,0.03371610433439889,-0.01916726185685523,-0.009708617118472412,-0.02172817411130238,-0.02004891355068216,-0.03022727582972753,0.011665967915617456,-0.0073938867688189865,-0.012021480735883262,-0.006841505131128844,-0.006241853520461154,-0.006241853520461154,0.006241853520460959,0.024886571699738732,-0.006241853520461154,-0.006241853520461154,-0.006241853520461154,-0.0068415051311288486,-0.006241853520461156,0.002681409597684423,-0.00839346660627555,0.008563390004262962,-0.01577745237981758,-0.008852556487835546,-0.010498565403438177,0.017722876830436544,0.05277711375225812,-0.007393886768818989,-0.010873305629270509,0.009877928624207933,-0.04651329394680975,-0.007908912950338715,-0.010873305629270509,-0.009289961809158094,-0.009289961809158108,-0.007393886768818981,-0.03905891434267544,-0.010498565403438185,-0.01672454897068557,0.007908912950338166,-0.010873305629270524,0.011931746760779665,0.008393466606275525,0.011212451965257914,-0.01152972293822615,-0.04170767823753804,0.0472624288257446,0.029891685031578026,-0.00739388676881899,-0.011236376197664195,0.03696541520895675,0.025565463460623678,-0.010498565403438182,-0.008852556487835533,-0.011236376197664181,-0.030629418748819776,-0.024645160432153916,-0.007240414280177135,0.024056421196809643,1.0,-0.013526658348057502,-0.022288402744057845,-0.017052394594822128,-0.021110350455599083,0.01615822689230607,0.011007426501240355,-0.0068415051311288486,-0.007908912950338708,0.01871416323328597,-0.011588876726199418,-0.008852556487835533,-0.013184956857921806,-0.006241853520461148,-0.009708617118472405,-0.006241853520461158,0.029725771759634777,-0.027290268552348347,-0.007393886768818983,-0.012910166489484193,-0.02158893209416315,0.024126414169745095,-0.008852556487835533,0.0132216480742335
papA_VIR,-0.029044218287863268,-0.05461562869141073,-0.019990642023484276,-0.017502801623723002,0.0378209773540963,-0.10306068245685258,-0.03926856707111909,-0.014659610357000185,-0.03789648588082778,0.04221588002355085,-0.04295978473996998,-0.00858214044457482,0.09286320050591146,-0.06761923003689763,-0.014618797803859128,-0.002213268870633641,0.1595753608017219,0.17717468508642034,0.17717468508642034,0.012341059227703424,-0.049605933904424464,0.17717468508642034,0.17717468508642034,0.17717468508642034,-0.01352665834805749,-0.012341059227703427,0.10197972745356913,-0.0165951136428054,0.11652879119650847,-0.0311943357278935,-0.017502801623723013,-0.020757202492021423,0.1441157902131306,-0.06137018903472057,-0.014618797803859114,-0.021498118841121874,-0.07023305961297743,0.09636698793835592,-0.015637080047926136,-0.021498118841121874,0.10984269994088619,-0.018367616050921527,-0.0146187978038591,0.25424045133535483,-0.020757202492021367,0.003203996261752469,-0.05940390735598055,-0.02149811884112189,0.023590812085231616,0.016595113642805515,-0.01483498287724994,-0.004638974189286145,0.2535757490186742,-0.0022960964792243244,-0.007633151497660567,-0.014618797803859123,0.031090273701295277,0.03491096137109369,0.00014270657307708797,0.26384853975106726,-0.017502801623723002,0.031090273701295384,-0.12040861655105022,-0.022745195548555877,-0.007177888118651295,-0.05067155401402134,-0.013526658348057502,1.0,0.24095095960506221,0.6853771532137581,0.6110857182560431,-0.003563779851217044,-0.015307615445902716,0.24612637037661161,-0.015637080047926157,0.03700064349504771,-0.022912907775191515,-0.017502801623723002,-0.0044684355589040495,-0.012341059227703427,-0.01919535895634276,-0.01234105922770342,-0.030587860003122108,-0.04921664494635509,0.06555759015146749,0.11446745534081344,0.023451915132034123,0.01449096970713101,-0.017502801623723002,0.026141136032283904
papCFGII_VIR,-0.05511437373990068,-0.07588409809081181,-0.05714554198576463,-0.04458395235023164,0.037689598907722,0.41281377435618116,-0.4315538204040784,-0.037824073397236445,-0.06812488131587999,0.033119950771969484,-0.08604019239144832,0.06384683133142362,0.26572479368260193,0.42170826536500744,-0.0006063210075942058,0.0412204777501316,0.09938491795457012,0.11842611322707919,0.11842611322707919,0.0480870364218244,-0.26176668221551774,0.11842611322707919,0.11842611322707919,0.11842611322707919,-0.0527067329187148,-0.04808703642182372,-0.15638329238220125,-0.03978394204723437,-0.1164150548260284,0.014222998896806274,-0.04458395235023163,0.019144009045151598,0.5275473848794956,-0.17075880617683142,-0.028784292044734854,0.012921014309333506,0.4212632035806641,-0.1849056563649407,-0.034556872199164805,0.012921014309333506,0.04107914339781496,-0.02651008073933527,-0.05696226308187542,0.7022300197905179,0.03914893210653492,0.04196966855764411,-0.018189399454874095,0.10960962138680401,0.05655493062880784,-0.00997416110815927,0.16140875620110987,0.1753597701772524,0.747805254728921,-0.11686162230950904,0.10519958658784355,0.05574962106668712,0.0258421019889743,0.12378088141659904,0.09952597186271558,0.15917847047483485,-0.06819980713442746,0.06331102818973684,0.05042047553857258,-0.10768352929531035,0.021982428835596573,-0.2594273413663023,-0.022288402744057845,0.24095095960506221,1.0,0.32353351555901955,0.3900958837746163,0.18496399878602107,0.1599656372683637,0.0689665877799132,-0.034556872199164784,0.1093429276083352,-0.08928032921535199,-0.06819980713442746,0.0527813678418564,-0.014784406492043017,-0.053211906148027774,-0.04808703642182362,0.0798299074100031,-0.0902951142310843,-0.028784292044734778,-0.03385894923719544,0.048037399958419755,0.030800681182504248,-0.06819980713442746,0.021697269185503857
papE_VIR,-0.036614621157628174,-0.03526636504011779,-0.02520122170729914,-0.022064923362648425,-0.06409541118107792,-0.11722738760168826,-0.010264190763609436,-0.05466339080107831,-0.0477742406416128,-0.024198647359184186,-0.05415729312035038,0.1501418797028179,0.06975431534018048,-0.0740362486231313,-0.01842920122907686,-0.01838963572468254,0.2617858355390281,0.2897202119790157,0.2897202119790157,0.015557767946367021,-0.07841174205315311,0.2897202119790157,0.2897202119790157,0.2897202119790157,-0.017052394594822103,-0.015557767946367195,0.08045132041211295,0.036094570742626036,0.09733978091811786,-0.03932516873480335,-0.02206492336264845,-0.02616758688441363,0.055887561602906165,-0.05995697802989264,-0.018429201229076878,-0.027101623778191617,-0.07744525243309604,0.10295241709762556,-0.019712899699750895,-0.027101623778191617,0.08010747198214449,-0.023155152485349825,-0.018429201229076864,0.3179290665413419,0.019677609978557036,-0.018315284431939752,-0.040726303199138864,-0.02710162377819168,0.029739779488659707,0.020920645654044688,-0.09585147240580785,-0.028737738457146063,0.33763128167482537,-0.018277372528903178,-0.015075448984967677,0.11072147087627947,0.057860804229240316,-0.0923449148775332,-0.05806674839021775,0.06552280684152778,-0.022064923362648443,0.05786080422924041,-0.0763435712908305,-0.06142785724585764,-0.018046672328548386,-0.07966261717700968,-0.017052394594822128,0.6853771532137581,0.32353351555901955,1.0,0.6882752947294322,-0.07853029489116775,-0.09658754396483178,-0.017052394594822134,-0.01971289969975094,0.02003802060872041,-0.028885178781309456,-0.022064923362648446,-0.021265322489608097,-0.015557767946367209,-0.024198647359184273,-0.015557767946367193,-0.10583880466574674,-0.022206627284368424,0.04614613482360128,0.08057389868766378,0.005375661099698723,-0.008646337308293988,-0.022064923362648446,-0.003786478721747689
papH_VIR,-0.017876188892854916,-0.029385972150470414,-0.031198352770459473,-0.027315709965032197,-0.06351441307095697,-0.0665366622394516,-0.07040696805096437,0.008642609189914966,-0.05914306973642333,0.13332801407638295,-0.06704509628485579,0.16522656753534376,0.12627016525290916,-0.08101701898956162,-0.022814795564295904,0.04887429348801312,0.2665507522032583,0.2956773992733801,0.2956773992733801,0.01926004772106453,-0.06229895007303962,0.2956773992733801,0.2956773992733801,0.2956773992733801,-0.021110350455599072,-0.019260047721064592,0.0691554851879531,-0.02589912865659271,0.08914362605284645,-0.02300391181183371,-0.02731570996503222,-0.03239468372817536,0.10302251227563386,-0.09577725441962975,-0.02281479556429587,-0.03355099324567267,-0.07481580181636865,0.16072959380335805,-0.024403975573270925,-0.03355099324567267,0.14178264083101424,0.05655863003878456,-0.022814795564295894,0.24669861714782976,-0.032394683728175375,0.054478210393808776,-0.025477298573021615,-0.03355099324567267,0.03681695048673549,0.025899128656592888,-0.12433748173965273,0.007873074168019798,0.35331724405386117,-0.03385758178311882,0.003516572266652777,0.030480084021083154,0.0007624474490064829,-0.07625658772937965,-0.004875802375962547,0.2702984986208073,-0.027315709965032204,0.0007624474490064538,-0.11287259059879273,-0.024233742330612585,-0.012852389915867048,-0.0525268191545516,-0.021110350455599083,0.6110857182560431,0.3900958837746163,0.6882752947294322,1.0,-0.11355996443538194,-0.13663216867431285,0.2665507522032587,-0.024403975573270884,0.05774497523073083,-0.03575898057339299,-0.027315709965032204,0.055036536838938464,-0.019260047721064547,-0.029957195950588166,-0.019260047721064558,-0.027076197134879028,-0.02749113514838737,0.030480084021083122,0.05322004131644341,0.060386498875861755,-0.03908693215178748,-0.027315709965032204,-0.01984909805194534
parC-E84V_AMR,0.011951247991760106,-0.19079244889276298,-0.015857108527903275,0.03735485616027359,0.7019853196182277,0.19159576847678042,-0.14980896783321937,-0.025478842333285436,0.06307431174450537,-0.08980395236149767,0.09912194935641315,0.003641588140470713,-0.04175313351513685,0.3471709330291535,-0.007067365805073232,0.09477995939073053,-0.1427250063583209,-0.13021529127297904,-0.13021529127297904,-0.008943682638113447,-0.33441542489534976,-0.13021529127297904,-0.13021529127297904,-0.13021529127297904,0.04793487354243155,0.00894368263811374,0.0316526988394999,-0.07114140899909521,-0.008036077762152228,-0.13057476782311858,-0.08599719316478877,0.07355799569614876,0.4044349627042032,0.09050415632761831,0.05180512481643275,0.015579890565619679,0.3495251808089877,-0.21500698582838884,-0.027238802247024414,0.015579890565619679,-0.07612484144670255,0.06508993795968043,0.02236887950567973,0.10464402614722541,-0.13542434085372065,0.1065269327699849,-0.027862829789910774,-0.004621347862342308,-0.028180329867033806,0.07114140899909586,0.9184178620306963,0.6407450661587778,0.09742272150150529,-0.3807677214416898,0.2805792150286884,-0.06593985642657939,-0.15612504992571485,0.5328916149265084,0.2002386275713272,-0.11452610719873364,0.062025266025286366,-0.13655400803411827,0.42757793681542267,-0.2470439890122517,0.11886222431040305,-0.3340311114356511,0.01615822689230607,-0.003563779851217044,0.18496399878602107,-0.07853029489116775,-0.11355996443538194,1.0,0.9216667276695721,-0.14272500635832075,-0.1649928823393639,0.3904081068811068,-0.24176295606456605,0.062025266025286366,0.11881467417624816,0.008943682638113806,0.022929755251812567,0.043733426115887035,0.2428365993893008,-0.2682409448153109,-0.09537610173733224,-0.26932722536664816,0.11349113058795983,0.11313999123890739,0.062025266025286366,0.024600834707050184
parC-S80I_AMR,0.04737748409670876,-0.17441368177820418,-0.025214908223219867,0.031412476538815425,0.7706437690832136,0.17348495220965632,-0.1360576131386384,-0.04538494317098667,0.061817472219258277,-0.10206556913513318,0.08486332881385304,0.010434063877253529,-0.013860094167805011,0.31925755325753463,0.017017720316698976,0.13821404086082067,-0.15485533118809677,-0.14128240432659206,-0.14128240432659206,-0.003989634125088153,-0.37234171908842356,-0.14128240432659206,-0.14128240432659206,-0.14128240432659206,0.04417997803910758,0.003989634125088692,0.08409540251815797,-0.0814566138456768,0.04917413901327511,-0.14982611153298792,-0.09735826061890974,0.067795957187202,0.3704944981244743,0.13416706023224823,0.047747059866075504,0.07021589470538242,0.32679487592367606,-0.20033789378507386,-0.03521034413398363,0.07021589470538242,-0.08742692256404515,0.059991230123514254,0.017017720316698987,0.08283988041819991,-0.15036668930076935,0.14136496254269346,-0.02231182768897102,0.00694994059838983,-0.03848178364860794,0.08145661384567751,0.9901867372991583,0.695202557413456,0.07275312145481236,-0.4131295076740577,0.3185106650347254,-0.0751702983314306,-0.17260878009086034,0.39775777831520004,0.19229804918037488,-0.12855042465197247,0.05716662397036027,-0.1521780089353334,0.4660003482092133,-0.25909172184248674,0.16165081062740216,-0.3723920597776232,0.011007426501240355,-0.015307615445902716,0.1599656372683637,-0.09658754396483178,-0.13663216867431285,0.9216667276695721,1.0,-0.15485533118809686,0.05107291360044984,0.09439382396938845,0.07483679533204368,0.057166623970360285,0.16241183878267584,0.003989634125088656,0.03915756622081771,0.040307643738008804,0.23615646216484842,-0.24708144649945696,-0.1058996378808072,-0.2922175850349292,0.15067942473375656,0.14786926973578407,0.057166623970360285,0.002039472737811943
parC-S80R_AMR,-0.014689967273001953,0.07373635337806356,-0.010110854910286661,-0.008852556487835514,-0.07189850457371877,-0.05212597004399471,0.05198092192835412,0.03371610433439895,-0.01916726185685525,0.22842218609294807,-0.021728174111302376,-0.02004891355068215,0.11530535534611448,-0.05038854816564877,-0.007393886768818986,0.07156094044352525,-0.006841505131128843,-0.006241853520461147,-0.006241853520461147,0.006241853520461328,-0.008920878778521747,-0.006241853520461147,-0.006241853520461147,-0.006241853520461147,-0.00684150513112885,-0.006241853520461155,0.09146958490100794,-0.008393466606275568,0.10003282597721798,-0.01577745237981756,-0.008852556487835539,-0.010498565403438196,0.01772287683043655,-0.03103977733271295,-0.007393886768818989,-0.010873305629270542,-0.05154609232773274,0.09214720083723155,-0.007908912950338711,-0.010873305629270542,-0.009289961809158113,-0.009289961809158117,-0.00739388676881899,-0.039058914342675416,-0.010498565403438182,0.06766274669283075,0.007908912950339013,-0.010873305629270535,0.011931746760779577,0.008393466606275409,-0.15434933875920226,0.030714033719257978,0.026873103668879194,-0.0182520525763472,-0.013236350724767363,-0.007393886768818986,-0.011236376197664202,-4.191090159744525e-05,-0.023296666919745787,0.5413010328844143,-0.008852556487835532,-0.011236376197664207,-0.2448533930474961,0.12647759416223434,0.020436147665261823,-0.009554053355062066,-0.0068415051311288486,0.24612637037661161,0.0689665877799132,-0.017052394594822134,0.2665507522032587,-0.14272500635832075,-0.15485533118809686,1.0,-0.007908912950338706,0.018714163233285987,-0.011588876726199404,-0.008852556487835532,0.07057271872153839,-0.0062418535204611415,-0.009708617118472434,-0.006241853520461138,-0.013587522735014583,0.08299488994524246,-0.007393886768818979,-0.012910166489484254,0.0638954940903486,-0.0034689533326965243,-0.008852556487835532,0.013221648074233363
parE-E460D_AMR,-0.016981887783270134,0.08524065815416478,-0.011688344860711603,-0.010233727419377805,0.05925345379666795,-0.033760440342480484,0.03356079915467896,-0.025352920202031233,-0.02215772737383048,-0.011223350152701999,-0.02511819173155232,0.08123751822080587,-0.06859102880866509,-0.058250141379388186,0.1262279172507713,0.08272583850548529,-0.007908912950338695,-0.007215704029435845,-0.007215704029435845,0.00721570402943599,0.009228325718211472,-0.007215704029435845,-0.007215704029435845,-0.007215704029435845,-0.007908912950338706,-0.0072157040294358425,0.08863380908844934,-0.00970301059025224,0.09801648402258896,-0.018239041710621698,-0.010233727419377826,-0.012136545729014146,-0.07730063329606161,0.2547992811147999,-0.008547476863413776,0.26490753849214504,-0.032960524006023596,-0.08582911774291413,-0.009142857142857166,0.26490753849214504,-0.01073937647525808,-0.010739376475258092,-0.008547476863413773,-0.014197911554034865,-0.012136545729014129,0.07821945073746038,0.009142857142857468,-0.012569752716116012,-0.07078660964450675,0.009703010590252302,0.05124034229053124,0.03550602014958921,-0.018484617976022903,-0.021099727651233507,0.034555369077781665,-0.00854747686341377,-0.012989469352326694,-0.2139543923862748,0.029554172827430766,-0.012136545729014153,-0.010233727419377827,-0.012989469352326696,0.02650356625796324,0.015184926011072844,0.08761387148271947,0.008382509596630758,-0.007908912950338708,-0.015637080047926157,-0.034556872199164784,-0.01971289969975094,-0.024403975573270884,-0.1649928823393639,0.05107291360044984,-0.007908912950338706,1.0,-0.4226164350362998,-0.013396966816948682,-0.010233727419377827,0.08158343498096454,-0.007215704029435827,-0.01122335015270203,-0.007215704029435833,0.03436357010957863,0.09594370643869686,-0.008547476863413762,-0.014924403473021052,0.073864433482646,0.09169216660189176,-0.010233727419377827,0.015284482241098562
parE-I529L_AMR,-0.05150036368743398,0.03134690074860764,0.02765709965753617,0.024215166687729026,0.05956934509478096,-0.03239300179975255,0.04468007722409448,-0.04620750540489096,-0.019346217888835088,-0.10977849791754571,0.05943496193988495,0.008875635179001903,-0.004340605531403421,0.13783217250977262,-0.09843797719190438,-0.0043354785409942115,0.01871416323328598,0.017073884097328275,0.017073884097328275,-0.01707388409732825,0.06526374434866769,0.017073884097328275,0.017073884097328275,0.017073884097328275,0.018714163233285983,0.017073884097328195,-0.08264322218490056,-0.08181132459549179,-0.10100691105736427,-0.15695967689684498,-0.07523595975536289,0.02871763784570212,0.17214741121039684,-0.043059757690488205,0.020225140706322992,-0.09240986892946415,0.12927628547730205,-0.019191765154490763,0.021633936555429646,-0.09240986892946415,0.025411639455847533,0.025411639455847474,0.020225140706322944,0.03870545031107175,-0.35038380394797713,-0.0025655419329189584,-0.021633936555429906,-0.01097482475309998,0.041830542314131594,-0.022959378258488178,0.10624546920324246,0.14171671053996532,0.04864652929830364,-0.35016462978178065,0.16515252883413406,-0.21710109509013142,-0.4031844739339965,0.29438601909738393,0.13521625877178817,0.02871763784570215,0.024215166687729165,-0.3242898721647508,0.284789944493938,-0.04794758839641447,0.02508715527683288,0.06675764497769933,0.01871416323328597,0.03700064349504771,0.1093429276083352,0.02003802060872041,0.05774497523073083,0.3904081068811068,0.09439382396938845,0.018714163233285987,-0.4226164350362998,1.0,-0.6192570077398303,0.02421516668772916,0.020081563881976707,-0.05304816082332681,-0.018888283514176932,0.01707388409732826,0.24932651433922678,0.004493029582449468,-0.21710109509013117,-0.37907143702589313,-0.011639609279876555,0.004222603386585208,0.02421516668772916,0.031349243518047
parE-L445H_AMR,0.11872493588556526,0.025348812142156445,-0.017126852776688153,-0.014995411664964339,0.08682368562695222,-0.070024746903038,0.03316928163538176,-0.03714946272836762,0.005008069352338303,-0.01644549917180019,-0.03680551668602386,-0.03396100465903588,0.1431126201993542,-0.08535353871868186,-0.012524560114914617,0.0545913119020686,-0.011588876726199408,-0.010573122376608195,-0.010573122376608195,0.0105731223766082,-0.07237783659918208,-0.010573122376608195,-0.010573122376608195,-0.010573122376608195,-0.011588876726199415,-0.010573122376608204,0.09891003117495335,-0.014217755879918371,0.11172332336527332,-0.026725544624859227,-0.014995411664964329,-0.017783598481685616,-0.11326809584961216,-0.05257851104733953,-0.012524560114914639,-0.01841837375383432,-0.08731431143497886,0.13950920587202573,-0.013396966816948679,-0.01841837375383432,-0.01573633581119158,-0.01573633581119159,-0.012524560114914632,-0.06616218722352417,-0.017783598481685568,0.030529567272053977,0.013396966816949091,-0.018418373753834306,0.02021127510520312,0.014217755879918276,0.07508212746074035,0.05202673150346411,-0.0706489482017045,-0.03091728841143136,0.05063374890901844,-0.012524560114914625,-0.01903338170594132,-0.31350592603086586,-0.07354331000573609,-0.01778359848168561,-0.014995411664964323,-0.019033381705941318,0.038835496622205215,-0.011630390505437977,0.04564789291480863,-0.07311671675608498,-0.011588876726199418,-0.022912907775191515,-0.08928032921535199,-0.028885178781309456,-0.03575898057339299,-0.24176295606456605,0.07483679533204368,-0.011588876726199404,-0.013396966816948682,-0.6192570077398303,1.0,-0.014995411664964323,0.0527776546799944,-0.010573122376608176,0.054737715380648706,-0.010573122376608197,-0.0791214932800924,0.041684741727696165,-0.012524560114914611,-0.021868627603683053,0.04009060414826936,0.0353686194085142,-0.014995411664964323,-0.08335716052909713
psi-GI_STRESS,-0.019008063663799046,0.00922388220085724,-0.013082927297147743,0.08969072164948443,0.06632321662004016,0.003735186390383237,0.043504185164254396,0.014824994318324899,0.023864509268662484,-0.012562452240076436,-0.02811514206466612,0.4415479405134317,-0.05417748386011785,-0.04111158742193422,-0.009567309975082879,-0.015555179049361306,-0.008852556487835523,-0.008076638081766679,-0.008076638081766679,0.008076638081767356,-0.05528826495436507,-0.008076638081766679,-0.008076638081766679,-0.008076638081766679,0.38198781245010305,-0.008076638081766684,0.04176538693782289,0.09569496643156321,0.05053283891007483,-0.020415213575002398,-0.011454753722794963,-0.013584604775387697,-0.08652367614812842,-0.04016387869935562,-0.009567309975082884,0.06875295370259832,-0.06669799778154199,0.05464270549649252,-0.010233727419377827,0.06875295370259832,-0.012020733758016981,-0.012020733758016993,-0.00956730997508288,-0.050540230394449936,-0.013584604775387673,-0.021640707952248015,0.010233727419379125,-0.014069499393437584,0.015439067891325377,0.010860714979622514,0.057354029236537506,0.03974238318288799,-0.05396759492210636,-0.023617219216262916,0.0051950273999584054,-0.009567309975082882,-0.014539294073726769,0.04783134996780905,0.033080397527308694,-0.013584604775387704,1.0,-0.014539294073726769,0.029665811079342057,-0.03188957264458171,-0.009368724452015883,-0.05585268361902621,-0.008852556487835533,-0.017502801623723002,-0.06819980713442746,-0.022064923362648446,-0.027315709965032204,0.062025266025286366,0.057166623970360285,-0.008852556487835532,-0.010233727419377827,0.02421516668772916,-0.014995411664964323,1.0,-0.01706065743389551,-0.008076638081766665,-0.012562452240076464,-0.008076638081766674,0.038463622931355225,-0.021041873335134166,-0.009567309975082873,-0.016705092801218596,-0.027934970041320627,-0.004488647562600604,1.0,0.017108133984563678
qacE_STRESS,-0.06161480083384825,0.16288358369905698,-0.009963886070984342,0.04796622248321123,0.1628132497903398,0.003783450441909742,0.06963142562349074,0.013284760332957309,-0.03172457568414273,0.0010992955235841343,-0.0465413861655618,0.016462827480637907,0.17621135907237745,0.13777235091942397,-0.0013180428230927907,0.9537426888463164,0.014734268335231523,0.03382052801148037,0.03382052801148037,-0.003253970965280519,0.0863974611438883,0.03382052801148037,0.03382052801148037,0.03382052801148037,-0.013184956857921802,0.03382052801148048,0.37119281553255584,-0.004758377923802281,0.32763547276412336,-0.0615606358489751,-0.06041191071196658,0.016489874913381736,0.17841376691618757,0.14587194742050089,0.05040781552317023,0.07666431800150049,0.14848438081418935,0.023017674923254353,-0.01524206648165873,0.07666431800150049,-0.028242998486168465,0.07515073146112325,0.05040781552317017,-0.01884298281377532,-0.14876237721353494,0.8792056978656905,-0.03317068424965274,0.07666431800150063,0.03922547296112457,0.027593419808137228,0.154287045843542,0.14704703426282006,0.02516591335057572,-0.24772748764949443,0.15806452516634792,-0.027180971996224247,-0.14202171525177182,0.03121818139879262,0.1508890248164455,0.08993532030312247,-0.01706065743389551,-0.15921699491272265,0.16447573613687305,0.12850735739302827,0.8528896246233547,0.08736965652362484,-0.013184956857921806,-0.0044684355589040495,0.0527813678418564,-0.021265322489608097,0.055036536838938464,0.11881467417624816,0.16241183878267584,0.07057271872153839,0.08158343498096454,0.020081563881976707,0.0527776546799944,-0.01706065743389551,1.0,-0.057879143127118955,-0.01871045850345198,0.0032539709652806468,0.14736678693297914,0.12095639004573269,-0.07890683034248713,-0.13777602345426662,0.8959034201135061,0.48113352922375596,-0.017060657433895506,0.040195965733368755
qnrB_AMR,-0.013402405199002885,0.036888550905553305,-0.009224647808782904,-0.008076638081766662,-0.02065245209440765,0.019363918234413625,-0.019576974816779516,0.10183876554559593,0.11976836265732335,-0.008857665788192949,0.10301378554716488,-0.018291644781255643,-0.022266809785571703,-0.012002741412504495,-0.0067458194174048365,-0.056721708505217995,-0.0062418535204611485,-0.005694760820045556,-0.005694760820045556,0.005694760820045522,-0.03898323063171675,-0.005694760820045556,-0.005694760820045556,-0.005694760820045556,-0.006241853520461149,-0.005694760820045565,-0.019155206460527048,-0.007657787004627995,-0.014441109713793244,-0.014394573239854163,-0.00807663808176667,0.11124599362685504,-0.030136420268742616,0.01756308126562069,-0.006745819417404852,-0.009920270425919236,-0.013403967584965176,-0.03737616544435454,-0.007215704029435838,-0.009920270425919236,-0.00847570523035994,-0.008475705230359936,-0.0067458194174048434,-0.03563543654830112,0.11124599362685506,0.03093583855954643,0.007215704029435703,-0.009920270425919234,0.010885940169094731,0.007657787004627967,0.004187672795931438,-0.018227379438263573,-0.03805203873234284,0.05507436007221323,-0.1143807451859296,0.16344156759883752,0.10289961387301477,0.033725430681547125,-0.03017061751444675,-0.009578375835030588,-0.008076638081766665,0.1028996138730148,-0.03771715049661749,-0.022485034865476674,-0.021756240751046554,-0.03938119687275345,-0.006241853520461148,-0.012341059227703427,-0.014784406492043017,-0.015557767946367209,-0.019260047721064547,0.008943682638113806,0.003989634125088656,-0.0062418535204611415,-0.007215704029435827,-0.05304816082332681,-0.010573122376608176,-0.008076638081766665,-0.057879143127118955,1.0,-0.008857665788192947,0.19544419134396337,-0.11514059184383489,0.015349204755180635,-0.006745819417404833,0.087273834270484,-0.004098323095965242,0.011941092630684578,-0.008076638081766665,0.012062782822883759
qnrS1_AMR,0.1495906648129361,0.02586945971911305,-0.014348073586579788,0.1723149698930485,0.029045243039721093,-0.030600106776182204,0.030341957788181564,0.008361822318933435,0.3286139423578619,-0.013777267508610786,-0.030833934797521997,-0.028450936098736772,0.06036613898316717,0.03856991919581437,0.09980355375313688,-0.01705939722689717,-0.009708617118472412,-0.008857665788192947,-0.008857665788192947,0.00885766578819293,-0.03664708099139848,-0.008857665788192947,-0.008857665788192947,-0.008857665788192947,-0.009708617118472422,-0.008857665788192947,0.02480465564916955,-0.011910968714506842,0.0337857862669974,-0.022389407202754823,-0.012562452240076467,-0.014898264320734999,0.045156914142533394,-0.014312170463668238,-0.010492488755023165,0.1359558784551242,0.014017533437150231,0.03237899563966438,-0.01122335015270201,0.1359558784551242,0.075004211783459,-0.013183163722259106,0.099803553753137,-0.030094993292421345,-0.014898264320734956,0.03614259208395515,0.011223350152701683,0.06026291459896114,0.016932057878303312,0.011910968714506703,0.03940580347189091,0.043585554323033196,-0.03485603475176192,-0.025901053451485818,0.04241857887047741,-0.01049248875502316,-0.015945274060510543,-0.026317582657414525,-0.03305974561522751,-0.014898264320734978,-0.012562452240076464,-0.015945274060510543,0.03253455673217514,0.03651154088197989,-0.010274699598706668,-0.03740584204000583,-0.009708617118472405,-0.01919535895634276,-0.053211906148027774,-0.024198647359184273,-0.029957195950588166,0.022929755251812567,0.03915756622081771,-0.009708617118472434,-0.01122335015270203,-0.018888283514176932,0.054737715380648706,-0.012562452240076464,-0.01871045850345198,-0.008857665788192947,1.0,-0.00885766578819294,0.011450702567604963,0.03952455128421733,-0.010492488755023162,-0.01832051003102214,-0.01041818728917829,-0.02450267377694859,-0.012562452240076464,-0.04399243817340965
sat2_AMR,-0.013402405199002872,0.006503671754803716,-0.009224647808782903,-0.008076638081766665,-0.054360613276222755,-0.047557176877082344,-0.05307788327262515,-0.02000897155028649,0.051140546806306725,-0.008857665788192923,0.16443253817251705,-0.01829164478125563,-0.054133249073513044,0.055935852608274335,-0.006745819417404843,-0.0262191088644704,-0.006241853520461148,-0.005694760820045561,-0.005694760820045561,0.005694760820045747,-0.03898323063171678,-0.005694760820045561,-0.005694760820045561,-0.005694760820045561,-0.006241853520461153,-0.005694760820045562,0.01324718301197365,-0.0076577870046279865,0.018939780017304782,-0.014394573239854158,-0.008076638081766674,0.1112459936268551,0.03160478413334493,-0.028319169496340953,-0.00674581941740485,-0.009920270425919238,0.053844347060059014,-0.0070144781514704,-0.0072157040294358495,-0.009920270425919238,-0.008475705230359946,-0.008475705230359945,-0.006745819417404839,-0.03563543654830114,-0.009578375835030569,0.06173216939165405,0.007215704029435816,-0.009920270425919234,-0.09591722837880147,0.007657787004627851,0.04043978141169082,0.02802197700997416,-0.03805203873234285,-0.016652277012984818,0.027271706425817763,-0.006745819417404836,-0.0102515181940737,-0.0067909710760122284,0.02332467418285537,-0.009578375835030581,-0.008076638081766674,-0.01025151819407371,0.020917081701469317,-0.02248503486547669,0.008544643449543577,-0.03938119687275348,-0.006241853520461158,-0.01234105922770342,-0.04808703642182362,-0.015557767946367193,-0.019260047721064558,0.043733426115887035,0.040307643738008804,-0.006241853520461138,-0.007215704029435833,0.01707388409732826,-0.010573122376608197,-0.008076638081766674,0.0032539709652806468,0.19544419134396337,-0.00885766578819294,1.0,0.02712033529903765,0.015349204755180635,-0.0067458194174048365,-0.011778602311569172,-0.004098323095965297,0.04215308344127051,-0.008076638081766674,0.012062782822883611
sat_VIR,-0.03950841567872776,0.09510509232008872,-0.044700367355533926,-0.0960448089434433,0.16669801750162563,0.005601548202603859,0.01898952368293139,-0.10579752257936123,-0.04615681549985123,-0.08074659561350564,-0.07935313830948693,0.009399313352621052,0.03241649142509773,0.13083983274267091,-0.04812057671145088,0.12774057615119985,-0.05690081722966386,-0.06772028279621081,-0.06772028279621081,0.11514059184383524,0.054758459978745774,-0.06772028279621081,-0.06772028279621081,-0.06772028279621081,0.029725771759634655,-0.11514059184383511,0.001081420365445419,-0.10523428535877208,-0.008351125151525939,-0.2021082507416987,-0.12967191691214358,-0.011355459011182945,0.1886433343691436,0.015876589238685696,0.03212582411236625,0.019708225497717488,0.1446915296821284,-0.0567860336854993,0.0343635701095786,0.019708225497717488,-0.055877592608017265,-0.02379702416011129,-0.08824377712335967,0.022261030015714403,-0.296209729092846,0.10533907507609308,-0.034363570109578,0.047243610172534756,0.07405656769863676,-0.036468915513199765,0.23475034133209108,0.13914257153508924,0.03960318560916589,-0.25890028619403,0.6382272895633166,-0.12836697753526805,-0.32464837451819184,0.21192041610740903,0.7843717603858049,-0.039840886019349334,0.038463622931355225,-0.29797198193494573,0.2459745677746727,-0.009939465579602963,0.17076124202317608,0.057416340205072774,0.029725771759634777,-0.030587860003122108,0.0798299074100031,-0.10583880466574674,-0.027076197134879028,0.2428365993893008,0.23615646216484842,-0.013587522735014583,0.03436357010957863,0.24932651433922678,-0.0791214932800924,0.038463622931355225,0.14736678693297914,-0.11514059184383489,0.011450702567604963,0.02712033529903765,1.0,0.03791991568280427,-0.20861337835908517,-0.43430887493441667,0.097479570281343,0.11122940361547519,0.038463622931355225,0.07952603895209541
senB_VIR,0.007181250437094319,0.6878060094768109,-0.00898779063292198,0.0003636268433490929,-0.20192414562777491,0.02975960301232512,0.2090239998424031,0.01918696339070676,-0.024960731336015417,-0.03872697065292142,0.06080513777374198,-0.05359090784599071,0.15068875671056536,-0.1024370273447351,-0.012466599158090836,0.11150137871553896,-0.08243284780114371,-0.07520768476925915,-0.07520768476925915,-0.04553483459666043,0.012864480406133394,-0.07520768476925915,-0.07520768476925915,-0.07520768476925915,0.00028102107204928777,-0.014836425086299305,0.2381641445599669,-0.07858186356245567,0.1900125760622189,-0.04242440913872893,-0.04244737351361737,-0.035833837827218426,-0.24047847937446265,0.12866063540217562,0.06415525970451395,0.009210522908736448,-0.11141984651784727,0.1032923712133135,-0.023579844330729356,0.009210522908736448,-0.09151309927727898,-0.07109205640089877,-0.012466599158090825,-0.048257642008809165,-0.12649652780267331,0.10814181874261479,-0.0003248658231557195,0.07932165849851475,-0.01651843446564764,-0.056720935642578636,-0.24936258657087515,-0.13660727630328262,-0.08561438495996632,0.006131854054742298,0.02711654710029451,-0.012466599158090844,-0.11840537352295316,-0.20521309082947764,0.002963988506389447,0.036696314153145705,-0.021041873335134166,-0.1184053735229532,-0.022940343523545875,0.1086090788437008,0.14012873409571866,0.004534184290394718,-0.027290268552348347,-0.04921664494635509,-0.0902951142310843,-0.022206627284368424,-0.02749113514838737,-0.2682409448153109,-0.24708144649945696,0.08299488994524246,0.09594370643869686,0.004493029582449468,0.041684741727696165,-0.021041873335134166,0.12095639004573269,0.015349204755180635,0.03952455128421733,0.015349204755180635,0.03791991568280427,1.0,-0.06354783839982721,-0.11095830913294503,0.10505686132886628,0.13956359617611475,-0.02104187333513417,0.013988714551778223
sfaF_VIR,-0.01587603203862701,-0.07456543834895701,-0.010927203138745845,-0.00956730997508286,-0.08721060705304924,0.028600154643511434,-0.028859364224347924,0.0278468666352213,-0.020714822414305015,0.2100995962612969,-0.02348250216771314,-0.021667658474316592,-0.06412440035091685,-0.05445690859556742,-0.007990867579908674,-0.07751412655243191,-0.007393886768818978,-0.006745819417404841,-0.006745819417404841,0.0067458194174047905,-0.04617820527649527,-0.006745819417404841,-0.006745819417404841,-0.006745819417404841,-0.00739388676881898,-0.006745819417404844,0.021175413318230814,-0.009071153276241839,0.028084254987303776,0.19110051313646273,-0.009567309975082882,-0.011346217292868438,-0.07226683784964409,0.005275898643757804,-0.007990867579908691,0.08707089965044863,-0.055707912621774144,-0.0031711945349980238,-0.00854747686341377,0.08707089965044863,-0.010040031307004819,-0.010040031307004826,-0.007990867579908679,0.12315419193197316,0.295348982797014,-0.005046212909229395,0.008547476863413684,-0.011751213963106822,0.01289511340158419,0.009071153276241686,-0.10546431183791363,-0.04507099339925596,0.11374909431760201,0.2837204509280396,-0.20740438448720844,-0.007990867579908679,0.37081346245025176,0.03994999480067737,-0.1534238088717878,-0.011346217292868457,-0.009567309975082873,0.3708134624502517,-0.22327987932725468,0.06669320779128501,-0.07192034991955408,-0.046649622510877946,-0.007393886768818983,0.06555759015146749,-0.028784292044734778,0.04614613482360128,0.030480084021083122,-0.09537610173733224,-0.1058996378808072,-0.007393886768818979,-0.008547476863413762,-0.21710109509013117,-0.012524560114914611,-0.009567309975082873,-0.07890683034248713,-0.006745819417404833,-0.010492488755023162,-0.0067458194174048365,-0.20861337835908517,-0.06354783839982721,1.0,0.4050979611391508,-0.010133957754701028,-0.06765634618178797,-0.009567309975082873,0.014289161066802369
sslE_VIR,-0.02772049711058789,-0.13019569457109376,-0.01907954722549219,0.05353584502485753,-0.25187398399146654,0.0828933848822765,-0.09988351444676644,0.07862471845075139,-0.036169313181339674,0.17426294660460326,-0.04100184680313607,-0.037833021668709305,-0.06488639528592927,-0.09508500447102428,-0.01395253052658274,-0.10530179631536606,0.1680370876409057,0.1863262708525375,0.1863262708525375,0.011778602311569098,-0.04417510921671994,0.1863262708525375,0.1863262708525375,0.1863262708525375,-0.012910166489484223,0.08727383427048421,-0.010896891490390685,0.1321573866256817,-0.00027925274025657475,0.2932900403747569,0.1940177206770102,-0.019811170884375617,-0.12618220125333215,-0.058573177317155965,-0.01395253052658275,-0.020518319181873742,-0.09726933197864228,-0.005537094453490879,-0.014924403473021023,-0.020518319181873742,0.11649050137922465,-0.01753049238996801,0.06985756780656394,0.06103981578381813,0.4561960098204858,-0.06947455578914759,0.0149244034730208,-0.020518319181873763,0.0225156357029016,0.015838773666616086,-0.2912627591049264,-0.3520068880407167,0.050710514105418054,0.6013598142242188,-0.43189825116401753,0.23747776447285687,0.536018076948147,0.00989722072037372,-0.21519876192018658,0.15869152187994745,-0.016705092801218596,0.4802959246117666,-0.5631092558548377,0.06213143922969465,-0.1554210234418737,-0.04521063215329811,-0.012910166489484193,0.11446745534081344,-0.03385894923719544,0.08057389868766378,0.05322004131644341,-0.26932722536664816,-0.2922175850349292,-0.012910166489484254,-0.014924403473021052,-0.37907143702589313,-0.021868627603683053,-0.016705092801218596,-0.13777602345426662,0.087273834270484,-0.01832051003102214,-0.011778602311569172,-0.43430887493441667,-0.11095830913294503,0.4050979611391508,1.0,-0.07914675634434265,-0.10325387918602097,-0.016705092801218596,-0.022735572754176744
sul_AMR,-0.025960871664301104,0.12664526896311779,-0.0027514344771651955,0.060554997838450066,0.16958616658505588,0.04569676562834882,0.0756980403009535,-0.0030605926184390543,-0.012584984844142923,0.07045442261275074,-0.06380200592743412,0.01342093691715489,0.15874197751121544,0.11233022650541266,0.01626216229662936,0.8597655149395469,0.03540068536217795,0.05829511300295409,0.05829511300295409,0.004098323095965217,0.0660933414149907,0.05829511300295409,0.05829511300295409,0.05829511300295409,-0.021588932094163196,0.02709839495349451,0.5177243700549139,0.07838986972305742,0.4791809500187282,0.007446811542000032,-0.005812478071377972,0.02309061253040527,0.14091371636204578,0.19738004943245313,0.04265828234795984,0.08343516798968215,0.12678111150948748,0.020004375041098782,-0.024957225252469756,0.08343516798968215,0.044552470097149535,0.06565752969789158,0.042658282347959826,-0.02322055153358259,-0.014389186852587173,0.8583457109409621,-0.024453604115088016,0.06532027904577022,0.05421681497286981,0.03813917904034337,0.14268194064571946,0.12920046656994943,0.016868177388966434,-0.2189058176559865,0.10164911781750498,-0.010133957754700959,-0.0003577531195657876,0.031811958922769654,0.13460531588738345,0.0980502112963904,-0.027934970041320627,-0.017907531151599133,0.1314589196961966,0.15318564164161963,0.819569409620564,0.06639985258827,-0.02158893209416315,0.023451915132034123,0.048037399958419755,0.005375661099698723,0.060386498875861755,0.11349113058795983,0.15067942473375656,0.0638954940903486,0.073864433482646,-0.011639609279876555,0.04009060414826936,-0.027934970041320627,0.8959034201135061,-0.004098323095965242,-0.01041818728917829,-0.004098323095965297,0.097479570281343,0.10505686132886628,-0.010133957754701028,-0.07914675634434265,1.0,0.5478457879775168,-0.027934970041320627,0.041721997861083354
tet_AMR,-0.027199252580835966,0.1263846579827439,-0.05218323651717644,-0.004488647562600633,0.1652251454454705,0.18717168071166543,0.03138867423082034,-0.0019690807676350634,-0.025180988771643154,0.01465725553535117,-0.03408061362476825,-0.03492114245810068,0.21402580518239178,0.2219143963578416,0.00903242619115016,0.4532129729641342,-0.05865968833757958,-0.04848288899048713,-0.04848288899048713,0.048482888990487374,0.050608800165690034,-0.04848288899048713,-0.04848288899048713,-0.04848288899048713,-0.0034689533326965117,-0.048482888990487215,0.5480844846746739,0.029599371451398095,0.5224514701519061,-0.01415846913570867,-0.004488647562600618,-0.0053232487218466485,0.09824673656963964,0.24270107434001761,0.06015827443977564,0.0909737405503648,0.2390151623443998,-0.10605274590115733,-0.004010177499137114,0.0909737405503648,0.0055090063438631405,-0.07624649956590393,-0.04209342205747536,-0.005126532815929115,0.012825124333715566,0.4645028104862585,-0.019915408526120122,-0.06691407691059814,0.05417691025531988,0.08325142730328533,0.1504376539265458,0.10935608433665452,-0.046522989224533184,-0.19779382640172594,0.09317154279501139,0.034595350315462875,-0.022693169945271735,0.027871765079995392,0.12143855617546151,0.0309734973892778,-0.004488647562600604,-0.005697352250890966,0.14813532686472636,0.09519450622682803,0.5459020519563166,0.04720295682075078,0.024126414169745095,0.01449096970713101,0.030800681182504248,-0.008646337308293988,-0.03908693215178748,0.11313999123890739,0.14786926973578407,-0.0034689533326965243,0.09169216660189176,0.004222603386585208,0.0353686194085142,-0.004488647562600604,0.48113352922375596,0.011941092630684578,-0.02450267377694859,0.04215308344127051,0.11122940361547519,0.13956359617611475,-0.06765634618178797,-0.10325387918602097,0.5478457879775168,1.0,-0.004488647562600604,0.05033746425702731
trxLHR_STRESS,-0.019008063663799046,0.00922388220085724,-0.013082927297147743,0.08969072164948443,0.06632321662004016,0.003735186390383237,0.043504185164254396,0.014824994318324899,0.023864509268662484,-0.012562452240076436,-0.02811514206466612,0.4415479405134317,-0.05417748386011785,-0.04111158742193422,-0.009567309975082879,-0.015555179049361306,-0.008852556487835523,-0.008076638081766679,-0.008076638081766679,0.008076638081767356,-0.05528826495436507,-0.008076638081766679,-0.008076638081766679,-0.008076638081766679,0.38198781245010305,-0.008076638081766684,0.04176538693782289,0.09569496643156321,0.05053283891007483,-0.020415213575002398,-0.011454753722794963,-0.013584604775387697,-0.08652367614812842,-0.04016387869935562,-0.009567309975082884,0.06875295370259832,-0.06669799778154199,0.05464270549649252,-0.010233727419377827,0.06875295370259832,-0.012020733758016981,-0.012020733758016993,-0.00956730997508288,-0.050540230394449936,-0.013584604775387673,-0.021640707952248015,0.010233727419379125,-0.014069499393437584,0.015439067891325377,0.010860714979622514,0.057354029236537506,0.03974238318288799,-0.05396759492210636,-0.023617219216262916,0.0051950273999584054,-0.009567309975082882,-0.014539294073726769,0.04783134996780905,0.033080397527308694,-0.013584604775387704,1.0,-0.014539294073726769,0.029665811079342057,-0.03188957264458171,-0.009368724452015883,-0.05585268361902621,-0.008852556487835533,-0.017502801623723002,-0.06819980713442746,-0.022064923362648446,-0.027315709965032204,0.062025266025286366,0.057166623970360285,-0.008852556487835532,-0.010233727419377827,0.02421516668772916,-0.014995411664964323,1.0,-0.017060657433895506,-0.008076638081766665,-0.012562452240076464,-0.008076638081766674,0.038463622931355225,-0.02104187333513417,-0.009567309975082873,-0.016705092801218596,-0.027934970041320627,-0.004488647562600604,1.0,0.017108133984563678
ymgB_STRESS,-0.18261874636818382,0.047660217031324295,-0.04078778416779573,0.017108133984563886,0.014536845871806708,0.036303187639230995,-0.035945151517921214,0.04238349703305624,-0.06207335278470312,0.0187625261353477,0.012423201860323831,0.038745813115265405,-0.00806139422083815,0.03196583041340637,-0.06764154816687601,0.06728548285072286,0.013221648074233277,0.01206278282288362,0.01206278282288362,-0.012062782822883922,0.04693793001548794,0.01206278282288362,0.01206278282288362,0.01206278282288362,0.013221648074233374,0.01206278282288388,0.01561665238350045,-0.05611780612246499,0.004877433339801071,0.030490940060071636,-0.05155769468984457,0.020289151931934264,0.05491877173899305,0.05998636328260432,0.014289161066802432,-0.03521329970353662,0.05105464360972015,-0.04653132173844479,0.01528448224109878,-0.03521329970353662,0.017953447861185783,0.017953447861185703,0.014289161066802475,0.0190307982818335,0.02028915193193441,0.047147071305497404,-0.015284482241098693,0.021013361486739643,-0.02305886695372125,0.05611780612246584,0.0016009469157463746,-0.03709172293974496,0.008309985622250235,0.0007430066670036597,0.1240819240866882,0.014289161066802534,0.021715018679039695,0.04559310841900769,0.027853358690168098,0.020289151931934295,0.017108133984563678,0.021715018679039723,0.012147683819628595,0.04762835541617096,0.07234172948504607,0.03027371278385253,0.0132216480742335,0.026141136032283904,0.021697269185503857,-0.003786478721747689,-0.01984909805194534,0.024600834707050184,0.002039472737811943,0.013221648074233363,0.015284482241098562,0.031349243518047,-0.08335716052909713,0.017108133984563678,0.040195965733368755,0.012062782822883759,-0.04399243817340965,0.012062782822883611,0.07952603895209541,0.013988714551778223,0.014289161066802369,-0.022735572754176744,0.041721997861083354,0.05033746425702731,0.017108133984563678,1.0
