,p0111_PLASMID,glpT-E448K_AMR,ymgB_STRESS,parE-E460D_AMR,blaCTX-M-27_AMR,aph(6)-Id_AMR,aph(3'')-Ib_AMR,tet_AMR,mph(A)_AMR,sul_AMR,qacE_STRESS,aadA_AMR,dfrA_AMR,Col_PLASMID,senB_VIR,fdeC_VIR,acrF_AMR,parE-I529L_AMR,iss_VIR,IncFIA_PLASMID,gyrA-D87N_AMR,parC-S80I_AMR,parC-E84V_AMR,gyrA-S83L_AMR,mdtM_AMR,iha_VIR,sat_VIR,iucABCD_VIR,IncFIB_PLASMID,aac(6')-Ib-cr_AMR,blaOXA-OH_AMR,blaCTX-M-15_AMR,papCFGII_VIR,hlyA-alpha_VIR,cnf1_VIR,aac(3)_AMR,erm(B)_AMR,emrE_STRESS,IncI_PLASMID,IncX_PLASMID,blaCTX-M_AMR,ampC-T32A_AMR,trxLHR_STRESS,psi-GI_STRESS,kefB_STRESS,IncY_PLASMID,blaCMY_AMR,astA_VIR,sfaF_VIR,cvaC_VIR,mchF_VIR,iroBCDEN_VIR,sslE_VIR,ibeA_VIR,ireA_VIR,aph(3')-Ia_AMR,IncQ1_PLASMID,catA_AMR,merCPRT_STRESS,IncC_PLASMID,cmlA_AMR,ant(2'')-Ia_AMR,catB_AMR,aac(6')_AMR,ble_AMR,blaNDM_AMR,nfaE_VIR,afaC_VIR,IncFII_PLASMID,blaTEM-CA_AMR,papA_VIR,papE_VIR,papH_VIR,aggR_VIR,agg3DCB_VIR,aatA_VIR,aar_VIR,agg5A_VIR,aap_VIR,iutA_VIR,parC-S80R_AMR,blaTEM-IR_AMR,qnrB_AMR,sat2_AMR,blaCTX-M-14_AMR,IncB/O/K/Z_PLASMID,qnrS1_AMR,IncN_PLASMID,BlaKPC_AMR,parE-L445H_AMR
p0111_PLASMID,1.0,0.0083934666062755,0.0132216480742335,-0.0079089129503387,0.0527771137522581,0.0085633900042629,0.0026814095976844,0.024126414169745,-0.0072404142801771,-0.0215889320941631,-0.0131849568579218,-0.0120214807358832,-0.0167245489706855,-0.0372767754076655,-0.0272902685523483,0.0119317467607796,0.0062418535204609,0.0187141632332859,0.0369654152089567,0.0204677120197735,0.0112124519652579,0.0110074265012403,0.016158226892306,-0.0115297229382261,-0.0306294187488197,0.029891685031578,0.0297257717596347,0.0255654634606236,-0.0215633992944281,0.0116659679156174,0.0098779286242079,0.0177228768304365,-0.0222884027440578,-0.041707678237538,-0.0390589143426754,-0.0302272758297275,-0.0108733056292705,0.0079089129503381,0.0337161043343988,-0.0217281741113023,-0.0073938867688189,-0.0068415051311288,-0.0088525564878355,-0.0088525564878355,-0.0088525564878355,-0.0200489135506821,-0.0088525564878355,-0.0157774523798175,-0.0073938867688189,-0.0104985654034381,-0.0112363761976641,-0.0112363761976641,-0.0129101664894841,0.0472624288257446,-0.0073938867688189,-0.0083934666062755,-0.0097086171184724,-0.009289961809158,-0.0246451604321539,-0.0088525564878355,-0.0073938867688189,-0.0062418535204611,-0.0092899618091581,-0.0073938867688189,-0.0108733056292705,-0.0108733056292705,0.0240564211968096,0.0248865716997387,0.0213814858865298,-0.0465132939468097,-0.0135266583480575,-0.0170523945948221,-0.021110350455599,-0.0062418535204611,-0.0062418535204611,-0.0062418535204611,-0.0062418535204611,-0.0062418535204611,-0.0068415051311288,-0.0104985654034381,-0.0068415051311288,-0.0079089129503387,-0.0062418535204611,-0.0062418535204611,-0.0104985654034381,-0.0101108549102866,-0.0097086171184724,-0.0191672618568552,-0.0146899672730019,-0.0115888767261994
glpT-E448K_AMR,0.0083934666062755,1.0,0.0561178061224658,0.0097030105902523,0.0380809967273053,0.0643065964413037,0.0693298806748909,0.0832514273032853,0.0202011505240205,0.0381391790403433,0.0275934198081372,0.0261421249047911,0.032021778183619,-0.0677637614298798,-0.0567209356425786,-0.0146384042797051,-0.0076577870046281,-0.0229593782584881,0.1059900115953711,0.0630263157853569,0.0810327674538253,0.0814566138456775,0.0711414089990958,-0.0376813597922526,-0.028127354508801,-0.0366724653872265,-0.0364689155131997,-0.0313648619299208,-0.0110405888244057,-0.0396894264869235,-0.037237939418971,0.0128500491777647,-0.0099741611081592,-0.0329691338277928,-0.0396846667974424,-0.0224311454008654,0.01333986103202,-0.0097030105902521,0.0269062120702955,0.0266571025414793,0.0090711532762423,0.0083934666062759,0.0108607149796225,0.0108607149796225,0.0108607149796225,0.0245969100591745,0.0108607149796224,0.0193564891268669,0.0090711532762416,0.0128801128463112,0.0137852923564322,0.0137852923564322,0.015838773666616,0.0223924400931168,0.0090711532762418,0.0102974828375284,0.0119109687145067,0.0113973435266395,0.0302357927281792,0.0108607149796226,0.0090711532762421,0.0076577870046284,0.01139734352664,0.0090711532762418,0.0133398610320198,0.0133398610320198,0.0254662908782486,0.0247700367714832,0.011308996386591,0.0684055997463194,0.0165951136428055,0.0209206456540446,0.0258991286565928,0.0076577870046278,0.0076577870046278,0.0076577870046278,0.0076577870046278,0.0076577870046278,0.0083934666062754,0.0128801128463112,0.0083934666062754,0.0097030105902523,0.0076577870046279,0.0076577870046278,0.0128801128463109,0.0124044521525314,0.0119109687145067,0.0235152600554591,0.0180223134222623,0.0142177558799182
ymgB_STRESS,0.0132216480742335,0.0561178061224658,1.0,0.0152844822410985,0.0599863632826043,0.004877433339801,0.0156166523835004,0.0503374642570273,0.072341729485046,0.0417219978610833,0.0401959657333687,0.0672854828507228,0.0471470713054974,0.0476602170313242,0.0139887145517782,-0.0230588669537212,-0.0120627828228839,0.031349243518047,0.0455931084190076,0.0145368458718067,0.0016009469157463,0.0020394727378119,0.0246008347070501,-0.0370917229397449,0.0121476838196285,0.1240819240866882,0.0795260389520954,0.027853358690168,0.0363031876392309,0.0319658304134063,0.0510546436097201,0.054918771738993,0.0216972691855038,0.0083099856222502,0.0190307982818335,-0.0080613942208381,0.0210133614867396,-0.0152844822410986,0.0423834970330562,0.0124232018603238,0.0142891610668024,0.0132216480742333,0.0171081339845636,0.0171081339845636,0.0171081339845636,0.0387458131152654,-0.0515576946898445,0.0304909400600716,0.0142891610668023,0.0202891519319344,0.0217150186790397,0.0217150186790396,-0.0227355727541767,0.0007430066670036,0.0142891610668025,-0.0561178061224649,0.0187625261353477,0.0179534478611857,0.0476283554161709,0.0171081339845638,0.0142891610668024,0.0120627828228838,0.0179534478611857,-0.067641548166876,-0.0352132997035366,-0.0352132997035366,0.0302737127838525,0.0469379300154879,-0.0359451515179212,-0.0465313217384447,0.0261411360322839,-0.0037864787217476,-0.0198490980519453,0.0120627828228836,0.0120627828228836,0.0120627828228836,0.0120627828228836,0.0120627828228836,0.0132216480742332,0.0202891519319342,0.0132216480742333,0.0152844822410987,0.0120627828228837,0.0120627828228836,0.0202891519319342,-0.0407877841677957,-0.0439924381734096,-0.0620733527847031,-0.1826187463681838,-0.0833571605290971
parE-E460D_AMR,-0.0079089129503387,0.0097030105902523,0.0152844822410985,1.0,0.2547992811147999,0.0980164840225889,0.0886338090884493,0.0916921666018917,0.0876138714827194,0.073864433482646,0.0815834349809645,0.0827258385054852,0.0782194507374603,0.0852406581541647,0.0959437064386968,-0.0707866096445067,0.0072157040294359,-0.4226164350362998,-0.2139543923862748,0.0592534537966679,0.0512403422905312,0.0510729136004498,-0.1649928823393639,0.0355060201495892,0.0265035662579632,0.0345553690777816,0.0343635701095786,0.0295541728274307,-0.0337604403424804,-0.0582501413793881,-0.0329605240060235,-0.0773006332960616,-0.0345568721991647,-0.0184846179760229,-0.0141979115540348,-0.068591028808665,-0.012569752716116,0.0091428571428574,-0.0253529202020312,-0.0251181917315523,-0.0085474768634137,-0.0079089129503387,-0.0102337274193778,-0.0102337274193778,-0.0102337274193778,0.0812375182208058,-0.0102337274193778,-0.0182390417106216,-0.0085474768634137,-0.0121365457290141,-0.0129894693523266,-0.0129894693523266,-0.014924403473021,-0.0210997276512335,-0.0085474768634137,-0.0097030105902522,-0.0112233501527019,-0.010739376475258,0.0151849260110728,-0.0102337274193778,-0.0085474768634137,-0.0072157040294358,-0.010739376475258,0.1262279172507713,0.264907538492145,0.264907538492145,0.0083825095966307,0.0092283257182114,0.0335607991546789,-0.0858291177429141,-0.0156370800479261,-0.0197128996997509,-0.0244039755732708,-0.0072157040294358,-0.0072157040294358,-0.0072157040294358,-0.0072157040294358,-0.0072157040294358,-0.0079089129503386,-0.0121365457290141,-0.0079089129503387,-0.0091428571428571,-0.0072157040294358,-0.0072157040294358,-0.0121365457290141,-0.0116883448607116,-0.011223350152702,-0.0221577273738304,-0.0169818877832701,-0.0133969668169486
blaCTX-M-27_AMR,0.0527771137522581,0.0380809967273053,0.0599863632826043,0.2547992811147999,1.0,0.4551161075921354,0.4236190266977322,0.2427010743400176,0.1710544278987287,0.1973800494324531,0.1458719474205008,0.1298461808290181,0.1102840478905498,0.0780874277642134,0.1286606354021756,-0.06768142790193,-0.1093275827895439,-0.0430597576904882,-0.0725880553233321,0.1479678585426307,0.1349444231323582,0.1341670602322482,0.0905041563276183,0.1287989379895006,0.1040174294919697,0.0386800395876068,0.0158765892386856,0.0061636539224107,-0.0685738171539725,-0.228611874902205,-0.2261935497115008,-0.2892946150956234,-0.1707588061768314,-0.1378444172352656,-0.1237104178378474,-0.2328507006276624,-0.0226896929689276,0.0358825861001451,0.0533707234038676,0.0135026303737939,-0.0335459222098933,-0.031039777332713,-0.0401638786993556,-0.0401638786993556,-0.0401638786993556,-0.0458469301197486,0.0249089743126279,-0.0154645927101671,0.0052758986437578,-0.0476317895243434,-0.0509792229220391,-0.0509792229220391,-0.0585731773171559,-0.082809211858518,0.0052758986437577,-0.0380809967273046,-0.0440478093328895,-0.0421483782382394,-0.0489117722083554,0.0249089743126278,0.0440977194974087,0.0634453320275822,0.0199317184829706,0.0052758986437577,0.0572371643112446,0.0572371643112446,-0.1706547861612467,-0.1685281817444218,0.1670587478849143,-0.1844807466249295,-0.0613701890347205,-0.0599569780298926,-0.0957772544196297,-0.0283191694963409,-0.0283191694963409,-0.0283191694963409,-0.0283191694963409,-0.0283191694963409,-0.0310397773327129,-0.0476317895243433,-0.0310397773327129,-0.0358825861001462,0.0175630812656206,-0.0283191694963409,-0.0476317895243433,-0.0458727544660748,-0.0143121704636682,-0.0713066560842999,-0.0266547104479136,-0.0525785110473395
aph(6)-Id_AMR,0.0085633900042629,0.0643065964413037,0.004877433339801,0.0980164840225889,0.4551161075921354,1.0,0.9275451769902372,0.5224514701519061,0.3845400872680245,0.4791809500187282,0.3276354727641233,0.3154037750290578,0.3599594429540057,0.0707513592110554,0.1900125760622189,0.0382401985383572,0.0144411097137931,-0.1010069110573642,-0.1605782380069589,0.0906156524463801,0.0508087413823709,0.0491741390132751,-0.0080360777621522,0.1585606284868279,0.0394195084015716,-0.0374148892537275,-0.0083511251515259,0.0360651678585164,-0.0828372717306632,-0.2620266803378963,-0.2554146237270407,-0.2971319677716675,-0.1164150548260284,-0.1077093557596028,-0.091663851846506,-0.0050609409361842,-0.0833058984903401,0.0341590739980979,0.013969740033899,-0.0135752968462283,0.0845726311918352,0.039053201995248,0.0505328389100748,0.0505328389100748,0.0505328389100748,0.0105071335319597,0.0268614878450372,0.0832575065547086,0.0280842549873037,0.0599287126885692,0.0641403406021522,0.0641403406021522,-0.0002792527402565,-0.0922233897407058,0.0563284430895694,0.0853185014708728,0.1419542027780875,0.0869036973723239,-0.0149160415102514,0.026861487845037,-0.0001599331149619,-0.0144411097137933,-0.0260097293194977,0.0280842549873037,0.0329930870700872,0.0329930870700872,-0.1658194832146155,-0.1615112226961968,0.1591812291903397,0.1164460621286465,0.1165287911965084,0.0973397809181178,0.0891436260528464,-0.0144411097137932,-0.0144411097137932,-0.0144411097137932,-0.0144411097137932,-0.0144411097137932,-0.0219264219867219,0.039876778886369,0.1000328259772179,-0.0605941856022356,-0.0144411097137932,0.0189397800173047,-0.020279022520232,-0.0358705524640038,0.0337857862669974,-0.0443452462446446,0.0474837135878569,0.1117233233652733
aph(3'')-Ib_AMR,0.0026814095976844,0.0693298806748909,0.0156166523835004,0.0886338090884493,0.4236190266977322,0.9275451769902372,1.0,0.5480844846746739,0.4356470093333669,0.5177243700549139,0.3711928155325558,0.3601433354906513,0.3951760529820032,0.1244719182752067,0.2381641445599669,0.0469397841440348,0.019155206460527,-0.0826432221849005,-0.1319734440155653,0.1192860832177756,0.0858012947751851,0.0840954025181579,0.0316526988394999,0.1791921630815354,0.0571339133070356,-0.0269284877682959,0.0010814203654454,0.0474320592886221,-0.0101152286200778,-0.1918454697728762,-0.1874363627257803,-0.2489696861138758,-0.1563832923822012,-0.1388799177161073,-0.1211246705532828,0.0694564453822972,-0.0898133056555338,-0.0116531663752354,-0.004490440937078,-0.0112724709207037,0.0760079351950572,0.0322774680321255,0.0417653869378228,0.0417653869378228,0.0417653869378228,-0.0063022962791855,0.0187879186100362,0.0678311946401521,0.0211754133182308,0.0495310757936598,0.053011985895741,0.053011985895741,-0.0108968914903906,-0.1045425385113277,0.0485916742566441,0.0759092287816417,0.129802311153564,0.0767100893846738,-0.0169942330117961,0.0187879186100362,-0.0062408476201824,-0.019155206460527,-0.0328934849303213,0.0211754133182308,0.0230765860082901,0.0230765860082901,-0.1964857249059891,-0.1919447361497635,0.1919016549996082,0.1008353664168226,0.1019797274535691,0.0804513204121129,0.0691554851879531,-0.019155206460527,-0.019155206460527,-0.019155206460527,-0.019155206460527,-0.019155206460527,-0.0269146488367568,0.0300669280741219,0.0914695849010079,-0.0653274763379784,-0.019155206460527,0.0132471830119736,0.0300669280741219,-0.0027663215646966,0.0248046556491695,-0.01459885780975,0.0340011096038064,0.0989100311749533
tet_AMR,0.024126414169745,0.0832514273032853,0.0503374642570273,0.0916921666018917,0.2427010743400176,0.5224514701519061,0.5480844846746739,1.0,0.5459020519563166,0.5478457879775168,0.4811335292237559,0.4532129729641342,0.4645028104862585,0.1263846579827439,0.1395635961761147,0.0541769102553198,0.0484828889904873,0.0042226033865852,0.0278717650799953,0.1652251454454705,0.1504376539265458,0.147869269735784,0.1131399912389073,0.1093560843366545,0.1481353268647263,0.0931715427950113,0.1112294036154751,0.1214385561754615,0.1871716807116654,0.2219143963578416,0.2390151623443998,0.0982467365696396,0.0308006811825042,-0.0465229892245331,-0.0051265328159291,0.2140258051823917,-0.0669140769105981,-0.0199154085261201,-0.001969080767635,-0.0340806136247682,0.0601582744397756,-0.0034689533326965,-0.0044886475626006,-0.0044886475626006,-0.0044886475626006,-0.0349211424581006,-0.0044886475626006,-0.0141584691357086,-0.0676563461817879,0.0128251243337155,-0.0056973522508909,-0.0226931699452717,-0.1032538791860209,-0.1977938264017259,0.0345953503154628,0.029599371451398,0.0146572555353511,0.0055090063438631,0.095194506226828,-0.0044886475626006,-0.0420934220574753,-0.0484828889904872,-0.0762464995659039,0.0090324261911501,0.0909737405503648,0.0909737405503648,0.0472029568207507,0.05060880016569,0.0313886742308203,-0.1060527459011573,0.014490969707131,-0.0086463373082939,-0.0390869321517874,-0.0484828889904871,-0.0484828889904871,-0.0484828889904871,-0.0484828889904871,-0.0484828889904871,-0.0586596883375795,0.0309734973892778,-0.0034689533326965,-0.0040101774991371,0.0119410926306845,0.0421530834412705,-0.0053232487218466,-0.0521832365171764,-0.0245026737769485,-0.0251809887716431,-0.0271992525808359,0.0353686194085142
mph(A)_AMR,-0.0072404142801771,0.0202011505240205,0.072341729485046,0.0876138714827194,0.1710544278987287,0.3845400872680245,0.4356470093333669,0.5459020519563166,1.0,0.819569409620564,0.8528896246233547,0.824736494568221,0.786069448025779,0.1810266855265395,0.1401287340957186,0.0769855585861865,0.0520571249516367,0.0250871552768328,0.0360689382621815,0.1583444277221652,0.1534037232889487,0.1616508106274021,0.118862224310403,0.1265634989433922,0.1788416179754692,0.1596712837267701,0.170761242023176,0.16002763131241,0.0179250801578237,0.1590437326237755,0.165791665269508,0.1361826094703733,0.0219824288355965,-0.0243451179375204,-0.0383920719558529,0.1676338894184378,0.120453013957429,-0.0156259231087355,-0.004854033482919,-0.0553789093537846,0.0562703424077899,-0.0072404142801771,-0.0093687244520158,-0.0093687244520158,-0.0093687244520158,-0.065908800668364,-0.0738304155517302,-0.0475809211830765,-0.071920349919554,-0.1385231073986712,-0.1482581368966058,-0.1482581368966057,-0.1554210234418737,-0.2408263359917282,-0.0462822114540852,0.0024354178931241,-0.0102746995987067,-0.0405801549964972,0.0736171541455034,-0.0308559548185872,-0.0719203499195541,-0.0520571249516368,0.0414159018957386,0.0049940654768523,0.0852635974729261,0.0852635974729261,0.1289360527106498,0.1276330908835331,0.0751989667940402,0.0129032183136895,-0.0071778881186512,-0.0180466723285483,-0.012852389915867,0.0388455276501336,0.0388455276501336,0.0388455276501336,0.0388455276501336,0.0388455276501336,0.0204361476652617,0.0434946066385709,0.0204361476652618,-0.0083700596825923,-0.0217562407510465,0.0085446434495435,0.0434946066385709,-0.0012613847247416,-0.0102746995987066,-0.0461312065760926,-0.0881790810743216,0.0456478929148086
sul_AMR,-0.0215889320941631,0.0381391790403433,0.0417219978610833,0.073864433482646,0.1973800494324531,0.4791809500187282,0.5177243700549139,0.5478457879775168,0.819569409620564,1.0,0.8959034201135061,0.8597655149395469,0.8583457109409621,0.1266452689631177,0.1050568613288662,0.0542168149728698,0.0040983230959652,-0.0116396092798765,0.0318119589227696,0.1695861665850558,0.1426819406457194,0.1506794247337565,0.1134911305879598,0.1292004665699494,0.1314589196961966,0.1016491178175049,0.097479570281343,0.1346053158873834,0.0456967656283488,0.1123302265054126,0.1267811115094874,0.1409137163620457,0.0480373999584197,0.0168681773889664,-0.0232205515335825,0.1587419775112154,0.0653202790457702,-0.024453604115088,-0.003060592618439,-0.0638020059274341,0.0426582823479598,-0.0215889320941631,-0.0279349700413206,-0.0279349700413206,-0.0279349700413206,0.0134209369171548,-0.0058124780713779,0.007446811542,-0.010133957754701,-0.0143891868525871,-0.0179075311515991,-0.0003577531195657,-0.0791467563443426,-0.2189058176559865,-0.0101339577547009,0.0783898697230574,0.0704544226127507,0.0445524700971495,0.1531856416416196,0.06055499783845,0.0426582823479598,0.0270983949534945,0.0656575296978915,0.0162621622966293,0.0834351679896821,0.0834351679896821,0.06639985258827,0.0660933414149907,0.0756980403009535,0.0200043750410987,0.0234519151320341,0.0053756610996987,0.0603864988758617,0.058295113002954,0.058295113002954,0.058295113002954,0.058295113002954,0.058295113002954,0.0354006853621779,0.0980502112963904,0.0638954940903486,-0.0249572252524697,-0.0040983230959652,-0.0040983230959652,0.0230906125304052,-0.0027514344771651,-0.0104181872891782,-0.0125849848441429,-0.0259608716643011,0.0400906041482693
qacE_STRESS,-0.0131849568579218,0.0275934198081372,0.0401959657333687,0.0815834349809645,0.1458719474205008,0.3276354727641233,0.3711928155325558,0.4811335292237559,0.8528896246233547,0.8959034201135061,1.0,0.9537426888463164,0.8792056978656905,0.1628835836990569,0.1209563900457326,0.0392254729611245,-0.0032539709652805,0.0200815638819767,0.0312181813987926,0.1628132497903398,0.154287045843542,0.1624118387826758,0.1188146741762481,0.14704703426282,0.164475736136873,0.1580645251663479,0.1473667869329791,0.1508890248164455,0.0037834504419097,0.1377723509194239,0.1484843808141893,0.1784137669161875,0.0527813678418564,0.0251659133505757,-0.0188429828137753,0.1762113590723774,0.0766643180015006,-0.0331706842496527,0.0132847603329573,-0.0465413861655618,0.0504078155231702,-0.0131849568579218,-0.0170606574338955,-0.0170606574338955,-0.0170606574338955,0.0164628274806379,-0.0604119107119665,-0.0615606358489751,-0.0789068303424871,-0.1487623772135349,-0.1592169949127226,-0.1420217152517718,-0.1377760234542666,-0.2477274876494944,-0.0271809719962242,-0.0047583779238022,0.0010992955235841,-0.0282429984861684,0.1285073573930282,0.0479662224832112,0.0504078155231701,0.0338205280114804,0.0751507314611232,-0.0013180428230927,0.0766643180015004,0.0766643180015004,0.0873696565236248,0.0863974611438883,0.0696314256234907,0.0230176749232543,-0.004468435558904,-0.021265322489608,0.0550365368389384,0.0338205280114803,0.0338205280114803,0.0338205280114803,0.0338205280114803,0.0338205280114803,0.0147342683352315,0.0899353203031224,0.0705727187215383,-0.0152420664816587,-0.0578791431271189,0.0032539709652806,0.0164898749133817,-0.0099638860709843,-0.0187104585034519,-0.0317245756841427,-0.0616148008338482,0.0527776546799944
aadA_AMR,-0.0120214807358832,0.0261421249047911,0.0672854828507228,0.0827258385054852,0.1298461808290181,0.3154037750290578,0.3601433354906513,0.4532129729641342,0.824736494568221,0.8597655149395469,0.9537426888463164,1.0,0.8848130537467902,0.1549082451712311,0.1115013787155389,0.0209657467298402,-0.0347860904170245,-0.0043354785409942,0.0311598189589631,0.1539625247107858,0.1301121834438541,0.1382140408608206,0.0947799593907305,0.12059887418028,0.1336495753271448,0.1312893979971258,0.1277405761511998,0.130103640907135,-0.002792860735646,0.1303957646499561,0.1414345872314241,0.1657349275233665,0.0412204777501316,0.0263447406940691,-0.0182463636716534,0.1760287316453083,0.0783091892939322,-0.034414386521131,0.0261372489250314,-0.0521506134726178,0.0515299415957532,-0.0120214807358832,-0.0155551790493613,-0.0155551790493613,-0.0155551790493613,0.0197570808459128,-0.0804459968474053,-0.0588123125704076,-0.0775141265524319,-0.1283850991933247,-0.1398589854951256,-0.1226996852044217,-0.105301796315366,-0.2115468713846147,-8.768566352088092e-05,-0.0261421249047904,0.002708906908733,-0.026641500244467,0.1323302790623579,0.0493356387486826,0.0773387552253902,0.0652886900577721,0.0765358888602013,0.0257211279661161,0.0605973516539368,0.0605973516539368,0.0999337178050244,0.0989238387463411,0.0608553908444996,0.0306920663447048,-0.0022132688706336,-0.0183896357246825,0.0488742934880131,0.0347860904170246,0.0347860904170246,0.0347860904170246,0.0347860904170246,0.0347860904170246,0.0158393263239196,0.0914902056478697,0.0715609404435252,-0.0380527914554002,-0.0567217085052179,-0.0262191088644704,-0.0184474467727276,-0.0082643429858431,-0.0170593972268971,-0.0492906077829522,-0.0723407552582879,0.0545913119020686
dfrA_AMR,-0.0167245489706855,0.032021778183619,0.0471470713054974,0.0782194507374603,0.1102840478905498,0.3599594429540057,0.3951760529820032,0.4645028104862585,0.786069448025779,0.8583457109409621,0.8792056978656905,0.8848130537467902,1.0,0.1360576971223561,0.1081418187426147,0.0291680089661135,-0.0001395077274386,-0.0025655419329189,0.0438386879961041,0.1536858240195146,0.1333326485128931,0.1413649625426934,0.1065269327699849,0.1140293996211609,0.1233766894555491,0.1092196447810655,0.105339075076093,0.1157358284087388,0.0237068305439949,0.1498756584238169,0.1700125644119295,0.1792142917640291,0.0419696685576441,0.03312110294714,-0.0087027001432136,0.172093300355456,0.0181254198911318,-0.0294427734767417,0.011683815459715,-0.0390103637726216,0.0470684771357947,-0.0167245489706855,-0.021640707952248,-0.021640707952248,-0.021640707952248,0.0367854020776793,-0.0871564055128251,-0.0322914110445533,-0.0050462129092293,-0.0256644945587837,-0.0274681258537436,-0.0274681258537436,-0.0694745557891475,-0.1928760712539237,-0.0050462129092293,0.0600050082643394,0.0760599264305872,0.0502096936469968,0.1255238518322519,0.0438749896083291,0.0470684771357947,0.0309358385595465,0.0710438851367987,0.0210111321132826,0.0538902148941919,0.0538902148941919,0.0888559033549846,0.088227831376189,0.039872727849497,0.0648813207761938,0.0032039962617524,-0.0183152844319397,0.0544782103938087,0.0309358385595464,0.0309358385595464,0.0309358385595464,0.0309358385595464,0.0309358385595464,0.0114045495838198,0.0853318255819805,0.0676627466928307,-0.0437222424143362,0.0309358385595464,0.061732169391654,-0.0071651078686563,-0.0151233662607627,0.0361425920839551,0.0529663274427995,-0.0157778971982394,0.0305295672720539
Col_PLASMID,-0.0372767754076655,-0.0677637614298798,0.0476602170313242,0.0852406581541647,0.0780874277642134,0.0707513592110554,0.1244719182752067,0.1263846579827439,0.1810266855265395,0.1266452689631177,0.1628835836990569,0.1549082451712311,0.1360576971223561,1.0,0.6878060094768109,-0.0479273100054184,-0.036888550905553,0.0313469007486076,-0.1413416054536464,-0.1297878394569129,-0.1765221926309589,-0.1744136817782041,-0.1907924488927629,-0.0795113572120052,0.0274854234230958,0.0487426091563116,0.0951050923200887,0.0557906144784712,0.0158967941229748,-0.0316551635020728,-0.0285781178366472,-0.1047399209240189,-0.0758840980908118,-0.0835783233603016,-0.0809424690982054,0.1051474744220755,0.0819033180415613,-0.0130531570511006,-0.0305286409074262,-0.0163287384584269,-0.0745654383489572,-0.0650300576040979,0.0092238822008572,0.0092238822008572,0.0092238822008572,-0.0627643699020696,-0.0554164986194365,-0.0405439696752814,-0.074565438348957,-0.1423797750020206,-0.1352927642863723,-0.1352927642863723,-0.1301956945710937,-0.0416601543268377,-0.0231470220567828,-0.0457328268527146,-0.0135145625773986,-0.0643213824087462,0.0490065737071081,0.0092238822008574,-0.0231470220567828,-0.0238812073959458,-0.0437655443099685,-0.0231470220567827,-0.0239575697320888,-0.0239575697320888,0.08722178347906,0.0914879595644449,0.1583916907073527,0.0388325421353212,-0.0546156286914107,-0.0352663650401177,-0.0293859721504704,-0.084650965697445,-0.084650965697445,-0.084650965697445,-0.084650965697445,-0.084650965697445,-0.0927833398005302,0.0401424975397683,0.0737363533780635,-0.0350718436842743,0.0368885509055533,0.0065036717548037,-0.0146141842227684,-0.0235396557635747,0.025869459719113,-0.0111303581979311,0.0259001716945557,0.0253488121421564
senB_VIR,-0.0272902685523483,-0.0567209356425786,0.0139887145517782,0.0959437064386968,0.1286606354021756,0.1900125760622189,0.2381641445599669,0.1395635961761147,0.1401287340957186,0.1050568613288662,0.1209563900457326,0.1115013787155389,0.1081418187426147,0.6878060094768109,1.0,-0.0165184344656476,-0.0455348345966604,0.0044930295824494,-0.2052130908294776,-0.2019241456277749,-0.2493625865708751,-0.2470814464994569,-0.2682409448153109,-0.1366072763032826,-0.0229403435235458,0.0271165471002945,0.0379199156828042,0.0029639885063894,0.0297596030123251,-0.1024370273447351,-0.1114198465178472,-0.2404784793744626,-0.0902951142310843,-0.0856143849599663,-0.0482576420088091,0.1506887567105653,0.0793216584985147,-0.0003248658231557,0.0191869633907067,0.0608051377737419,0.0641552597045139,0.0002810210720492,-0.0210418733351341,-0.0210418733351341,-0.0210418733351341,-0.0535909078459907,-0.0424473735136173,-0.0424244091387289,-0.0635478383998272,-0.1264965278026733,-0.1184053735229532,-0.1184053735229531,-0.110958309132945,0.0061318540547422,-0.0124665991580908,-0.0785818635624556,-0.0387269706529214,-0.0915130992772789,0.1086090788437008,0.000363626843349,-0.0124665991580908,-0.0148364250862993,-0.0710920564008987,-0.0124665991580908,0.0092105229087364,0.0092105229087364,0.0045341842903947,0.0128644804061333,0.2090239998424031,0.1032923712133135,-0.049216644946355,-0.0222066272843684,-0.0274911351483873,-0.0752076847692591,-0.0752076847692591,-0.0752076847692591,-0.0752076847692591,-0.0752076847692591,-0.0824328478011437,0.0366963141531457,0.0829948899452424,-0.0235798443307293,0.0153492047551806,0.0153492047551806,-0.0358338378272184,-0.0089877906329219,0.0395245512842173,-0.0249607313360154,0.0071812504370943,0.0416847417276961
fdeC_VIR,0.0119317467607796,-0.0146384042797051,-0.0230588669537212,-0.0707866096445067,-0.06768142790193,0.0382401985383572,0.0469397841440348,0.0541769102553198,0.0769855585861865,0.0542168149728698,0.0392254729611245,0.0209657467298402,0.0291680089661135,-0.0479273100054184,-0.0165184344656476,1.0,0.309523565474593,0.0418305423141315,0.1506702816429285,-0.0535949367821327,-0.038804360006683,-0.0384817836486079,-0.0281803298670338,-0.0044499274135323,0.0222841242388048,0.0732287183261721,0.0740565676986367,0.0974410788084118,0.0553743604565943,0.0878788197673495,0.0898976041637188,0.067443134988515,0.0565549306288078,0.0328703420683394,0.0473640910593449,0.0357962605791095,0.0189633021878049,-0.0137933312433135,-0.0588016833967779,-0.0925570083666924,0.0128951134015844,0.0119317467607796,0.0154390678913253,0.0154390678913253,0.0154390678913253,0.0349657794199492,-0.0602981373755658,0.0275162501113524,0.0128951134015841,0.0183097463707722,0.0195965058462595,0.0195965058462595,0.0225156357029016,-0.0062542569788857,0.0128951134015843,0.014638404279705,0.0169320578783033,0.0162019131170189,-0.0741567721093967,-0.136035342642457,-0.1678411585603033,-0.2027203969266971,-0.1283060594317455,-0.0774730225793594,0.018963302187805,0.018963302187805,0.0557408033910751,0.0548655524036422,0.0160763230894954,0.0005112239417311,0.0235908120852316,0.0297397794886597,0.0368169504867354,0.0108859401690946,0.0108859401690946,0.0108859401690946,0.0108859401690946,0.0108859401690946,0.0119317467607795,0.0183097463707722,0.0119317467607795,0.0137933312433138,0.0108859401690947,-0.0959172283788014,0.0183097463707721,0.0176335701007681,0.0169320578783033,-0.0394534803221063,0.025619650364375,0.0202112751052031
acrF_AMR,0.0062418535204609,-0.0076577870046281,-0.0120627828228839,0.0072157040294359,-0.1093275827895439,0.0144411097137931,0.019155206460527,0.0484828889904873,0.0520571249516367,0.0040983230959652,-0.0032539709652805,-0.0347860904170245,-0.0001395077274386,-0.036888550905553,-0.0455348345966604,0.309523565474593,1.0,-0.0170738840973282,0.1283401763486906,-0.0130557090874072,-0.0041876727959309,-0.0039896341250881,-0.0089436826381134,-0.0280219770099737,-0.0209170817014691,0.11438074518593,0.1151405918438352,0.1371612009090513,0.047557176877083,0.0459720384228945,0.0470281249074779,0.0610070224697869,0.0480870364218244,0.0380520387323436,0.0356354365483018,0.0222668097855722,0.0099202704259194,-0.0072157040294353,-0.1627626340935375,-0.1644325381725168,0.0067458194174046,0.0062418535204613,0.0080766380817673,0.0080766380817673,0.0080766380817673,0.0182916447812559,-0.1345567904422326,-0.0676080601200891,0.0067458194174047,0.0095783758350304,0.0102515181940735,0.0102515181940735,0.011778602311569,0.0166522770129847,0.0067458194174046,0.0076577870046278,0.0088576657881926,0.0084757052303598,-0.0878165528357233,-0.2771902189662318,-0.5038163416313224,-0.5977220956719825,-0.2636714845299249,0.0067458194174047,0.0099202704259192,0.0099202704259192,0.0025837399006453,0.001970120257731,-0.0474248420949124,0.0070144781514704,0.0123410592277034,0.015557767946367,0.0192600477210645,0.0056947608200456,0.0056947608200456,0.0056947608200456,0.0056947608200456,0.0056947608200456,0.0062418535204611,0.0095783758350307,0.0062418535204613,0.0072157040294355,0.0056947608200455,0.0056947608200457,0.0095783758350305,0.0092246478087828,0.0088576657881929,0.0174872690447096,0.0134024051990026,0.0105731223766082
parE-I529L_AMR,0.0187141632332859,-0.0229593782584881,0.031349243518047,-0.4226164350362998,-0.0430597576904882,-0.1010069110573642,-0.0826432221849005,0.0042226033865852,0.0250871552768328,-0.0116396092798765,0.0200815638819767,-0.0043354785409942,-0.0025655419329189,0.0313469007486076,0.0044930295824494,0.0418305423141315,-0.0170738840973282,1.0,0.2943860190973839,0.0595693450947809,0.1062454692032424,0.0943938239693884,0.3904081068811068,0.1417167105399653,0.284789944493938,0.165152528834134,0.2493265143392267,0.1352162587717881,-0.0323930017997525,0.1378321725097726,0.129276285477302,0.1721474112103968,0.1093429276083352,0.0486465292983036,0.0387054503110717,-0.0043406055314034,-0.0109748247530999,-0.0216339365554299,-0.0462075054048909,0.0594349619398849,0.0202251407063229,0.0187141632332859,0.0242151666877291,0.0242151666877291,0.0242151666877291,0.0088756351790019,-0.0752359597553628,-0.1569596768968449,-0.2171010950901311,-0.3503838039479771,-0.3242898721647508,-0.4031844739339965,-0.3790714370258931,-0.3501646297817806,-0.2171010950901314,-0.0818113245954917,-0.1097784979175457,0.0254116394558475,-0.0479475883964144,0.024215166687729,0.0202251407063229,0.0170738840973281,0.0254116394558474,-0.0984379771919043,-0.0924098689294641,-0.0924098689294641,0.0667576449776993,0.0652637443486676,0.0446800772240944,-0.0191917651544907,0.0370006434950477,0.0200380206087204,0.0577449752307308,0.0170738840973282,0.0170738840973282,0.0170738840973282,0.0170738840973282,0.0170738840973282,0.0187141632332859,0.0287176378457021,0.0187141632332859,0.0216339365554296,-0.0530481608233268,0.0170738840973282,0.0287176378457021,0.0276570996575361,-0.0188882835141769,-0.019346217888835,-0.0515003636874339,-0.6192570077398303
iss_VIR,0.0369654152089567,0.1059900115953711,0.0455931084190076,-0.2139543923862748,-0.0725880553233321,-0.1605782380069589,-0.1319734440155653,0.0278717650799953,0.0360689382621815,0.0318119589227696,0.0312181813987926,0.0311598189589631,0.0438386879961041,-0.1413416054536464,-0.2052130908294776,0.1506702816429285,0.1283401763486906,0.2943860190973839,1.0,0.2798356452530336,0.4104252090617551,0.3977577783152,0.5328916149265084,-0.0634727775852218,-0.0766309212766616,0.1808968362691232,0.211920416107409,0.228244759977929,0.1805406060123638,0.2585697423295061,0.2514169723301515,0.2493634198175869,0.123780881416599,0.0514197858949983,0.0378171817788022,0.0060555350488078,-0.0824094191975319,-0.0106468473113409,-0.0410416584052904,0.0555403509651332,0.0399499948006773,0.0369654152089568,0.047831349967809,0.047831349967809,0.047831349967809,-0.0643071194904659,-0.1245567399161719,-0.0964527667347876,0.0399499948006773,0.0567249197067322,0.0607113937108398,0.0607113937108398,0.0098972207203737,0.0697213817667009,0.0399499948006773,-0.0151855029549642,-5.9474763067677906e-05,-0.0594451762058755,0.0553954934855484,-0.0096313466601847,-0.0286133587639448,-0.0473073728335715,-0.0046252382530942,0.0056683180183662,-0.0353563851519964,-0.0353563851519964,-0.0113828621823272,-0.0077174843956279,-0.1458936852076809,-0.1370433258242699,0.0349109613710936,-0.0923449148775332,-0.0762565877293796,-0.0067909710760121,-0.0067909710760121,-0.0067909710760121,-0.0067909710760121,-0.0067909710760121,-0.0370492370121516,0.0323866767033093,-4.191090159744525e-05,0.0427327386967151,0.0337254306815471,-0.0067909710760122,0.0567249197067323,0.0293876079646473,-0.0263175826574145,0.0206186361198789,-0.0618933962773949,-0.3135059260308658
IncFIA_PLASMID,0.0204677120197735,0.0630263157853569,0.0145368458718067,0.0592534537966679,0.1479678585426307,0.0906156524463801,0.1192860832177756,0.1652251454454705,0.1583444277221652,0.1695861665850558,0.1628132497903398,0.1539625247107858,0.1536858240195146,-0.1297878394569129,-0.2019241456277749,-0.0535949367821327,-0.0130557090874072,0.0595693450947809,0.2798356452530336,1.0,0.773635066751722,0.7706437690832136,0.7019853196182277,0.5527182038599984,0.3785073843406341,0.2429195519447912,0.1666980175016256,0.1312070222575826,0.1606180657960914,0.1441056879569492,0.1551494609719129,0.2267783383147961,0.037689598907722,-0.0146849260946613,-0.0087020804456081,-0.0948507689793302,-0.0751229606023787,-0.0325591682341888,-0.0092618589649563,0.0289787929078035,0.0553948855911035,0.0512564508842708,0.0663232166200401,0.0663232166200401,0.0663232166200401,0.028677425910743,-0.1010007841670899,-0.1429036305997439,-0.0872106070530492,-0.1035816447863861,-0.1054431983137999,-0.1244057938557725,-0.2518739839914665,-0.3440723776723624,-0.0586895085242187,-0.0630263157853561,-0.0801836735023305,-0.0900283760213917,-0.2220299502322433,0.0185163592522888,0.0268737870622729,0.0130557090874074,-0.0900283760213918,-0.0016473114665575,0.0423162383564299,0.0423162383564299,-0.3302880380197097,-0.3311840382632991,-0.0581966815702748,-0.1713682804270764,0.0378209773540963,-0.0640954111810779,-0.0635144130709569,-0.1217769356398532,-0.1217769356398532,-0.1217769356398532,-0.1217769356398532,-0.1217769356398532,-0.1334759823027133,-0.0630845926073386,-0.0718985045737187,-0.0208294028907674,-0.0206524520944076,-0.0543606132762227,0.0179095117507566,-0.050254483412496,0.029045243039721,0.0170888244071624,-0.0074702338113862,0.0868236856269522
gyrA-D87N_AMR,0.0112124519652579,0.0810327674538253,0.0016009469157463,0.0512403422905312,0.1349444231323582,0.0508087413823709,0.0858012947751851,0.1504376539265458,0.1534037232889487,0.1426819406457194,0.154287045843542,0.1301121834438541,0.1333326485128931,-0.1765221926309589,-0.2493625865708751,-0.038804360006683,-0.0041876727959309,0.1062454692032424,0.4104252090617551,0.773635066751722,1.0,0.9901867372991584,0.9184178620306964,0.692930971231048,0.4644007708171169,0.316949651587268,0.234750341332091,0.1911083333684771,0.1628229729810222,0.3203353893994041,0.3278971037555299,0.3664573887438539,0.1614087562011098,0.0739927623639407,0.0839741075070038,-0.011883612219814,-0.0348058458744767,-0.022531444928513,-0.0445813297246831,0.0854239219682456,0.0479035856470629,0.0443248101101498,0.0573540292365375,0.0573540292365375,0.0573540292365375,0.0110744865224235,-0.0968904615731964,-0.1490353651896352,-0.1054643118379136,-0.1497485707014408,-0.1515323389497964,-0.1719260373635549,-0.2912627591049264,-0.4117795999800033,-0.0747907323409184,-0.0810327674538245,-0.1015610748495662,-0.0869627593637097,-0.2578110716269942,0.0316466141015818,0.0172300061500676,0.0041876727959314,0.0601878950945892,0.0172300061500676,0.0704460784651223,0.0704460784651223,-0.3702967668685785,-0.3702608629469385,-0.1435582523202889,-0.1975326349183357,-0.0148349828772499,-0.0958514724058078,-0.1243374817396527,-0.1408207616671057,-0.1408207616671057,-0.1408207616671057,-0.1408207616671057,-0.1408207616671057,-0.1543493387592021,-0.12797189284746,-0.1543493387592022,-0.0348863497955204,0.0041876727959314,0.0404397814116908,0.0680182078383684,-0.0248366350890734,0.0394058034718909,0.062335661688748,0.0477746293125912,0.0750821274607403
parC-S80I_AMR,0.0110074265012403,0.0814566138456775,0.0020394727378119,0.0510729136004498,0.1341670602322482,0.0491741390132751,0.0840954025181579,0.147869269735784,0.1616508106274021,0.1506794247337565,0.1624118387826758,0.1382140408608206,0.1413649625426934,-0.1744136817782041,-0.2470814464994569,-0.0384817836486079,-0.0039896341250881,0.0943938239693884,0.3977577783152,0.7706437690832136,0.9901867372991584,1.0,0.921666727669572,0.695202557413456,0.4660003482092133,0.3185106650347254,0.2361564621648484,0.1922980491803748,0.1734849522096563,0.3192575532575346,0.326794875923676,0.3704944981244743,0.1599656372683637,0.0727531214548123,0.0828398804181999,-0.013860094167805,0.0069499405983898,-0.022311827688971,-0.0453849431709866,0.084863328813853,0.0477470598660755,0.0441799780391075,0.0571666239703602,0.0571666239703602,0.0571666239703602,0.0104340638772535,-0.0973582606189097,-0.1498261115329879,-0.1058996378808072,-0.1503666893007693,-0.1521780089353334,-0.1726087800908603,-0.2922175850349292,-0.4131295076740577,-0.0751702983314306,-0.0814566138456768,-0.1020655691351331,-0.0874269225640451,-0.2590917218424867,0.0314124765388154,0.0170177203166989,0.0039896341250886,0.0599912301235142,0.0170177203166989,0.0702158947053824,0.0702158947053824,-0.3723920597776232,-0.3723417190884235,-0.1360576131386384,-0.2003378937850738,-0.0153076154459027,-0.0965875439648317,-0.1366321686743128,-0.141282404326592,-0.141282404326592,-0.141282404326592,-0.141282404326592,-0.141282404326592,-0.1548553311880967,-0.1285504246519724,-0.1548553311880968,-0.0352103441339836,0.0039896341250886,0.0403076437380088,0.067795957187202,-0.0252149082232198,0.0391575662208177,0.0618174722192582,0.0473774840967087,0.0748367953320436
parC-E84V_AMR,0.016158226892306,0.0711414089990958,0.0246008347070501,-0.1649928823393639,0.0905041563276183,-0.0080360777621522,0.0316526988394999,0.1131399912389073,0.118862224310403,0.1134911305879598,0.1188146741762481,0.0947799593907305,0.1065269327699849,-0.1907924488927629,-0.2682409448153109,-0.0281803298670338,-0.0089436826381134,0.3904081068811068,0.5328916149265084,0.7019853196182277,0.9184178620306964,0.921666727669572,1.0,0.6407450661587778,0.4275779368154226,0.2805792150286884,0.2428365993893008,0.2002386275713272,0.1915957684767804,0.3471709330291535,0.3495251808089877,0.4044349627042032,0.184963998786021,0.0974227215015052,0.1046440261472254,-0.0417531335151368,-0.0046213478623423,-0.0278628297899107,-0.0254788423332854,0.0991219493564131,0.0518051248164327,0.0479348735424315,0.0620252660252863,0.0620252660252863,0.0620252660252863,0.0036415881404707,-0.0859971931647887,-0.1305747678231185,-0.0953761017373322,-0.1354243408537206,-0.1365540080341182,-0.1561250499257148,-0.2693272253666481,-0.3807677214416898,-0.0659398564265793,-0.0711414089990952,-0.0898039523614976,-0.0761248414467025,-0.2470439890122517,0.0373548561602735,0.0223688795056797,0.0089436826381137,0.0650899379596804,-0.0070673658050732,0.0155798905656196,0.0155798905656196,-0.3340311114356511,-0.3344154248953497,-0.1498089678332193,-0.2150069858283888,-0.003563779851217,-0.0785302948911677,-0.1135599644353819,-0.130215291272979,-0.130215291272979,-0.130215291272979,-0.130215291272979,-0.130215291272979,-0.1427250063583209,-0.1145261071987336,-0.1427250063583207,-0.0272388022470244,0.0089436826381138,0.043733426115887,0.0735579956961487,-0.0158571085279032,0.0229297552518125,0.0630743117445053,0.0119512479917601,-0.241762956064566
gyrA-S83L_AMR,-0.0115297229382261,-0.0376813597922526,-0.0370917229397449,0.0355060201495892,0.1287989379895006,0.1585606284868279,0.1791921630815354,0.1093560843366545,0.1265634989433922,0.1292004665699494,0.14704703426282,0.12059887418028,0.1140293996211609,-0.0795113572120052,-0.1366072763032826,-0.0044499274135323,-0.0280219770099737,0.1417167105399653,-0.0634727775852218,0.5527182038599984,0.692930971231048,0.695202557413456,0.6407450661587778,1.0,0.5577019517811631,0.1806600500883251,0.1391425715350892,0.0820362729434552,0.0801360694469687,0.2262127321051695,0.231409373742404,0.293096459840602,0.1753597701772524,0.1268152100756604,0.1393983875823064,-0.0047382552669845,0.0488142695702559,0.0011199328785508,-0.0276207235155438,0.0269334437312767,0.0331938781278689,0.030714033719258,0.0397423831828879,0.0397423831828879,0.0397423831828879,0.07484842643768,-0.0586478720054018,-0.0423020176163546,-0.0450709933992559,-0.1751243540785324,-0.1837148101313754,-0.2097324809166209,-0.3520068880407167,-0.5447798528702276,-0.123335864926381,-0.10052275525057,-0.0463351103200469,-0.1460243494189455,-0.3458829813552373,0.0069456314534579,-0.0059385576356935,-0.0182273794382636,0.0417060566042462,-0.0059385576356935,0.0488142695702558,0.0488142695702558,-0.3731128908978683,-0.3783934607495883,-0.0561899557829348,-0.092543544231356,-0.0046389741892861,-0.028737738457146,0.0078730741680197,-0.2032248052312145,-0.2032248052312145,-0.2032248052312145,-0.2032248052312145,-0.2032248052312145,-0.1805047495681623,-0.0639962156298482,0.0307140337192579,-0.0743718389348288,-0.0182273794382635,0.0280219770099741,0.047131922818836,-0.0410512692226685,0.0435855543230331,0.0544886952485728,0.0659486679480617,0.0520267315034641
mdtM_AMR,-0.0306294187488197,-0.028127354508801,0.0121476838196285,0.0265035662579632,0.1040174294919697,0.0394195084015716,0.0571339133070356,0.1481353268647263,0.1788416179754692,0.1314589196961966,0.164475736136873,0.1336495753271448,0.1233766894555491,0.0274854234230958,-0.0229403435235458,0.0222841242388048,-0.0209170817014691,0.284789944493938,-0.0766309212766616,0.3785073843406341,0.4644007708171169,0.4660003482092133,0.4275779368154226,0.5577019517811631,1.0,0.3127625284469989,0.2459745677746727,0.101461189282675,0.0088593481252713,0.1490522625867143,0.1335289055887819,0.1520882266596608,0.0504204755385725,-0.0025035791350611,0.0397329628487432,0.0687816849541427,0.0364375455891335,-0.0265035662579628,-0.0685861155827703,-0.0167079266228689,0.0247776614955509,0.0229265748258492,0.029665811079342,0.029665811079342,0.029665811079342,0.0671859346571672,-0.0950718612209396,-0.138365569752299,-0.2232798793272546,-0.3170346652148411,-0.3251786580440731,-0.3581634662063828,-0.5631092558548377,-0.7961090007988604,-0.1736683711626933,-0.103282455180466,-0.1574655331786097,-0.0878692793275335,-0.0781822498311631,-0.0119134130207517,-0.0248338466690101,-0.0377171504966176,0.0311316004979451,-0.0248338466690101,0.0364375455891335,0.0364375455891335,-0.1235229625968699,-0.1265563422144599,-0.0277050328818001,-0.0609730717869384,-0.1204086165510502,-0.0763435712908305,-0.1128725905987927,-0.2136198470908779,-0.2136198470908779,-0.2136198470908779,-0.2136198470908779,-0.2136198470908779,-0.1912973994728268,-0.246591381524679,-0.2448533930474961,0.0265035662579632,-0.0377171504966174,0.0209170817014693,0.0351817532359699,0.0338824962067586,0.0325345567321751,0.0242198939997336,0.0492275643178806,0.0388354966222052
iha_VIR,0.029891685031578,-0.0366724653872265,0.1240819240866882,0.0345553690777816,0.0386800395876068,-0.0374148892537275,-0.0269284877682959,0.0931715427950113,0.1596712837267701,0.1016491178175049,0.1580645251663479,0.1312893979971258,0.1092196447810655,0.0487426091563116,0.0271165471002945,0.0732287183261721,0.11438074518593,0.165152528834134,0.1808968362691232,0.2429195519447912,0.316949651587268,0.3185106650347254,0.2805792150286884,0.1806600500883251,0.3127625284469989,1.0,0.6382272895633166,0.5162027096954052,0.0235201695497524,0.1483872234763534,0.1620672141241064,0.1979476511191536,0.1051995865878435,0.0676592510417189,0.060542916851585,0.0572613969518808,0.0475072985977007,-0.0345553690777811,-0.1330094099361258,-0.150173441027731,0.0323051331858348,0.0298916850315781,0.0051950273999584,0.0051950273999584,0.0051950273999584,0.0566454047017052,-0.0952548089685776,-0.1813178055986707,-0.2074043844872084,-0.2944930810519568,-0.2962161923115734,-0.3227784851734729,-0.4318982511640175,-0.3243625729181857,-0.1275012119295273,-0.1396989231580965,-0.0799853595041355,-0.0552406587820281,-0.0088412777457741,-0.0952548089685777,-0.0875496256506867,-0.1143807451859296,-0.0232973046860682,-0.0475980393718462,0.0200896877076551,0.0200896877076551,-0.0964683207407586,-0.0913559141679311,0.0009529855499674,-0.0818725434146781,-0.0076331514976605,-0.0150754489849676,0.0035165722666527,-0.0671632613153473,-0.0671632613153473,-0.0671632613153473,-0.0671632613153473,-0.0671632613153473,-0.0994924222374585,-0.0392207735563306,-0.0132363507247673,0.0345553690777815,-0.1143807451859296,0.0272717064258177,0.0175064058871418,-0.0146587106117607,0.0424185788704774,-0.0129175273180673,-0.0387101866357159,0.0506337489090184
sat_VIR,0.0297257717596347,-0.0364689155131997,0.0795260389520954,0.0343635701095786,0.0158765892386856,-0.0083511251515259,0.0010814203654454,0.1112294036154751,0.170761242023176,0.097479570281343,0.1473667869329791,0.1277405761511998,0.105339075076093,0.0951050923200887,0.0379199156828042,0.0740565676986367,0.1151405918438352,0.2493265143392267,0.211920416107409,0.1666980175016256,0.234750341332091,0.2361564621648484,0.2428365993893008,0.1391425715350892,0.2459745677746727,0.6382272895633166,1.0,0.7843717603858049,0.0056015482026038,0.1308398327426709,0.1446915296821284,0.1886433343691436,0.0798299074100031,0.0396031856091658,0.0222610300157144,0.0324164914250977,0.0472436101725347,-0.034363570109578,-0.1057975225793612,-0.0793531383094869,0.0321258241123662,0.0297257717596346,0.0384636229313552,0.0384636229313552,0.0384636229313552,0.009399313352621,-0.1296719169121435,-0.2021082507416987,-0.2086133783590851,-0.296209729092846,-0.2979719819349457,-0.3246483745181918,-0.4343088749344166,-0.25890028619403,-0.128366977535268,-0.105234285358772,-0.0807465956135056,-0.0558775926080172,-0.0099394655796029,-0.0960448089434433,-0.0882437771233596,-0.1151405918438351,-0.0237970241601112,-0.0481205767114508,0.0197082254977174,0.0197082254977174,0.0574163402050727,0.0547584599787457,0.0189895236829313,-0.0567860336854993,-0.0305878600031221,-0.1058388046657467,-0.027076197134879,-0.0677202827962108,-0.0677202827962108,-0.0677202827962108,-0.0677202827962108,-0.0677202827962108,-0.0569008172296638,-0.0398408860193493,-0.0135875227350145,0.0343635701095786,-0.1151405918438348,0.0271203352990376,-0.0113554590111829,-0.0447003673555339,0.0114507025676049,-0.0461568154998512,-0.0395084156787277,-0.0791214932800924
iucABCD_VIR,0.0255654634606236,-0.0313648619299208,0.027853358690168,0.0295541728274307,0.0061636539224107,0.0360651678585164,0.0474320592886221,0.1214385561754615,0.16002763131241,0.1346053158873834,0.1508890248164455,0.130103640907135,0.1157358284087388,0.0557906144784712,0.0029639885063894,0.0974410788084118,0.1371612009090513,0.1352162587717881,0.228244759977929,0.1312070222575826,0.1911083333684771,0.1922980491803748,0.2002386275713272,0.0820362729434552,0.101461189282675,0.5162027096954052,0.7843717603858049,1.0,0.0701960763048627,0.1340856364136549,0.1479046766537016,0.1759797151011812,0.0995259718627155,0.0560070372708516,0.0419960736849665,0.0352639830219132,0.0406315704561111,-0.0295541728274305,-0.0800812580913012,-0.0821562179168539,0.0276296134252902,0.0255654634606235,0.0330803975273086,0.0330803975273086,0.0330803975273086,0.0047854534248889,-0.1565948688143384,-0.1591382593893527,-0.1534238088717878,-0.0571727912413945,-0.0783872470705912,-0.0783872470705913,-0.2151987619201865,-0.1416374461049161,-0.0628970977232486,-0.0485634875191992,0.0016097975893401,-0.0014754857932218,0.0040864439670913,-0.0807247622776794,-0.0628970977232487,-0.0836659092117488,-0.0376658734436367,-0.0628970977232487,0.0095686468952919,0.0095686468952919,0.0536440848584778,0.0513831782392229,0.0195958669803288,-0.0455604808727891,0.000142706573077,-0.0580667483902177,-0.0048758023759625,0.0233246741828554,0.0233246741828554,0.0233246741828554,0.0233246741828554,0.0233246741828554,0.0255654634606235,0.0392312342191109,-0.0232966669197457,0.0295541728274308,-0.0301706175144467,0.0233246741828553,0.007096559065609,-0.0288746846067814,-0.0330597456152275,-0.0561420951513688,-0.0383648908006894,-0.073543310005736
IncFIB_PLASMID,-0.0215633992944281,-0.0110405888244057,0.0363031876392309,-0.0337604403424804,-0.0685738171539725,-0.0828372717306632,-0.0101152286200778,0.1871716807116654,0.0179250801578237,0.0456967656283488,0.0037834504419097,-0.002792860735646,0.0237068305439949,0.0158967941229748,0.0297596030123251,0.0553743604565943,0.047557176877083,-0.0323930017997525,0.1805406060123638,0.1606180657960914,0.1628229729810222,0.1734849522096563,0.1915957684767804,0.0801360694469687,0.0088593481252713,0.0235201695497524,0.0056015482026038,0.0701960763048627,1.0,0.4750339226990698,0.4630808530709984,0.3943742928656437,0.4128137743561811,0.3317358267499959,0.3396570324363823,0.1999729668299073,0.1308790300764077,-0.0457341431839451,-0.035340551129308,-0.063375279771927,-0.0280230214780594,-0.021563399294428,0.0037351863903832,0.0037351863903832,0.0037351863903832,-0.0869528082073309,-0.0437204910586579,0.0434892937563955,0.0286001546435114,0.2014075784983438,0.1779153586476108,0.1967386586339323,0.0828933848822765,0.0399178477120434,0.1135349188258679,0.086031665224021,0.0778264352919111,0.0650384948844256,-0.0042808019996121,0.0037351863903831,-0.0563346095388449,-0.0475571768770823,-0.0255078054434386,0.0852233307650821,0.0920201922964923,0.0920201922964923,-0.2309306794006629,-0.2270332456292945,-0.3841811414269108,-0.3030383681272761,-0.1030606824568525,-0.1172273876016882,-0.0665366622394516,-0.0475571768770823,-0.0475571768770823,-0.0475571768770823,-0.0475571768770823,-0.0475571768770823,-0.0521259700439947,0.0205095194650777,-0.0521259700439947,-0.0337604403424805,0.0193639182344136,-0.0475571768770823,0.0406093038021073,-0.03534232351584,-0.0306001067761822,0.0252122117091676,0.0776548277107562,-0.070024746903038
aac(6')-Ib-cr_AMR,0.0116659679156174,-0.0396894264869235,0.0319658304134063,-0.0582501413793881,-0.228611874902205,-0.2620266803378963,-0.1918454697728762,0.2219143963578416,0.1590437326237755,0.1123302265054126,0.1377723509194239,0.1303957646499561,0.1498756584238169,-0.0316551635020728,-0.1024370273447351,0.0878788197673495,0.0459720384228945,0.1378321725097726,0.2585697423295061,0.1441056879569492,0.3203353893994041,0.3192575532575346,0.3471709330291535,0.2262127321051695,0.1490522625867143,0.1483872234763534,0.1308398327426709,0.1340856364136549,0.4750339226990698,1.0,0.9605076929268026,0.6962039177979901,0.4217082653650074,0.28880062906941,0.3262581137216513,0.3379717696059973,0.0777153938839331,-0.0493541992858819,-0.038056892649116,-0.0459311608461894,-0.0544569085955674,-0.0503885481656488,-0.0411115874219342,-0.0411115874219342,-0.0411115874219342,-0.0585935380790773,-0.0411115874219342,-0.0054109879479725,-0.0544569085955674,-0.0161070863849052,-0.0254288337458679,-0.0254288337458679,-0.0950850044710242,-0.134428669238384,0.0030271921693889,-0.0364418485050104,-0.0054601243076169,0.0464820191584504,-0.1163158276033778,0.0311542354584265,-0.0257148582130892,-0.0459720384228939,0.1384050268111085,0.0030271921693889,0.0579905612310118,0.0579905612310118,0.0736031016572484,0.07285930634321,-0.3130623424688889,-0.3058282952562747,-0.0676192300368976,-0.0740362486231313,-0.0810170189895616,-0.0459720384228939,-0.0459720384228939,-0.0459720384228939,-0.0459720384228939,-0.0459720384228939,-0.0503885481656488,0.0247036949002349,-0.0503885481656487,-0.0582501413793882,-0.0120027414125044,0.0559358526082743,-0.0569178676700453,-0.0109772180582744,0.0385699191958143,0.0326835480740795,-0.0045604558479568,-0.0853535387186818
blaOXA-OH_AMR,0.0098779286242079,-0.037237939418971,0.0510546436097201,-0.0329605240060235,-0.2261935497115008,-0.2554146237270407,-0.1874363627257803,0.2390151623443998,0.165791665269508,0.1267811115094874,0.1484843808141893,0.1414345872314241,0.1700125644119295,-0.0285781178366472,-0.1114198465178472,0.0898976041637188,0.0470281249074779,0.129276285477302,0.2514169723301515,0.1551494609719129,0.3278971037555299,0.326794875923676,0.3495251808089877,0.231409373742404,0.1335289055887819,0.1620672141241064,0.1446915296821284,0.1479046766537016,0.4630808530709984,0.9605076929268026,1.0,0.7089369051590769,0.4212632035806641,0.2819643589272018,0.3199461525823107,0.3253859106540239,0.0742724033453719,-0.0469227587862497,-0.0430220228202426,-0.050766736430126,-0.0557079126217742,-0.0515460923277328,-0.0666979977815419,-0.0666979977815419,-0.0666979977815419,-0.0628906753723295,-0.0428541386555899,0.0045021537181777,-0.0557079126217741,0.0016927030596409,-0.0089971034870614,-0.0089971034870613,-0.0972693319786422,-0.137516813806115,0.0011921299982681,-0.063239067477749,-0.007773808156166,0.0437427483697043,-0.1027091089707244,0.0286774387222662,0.0011921299982681,-0.0470281249074774,0.1347317867924347,0.0580921726183105,0.0352235601456318,0.0352235601456318,0.1053816841961888,0.1050042438029779,-0.2971967955543212,-0.3208388239892162,-0.0702330596129774,-0.077445252433096,-0.0748158018163686,-0.0470281249074773,-0.0470281249074773,-0.0470281249074773,-0.0470281249074773,-0.0470281249074773,-0.0515460923277328,0.0218907679469788,-0.0515460923277327,-0.0595882849367818,-0.0134039675849651,0.053844347060059,-0.0589014916023722,-0.0133330030559689,0.0140175334371502,0.0162017211359028,0.0065554316977415,-0.0873143114349788
blaCTX-M-15_AMR,0.0177228768304365,0.0128500491777647,0.054918771738993,-0.0773006332960616,-0.2892946150956234,-0.2971319677716675,-0.2489696861138758,0.0982467365696396,0.1361826094703733,0.1409137163620457,0.1784137669161875,0.1657349275233665,0.1792142917640291,-0.1047399209240189,-0.2404784793744626,0.067443134988515,0.0610070224697869,0.1721474112103968,0.2493634198175869,0.2267783383147961,0.3664573887438539,0.3704944981244743,0.4044349627042032,0.293096459840602,0.1520882266596608,0.1979476511191536,0.1886433343691436,0.1759797151011812,0.3943742928656437,0.6962039177979901,0.7089369051590769,1.0,0.5275473848794956,0.3644473245871853,0.344150866406597,0.2075029644580139,0.1267576153286543,-0.0449351460743211,-0.055393704124373,-0.0709708844138823,-0.072266837849644,-0.0668679352845659,-0.0865236761481284,-0.0865236761481284,-0.0865236761481284,-0.0239486964194481,-0.0646324423261235,0.0094071907267348,-0.072266837849644,-0.0284355358249174,-0.0403575203455032,-0.0403575203455032,-0.1261822012533321,-0.1783930651359902,-0.0200264630471588,-0.012850049177764,0.0451569141425334,0.0345078073546448,-0.1477690603689926,-0.0427412085041184,-0.0461466504484015,-0.0610070224697865,0.0971611189944355,-0.0461466504484014,0.037129993343387,0.037129993343387,0.0299267162491535,0.025476454187715,-0.3043318764905185,-0.3016151479883071,0.1441157902131306,0.0558875616029061,0.1030225122756338,-0.0610070224697864,-0.0610070224697864,-0.0610070224697864,-0.0610070224697864,-0.0610070224697864,-0.0668679352845659,0.0457404704775998,0.0177228768304365,0.0449351460743223,-0.0301364202687426,0.0316047841333449,-0.065523538976176,-0.0411232420041011,0.0451569141425333,0.0233203547981181,-0.0359439527325067,-0.1132680958496121
papCFGII_VIR,-0.0222884027440578,-0.0099741611081592,0.0216972691855038,-0.0345568721991647,-0.1707588061768314,-0.1164150548260284,-0.1563832923822012,0.0308006811825042,0.0219824288355965,0.0480373999584197,0.0527813678418564,0.0412204777501316,0.0419696685576441,-0.0758840980908118,-0.0902951142310843,0.0565549306288078,0.0480870364218244,0.1093429276083352,0.123780881416599,0.037689598907722,0.1614087562011098,0.1599656372683637,0.184963998786021,0.1753597701772524,0.0504204755385725,0.1051995865878435,0.0798299074100031,0.0995259718627155,0.4128137743561811,0.4217082653650074,0.4212632035806641,0.5275473848794956,1.0,0.747805254728921,0.7022300197905179,0.2657247936826019,0.109609621386804,-0.018189399454874,-0.0378240733972364,-0.0860401923914483,-0.0287842920447348,-0.0527067329187148,-0.0681998071344274,-0.0681998071344274,-0.0681998071344274,0.0638468313314236,-0.0445839523502316,0.0142229988968062,-0.0287842920447347,0.0391489321065349,0.0633110281897368,0.0258421019889743,-0.0338589492371954,-0.116861622309509,0.0557496210666871,-0.0397839420472343,0.0331199507719694,0.0410791433978149,-0.1076835292953103,-0.0445839523502316,-0.0569622630818754,-0.0480870364218237,-0.0265100807393352,-0.0006063210075942,0.0129210143093335,0.0129210143093335,-0.2594273413663023,-0.2617666822155177,-0.4315538204040784,-0.1849056563649407,0.2409509596050622,0.3235335155590195,0.3900958837746163,0.1184261132270791,0.1184261132270791,0.1184261132270791,0.1184261132270791,0.1184261132270791,0.0993849179545701,0.1591784704748348,0.0689665877799132,-0.0345568721991648,-0.014784406492043,-0.0480870364218236,0.0191440090451515,-0.0571455419857646,-0.0532119061480277,-0.0681248813158799,-0.0551143737399006,-0.0892803292153519
hlyA-alpha_VIR,-0.041707678237538,-0.0329691338277928,0.0083099856222502,-0.0184846179760229,-0.1378444172352656,-0.1077093557596028,-0.1388799177161073,-0.0465229892245331,-0.0243451179375204,0.0168681773889664,0.0251659133505757,0.0263447406940691,0.03312110294714,-0.0835783233603016,-0.0856143849599663,0.0328703420683394,0.0380520387323436,0.0486465292983036,0.0514197858949983,-0.0146849260946613,0.0739927623639407,0.0727531214548123,0.0974227215015052,0.1268152100756604,-0.0025035791350611,0.0676592510417189,0.0396031856091658,0.0560070372708516,0.3317358267499959,0.28880062906941,0.2819643589272018,0.3644473245871853,0.747805254728921,1.0,0.9291964867060932,0.2627990926634893,0.0427098224437905,-0.0409759199942054,-0.0995850610766933,-0.120997282296453,-0.0133102988290679,-0.041707678237538,-0.0539675949221063,-0.0539675949221063,-0.0539675949221063,0.0869542231172157,-0.0273455913934918,-0.0349616892902662,0.113749094317602,0.0036521557175498,0.0370961990042498,0.0159769574047962,0.050710514105418,-0.0443319208437633,-0.0133102988290679,-0.0511688579928463,0.0381349818944177,0.0449564021959109,-0.0678940703298233,-0.0273455913934918,-0.0450751471157354,-0.0380520387323429,-0.0566341368674018,0.0184545494575995,0.0209105315664107,0.0209105315664107,-0.2219340579195954,-0.2259417272762344,-0.3834261020649722,-0.1182732101474605,0.2535757490186742,0.3376312816748253,0.3533172440538611,0.1496571802657507,0.1496571802657507,0.1496571802657507,0.1496571802657507,0.1496571802657507,0.129744276528505,0.0487550018517675,0.0268731036688791,-0.0482148869611381,-0.0380520387323428,-0.0380520387323428,-0.0188992673495589,-0.0382492607343956,-0.0348560347517619,-0.0143758172492125,-0.0241071398371179,-0.0706489482017045
cnf1_VIR,-0.0390589143426754,-0.0396846667974424,0.0190307982818335,-0.0141979115540348,-0.1237104178378474,-0.091663851846506,-0.1211246705532828,-0.0051265328159291,-0.0383920719558529,-0.0232205515335825,-0.0188429828137753,-0.0182463636716534,-0.0087027001432136,-0.0809424690982054,-0.0482576420088091,0.0473640910593449,0.0356354365483018,0.0387054503110717,0.0378171817788022,-0.0087020804456081,0.0839741075070038,0.0828398804181999,0.1046440261472254,0.1393983875823064,0.0397329628487432,0.060542916851585,0.0222610300157144,0.0419960736849665,0.3396570324363823,0.3262581137216513,0.3199461525823107,0.344150866406597,0.7022300197905179,0.9291964867060932,1.0,0.2557616968436489,0.0514094510796925,-0.047711994135903,-0.0896888980387858,-0.1121127596223485,-0.0091391796932486,-0.0390589143426754,-0.0505402303944499,-0.0505402303944499,-0.0505402303944499,0.1033330782899776,-0.0228215822961274,-0.0263313490889947,0.1231541919319731,0.0105036841232494,0.0457963274918513,0.0238071174998422,0.0610398157838181,-0.0345080681220452,-0.0091391796932486,-0.0479192351579119,0.0205701717737522,0.0527379487840889,-0.0763956317203104,-0.0228215822961273,-0.0422125225995541,-0.0356354365483012,-0.0530374260628174,0.0239341632130568,0.0287121784280082,0.0287121784280082,-0.2035249215659878,-0.2079760988823833,-0.3607849778036292,-0.1288584922787961,0.2542404513353548,0.3179290665413419,0.2466986171478297,0.0425411857427546,0.0425411857427546,0.0425411857427546,0.0425411857427546,0.0425411857427546,0.0323469269918637,-0.0129767034231538,-0.0390589143426754,-0.0451528643990047,-0.0356354365483011,-0.0356354365483011,-0.0129767034231538,-0.0333712543456763,-0.0300949932924213,-0.0027338127954351,-0.0327595090576301,-0.0661621872235241
aac(3)_AMR,-0.0302272758297275,-0.0224311454008654,-0.0080613942208381,-0.068591028808665,-0.2328507006276624,-0.0050609409361842,0.0694564453822972,0.2140258051823917,0.1676338894184378,0.1587419775112154,0.1762113590723774,0.1760287316453083,0.172093300355456,0.1051474744220755,0.1506887567105653,0.0357962605791095,0.0222668097855722,-0.0043406055314034,0.0060555350488078,-0.0948507689793302,-0.011883612219814,-0.013860094167805,-0.0417531335151368,-0.0047382552669845,0.0687816849541427,0.0572613969518808,0.0324164914250977,0.0352639830219132,0.1999729668299073,0.3379717696059973,0.3253859106540239,0.2075029644580139,0.2657247936826019,0.2627990926634893,0.2557616968436489,1.0,0.0167225496665157,-0.0071163192388976,-0.0743752483897245,-0.0814039994692021,-0.0101988331986696,-0.0593338020648959,-0.0541774838601178,-0.0541774838601178,-0.0541774838601178,-0.1112101116546101,-0.0541774838601179,0.0060765139969535,-0.0641244003509168,-0.0336235052773254,-0.0436692733695126,-0.0257427422745429,-0.0648863952859292,-0.1469295411080507,0.0167639503774539,-0.0251811175533753,0.0603661389831672,0.0703386078560186,0.1707135011764797,0.0136147479516215,-0.0371616167747933,-0.0541332490735131,0.0703386078560188,-0.0101988331986696,-0.0202849975904601,-0.0202849975904601,-0.001241230124207,0.0047283784326811,-0.1064815569287521,0.1882624568631548,0.0928632005059114,0.0697543153401804,0.1262701652529091,0.1051989473661937,0.1051989473661937,0.1051989473661937,0.1051989473661937,0.1051989473661937,0.086198829110946,0.081229706172881,0.1153053553461144,0.007116319238899,-0.0222668097855717,-0.054133249073513,-0.0144813033689576,0.0115792657637635,0.0603661389831671,0.0294782009538599,0.0670347163762384,0.1431126201993542
erm(B)_AMR,-0.0108733056292705,0.01333986103202,0.0210133614867396,-0.012569752716116,-0.0226896929689276,-0.0833058984903401,-0.0898133056555338,-0.0669140769105981,0.120453013957429,0.0653202790457702,0.0766643180015006,0.0783091892939322,0.0181254198911318,0.0819033180415613,0.0793216584985147,0.0189633021878049,0.0099202704259194,-0.0109748247530999,-0.0824094191975319,-0.0751229606023787,-0.0348058458744767,0.0069499405983898,-0.0046213478623423,0.0488142695702559,0.0364375455891335,0.0475072985977007,0.0472436101725347,0.0406315704561111,0.1308790300764077,0.0777153938839331,0.0742724033453719,0.1267576153286543,0.109609621386804,0.0427098224437905,0.0514094510796925,0.0167225496665157,1.0,0.0125697527161165,0.0005208310761306,0.0367947141519589,-0.0117512139631068,-0.0108733056292705,-0.0140694993934375,-0.0140694993934375,-0.0140694993934375,-0.0318640358215182,-0.0140694993934375,0.022540842546448,-0.0117512139631068,-0.0166855257889185,-0.0178581394329093,-0.0178581394329093,-0.0205183191818737,-0.0290082580105281,-0.0117512139631068,-0.0133398610320199,-0.0154300492572019,-0.0147646741614823,-0.0391689191961475,-0.0140694993934375,-0.0117512139631068,-0.0099202704259192,-0.0147646741614823,-0.0117512139631068,0.050537634408602,0.050537634408602,-0.0686020247415683,-0.067908767753922,0.0048026301409943,-0.0651092610222967,-0.0214981188411218,-0.0271016237781916,-0.0335509932456726,-0.0099202704259192,-0.0099202704259192,-0.0099202704259192,-0.0099202704259192,-0.0099202704259192,-0.0108733056292705,-0.0166855257889185,-0.0108733056292705,-0.012569752716116,-0.0099202704259192,-0.0099202704259192,-0.0166855257889185,-0.0160693317487313,0.0602629145989611,-0.0304628137012679,-0.0233469829784336,-0.0184183737538343
emrE_STRESS,0.0079089129503381,-0.0097030105902521,-0.0152844822410986,0.0091428571428574,0.0358825861001451,0.0341590739980979,-0.0116531663752354,-0.0199154085261201,-0.0156259231087355,-0.024453604115088,-0.0331706842496527,-0.034414386521131,-0.0294427734767417,-0.0130531570511006,-0.0003248658231557,-0.0137933312433135,-0.0072157040294353,-0.0216339365554299,-0.0106468473113409,-0.0325591682341888,-0.022531444928513,-0.022311827688971,-0.0278628297899107,0.0011199328785508,-0.0265035662579628,-0.0345553690777811,-0.034363570109578,-0.0295541728274305,-0.0457341431839451,-0.0493541992858819,-0.0469227587862497,-0.0449351460743211,-0.018189399454874,-0.0409759199942054,-0.047711994135903,-0.0071163192388976,0.0125697527161165,1.0,0.0253529202020303,0.025118191731552,0.0085474768634134,0.0079089129503391,0.0102337274193791,0.0102337274193791,0.0102337274193791,0.0231769338737677,0.0102337274193784,0.0182390417106225,0.0085474768634136,0.0121365457290135,0.0129894693523259,0.0129894693523261,0.0149244034730208,0.0210997276512332,0.008547476863413,0.0097030105902515,0.0112233501527012,0.0107393764752576,-0.0151849260110739,0.010233727419377,0.0085474768634131,0.007215704029435,0.0107393764752578,0.0085474768634132,0.0125697527161158,0.0125697527161158,0.0498990335043521,0.0493947793838068,0.0194995153548659,-0.0103474190172298,-0.0594039073559805,-0.0407263031991388,-0.0254772985730216,0.0072157040294361,0.0072157040294361,0.0072157040294361,0.0072157040294361,0.0072157040294361,0.0079089129503388,0.0121365457290142,0.007908912950339,0.0091428571428569,0.0072157040294357,0.0072157040294358,0.0121365457290141,0.0116883448607114,0.0112233501527016,-0.0321902539347596,0.0169818877832693,0.013396966816949
IncI_PLASMID,0.0337161043343988,0.0269062120702955,0.0423834970330562,-0.0253529202020312,0.0533707234038676,0.013969740033899,-0.004490440937078,-0.001969080767635,-0.004854033482919,-0.003060592618439,0.0132847603329573,0.0261372489250314,0.011683815459715,-0.0305286409074262,0.0191869633907067,-0.0588016833967779,-0.1627626340935375,-0.0462075054048909,-0.0410416584052904,-0.0092618589649563,-0.0445813297246831,-0.0453849431709866,-0.0254788423332854,-0.0276207235155438,-0.0685861155827703,-0.1330094099361258,-0.1057975225793612,-0.0800812580913012,-0.035340551129308,-0.038056892649116,-0.0430220228202426,-0.055393704124373,-0.0378240733972364,-0.0995850610766933,-0.0896888980387858,-0.0743752483897245,0.0005208310761306,0.0253529202020303,1.0,0.1907954401811151,0.2340421139215979,0.1450107590157979,0.0148249943183248,0.0148249943183248,0.0148249943183248,0.0355718691602986,0.1012307367809052,0.1729668505532045,0.0278468666352213,0.0395397116282033,0.0325262134365481,0.0667990612461806,0.0786247184507513,0.0718445627993184,0.0278468666352213,-0.0269062120702954,0.0083618223189334,0.0114359047187621,-0.0288882604328299,0.058027865549615,0.0793956784568153,0.1018387655455959,0.052651838868423,-0.0237019451863728,0.0358972803240844,0.0358972803240844,-0.0269113566562416,-0.0248598701146109,0.0144221794628557,-0.0540743331349889,-0.0146596103570001,-0.0546633908010783,0.0086426091899149,-0.0200089715502864,-0.0200089715502864,-0.0200089715502864,-0.0200089715502864,-0.0200089715502864,-0.0219312230063005,0.0029426829408831,0.0337161043343989,-0.0253529202020312,0.1018387655455959,-0.0200089715502864,-0.0336543457464373,-0.0324114956536265,0.0083618223189334,0.0009181113784303,-0.0205381332974589,-0.0371494627283676
IncX_PLASMID,-0.0217281741113023,0.0266571025414793,0.0124232018603238,-0.0251181917315523,0.0135026303737939,-0.0135752968462283,-0.0112724709207037,-0.0340806136247682,-0.0553789093537846,-0.0638020059274341,-0.0465413861655618,-0.0521506134726178,-0.0390103637726216,-0.0163287384584269,0.0608051377737419,-0.0925570083666924,-0.1644325381725168,0.0594349619398849,0.0555403509651332,0.0289787929078035,0.0854239219682456,0.084863328813853,0.0991219493564131,0.0269334437312767,-0.0167079266228689,-0.150173441027731,-0.0793531383094869,-0.0821562179168539,-0.063375279771927,-0.0459311608461894,-0.050766736430126,-0.0709708844138823,-0.0860401923914483,-0.120997282296453,-0.1121127596223485,-0.0814039994692021,0.0367947141519589,0.025118191731552,0.1907954401811151,1.0,0.2363552097883107,0.1465698762420308,-0.0281151420646661,-0.0281151420646661,-0.0281151420646661,-0.0636740418989925,0.0589924735251591,0.0250115432587596,-0.0234825021677131,0.0035515470147081,-0.0011347521292766,-0.0011347521292766,-0.041001846803136,0.0515430504473383,-0.0234825021677131,-0.0266571025414791,-0.030833934797522,-0.0295043128387496,-0.0445902985369025,0.0589924735251589,0.0804525826146964,0.103013785547165,0.0535971488410461,-0.0234825021677131,0.0367947141519589,0.0367947141519589,-0.0359611911646008,-0.045285327817505,0.0423320433483134,0.033063031331885,-0.0429597847399699,-0.0541572931203503,-0.0670450962848557,-0.0198237197035395,-0.0198237197035395,-0.0198237197035395,-0.0198237197035395,-0.0198237197035395,-0.0217281741113023,-0.0333427590322016,-0.0217281741113023,-0.0251181917315522,0.1030137855471648,0.164432538172517,0.040445853061618,-0.0321114157914219,-0.0308339347975219,0.0229493693914306,-0.0198864665234266,-0.0368055166860238
blaCTX-M_AMR,-0.0073938867688189,0.0090711532762423,0.0142891610668024,-0.0085474768634137,-0.0335459222098933,0.0845726311918352,0.0760079351950572,0.0601582744397756,0.0562703424077899,0.0426582823479598,0.0504078155231702,0.0515299415957532,0.0470684771357947,-0.0745654383489572,0.0641552597045139,0.0128951134015844,0.0067458194174046,0.0202251407063229,0.0399499948006773,0.0553948855911035,0.0479035856470629,0.0477470598660755,0.0518051248164327,0.0331938781278689,0.0247776614955509,0.0323051331858348,0.0321258241123662,0.0276296134252902,-0.0280230214780594,-0.0544569085955674,-0.0557079126217742,-0.072266837849644,-0.0287842920447348,-0.0133102988290679,-0.0091391796932486,-0.0101988331986696,-0.0117512139631068,0.0085474768634134,0.2340421139215979,0.2363552097883107,1.0,0.4589491144359794,-0.0095673099750828,-0.0095673099750828,-0.0095673099750828,-0.0216676584743165,-0.0095673099750828,-0.0170513204566663,-0.0079908675799086,-0.0113462172928684,-0.0121435987703006,-0.0121435987703006,-0.0139525305265827,-0.0197257193353554,-0.0079908675799086,-0.0090711532762418,-0.0104924887550231,-0.0100400313070048,-0.0266350053302755,-0.0095673099750828,-0.0079908675799086,-0.0067458194174048,-0.0100400313070048,-0.0079908675799086,-0.0117512139631068,-0.0117512139631068,-0.0466496225108779,-0.0461782052764952,0.0561778502698652,-0.0545503647075351,-0.0146187978038591,-0.0184292012290768,-0.0228147955642958,-0.0067458194174048,-0.0067458194174048,-0.0067458194174048,-0.0067458194174048,-0.0067458194174048,-0.007393886768819,-0.0113462172928684,-0.0073938867688189,-0.0085474768634137,-0.0067458194174048,-0.0067458194174048,-0.0113462172928684,-0.0109272031387458,-0.0104924887550231,-0.020714822414305,-0.015876032038627,-0.0125245601149146
ampC-T32A_AMR,-0.0068415051311288,0.0083934666062759,0.0132216480742333,-0.0079089129503387,-0.031039777332713,0.039053201995248,0.0322774680321255,-0.0034689533326965,-0.0072404142801771,-0.0215889320941631,-0.0131849568579218,-0.0120214807358832,-0.0167245489706855,-0.0650300576040979,0.0002810210720492,0.0119317467607796,0.0062418535204613,0.0187141632332859,0.0369654152089568,0.0512564508842708,0.0443248101101498,0.0441799780391075,0.0479348735424315,0.030714033719258,0.0229265748258492,0.0298916850315781,0.0297257717596346,0.0255654634606235,-0.021563399294428,-0.0503885481656488,-0.0515460923277328,-0.0668679352845659,-0.0527067329187148,-0.041707678237538,-0.0390589143426754,-0.0593338020648959,-0.0108733056292705,0.0079089129503391,0.1450107590157979,0.1465698762420308,0.4589491144359794,1.0,0.381987812450103,0.381987812450103,0.381987812450103,0.1605958891559744,-0.0088525564878355,-0.0157774523798175,-0.0073938867688189,-0.0104985654034381,-0.0112363761976641,-0.0112363761976641,-0.0129101664894842,-0.0182520525763471,-0.0073938867688189,-0.0083934666062755,-0.0097086171184724,-0.009289961809158,-0.0246451604321539,-0.0088525564878355,-0.0073938867688189,-0.0062418535204611,-0.0092899618091581,-0.0073938867688189,-0.0108733056292705,-0.0108733056292705,-0.0431645279069337,-0.0427283292567821,0.0213814858865296,-0.0187811949900015,-0.0135266583480574,-0.0170523945948221,-0.021110350455599,-0.0062418535204611,-0.0062418535204611,-0.0062418535204611,-0.0062418535204611,-0.0062418535204611,-0.0068415051311288,-0.0104985654034381,-0.0068415051311288,-0.0079089129503386,-0.0062418535204611,-0.0062418535204611,-0.0104985654034381,-0.0101108549102866,-0.0097086171184724,-0.0191672618568552,-0.0146899672730019,-0.0115888767261994
trxLHR_STRESS,-0.0088525564878355,0.0108607149796225,0.0171081339845636,-0.0102337274193778,-0.0401638786993556,0.0505328389100748,0.0417653869378228,-0.0044886475626006,-0.0093687244520158,-0.0279349700413206,-0.0170606574338955,-0.0155551790493613,-0.021640707952248,0.0092238822008572,-0.0210418733351341,0.0154390678913253,0.0080766380817673,0.0242151666877291,0.047831349967809,0.0663232166200401,0.0573540292365375,0.0571666239703602,0.0620252660252863,0.0397423831828879,0.029665811079342,0.0051950273999584,0.0384636229313552,0.0330803975273086,0.0037351863903832,-0.0411115874219342,-0.0666979977815419,-0.0865236761481284,-0.0681998071344274,-0.0539675949221063,-0.0505402303944499,-0.0541774838601178,-0.0140694993934375,0.0102337274193791,0.0148249943183248,-0.0281151420646661,-0.0095673099750828,0.381987812450103,1.0,1.0,1.0,0.4415479405134317,-0.0114547537227949,-0.0204152135750023,-0.0095673099750828,-0.0135846047753876,-0.0145392940737267,-0.0145392940737267,-0.0167050928012185,-0.0236172192162629,-0.0095673099750828,0.0956949664315632,-0.0125624522400764,-0.0120207337580169,-0.0318895726445817,0.0896907216494844,-0.0095673099750828,-0.0080766380817666,-0.0120207337580169,-0.0095673099750828,0.0687529537025983,0.0687529537025983,-0.0558526836190262,-0.055288264954365,0.0435041851642543,0.0546427054964925,-0.017502801623723,-0.0220649233626484,-0.0273157099650322,-0.0080766380817666,-0.0080766380817666,-0.0080766380817666,-0.0080766380817666,-0.0080766380817666,-0.0088525564878355,-0.0135846047753877,-0.0088525564878355,-0.0102337274193778,-0.0080766380817666,-0.0080766380817666,-0.0135846047753876,-0.0130829272971477,-0.0125624522400764,0.0238645092686624,-0.019008063663799,-0.0149954116649643
psi-GI_STRESS,-0.0088525564878355,0.0108607149796225,0.0171081339845636,-0.0102337274193778,-0.0401638786993556,0.0505328389100748,0.0417653869378228,-0.0044886475626006,-0.0093687244520158,-0.0279349700413206,-0.0170606574338955,-0.0155551790493613,-0.021640707952248,0.0092238822008572,-0.0210418733351341,0.0154390678913253,0.0080766380817673,0.0242151666877291,0.047831349967809,0.0663232166200401,0.0573540292365375,0.0571666239703602,0.0620252660252863,0.0397423831828879,0.029665811079342,0.0051950273999584,0.0384636229313552,0.0330803975273086,0.0037351863903832,-0.0411115874219342,-0.0666979977815419,-0.0865236761481284,-0.0681998071344274,-0.0539675949221063,-0.0505402303944499,-0.0541774838601178,-0.0140694993934375,0.0102337274193791,0.0148249943183248,-0.0281151420646661,-0.0095673099750828,0.381987812450103,1.0,1.0,1.0,0.4415479405134317,-0.0114547537227949,-0.0204152135750023,-0.0095673099750828,-0.0135846047753876,-0.0145392940737267,-0.0145392940737267,-0.0167050928012185,-0.0236172192162629,-0.0095673099750828,0.0956949664315632,-0.0125624522400764,-0.0120207337580169,-0.0318895726445817,0.0896907216494844,-0.0095673099750828,-0.0080766380817666,-0.0120207337580169,-0.0095673099750828,0.0687529537025983,0.0687529537025983,-0.0558526836190262,-0.055288264954365,0.0435041851642543,0.0546427054964925,-0.017502801623723,-0.0220649233626484,-0.0273157099650322,-0.0080766380817666,-0.0080766380817666,-0.0080766380817666,-0.0080766380817666,-0.0080766380817666,-0.0088525564878355,-0.0135846047753877,-0.0088525564878355,-0.0102337274193778,-0.0080766380817666,-0.0080766380817666,-0.0135846047753876,-0.0130829272971477,-0.0125624522400764,0.0238645092686624,-0.019008063663799,-0.0149954116649643
kefB_STRESS,-0.0088525564878355,0.0108607149796225,0.0171081339845636,-0.0102337274193778,-0.0401638786993556,0.0505328389100748,0.0417653869378228,-0.0044886475626006,-0.0093687244520158,-0.0279349700413206,-0.0170606574338955,-0.0155551790493613,-0.021640707952248,0.0092238822008572,-0.0210418733351341,0.0154390678913253,0.0080766380817673,0.0242151666877291,0.047831349967809,0.0663232166200401,0.0573540292365375,0.0571666239703602,0.0620252660252863,0.0397423831828879,0.029665811079342,0.0051950273999584,0.0384636229313552,0.0330803975273086,0.0037351863903832,-0.0411115874219342,-0.0666979977815419,-0.0865236761481284,-0.0681998071344274,-0.0539675949221063,-0.0505402303944499,-0.0541774838601178,-0.0140694993934375,0.0102337274193791,0.0148249943183248,-0.0281151420646661,-0.0095673099750828,0.381987812450103,1.0,1.0,1.0,0.4415479405134317,-0.0114547537227949,-0.0204152135750023,-0.0095673099750828,-0.0135846047753876,-0.0145392940737267,-0.0145392940737267,-0.0167050928012185,-0.0236172192162629,-0.0095673099750828,0.0956949664315632,-0.0125624522400764,-0.0120207337580169,-0.0318895726445817,0.0896907216494844,-0.0095673099750828,-0.0080766380817666,-0.0120207337580169,-0.0095673099750828,0.0687529537025983,0.0687529537025983,-0.0558526836190262,-0.055288264954365,0.0435041851642543,0.0546427054964925,-0.017502801623723,-0.0220649233626484,-0.0273157099650322,-0.0080766380817666,-0.0080766380817666,-0.0080766380817666,-0.0080766380817666,-0.0080766380817666,-0.0088525564878355,-0.0135846047753877,-0.0088525564878355,-0.0102337274193778,-0.0080766380817666,-0.0080766380817666,-0.0135846047753876,-0.0130829272971477,-0.0125624522400764,0.0238645092686624,-0.019008063663799,-0.0149954116649643
IncY_PLASMID,-0.0200489135506821,0.0245969100591745,0.0387458131152654,0.0812375182208058,-0.0458469301197486,0.0105071335319597,-0.0063022962791855,-0.0349211424581006,-0.065908800668364,0.0134209369171548,0.0164628274806379,0.0197570808459128,0.0367854020776793,-0.0627643699020696,-0.0535909078459907,0.0349657794199492,0.0182916447812559,0.0088756351790019,-0.0643071194904659,0.028677425910743,0.0110744865224235,0.0104340638772535,0.0036415881404707,0.07484842643768,0.0671859346571672,0.0566454047017052,0.009399313352621,0.0047854534248889,-0.0869528082073309,-0.0585935380790773,-0.0628906753723295,-0.0239486964194481,0.0638468313314236,0.0869542231172157,0.1033330782899776,-0.1112101116546101,-0.0318640358215182,0.0231769338737677,0.0355718691602986,-0.0636740418989925,-0.0216676584743165,0.1605958891559744,0.4415479405134317,0.4415479405134317,0.4415479405134317,1.0,-0.0259422650901177,-0.0462355538364953,-0.0216676584743165,-0.0307658660112683,-0.0329280079006155,-0.0329280079006154,-0.0378330216687093,-0.0534873273076551,-0.0216676584743166,0.024652685365431,-0.0284509360987367,-0.0272240738888721,-0.0360701678616002,0.0675557760305921,0.0341123486184576,-0.0182916447812556,-0.0272240738888721,0.0341123486184576,0.0829765504250147,0.0829765504250147,-0.0541292948717996,-0.0524269314926744,0.0425278259022091,0.001352376577029,-0.0085821404445748,0.1501418797028179,0.1652265675353437,-0.0182916447812556,-0.0182916447812556,-0.0182916447812556,-0.0182916447812556,-0.0182916447812556,-0.0200489135506821,-0.0307658660112683,-0.0200489135506821,-0.023176933873767,-0.0182916447812556,-0.0182916447812556,-0.0307658660112683,-0.0296296870548981,-0.0284509360987367,-0.0336761258325442,-0.0143170270907752,-0.0339610046590358
blaCMY_AMR,-0.0088525564878355,0.0108607149796224,-0.0515576946898445,-0.0102337274193778,0.0249089743126279,0.0268614878450372,0.0187879186100362,-0.0044886475626006,-0.0738304155517302,-0.0058124780713779,-0.0604119107119665,-0.0804459968474053,-0.0871564055128251,-0.0554164986194365,-0.0424473735136173,-0.0602981373755658,-0.1345567904422326,-0.0752359597553628,-0.1245567399161719,-0.1010007841670899,-0.0968904615731964,-0.0973582606189097,-0.0859971931647887,-0.0586478720054018,-0.0950718612209396,-0.0952548089685776,-0.1296719169121435,-0.1565948688143384,-0.0437204910586579,-0.0411115874219342,-0.0428541386555899,-0.0646324423261235,-0.0445839523502316,-0.0273455913934918,-0.0228215822961274,-0.0541774838601179,-0.0140694993934375,0.0102337274193784,0.1012307367809052,0.0589924735251591,-0.0095673099750828,-0.0088525564878355,-0.0114547537227949,-0.0114547537227949,-0.0114547537227949,-0.0259422650901177,1.0,0.2703369410496285,-0.0095673099750828,-0.0135846047753877,-0.0145392940737267,-0.0145392940737267,0.1940177206770102,0.1289730581102748,-0.0095673099750828,-0.0108607149796225,-0.0125624522400764,-0.0120207337580169,0.0463284624808784,0.1908361970217639,0.1111174715677484,0.1345567904422328,0.0844729744995195,0.1111174715677484,0.0687529537025984,0.0687529537025984,-0.0558526836190263,-0.0552882649543652,0.019747725362129,-0.0960697276466667,-0.017502801623723,-0.0220649233626484,-0.0273157099650322,-0.0080766380817666,-0.0080766380817666,-0.0080766380817666,-0.0080766380817666,-0.0080766380817666,-0.0088525564878355,-0.0135846047753877,-0.0088525564878355,-0.0102337274193778,-0.0080766380817666,-0.0080766380817666,-0.0135846047753876,0.0757803404211713,-0.0125624522400764,-0.024801453050573,-0.019008063663799,-0.0149954116649643
astA_VIR,-0.0157774523798175,0.0193564891268669,0.0304909400600716,-0.0182390417106216,-0.0154645927101671,0.0832575065547086,0.0678311946401521,-0.0141584691357086,-0.0475809211830765,0.007446811542,-0.0615606358489751,-0.0588123125704076,-0.0322914110445533,-0.0405439696752814,-0.0424244091387289,0.0275162501113524,-0.0676080601200891,-0.1569596768968449,-0.0964527667347876,-0.1429036305997439,-0.1490353651896352,-0.1498261115329879,-0.1305747678231185,-0.0423020176163546,-0.138365569752299,-0.1813178055986707,-0.2021082507416987,-0.1591382593893527,0.0434892937563955,-0.0054109879479725,0.0045021537181777,0.0094071907267348,0.0142229988968062,-0.0349616892902662,-0.0263313490889947,0.0060765139969535,0.022540842546448,0.0182390417106225,0.1729668505532045,0.0250115432587596,-0.0170513204566663,-0.0157774523798175,-0.0204152135750023,-0.0204152135750023,-0.0204152135750023,-0.0462355538364953,0.2703369410496285,1.0,0.1911005131364627,0.1235660546270663,0.11247962129361,0.1586103716894565,0.2932900403747569,0.1918469548380875,0.0523326240743767,0.1031652305793961,0.13704483924912,0.0340521123169297,0.0106183915395607,-0.0204152135750023,-0.0170513204566662,-0.0143945732398541,-0.0214239304429391,-0.0170513204566662,-0.0250753391964074,-0.0250753391964074,0.0504767483230299,0.0523618829469375,-0.0303632178772678,0.0020747154001106,-0.0311943357278935,-0.0393251687348033,-0.0230039118118337,-0.0143945732398541,-0.0143945732398541,-0.0143945732398541,-0.0143945732398541,-0.0143945732398541,-0.0157774523798175,-0.0242111366628202,-0.0157774523798175,-0.0182390417106217,-0.0143945732398541,-0.0143945732398541,-0.0242111366628202,-0.0233170229077897,-0.0223894072027548,0.0117556053841479,0.0018618231368081,-0.0267255446248592
sfaF_VIR,-0.0073938867688189,0.0090711532762416,0.0142891610668023,-0.0085474768634137,0.0052758986437578,0.0280842549873037,0.0211754133182308,-0.0676563461817879,-0.071920349919554,-0.010133957754701,-0.0789068303424871,-0.0775141265524319,-0.0050462129092293,-0.074565438348957,-0.0635478383998272,0.0128951134015841,0.0067458194174047,-0.2171010950901311,0.0399499948006773,-0.0872106070530492,-0.1054643118379136,-0.1058996378808072,-0.0953761017373322,-0.0450709933992559,-0.2232798793272546,-0.2074043844872084,-0.2086133783590851,-0.1534238088717878,0.0286001546435114,-0.0544569085955674,-0.0557079126217741,-0.072266837849644,-0.0287842920447347,0.113749094317602,0.1231541919319731,-0.0641244003509168,-0.0117512139631068,0.0085474768634136,0.0278468666352213,-0.0234825021677131,-0.0079908675799086,-0.0073938867688189,-0.0095673099750828,-0.0095673099750828,-0.0095673099750828,-0.0216676584743165,-0.0095673099750828,0.1911005131364627,1.0,0.295348982797014,0.3708134624502517,0.3708134624502517,0.4050979611391508,0.2837204509280396,-0.0079908675799086,-0.0090711532762418,0.2100995962612969,-0.0100400313070048,0.066693207791285,-0.0095673099750828,-0.0079908675799086,-0.0067458194174048,-0.0100400313070048,-0.0079908675799086,0.0870708996504486,0.0870708996504486,-0.0466496225108779,-0.0461782052764952,-0.0288593642243479,-0.003171194534998,0.0655575901514674,0.0461461348236012,0.0304800840210831,-0.0067458194174048,-0.0067458194174048,-0.0067458194174048,-0.0067458194174048,-0.0067458194174048,-0.0073938867688189,-0.0113462172928684,-0.0073938867688189,-0.0085474768634137,-0.0067458194174048,-0.0067458194174048,-0.0113462172928684,-0.0109272031387458,-0.0104924887550231,-0.020714822414305,-0.015876032038627,-0.0125245601149146
cvaC_VIR,-0.0104985654034381,0.0128801128463112,0.0202891519319344,-0.0121365457290141,-0.0476317895243434,0.0599287126885692,0.0495310757936598,0.0128251243337155,-0.1385231073986712,-0.0143891868525871,-0.1487623772135349,-0.1283850991933247,-0.0256644945587837,-0.1423797750020206,-0.1264965278026733,0.0183097463707722,0.0095783758350304,-0.3503838039479771,0.0567249197067322,-0.1035816447863861,-0.1497485707014408,-0.1503666893007693,-0.1354243408537206,-0.1751243540785324,-0.3170346652148411,-0.2944930810519568,-0.296209729092846,-0.0571727912413945,0.2014075784983438,-0.0161070863849052,0.0016927030596409,-0.0284355358249174,0.0391489321065349,0.0036521557175498,0.0105036841232494,-0.0336235052773254,-0.0166855257889185,0.0121365457290135,0.0395397116282033,0.0035515470147081,-0.0113462172928684,-0.0104985654034381,-0.0135846047753876,-0.0135846047753876,-0.0135846047753876,-0.0307658660112683,-0.0135846047753877,0.1235660546270663,0.295348982797014,1.0,0.9343373004564074,0.8663673024087051,0.4561960098204858,0.359767852421762,0.3975807161603088,0.1676459132377046,0.2200154391651398,-0.0142558208726792,0.0615684187268035,-0.0135846047753876,-0.0113462172928684,-0.0095783758350305,-0.0142558208726792,-0.0113462172928684,-0.0166855257889185,-0.0166855257889185,-0.0662377080267868,-0.0655683436150478,-0.1013494424905163,0.0137355229462364,-0.0207572024920213,0.019677609978557,-0.0323946837281753,-0.0095783758350305,-0.0095783758350305,-0.0095783758350305,-0.0095783758350305,-0.0095783758350305,-0.0104985654034381,-0.0161104718066743,-0.0104985654034381,-0.0121365457290141,0.111245993626855,-0.0095783758350305,-0.0161104718066743,-0.0155155144263998,-0.0148982643207349,-0.0294129359478851,-0.0225423469301016,-0.0177835984816855
mchF_VIR,-0.0112363761976641,0.0137852923564322,0.0217150186790397,-0.0129894693523266,-0.0509792229220391,0.0641403406021522,0.053011985895741,-0.0056973522508909,-0.1482581368966058,-0.0179075311515991,-0.1592169949127226,-0.1398589854951256,-0.0274681258537436,-0.1352927642863723,-0.1184053735229532,0.0195965058462595,0.0102515181940735,-0.3242898721647508,0.0607113937108398,-0.1054431983137999,-0.1515323389497964,-0.1521780089353334,-0.1365540080341182,-0.1837148101313754,-0.3251786580440731,-0.2962161923115734,-0.2979719819349457,-0.0783872470705912,0.1779153586476108,-0.0254288337458679,-0.0089971034870614,-0.0403575203455032,0.0633110281897368,0.0370961990042498,0.0457963274918513,-0.0436692733695126,-0.0178581394329093,0.0129894693523259,0.0325262134365481,-0.0011347521292766,-0.0121435987703006,-0.0112363761976641,-0.0145392940737267,-0.0145392940737267,-0.0145392940737267,-0.0329280079006155,-0.0145392940737267,0.11247962129361,0.3708134624502517,0.9343373004564074,1.0,0.8726931949250286,0.4802959246117666,0.3735228023294459,0.3708134624502513,0.1552760014037046,0.2040496789930958,-0.015257681423738,0.0525987695732154,-0.0145392940737267,-0.0121435987703006,-0.0102515181940737,-0.0152576814237381,-0.0121435987703006,-0.0178581394329092,-0.0178581394329092,-0.0708927150766975,-0.0701763095436936,-0.0842414293379741,0.0147008183656232,0.0310902737012953,0.0578608042292404,0.0007624474490064,-0.0102515181940737,-0.0102515181940737,-0.0102515181940737,-0.0102515181940737,-0.0102515181940737,-0.0112363761976641,-0.0172426722114215,-0.0112363761976642,-0.0129894693523266,0.1028996138730148,-0.0102515181940737,-0.0172426722114215,-0.0166059028348979,-0.0159452740605105,-0.0314799975699541,-0.0241265621302822,-0.0190333817059413
iroBCDEN_VIR,-0.0112363761976641,0.0137852923564322,0.0217150186790396,-0.0129894693523266,-0.0509792229220391,0.0641403406021522,0.053011985895741,-0.0226931699452717,-0.1482581368966057,-0.0003577531195657,-0.1420217152517718,-0.1226996852044217,-0.0274681258537436,-0.1352927642863723,-0.1184053735229531,0.0195965058462595,0.0102515181940735,-0.4031844739339965,0.0607113937108398,-0.1244057938557725,-0.1719260373635549,-0.1726087800908603,-0.1561250499257148,-0.2097324809166209,-0.3581634662063828,-0.3227784851734729,-0.3246483745181918,-0.0783872470705913,0.1967386586339323,-0.0254288337458679,-0.0089971034870613,-0.0403575203455032,0.0258421019889743,0.0159769574047962,0.0238071174998422,-0.0257427422745429,-0.0178581394329093,0.0129894693523261,0.0667990612461806,-0.0011347521292766,-0.0121435987703006,-0.0112363761976641,-0.0145392940737267,-0.0145392940737267,-0.0145392940737267,-0.0329280079006154,-0.0145392940737267,0.1586103716894565,0.3708134624502517,0.8663673024087051,0.8726931949250286,1.0,0.536018076948147,0.4138727698431357,0.3708134624502511,0.1552760014037045,0.2040496789930958,-0.015257681423738,0.0525987695732154,-0.0145392940737267,-0.0121435987703006,-0.0102515181940737,-0.015257681423738,-0.0121435987703006,-0.0178581394329092,-0.0178581394329092,-0.0708927150766976,-0.0701763095436936,-0.1219334395256767,-0.0023792113933838,0.0310902737012952,0.0578608042292403,0.0007624474490064,-0.0102515181940737,-0.0102515181940737,-0.0102515181940737,-0.0102515181940737,-0.0102515181940737,-0.0112363761976641,-0.0172426722114216,-0.0112363761976642,-0.0129894693523266,0.1028996138730147,-0.0102515181940737,-0.0172426722114215,-0.0166059028348979,-0.0159452740605105,-0.0314799975699541,-0.0241265621302822,-0.0190333817059413
sslE_VIR,-0.0129101664894841,0.015838773666616,-0.0227355727541767,-0.014924403473021,-0.0585731773171559,-0.0002792527402565,-0.0108968914903906,-0.1032538791860209,-0.1554210234418737,-0.0791467563443426,-0.1377760234542666,-0.105301796315366,-0.0694745557891475,-0.1301956945710937,-0.110958309132945,0.0225156357029016,0.011778602311569,-0.3790714370258931,0.0098972207203737,-0.2518739839914665,-0.2912627591049264,-0.2922175850349292,-0.2693272253666481,-0.3520068880407167,-0.5631092558548377,-0.4318982511640175,-0.4343088749344166,-0.2151987619201865,0.0828933848822765,-0.0950850044710242,-0.0972693319786422,-0.1261822012533321,-0.0338589492371954,0.050710514105418,0.0610398157838181,-0.0648863952859292,-0.0205183191818737,0.0149244034730208,0.0786247184507513,-0.041001846803136,-0.0139525305265827,-0.0129101664894842,-0.0167050928012185,-0.0167050928012185,-0.0167050928012185,-0.0378330216687093,0.1940177206770102,0.2932900403747569,0.4050979611391508,0.4561960098204858,0.4802959246117666,0.536018076948147,1.0,0.6013598142242188,0.2374777644728568,0.1321573866256817,0.1742629466046032,0.1164905013792246,0.0621314392296946,0.0535358450248575,0.0698575678065639,0.0872738342704842,-0.017530492389968,-0.0139525305265827,-0.0205183191818737,-0.0205183191818737,-0.0452106321532981,-0.0441751092167199,-0.0998835144467664,-0.0055370944534908,0.1144674553408134,0.0805738986876637,0.0532200413164434,0.1863262708525375,0.1863262708525375,0.1863262708525375,0.1863262708525375,0.1863262708525375,0.1680370876409057,0.1586915218799474,-0.0129101664894842,-0.014924403473021,0.087273834270484,-0.0117786023115691,-0.0198111708843756,-0.0190795472254921,-0.0183205100310221,-0.0361693131813396,-0.0277204971105878,-0.021868627603683
ibeA_VIR,0.0472624288257446,0.0223924400931168,0.0007430066670036,-0.0210997276512335,-0.082809211858518,-0.0922233897407058,-0.1045425385113277,-0.1977938264017259,-0.2408263359917282,-0.2189058176559865,-0.2477274876494944,-0.2115468713846147,-0.1928760712539237,-0.0416601543268377,0.0061318540547422,-0.0062542569788857,0.0166522770129847,-0.3501646297817806,0.0697213817667009,-0.3440723776723624,-0.4117795999800033,-0.4131295076740577,-0.3807677214416898,-0.5447798528702276,-0.7961090007988604,-0.3243625729181857,-0.25890028619403,-0.1416374461049161,0.0399178477120434,-0.134428669238384,-0.137516813806115,-0.1783930651359902,-0.116861622309509,-0.0443319208437633,-0.0345080681220452,-0.1469295411080507,-0.0290082580105281,0.0210997276512332,0.0718445627993184,0.0515430504473383,-0.0197257193353554,-0.0182520525763471,-0.0236172192162629,-0.0236172192162629,-0.0236172192162629,-0.0534873273076551,0.1289730581102748,0.1918469548380875,0.2837204509280396,0.359767852421762,0.3735228023294459,0.4138727698431357,0.6013598142242188,1.0,0.1623419828226819,0.0311916374196808,0.1135540087293798,0.0237400258580429,0.0129182398620137,-0.0236172192162628,-0.0197257193353554,-0.0166522770129848,-0.0247841473656884,0.0409635147173234,-0.0290082580105281,-0.0290082580105281,0.0816748061969423,0.0839920530133746,-0.0166276949900932,0.0076390179772667,-0.0022960964792243,-0.0182773725289031,-0.0338575817831188,-0.0166522770129848,-0.0166522770129848,-0.0166522770129848,-0.0166522770129848,-0.0166522770129848,-0.0182520525763471,-0.0280085104150402,-0.0182520525763472,-0.0210997276512334,0.0550743600722132,-0.0166522770129848,-0.0280085104150402,-0.0269741601997338,-0.0259010534514858,-0.0021895297524206,-0.0391905070408695,-0.0309172884114313
ireA_VIR,-0.0073938867688189,0.0090711532762418,0.0142891610668025,-0.0085474768634137,0.0052758986437577,0.0563284430895694,0.0485916742566441,0.0345953503154628,-0.0462822114540852,-0.0101339577547009,-0.0271809719962242,-8.768566352088092e-05,-0.0050462129092293,-0.0231470220567828,-0.0124665991580908,0.0128951134015843,0.0067458194174046,-0.2171010950901314,0.0399499948006773,-0.0586895085242187,-0.0747907323409184,-0.0751702983314306,-0.0659398564265793,-0.123335864926381,-0.1736683711626933,-0.1275012119295273,-0.128366977535268,-0.0628970977232486,0.1135349188258679,0.0030271921693889,0.0011921299982681,-0.0200264630471588,0.0557496210666871,-0.0133102988290679,-0.0091391796932486,0.0167639503774539,-0.0117512139631068,0.008547476863413,0.0278468666352213,-0.0234825021677131,-0.0079908675799086,-0.0073938867688189,-0.0095673099750828,-0.0095673099750828,-0.0095673099750828,-0.0216676584743166,-0.0095673099750828,0.0523326240743767,-0.0079908675799086,0.3975807161603088,0.3708134624502513,0.3708134624502511,0.2374777644728568,0.1623419828226819,1.0,0.1180689791510844,-0.0104924887550231,-0.0100400313070048,-0.0266350053302754,-0.0095673099750828,-0.0079908675799086,-0.0067458194174048,-0.0100400313070048,-0.0079908675799086,-0.0117512139631068,-0.0117512139631068,0.0156203951415865,0.016456749038628,-0.0572051023890854,-0.0545503647075351,-0.0146187978038591,0.1107214708762794,0.0304800840210831,-0.0067458194174048,-0.0067458194174048,-0.0067458194174048,-0.0067458194174048,-0.0067458194174048,-0.0073938867688189,-0.0113462172928684,-0.0073938867688189,-0.0085474768634137,0.1634415675988375,-0.0067458194174048,-0.0113462172928684,-0.0109272031387458,-0.0104924887550231,-0.020714822414305,0.0582961176444823,-0.0125245601149146
aph(3')-Ia_AMR,-0.0083934666062755,0.0102974828375284,-0.0561178061224649,-0.0097030105902522,-0.0380809967273046,0.0853185014708728,0.0759092287816417,0.029599371451398,0.0024354178931241,0.0783898697230574,-0.0047583779238022,-0.0261421249047904,0.0600050082643394,-0.0457328268527146,-0.0785818635624556,0.014638404279705,0.0076577870046278,-0.0818113245954917,-0.0151855029549642,-0.0630263157853561,-0.0810327674538245,-0.0814566138456768,-0.0711414089990952,-0.10052275525057,-0.103282455180466,-0.1396989231580965,-0.105234285358772,-0.0485634875191992,0.086031665224021,-0.0364418485050104,-0.063239067477749,-0.012850049177764,-0.0397839420472343,-0.0511688579928463,-0.0479192351579119,-0.0251811175533753,-0.0133398610320199,0.0097030105902515,-0.0269062120702954,-0.0266571025414791,-0.0090711532762418,-0.0083934666062755,0.0956949664315632,0.0956949664315632,0.0956949664315632,0.024652685365431,-0.0108607149796225,0.1031652305793961,-0.0090711532762418,0.1676459132377046,0.1552760014037046,0.1552760014037045,0.1321573866256817,0.0311916374196808,0.1180689791510844,1.0,0.1828554271171507,0.0902577507564197,0.0933670081004431,0.2022506478427489,0.1180689791510844,0.142605011330628,-0.0113973435266397,-0.0090711532762418,0.0739127114959329,0.0739127114959329,0.0020236050208877,0.0028809650859373,-0.0863905287877925,0.0903683439382475,-0.0165951136428054,0.036094570742626,-0.0258991286565927,-0.0076577870046279,-0.0076577870046279,-0.0076577870046279,-0.0076577870046279,-0.0076577870046279,-0.0083934666062755,0.0773829001956966,-0.0083934666062755,-0.0097030105902522,-0.0076577870046279,-0.0076577870046279,-0.0128801128463114,-0.0124044521525318,-0.0119109687145068,0.0277538131024926,0.1129546639592846,-0.0142177558799183
IncQ1_PLASMID,-0.0097086171184724,0.0119109687145067,0.0187625261353477,-0.0112233501527019,-0.0440478093328895,0.1419542027780875,0.129802311153564,0.0146572555353511,-0.0102746995987067,0.0704544226127507,0.0010992955235841,0.002708906908733,0.0760599264305872,-0.0135145625773986,-0.0387269706529214,0.0169320578783033,0.0088576657881926,-0.1097784979175457,-5.9474763067677906e-05,-0.0801836735023305,-0.1015610748495662,-0.1020655691351331,-0.0898039523614976,-0.0463351103200469,-0.1574655331786097,-0.0799853595041355,-0.0807465956135056,0.0016097975893401,0.0778264352919111,-0.0054601243076169,-0.007773808156166,0.0451569141425334,0.0331199507719694,0.0381349818944177,0.0205701717737522,0.0603661389831672,-0.0154300492572019,0.0112233501527012,0.0083618223189334,-0.030833934797522,-0.0104924887550231,-0.0097086171184724,-0.0125624522400764,-0.0125624522400764,-0.0125624522400764,-0.0284509360987367,-0.0125624522400764,0.13704483924912,0.2100995962612969,0.2200154391651398,0.2040496789930958,0.2040496789930958,0.1742629466046032,0.1135540087293798,-0.0104924887550231,0.1828554271171507,1.0,0.3395663383006134,0.2867086963049486,-0.0125624522400764,-0.0104924887550231,-0.0088576657881929,0.163191587289177,-0.0104924887550231,-0.0154300492572019,-0.0154300492572019,0.010289982539525,0.0113282674376672,0.0303419577881815,0.0520559764723027,0.0422158800235508,-0.0241986473591841,0.1333280140763829,-0.0088576657881929,-0.0088576657881929,-0.0088576657881929,-0.0088576657881929,-0.0088576657881929,-0.0097086171184724,0.1417108713365151,0.228422186092948,-0.011223350152702,-0.0088576657881929,-0.0088576657881929,-0.0148982643207349,-0.0143480735865797,-0.0137772675086107,-0.0271998051614416,-0.02084618296748,-0.0164454991718001
catA_AMR,-0.009289961809158,0.0113973435266395,0.0179534478611857,-0.010739376475258,-0.0421483782382394,0.0869036973723239,0.0767100893846738,0.0055090063438631,-0.0405801549964972,0.0445524700971495,-0.0282429984861684,-0.026641500244467,0.0502096936469968,-0.0643213824087462,-0.0915130992772789,0.0162019131170189,0.0084757052303598,0.0254116394558475,-0.0594451762058755,-0.0900283760213917,-0.0869627593637097,-0.0874269225640451,-0.0761248414467025,-0.1460243494189455,-0.0878692793275335,-0.0552406587820281,-0.0558775926080172,-0.0014754857932218,0.0650384948844256,0.0464820191584504,0.0437427483697043,0.0345078073546448,0.0410791433978149,0.0449564021959109,0.0527379487840889,0.0703386078560186,-0.0147646741614823,0.0107393764752576,0.0114359047187621,-0.0295043128387496,-0.0100400313070048,-0.009289961809158,-0.0120207337580169,-0.0120207337580169,-0.0120207337580169,-0.0272240738888721,-0.0120207337580169,0.0340521123169297,-0.0100400313070048,-0.0142558208726792,-0.015257681423738,-0.015257681423738,0.1164905013792246,0.0237400258580429,-0.0100400313070048,0.0902577507564197,0.3395663383006134,1.0,0.0784658427127208,0.0844729744995192,0.1050943536811153,-0.0084757052303599,0.1714970809007504,-0.0100400313070048,-0.0147646741614823,-0.0147646741614823,0.0907519058606794,0.0922195695439346,-0.0427354019853267,0.0840447976790799,0.1098426999408861,0.0801074719821444,0.1417826408310142,0.2636714845299249,0.2636714845299249,0.2636714845299249,0.2636714845299249,0.2636714845299249,0.2392868950843754,0.1492232678360977,-0.0092899618091581,-0.010739376475258,-0.0084757052303599,-0.0084757052303599,-0.0142558208726793,-0.0137293554816063,0.075004211783459,0.0668286517296272,0.0986616663739458,-0.0157363358111915
merCPRT_STRESS,-0.0246451604321539,0.0302357927281792,0.0476283554161709,0.0151849260110728,-0.0489117722083554,-0.0149160415102514,-0.0169942330117961,0.095194506226828,0.0736171541455034,0.1531856416416196,0.1285073573930282,0.1323302790623579,0.1255238518322519,0.0490065737071081,0.1086090788437008,-0.0741567721093967,-0.0878165528357233,-0.0479475883964144,0.0553954934855484,-0.2220299502322433,-0.2578110716269942,-0.2590917218424867,-0.2470439890122517,-0.3458829813552373,-0.0781822498311631,-0.0088412777457741,-0.0099394655796029,0.0040864439670913,-0.0042808019996121,-0.1163158276033778,-0.1027091089707244,-0.1477690603689926,-0.1076835292953103,-0.0678940703298233,-0.0763956317203104,0.1707135011764797,-0.0391689191961475,-0.0151849260110739,-0.0288882604328299,-0.0445902985369025,-0.0266350053302755,-0.0246451604321539,-0.0318895726445817,-0.0318895726445817,-0.0318895726445817,-0.0360701678616002,0.0463284624808784,0.0106183915395607,0.066693207791285,0.0615684187268035,0.0525987695732154,0.0525987695732154,0.0621314392296946,0.0129182398620137,-0.0266350053302754,0.0933670081004431,0.2867086963049486,0.0784658427127208,1.0,0.320091585419989,0.2533496340344064,0.1981181405369226,0.0411554823921325,0.2533496340344064,0.0569037353877367,0.0569037353877367,0.1471959911281296,0.150541226356698,0.0862082450443757,0.1654430050787973,-0.0227451955485558,-0.0614278572458576,-0.0242337423306125,-0.0224850348654767,-0.0224850348654767,-0.0224850348654767,-0.0224850348654767,-0.0224850348654767,-0.0246451604321539,0.0946975556773018,0.1264775941622343,0.1462105579437501,-0.0224850348654766,-0.0224850348654766,-0.0046898551741928,-0.0020623762169747,0.0365115408819798,-0.0502290126116905,0.1634078453768001,-0.0116303905054379
IncC_PLASMID,-0.0088525564878355,0.0108607149796226,0.0171081339845638,-0.0102337274193778,0.0249089743126278,0.026861487845037,0.0187879186100362,-0.0044886475626006,-0.0308559548185872,0.06055499783845,0.0479662224832112,0.0493356387486826,0.0438749896083291,0.0092238822008574,0.000363626843349,-0.136035342642457,-0.2771902189662318,0.024215166687729,-0.0096313466601847,0.0185163592522888,0.0316466141015818,0.0314124765388154,0.0373548561602735,0.0069456314534579,-0.0119134130207517,-0.0952548089685777,-0.0960448089434433,-0.0807247622776794,0.0037351863903831,0.0311542354584265,0.0286774387222662,-0.0427412085041184,-0.0445839523502316,-0.0273455913934918,-0.0228215822961273,0.0136147479516215,-0.0140694993934375,0.010233727419377,0.058027865549615,0.0589924735251589,-0.0095673099750828,-0.0088525564878355,0.0896907216494844,0.0896907216494844,0.0896907216494844,0.0675557760305921,0.1908361970217639,-0.0204152135750023,-0.0095673099750828,-0.0135846047753876,-0.0145392940737267,-0.0145392940737267,0.0535358450248575,-0.0236172192162628,-0.0095673099750828,0.2022506478427489,-0.0125624522400764,0.0844729744995192,0.320091585419989,1.0,0.5938565977390735,0.4198236474902321,0.1809666827570552,0.4731718161962424,0.2343978598946696,0.2343978598946696,-0.0297585462456927,-0.0290412015378573,0.0197477253621292,0.0115820103127326,-0.017502801623723,-0.0220649233626484,-0.0273157099650321,-0.0080766380817666,-0.0080766380817666,-0.0080766380817666,-0.0080766380817666,-0.0080766380817666,-0.0088525564878355,0.0720954382008074,-0.0088525564878355,-0.0102337274193778,-0.0080766380817666,-0.0080766380817666,-0.0135846047753876,-0.0130829272971477,0.1723149698930485,-0.0248014530505729,0.1053187527446049,-0.0149954116649643
cmlA_AMR,-0.0073938867688189,0.0090711532762421,0.0142891610668024,-0.0085474768634137,0.0440977194974087,-0.0001599331149619,-0.0062408476201824,-0.0420934220574753,-0.0719203499195541,0.0426582823479598,0.0504078155231701,0.0773387552253902,0.0470684771357947,-0.0231470220567828,-0.0124665991580908,-0.1678411585603033,-0.5038163416313224,0.0202251407063229,-0.0286133587639448,0.0268737870622729,0.0172300061500676,0.0170177203166989,0.0223688795056797,-0.0059385576356935,-0.0248338466690101,-0.0875496256506867,-0.0882437771233596,-0.0628970977232487,-0.0563346095388449,-0.0257148582130892,0.0011921299982681,-0.0461466504484015,-0.0569622630818754,-0.0450751471157354,-0.0422125225995541,-0.0371616167747933,-0.0117512139631068,0.0085474768634131,0.0793956784568153,0.0804525826146964,-0.0079908675799086,-0.0073938867688189,-0.0095673099750828,-0.0095673099750828,-0.0095673099750828,0.0341123486184576,0.1111174715677484,-0.0170513204566662,-0.0079908675799086,-0.0113462172928684,-0.0121435987703006,-0.0121435987703006,0.0698575678065639,-0.0197257193353554,-0.0079908675799086,0.1180689791510844,-0.0104924887550231,0.1050943536811153,0.2533496340344064,0.5938565977390735,1.0,0.8441911156638063,0.2202287386692356,0.1360078277886499,-0.0117512139631068,-0.0117512139631068,-0.0466496225108778,-0.0461782052764951,0.0278321121051275,0.0225183905512704,-0.0146187978038591,-0.0184292012290768,-0.0228147955642958,-0.0067458194174048,-0.0067458194174048,-0.0067458194174048,-0.0067458194174048,-0.0067458194174048,-0.0073938867688189,0.0908855160704256,-0.0073938867688189,-0.0085474768634137,-0.0067458194174048,-0.0067458194174048,-0.0113462172928684,-0.0109272031387458,0.099803553753137,-0.020714822414305,0.0582961176444823,-0.0125245601149146
ant(2'')-Ia_AMR,-0.0062418535204611,0.0076577870046284,0.0120627828228838,-0.0072157040294358,0.0634453320275822,-0.0144411097137933,-0.019155206460527,-0.0484828889904872,-0.0520571249516368,0.0270983949534945,0.0338205280114804,0.0652886900577721,0.0309358385595465,-0.0238812073959458,-0.0148364250862993,-0.2027203969266971,-0.5977220956719825,0.0170738840973281,-0.0473073728335715,0.0130557090874074,0.0041876727959314,0.0039896341250886,0.0089436826381137,-0.0182273794382636,-0.0377171504966176,-0.1143807451859296,-0.1151405918438351,-0.0836659092117488,-0.0475571768770823,-0.0459720384228939,-0.0470281249074774,-0.0610070224697865,-0.0480870364218237,-0.0380520387323429,-0.0356354365483012,-0.0541332490735131,-0.0099202704259192,0.007215704029435,0.1018387655455959,0.103013785547165,-0.0067458194174048,-0.0062418535204611,-0.0080766380817666,-0.0080766380817666,-0.0080766380817666,-0.0182916447812556,0.1345567904422328,-0.0143945732398541,-0.0067458194174048,-0.0095783758350305,-0.0102515181940737,-0.0102515181940737,0.0872738342704842,-0.0166522770129848,-0.0067458194174048,0.142605011330628,-0.0088576657881929,-0.0084757052303599,0.1981181405369226,0.4198236474902321,0.8441911156638063,1.0,0.2636714845299251,-0.0067458194174048,-0.0099202704259192,-0.0099202704259192,-0.0393811968727534,-0.0389832306317168,0.0139239336390661,0.0233472091414137,-0.0123410592277034,-0.0155577679463671,-0.0192600477210645,-0.0056947608200455,-0.0056947608200455,-0.0056947608200455,-0.0056947608200455,-0.0056947608200455,-0.0062418535204611,0.1112459936268551,-0.0062418535204611,-0.0072157040294358,-0.0056947608200455,-0.0056947608200455,-0.0095783758350305,-0.0092246478087829,-0.0088576657881929,-0.0174872690447097,-0.0134024051990028,-0.0105731223766082
catB_AMR,-0.0092899618091581,0.01139734352664,0.0179534478611857,-0.010739376475258,0.0199317184829706,-0.0260097293194977,-0.0328934849303213,-0.0762464995659039,0.0414159018957386,0.0656575296978915,0.0751507314611232,0.0765358888602013,0.0710438851367987,-0.0437655443099685,-0.0710920564008987,-0.1283060594317455,-0.2636714845299249,0.0254116394558474,-0.0046252382530942,-0.0900283760213918,0.0601878950945892,0.0599912301235142,0.0650899379596804,0.0417060566042462,0.0311316004979451,-0.0232973046860682,-0.0237970241601112,-0.0376658734436367,-0.0255078054434386,0.1384050268111085,0.1347317867924347,0.0971611189944355,-0.0265100807393352,-0.0566341368674018,-0.0530374260628174,0.0703386078560188,-0.0147646741614823,0.0107393764752578,0.052651838868423,0.0535971488410461,-0.0100400313070048,-0.0092899618091581,-0.0120207337580169,-0.0120207337580169,-0.0120207337580169,-0.0272240738888721,0.0844729744995195,-0.0214239304429391,-0.0100400313070048,-0.0142558208726792,-0.0152576814237381,-0.015257681423738,-0.017530492389968,-0.0247841473656884,-0.0100400313070048,-0.0113973435266397,0.163191587289177,0.1714970809007504,0.0411554823921325,0.1809666827570552,0.2202287386692356,0.2636714845299251,1.0,-0.0100400313070048,-0.0147646741614823,-0.0147646741614823,0.1654340427432332,0.1673393849565677,-0.1107270415403601,0.0840447976790799,-0.0183676160509215,-0.0231551524853498,0.0565586300387845,-0.0084757052303599,-0.0084757052303599,-0.0084757052303599,-0.0084757052303599,-0.0084757052303599,-0.0092899618091581,-0.0142558208726793,-0.0092899618091581,-0.010739376475258,-0.0084757052303599,-0.0084757052303599,-0.0142558208726793,0.0710470143803406,-0.0131831637222591,-0.0260268942613418,-0.0199472531743103,-0.0157363358111915
aac(6')_AMR,-0.0073938867688189,0.0090711532762418,-0.067641548166876,0.1262279172507713,0.0052758986437577,0.0280842549873037,0.0211754133182308,0.0090324261911501,0.0049940654768523,0.0162621622966293,-0.0013180428230927,0.0257211279661161,0.0210111321132826,-0.0231470220567827,-0.0124665991580908,-0.0774730225793594,0.0067458194174047,-0.0984379771919043,0.0056683180183662,-0.0016473114665575,0.0172300061500676,0.0170177203166989,-0.0070673658050732,-0.0059385576356935,-0.0248338466690101,-0.0475980393718462,-0.0481205767114508,-0.0628970977232487,0.0852233307650821,0.0030271921693889,0.0580921726183105,-0.0461466504484014,-0.0006063210075942,0.0184545494575995,0.0239341632130568,-0.0101988331986696,-0.0117512139631068,0.0085474768634132,-0.0237019451863728,-0.0234825021677131,-0.0079908675799086,-0.0073938867688189,-0.0095673099750828,-0.0095673099750828,-0.0095673099750828,0.0341123486184576,0.1111174715677484,-0.0170513204566662,-0.0079908675799086,-0.0113462172928684,-0.0121435987703006,-0.0121435987703006,-0.0139525305265827,0.0409635147173234,-0.0079908675799086,-0.0090711532762418,-0.0104924887550231,-0.0100400313070048,0.2533496340344064,0.4731718161962424,0.1360078277886499,-0.0067458194174048,-0.0100400313070048,1.0,0.2847151268775598,0.2847151268775598,-0.0155146136846457,-0.0148607281189336,-0.0005136260596101,-0.0545503647075351,-0.0146187978038591,-0.0184292012290768,-0.0228147955642959,-0.0067458194174048,-0.0067458194174048,-0.0067458194174048,-0.0067458194174048,-0.0067458194174048,-0.0073938867688189,-0.0113462172928684,-0.0073938867688189,-0.0085474768634137,-0.0067458194174048,-0.0067458194174048,-0.0113462172928684,-0.0109272031387458,0.0998035537531368,0.0373524416867468,0.1324682673275918,-0.0125245601149146
ble_AMR,-0.0108733056292705,0.0133398610320198,-0.0352132997035366,0.264907538492145,0.0572371643112446,0.0329930870700872,0.0230765860082901,0.0909737405503648,0.0852635974729261,0.0834351679896821,0.0766643180015004,0.0605973516539368,0.0538902148941919,-0.0239575697320888,0.0092105229087364,0.018963302187805,0.0099202704259192,-0.0924098689294641,-0.0353563851519964,0.0423162383564299,0.0704460784651223,0.0702158947053824,0.0155798905656196,0.0488142695702558,0.0364375455891335,0.0200896877076551,0.0197082254977174,0.0095686468952919,0.0920201922964923,0.0579905612310118,0.0352235601456318,0.037129993343387,0.0129210143093335,0.0209105315664107,0.0287121784280082,-0.0202849975904601,0.050537634408602,0.0125697527161158,0.0358972803240844,0.0367947141519589,-0.0117512139631068,-0.0108733056292705,0.0687529537025983,0.0687529537025983,0.0687529537025983,0.0829765504250147,0.0687529537025984,-0.0250753391964074,0.0870708996504486,-0.0166855257889185,-0.0178581394329092,-0.0178581394329092,-0.0205183191818737,-0.0290082580105281,-0.0117512139631068,0.0739127114959329,-0.0154300492572019,-0.0147646741614823,0.0569037353877367,0.2343978598946696,-0.0117512139631068,-0.0099202704259192,-0.0147646741614823,0.2847151268775598,1.0,1.0,0.0168661768059516,0.0180603246141255,-0.0146502249713819,-0.0298492319007462,-0.0214981188411218,-0.0271016237781916,-0.0335509932456726,-0.0099202704259192,-0.0099202704259192,-0.0099202704259192,-0.0099202704259192,-0.0099202704259192,-0.0108733056292705,-0.0166855257889185,-0.0108733056292705,-0.012569752716116,-0.0099202704259192,-0.0099202704259192,-0.0166855257889185,0.0566958986827036,0.1359558784551242,-0.0304628137012679,-0.0233469829784336,-0.0184183737538343
blaNDM_AMR,-0.0108733056292705,0.0133398610320198,-0.0352132997035366,0.264907538492145,0.0572371643112446,0.0329930870700872,0.0230765860082901,0.0909737405503648,0.0852635974729261,0.0834351679896821,0.0766643180015004,0.0605973516539368,0.0538902148941919,-0.0239575697320888,0.0092105229087364,0.018963302187805,0.0099202704259192,-0.0924098689294641,-0.0353563851519964,0.0423162383564299,0.0704460784651223,0.0702158947053824,0.0155798905656196,0.0488142695702558,0.0364375455891335,0.0200896877076551,0.0197082254977174,0.0095686468952919,0.0920201922964923,0.0579905612310118,0.0352235601456318,0.037129993343387,0.0129210143093335,0.0209105315664107,0.0287121784280082,-0.0202849975904601,0.050537634408602,0.0125697527161158,0.0358972803240844,0.0367947141519589,-0.0117512139631068,-0.0108733056292705,0.0687529537025983,0.0687529537025983,0.0687529537025983,0.0829765504250147,0.0687529537025984,-0.0250753391964074,0.0870708996504486,-0.0166855257889185,-0.0178581394329092,-0.0178581394329092,-0.0205183191818737,-0.0290082580105281,-0.0117512139631068,0.0739127114959329,-0.0154300492572019,-0.0147646741614823,0.0569037353877367,0.2343978598946696,-0.0117512139631068,-0.0099202704259192,-0.0147646741614823,0.2847151268775598,1.0,1.0,0.0168661768059516,0.0180603246141255,-0.0146502249713819,-0.0298492319007462,-0.0214981188411218,-0.0271016237781916,-0.0335509932456726,-0.0099202704259192,-0.0099202704259192,-0.0099202704259192,-0.0099202704259192,-0.0099202704259192,-0.0108733056292705,-0.0166855257889185,-0.0108733056292705,-0.012569752716116,-0.0099202704259192,-0.0099202704259192,-0.0166855257889185,0.0566958986827036,0.1359558784551242,-0.0304628137012679,-0.0233469829784336,-0.0184183737538343
nfaE_VIR,0.0240564211968096,0.0254662908782486,0.0302737127838525,0.0083825095966307,-0.1706547861612467,-0.1658194832146155,-0.1964857249059891,0.0472029568207507,0.1289360527106498,0.06639985258827,0.0873696565236248,0.0999337178050244,0.0888559033549846,0.08722178347906,0.0045341842903947,0.0557408033910751,0.0025837399006453,0.0667576449776993,-0.0113828621823272,-0.3302880380197097,-0.3702967668685785,-0.3723920597776232,-0.3340311114356511,-0.3731128908978683,-0.1235229625968699,-0.0964683207407586,0.0574163402050727,0.0536440848584778,-0.2309306794006629,0.0736031016572484,0.1053816841961888,0.0299267162491535,-0.2594273413663023,-0.2219340579195954,-0.2035249215659878,-0.001241230124207,-0.0686020247415683,0.0498990335043521,-0.0269113566562416,-0.0359611911646008,-0.0466496225108779,-0.0431645279069337,-0.0558526836190262,-0.0558526836190262,-0.0558526836190262,-0.0541292948717996,-0.0558526836190263,0.0504767483230299,-0.0466496225108779,-0.0662377080267868,-0.0708927150766975,-0.0708927150766976,-0.0452106321532981,0.0816748061969423,0.0156203951415865,0.0020236050208877,0.010289982539525,0.0907519058606794,0.1471959911281296,-0.0297585462456927,-0.0466496225108778,-0.0393811968727534,0.1654340427432332,-0.0155146136846457,0.0168661768059516,0.0168661768059516,1.0,0.9898945112734238,0.1869955257309747,0.0925776414039631,-0.0506715540140213,-0.0796626171770096,-0.0525268191545516,0.071011174043568,0.071011174043568,0.071011174043568,0.071011174043568,0.071011174043568,0.0576668957486812,7.509944220722751e-05,-0.009554053355062,0.0375232811471229,-0.0393811968727534,-0.0393811968727534,-0.0662377080267869,0.0279104298077464,-0.0374058420400058,-0.0455994974563652,-0.0445702588828455,-0.0731167167560849
afaC_VIR,0.0248865716997387,0.0247700367714832,0.0469379300154879,0.0092283257182114,-0.1685281817444218,-0.1615112226961968,-0.1919447361497635,0.05060880016569,0.1276330908835331,0.0660933414149907,0.0863974611438883,0.0989238387463411,0.088227831376189,0.0914879595644449,0.0128644804061333,0.0548655524036422,0.001970120257731,0.0652637443486676,-0.0077174843956279,-0.3311840382632991,-0.3702608629469385,-0.3723417190884235,-0.3344154248953497,-0.3783934607495883,-0.1265563422144599,-0.0913559141679311,0.0547584599787457,0.0513831782392229,-0.2270332456292945,0.07285930634321,0.1050042438029779,0.025476454187715,-0.2617666822155177,-0.2259417272762344,-0.2079760988823833,0.0047283784326811,-0.067908767753922,0.0493947793838068,-0.0248598701146109,-0.045285327817505,-0.0461782052764952,-0.0427283292567821,-0.055288264954365,-0.055288264954365,-0.055288264954365,-0.0524269314926744,-0.0552882649543652,0.0523618829469375,-0.0461782052764952,-0.0655683436150478,-0.0701763095436936,-0.0701763095436936,-0.0441751092167199,0.0839920530133746,0.016456749038628,0.0028809650859373,0.0113282674376672,0.0922195695439346,0.150541226356698,-0.0290412015378573,-0.0461782052764951,-0.0389832306317168,0.1673393849565677,-0.0148607281189336,0.0180603246141255,0.0180603246141255,0.9898945112734238,1.0,0.1890199761685271,0.0950120870512094,-0.0496059339044244,-0.0784117420531531,-0.0622989500730396,0.0720561004902377,0.0720561004902377,0.0720561004902377,0.0720561004902377,0.0720561004902377,0.0586940221779991,0.0011330934956517,-0.0089208787785217,0.0385398782692213,-0.0389832306317167,-0.0389832306317167,-0.0655683436150478,0.0290924989432826,-0.0366470809913984,-0.0439359563408657,-0.0433516980042652,-0.072377836599182
IncFII_PLASMID,0.0213814858865298,0.011308996386591,-0.0359451515179212,0.0335607991546789,0.1670587478849143,0.1591812291903397,0.1919016549996082,0.0313886742308203,0.0751989667940402,0.0756980403009535,0.0696314256234907,0.0608553908444996,0.039872727849497,0.1583916907073527,0.2090239998424031,0.0160763230894954,-0.0474248420949124,0.0446800772240944,-0.1458936852076809,-0.0581966815702748,-0.1435582523202889,-0.1360576131386384,-0.1498089678332193,-0.0561899557829348,-0.0277050328818001,0.0009529855499674,0.0189895236829313,0.0195958669803288,-0.3841811414269108,-0.3130623424688889,-0.2971967955543212,-0.3043318764905185,-0.4315538204040784,-0.3834261020649722,-0.3607849778036292,-0.1064815569287521,0.0048026301409943,0.0194995153548659,0.0144221794628557,0.0423320433483134,0.0561778502698652,0.0213814858865296,0.0435041851642543,0.0435041851642543,0.0435041851642543,0.0425278259022091,0.019747725362129,-0.0303632178772678,-0.0288593642243479,-0.1013494424905163,-0.0842414293379741,-0.1219334395256767,-0.0998835144467664,-0.0166276949900932,-0.0572051023890854,-0.0863905287877925,0.0303419577881815,-0.0427354019853267,0.0862082450443757,0.0197477253621292,0.0278321121051275,0.0139239336390661,-0.1107270415403601,-0.0005136260596101,-0.0146502249713819,-0.0146502249713819,0.1869955257309747,0.1890199761685271,1.0,0.260692089818078,-0.039268567071119,-0.0102641907636094,-0.0704069680509643,0.0474248420949117,0.0474248420949117,0.0474248420949117,0.0474248420949117,0.0474248420949117,0.0519809219283541,-0.0409773549804247,0.0519809219283541,0.060090956409452,-0.0195769748167795,-0.0530778832726251,0.0395187616996976,0.0768210429791505,0.0303419577881815,0.0084659874975152,0.0240091061977468,0.0331692816353817
blaTEM-CA_AMR,-0.0465132939468097,0.0684055997463194,-0.0465313217384447,-0.0858291177429141,-0.1844807466249295,0.1164460621286465,0.1008353664168226,-0.1060527459011573,0.0129032183136895,0.0200043750410987,0.0230176749232543,0.0306920663447048,0.0648813207761938,0.0388325421353212,0.1032923712133135,0.0005112239417311,0.0070144781514704,-0.0191917651544907,-0.1370433258242699,-0.1713682804270764,-0.1975326349183357,-0.2003378937850738,-0.2150069858283888,-0.092543544231356,-0.0609730717869384,-0.0818725434146781,-0.0567860336854993,-0.0455604808727891,-0.3030383681272761,-0.3058282952562747,-0.3208388239892162,-0.3016151479883071,-0.1849056563649407,-0.1182732101474605,-0.1288584922787961,0.1882624568631548,-0.0651092610222967,-0.0103474190172298,-0.0540743331349889,0.033063031331885,-0.0545503647075351,-0.0187811949900015,0.0546427054964925,0.0546427054964925,0.0546427054964925,0.001352376577029,-0.0960697276466667,0.0020747154001106,-0.003171194534998,0.0137355229462364,0.0147008183656232,-0.0023792113933838,-0.0055370944534908,0.0076390179772667,-0.0545503647075351,0.0903683439382475,0.0520559764723027,0.0840447976790799,0.1654430050787973,0.0115820103127326,0.0225183905512704,0.0233472091414137,0.0840447976790799,-0.0545503647075351,-0.0298492319007462,-0.0298492319007462,0.0925776414039631,0.0950120870512094,0.260692089818078,1.0,0.0963669879383559,0.1029524170976255,0.160729593803358,0.0840705837271821,0.0840705837271821,0.0840705837271821,0.0840705837271821,0.0840705837271821,0.0921472008372314,0.0502121147102268,0.0921472008372315,-0.0858291177429143,-0.0373761654443545,-0.0070144781514704,0.0319738188282315,0.0416021123612165,0.0323789956396643,0.019897340922581,0.0655327167259356,0.1395092058720257
papA_VIR,-0.0135266583480575,0.0165951136428055,0.0261411360322839,-0.0156370800479261,-0.0613701890347205,0.1165287911965084,0.1019797274535691,0.014490969707131,-0.0071778881186512,0.0234519151320341,-0.004468435558904,-0.0022132688706336,0.0032039962617524,-0.0546156286914107,-0.049216644946355,0.0235908120852316,0.0123410592277034,0.0370006434950477,0.0349109613710936,0.0378209773540963,-0.0148349828772499,-0.0153076154459027,-0.003563779851217,-0.0046389741892861,-0.1204086165510502,-0.0076331514976605,-0.0305878600031221,0.000142706573077,-0.1030606824568525,-0.0676192300368976,-0.0702330596129774,0.1441157902131306,0.2409509596050622,0.2535757490186742,0.2542404513353548,0.0928632005059114,-0.0214981188411218,-0.0594039073559805,-0.0146596103570001,-0.0429597847399699,-0.0146187978038591,-0.0135266583480574,-0.017502801623723,-0.017502801623723,-0.017502801623723,-0.0085821404445748,-0.017502801623723,-0.0311943357278935,0.0655575901514674,-0.0207572024920213,0.0310902737012953,0.0310902737012952,0.1144674553408134,-0.0022960964792243,-0.0146187978038591,-0.0165951136428054,0.0422158800235508,0.1098426999408861,-0.0227451955485558,-0.017502801623723,-0.0146187978038591,-0.0123410592277034,-0.0183676160509215,-0.0146187978038591,-0.0214981188411218,-0.0214981188411218,-0.0506715540140213,-0.0496059339044244,-0.039268567071119,0.0963669879383559,1.0,0.6853771532137581,0.6110857182560431,0.1771746850864203,0.1771746850864203,0.1771746850864203,0.1771746850864203,0.1771746850864203,0.1595753608017219,0.2638485397510672,0.2461263703766116,-0.0156370800479261,-0.0123410592277034,-0.0123410592277034,-0.0207572024920214,-0.0199906420234842,-0.0191953589563427,-0.0378964858808277,-0.0290442182878632,-0.0229129077751915
papE_VIR,-0.0170523945948221,0.0209206456540446,-0.0037864787217476,-0.0197128996997509,-0.0599569780298926,0.0973397809181178,0.0804513204121129,-0.0086463373082939,-0.0180466723285483,0.0053756610996987,-0.021265322489608,-0.0183896357246825,-0.0183152844319397,-0.0352663650401177,-0.0222066272843684,0.0297397794886597,0.015557767946367,0.0200380206087204,-0.0923449148775332,-0.0640954111810779,-0.0958514724058078,-0.0965875439648317,-0.0785302948911677,-0.028737738457146,-0.0763435712908305,-0.0150754489849676,-0.1058388046657467,-0.0580667483902177,-0.1172273876016882,-0.0740362486231313,-0.077445252433096,0.0558875616029061,0.3235335155590195,0.3376312816748253,0.3179290665413419,0.0697543153401804,-0.0271016237781916,-0.0407263031991388,-0.0546633908010783,-0.0541572931203503,-0.0184292012290768,-0.0170523945948221,-0.0220649233626484,-0.0220649233626484,-0.0220649233626484,0.1501418797028179,-0.0220649233626484,-0.0393251687348033,0.0461461348236012,0.019677609978557,0.0578608042292404,0.0578608042292403,0.0805738986876637,-0.0182773725289031,0.1107214708762794,0.036094570742626,-0.0241986473591841,0.0801074719821444,-0.0614278572458576,-0.0220649233626484,-0.0184292012290768,-0.0155577679463671,-0.0231551524853498,-0.0184292012290768,-0.0271016237781916,-0.0271016237781916,-0.0796626171770096,-0.0784117420531531,-0.0102641907636094,0.1029524170976255,0.6853771532137581,1.0,0.6882752947294322,0.2897202119790157,0.2897202119790157,0.2897202119790157,0.2897202119790157,0.2897202119790157,0.2617858355390281,0.0655228068415277,-0.0170523945948221,-0.0197128996997508,-0.0155577679463672,-0.0155577679463671,-0.0261675868844136,-0.0252012217072991,-0.0241986473591842,-0.0477742406416128,-0.0366146211576281,-0.0288851787813094
papH_VIR,-0.021110350455599,0.0258991286565928,-0.0198490980519453,-0.0244039755732708,-0.0957772544196297,0.0891436260528464,0.0691554851879531,-0.0390869321517874,-0.012852389915867,0.0603864988758617,0.0550365368389384,0.0488742934880131,0.0544782103938087,-0.0293859721504704,-0.0274911351483873,0.0368169504867354,0.0192600477210645,0.0577449752307308,-0.0762565877293796,-0.0635144130709569,-0.1243374817396527,-0.1366321686743128,-0.1135599644353819,0.0078730741680197,-0.1128725905987927,0.0035165722666527,-0.027076197134879,-0.0048758023759625,-0.0665366622394516,-0.0810170189895616,-0.0748158018163686,0.1030225122756338,0.3900958837746163,0.3533172440538611,0.2466986171478297,0.1262701652529091,-0.0335509932456726,-0.0254772985730216,0.0086426091899149,-0.0670450962848557,-0.0228147955642958,-0.021110350455599,-0.0273157099650322,-0.0273157099650322,-0.0273157099650322,0.1652265675353437,-0.0273157099650322,-0.0230039118118337,0.0304800840210831,-0.0323946837281753,0.0007624474490064,0.0007624474490064,0.0532200413164434,-0.0338575817831188,0.0304800840210831,-0.0258991286565927,0.1333280140763829,0.1417826408310142,-0.0242337423306125,-0.0273157099650321,-0.0228147955642958,-0.0192600477210645,0.0565586300387845,-0.0228147955642959,-0.0335509932456726,-0.0335509932456726,-0.0525268191545516,-0.0622989500730396,-0.0704069680509643,0.160729593803358,0.6110857182560431,0.6882752947294322,1.0,0.2956773992733801,0.2956773992733801,0.2956773992733801,0.2956773992733801,0.2956773992733801,0.2665507522032583,0.2702984986208073,0.2665507522032587,-0.0244039755732709,-0.0192600477210645,-0.0192600477210645,-0.0323946837281753,-0.0311983527704594,-0.0299571959505881,-0.0591430697364233,-0.0178761888928549,-0.0357589805733929
aggR_VIR,-0.0062418535204611,0.0076577870046278,0.0120627828228836,-0.0072157040294358,-0.0283191694963409,-0.0144411097137932,-0.019155206460527,-0.0484828889904871,0.0388455276501336,0.058295113002954,0.0338205280114803,0.0347860904170246,0.0309358385595464,-0.084650965697445,-0.0752076847692591,0.0108859401690946,0.0056947608200456,0.0170738840973282,-0.0067909710760121,-0.1217769356398532,-0.1408207616671057,-0.141282404326592,-0.130215291272979,-0.2032248052312145,-0.2136198470908779,-0.0671632613153473,-0.0677202827962108,0.0233246741828554,-0.0475571768770823,-0.0459720384228939,-0.0470281249074773,-0.0610070224697864,0.1184261132270791,0.1496571802657507,0.0425411857427546,0.1051989473661937,-0.0099202704259192,0.0072157040294361,-0.0200089715502864,-0.0198237197035395,-0.0067458194174048,-0.0062418535204611,-0.0080766380817666,-0.0080766380817666,-0.0080766380817666,-0.0182916447812556,-0.0080766380817666,-0.0143945732398541,-0.0067458194174048,-0.0095783758350305,-0.0102515181940737,-0.0102515181940737,0.1863262708525375,-0.0166522770129848,-0.0067458194174048,-0.0076577870046279,-0.0088576657881929,0.2636714845299249,-0.0224850348654767,-0.0080766380817666,-0.0067458194174048,-0.0056947608200455,-0.0084757052303599,-0.0067458194174048,-0.0099202704259192,-0.0099202704259192,0.071011174043568,0.0720561004902377,0.0474248420949117,0.0840705837271821,0.1771746850864203,0.2897202119790157,0.2956773992733801,1.0,1.0,1.0,1.0,1.0,0.912350922907404,0.3528947325506264,-0.0062418535204611,-0.0072157040294358,-0.0056947608200455,-0.0056947608200455,-0.0095783758350305,-0.0092246478087829,-0.0088576657881929,-0.0174872690447097,-0.0134024051990029,-0.0105731223766081
agg3DCB_VIR,-0.0062418535204611,0.0076577870046278,0.0120627828228836,-0.0072157040294358,-0.0283191694963409,-0.0144411097137932,-0.019155206460527,-0.0484828889904871,0.0388455276501336,0.058295113002954,0.0338205280114803,0.0347860904170246,0.0309358385595464,-0.084650965697445,-0.0752076847692591,0.0108859401690946,0.0056947608200456,0.0170738840973282,-0.0067909710760121,-0.1217769356398532,-0.1408207616671057,-0.141282404326592,-0.130215291272979,-0.2032248052312145,-0.2136198470908779,-0.0671632613153473,-0.0677202827962108,0.0233246741828554,-0.0475571768770823,-0.0459720384228939,-0.0470281249074773,-0.0610070224697864,0.1184261132270791,0.1496571802657507,0.0425411857427546,0.1051989473661937,-0.0099202704259192,0.0072157040294361,-0.0200089715502864,-0.0198237197035395,-0.0067458194174048,-0.0062418535204611,-0.0080766380817666,-0.0080766380817666,-0.0080766380817666,-0.0182916447812556,-0.0080766380817666,-0.0143945732398541,-0.0067458194174048,-0.0095783758350305,-0.0102515181940737,-0.0102515181940737,0.1863262708525375,-0.0166522770129848,-0.0067458194174048,-0.0076577870046279,-0.0088576657881929,0.2636714845299249,-0.0224850348654767,-0.0080766380817666,-0.0067458194174048,-0.0056947608200455,-0.0084757052303599,-0.0067458194174048,-0.0099202704259192,-0.0099202704259192,0.071011174043568,0.0720561004902377,0.0474248420949117,0.0840705837271821,0.1771746850864203,0.2897202119790157,0.2956773992733801,1.0,1.0,1.0,1.0,1.0,0.912350922907404,0.3528947325506264,-0.0062418535204611,-0.0072157040294358,-0.0056947608200455,-0.0056947608200455,-0.0095783758350305,-0.0092246478087829,-0.0088576657881929,-0.0174872690447097,-0.0134024051990029,-0.0105731223766081
aatA_VIR,-0.0062418535204611,0.0076577870046278,0.0120627828228836,-0.0072157040294358,-0.0283191694963409,-0.0144411097137932,-0.019155206460527,-0.0484828889904871,0.0388455276501336,0.058295113002954,0.0338205280114803,0.0347860904170246,0.0309358385595464,-0.084650965697445,-0.0752076847692591,0.0108859401690946,0.0056947608200456,0.0170738840973282,-0.0067909710760121,-0.1217769356398532,-0.1408207616671057,-0.141282404326592,-0.130215291272979,-0.2032248052312145,-0.2136198470908779,-0.0671632613153473,-0.0677202827962108,0.0233246741828554,-0.0475571768770823,-0.0459720384228939,-0.0470281249074773,-0.0610070224697864,0.1184261132270791,0.1496571802657507,0.0425411857427546,0.1051989473661937,-0.0099202704259192,0.0072157040294361,-0.0200089715502864,-0.0198237197035395,-0.0067458194174048,-0.0062418535204611,-0.0080766380817666,-0.0080766380817666,-0.0080766380817666,-0.0182916447812556,-0.0080766380817666,-0.0143945732398541,-0.0067458194174048,-0.0095783758350305,-0.0102515181940737,-0.0102515181940737,0.1863262708525375,-0.0166522770129848,-0.0067458194174048,-0.0076577870046279,-0.0088576657881929,0.2636714845299249,-0.0224850348654767,-0.0080766380817666,-0.0067458194174048,-0.0056947608200455,-0.0084757052303599,-0.0067458194174048,-0.0099202704259192,-0.0099202704259192,0.071011174043568,0.0720561004902377,0.0474248420949117,0.0840705837271821,0.1771746850864203,0.2897202119790157,0.2956773992733801,1.0,1.0,1.0,1.0,1.0,0.912350922907404,0.3528947325506264,-0.0062418535204611,-0.0072157040294358,-0.0056947608200455,-0.0056947608200455,-0.0095783758350305,-0.0092246478087829,-0.0088576657881929,-0.0174872690447097,-0.0134024051990029,-0.0105731223766081
aar_VIR,-0.0062418535204611,0.0076577870046278,0.0120627828228836,-0.0072157040294358,-0.0283191694963409,-0.0144411097137932,-0.019155206460527,-0.0484828889904871,0.0388455276501336,0.058295113002954,0.0338205280114803,0.0347860904170246,0.0309358385595464,-0.084650965697445,-0.0752076847692591,0.0108859401690946,0.0056947608200456,0.0170738840973282,-0.0067909710760121,-0.1217769356398532,-0.1408207616671057,-0.141282404326592,-0.130215291272979,-0.2032248052312145,-0.2136198470908779,-0.0671632613153473,-0.0677202827962108,0.0233246741828554,-0.0475571768770823,-0.0459720384228939,-0.0470281249074773,-0.0610070224697864,0.1184261132270791,0.1496571802657507,0.0425411857427546,0.1051989473661937,-0.0099202704259192,0.0072157040294361,-0.0200089715502864,-0.0198237197035395,-0.0067458194174048,-0.0062418535204611,-0.0080766380817666,-0.0080766380817666,-0.0080766380817666,-0.0182916447812556,-0.0080766380817666,-0.0143945732398541,-0.0067458194174048,-0.0095783758350305,-0.0102515181940737,-0.0102515181940737,0.1863262708525375,-0.0166522770129848,-0.0067458194174048,-0.0076577870046279,-0.0088576657881929,0.2636714845299249,-0.0224850348654767,-0.0080766380817666,-0.0067458194174048,-0.0056947608200455,-0.0084757052303599,-0.0067458194174048,-0.0099202704259192,-0.0099202704259192,0.071011174043568,0.0720561004902377,0.0474248420949117,0.0840705837271821,0.1771746850864203,0.2897202119790157,0.2956773992733801,1.0,1.0,1.0,1.0,1.0,0.912350922907404,0.3528947325506264,-0.0062418535204611,-0.0072157040294358,-0.0056947608200455,-0.0056947608200455,-0.0095783758350305,-0.0092246478087829,-0.0088576657881929,-0.0174872690447097,-0.0134024051990029,-0.0105731223766081
agg5A_VIR,-0.0062418535204611,0.0076577870046278,0.0120627828228836,-0.0072157040294358,-0.0283191694963409,-0.0144411097137932,-0.019155206460527,-0.0484828889904871,0.0388455276501336,0.058295113002954,0.0338205280114803,0.0347860904170246,0.0309358385595464,-0.084650965697445,-0.0752076847692591,0.0108859401690946,0.0056947608200456,0.0170738840973282,-0.0067909710760121,-0.1217769356398532,-0.1408207616671057,-0.141282404326592,-0.130215291272979,-0.2032248052312145,-0.2136198470908779,-0.0671632613153473,-0.0677202827962108,0.0233246741828554,-0.0475571768770823,-0.0459720384228939,-0.0470281249074773,-0.0610070224697864,0.1184261132270791,0.1496571802657507,0.0425411857427546,0.1051989473661937,-0.0099202704259192,0.0072157040294361,-0.0200089715502864,-0.0198237197035395,-0.0067458194174048,-0.0062418535204611,-0.0080766380817666,-0.0080766380817666,-0.0080766380817666,-0.0182916447812556,-0.0080766380817666,-0.0143945732398541,-0.0067458194174048,-0.0095783758350305,-0.0102515181940737,-0.0102515181940737,0.1863262708525375,-0.0166522770129848,-0.0067458194174048,-0.0076577870046279,-0.0088576657881929,0.2636714845299249,-0.0224850348654767,-0.0080766380817666,-0.0067458194174048,-0.0056947608200455,-0.0084757052303599,-0.0067458194174048,-0.0099202704259192,-0.0099202704259192,0.071011174043568,0.0720561004902377,0.0474248420949117,0.0840705837271821,0.1771746850864203,0.2897202119790157,0.2956773992733801,1.0,1.0,1.0,1.0,1.0,0.912350922907404,0.3528947325506264,-0.0062418535204611,-0.0072157040294358,-0.0056947608200455,-0.0056947608200455,-0.0095783758350305,-0.0092246478087829,-0.0088576657881929,-0.0174872690447097,-0.0134024051990029,-0.0105731223766081
aap_VIR,-0.0068415051311288,0.0083934666062754,0.0132216480742332,-0.0079089129503386,-0.0310397773327129,-0.0219264219867219,-0.0269146488367568,-0.0586596883375795,0.0204361476652617,0.0354006853621779,0.0147342683352315,0.0158393263239196,0.0114045495838198,-0.0927833398005302,-0.0824328478011437,0.0119317467607795,0.0062418535204611,0.0187141632332859,-0.0370492370121516,-0.1334759823027133,-0.1543493387592021,-0.1548553311880967,-0.1427250063583209,-0.1805047495681623,-0.1912973994728268,-0.0994924222374585,-0.0569008172296638,0.0255654634606235,-0.0521259700439947,-0.0503885481656488,-0.0515460923277328,-0.0668679352845659,0.0993849179545701,0.129744276528505,0.0323469269918637,0.086198829110946,-0.0108733056292705,0.0079089129503388,-0.0219312230063005,-0.0217281741113023,-0.007393886768819,-0.0068415051311288,-0.0088525564878355,-0.0088525564878355,-0.0088525564878355,-0.0200489135506821,-0.0088525564878355,-0.0157774523798175,-0.0073938867688189,-0.0104985654034381,-0.0112363761976641,-0.0112363761976641,0.1680370876409057,-0.0182520525763471,-0.0073938867688189,-0.0083934666062755,-0.0097086171184724,0.2392868950843754,-0.0246451604321539,-0.0088525564878355,-0.0073938867688189,-0.0062418535204611,-0.0092899618091581,-0.0073938867688189,-0.0108733056292705,-0.0108733056292705,0.0576668957486812,0.0586940221779991,0.0519809219283541,0.0921472008372314,0.1595753608017219,0.2617858355390281,0.2665507522032583,0.912350922907404,0.912350922907404,0.912350922907404,0.912350922907404,0.912350922907404,1.0,0.320581193569273,-0.0068415051311288,-0.0079089129503387,-0.0062418535204611,-0.0062418535204611,-0.0104985654034381,-0.0101108549102866,-0.0097086171184724,-0.0191672618568552,-0.0146899672730019,-0.0115888767261994
iutA_VIR,-0.0104985654034381,0.0128801128463112,0.0202891519319342,-0.0121365457290141,-0.0476317895243433,0.039876778886369,0.0300669280741219,0.0309734973892778,0.0434946066385709,0.0980502112963904,0.0899353203031224,0.0914902056478697,0.0853318255819805,0.0401424975397683,0.0366963141531457,0.0183097463707722,0.0095783758350307,0.0287176378457021,0.0323866767033093,-0.0630845926073386,-0.12797189284746,-0.1285504246519724,-0.1145261071987336,-0.0639962156298482,-0.246591381524679,-0.0392207735563306,-0.0398408860193493,0.0392312342191109,0.0205095194650777,0.0247036949002349,0.0218907679469788,0.0457404704775998,0.1591784704748348,0.0487550018517675,-0.0129767034231538,0.081229706172881,-0.0166855257889185,0.0121365457290142,0.0029426829408831,-0.0333427590322016,-0.0113462172928684,-0.0104985654034381,-0.0135846047753877,-0.0135846047753877,-0.0135846047753877,-0.0307658660112683,-0.0135846047753877,-0.0242111366628202,-0.0113462172928684,-0.0161104718066743,-0.0172426722114215,-0.0172426722114216,0.1586915218799474,-0.0280085104150402,-0.0113462172928684,0.0773829001956966,0.1417108713365151,0.1492232678360977,0.0946975556773018,0.0720954382008074,0.0908855160704256,0.1112459936268551,-0.0142558208726793,-0.0113462172928684,-0.0166855257889185,-0.0166855257889185,7.509944220722751e-05,0.0011330934956517,-0.0409773549804247,0.0502121147102268,0.2638485397510672,0.0655228068415277,0.2702984986208073,0.3528947325506264,0.3528947325506264,0.3528947325506264,0.3528947325506264,0.3528947325506264,0.320581193569273,1.0,0.5413010328844143,-0.0121365457290141,-0.0095783758350305,-0.0095783758350305,-0.0161104718066743,-0.0155155144263999,-0.0148982643207349,-0.0294129359478852,-0.0225423469301017,-0.0177835984816856
parC-S80R_AMR,-0.0068415051311288,0.0083934666062754,0.0132216480742333,-0.0079089129503387,-0.0310397773327129,0.1000328259772179,0.0914695849010079,-0.0034689533326965,0.0204361476652618,0.0638954940903486,0.0705727187215383,0.0715609404435252,0.0676627466928307,0.0737363533780635,0.0829948899452424,0.0119317467607795,0.0062418535204613,0.0187141632332859,-4.191090159744525e-05,-0.0718985045737187,-0.1543493387592022,-0.1548553311880968,-0.1427250063583207,0.0307140337192579,-0.2448533930474961,-0.0132363507247673,-0.0135875227350145,-0.0232966669197457,-0.0521259700439947,-0.0503885481656487,-0.0515460923277327,0.0177228768304365,0.0689665877799132,0.0268731036688791,-0.0390589143426754,0.1153053553461144,-0.0108733056292705,0.007908912950339,0.0337161043343989,-0.0217281741113023,-0.0073938867688189,-0.0068415051311288,-0.0088525564878355,-0.0088525564878355,-0.0088525564878355,-0.0200489135506821,-0.0088525564878355,-0.0157774523798175,-0.0073938867688189,-0.0104985654034381,-0.0112363761976642,-0.0112363761976642,-0.0129101664894842,-0.0182520525763472,-0.0073938867688189,-0.0083934666062755,0.228422186092948,-0.0092899618091581,0.1264775941622343,-0.0088525564878355,-0.0073938867688189,-0.0062418535204611,-0.0092899618091581,-0.0073938867688189,-0.0108733056292705,-0.0108733056292705,-0.009554053355062,-0.0089208787785217,0.0519809219283541,0.0921472008372315,0.2461263703766116,-0.0170523945948221,0.2665507522032587,-0.0062418535204611,-0.0062418535204611,-0.0062418535204611,-0.0062418535204611,-0.0062418535204611,-0.0068415051311288,0.5413010328844143,1.0,-0.0079089129503387,-0.0062418535204611,-0.0062418535204611,-0.0104985654034381,-0.0101108549102866,-0.0097086171184724,-0.0191672618568552,-0.0146899672730019,-0.0115888767261994
blaTEM-IR_AMR,-0.0079089129503387,0.0097030105902523,0.0152844822410987,-0.0091428571428571,-0.0358825861001462,-0.0605941856022356,-0.0653274763379784,-0.0040101774991371,-0.0083700596825923,-0.0249572252524697,-0.0152420664816587,-0.0380527914554002,-0.0437222424143362,-0.0350718436842743,-0.0235798443307293,0.0137933312433138,0.0072157040294355,0.0216339365554296,0.0427327386967151,-0.0208294028907674,-0.0348863497955204,-0.0352103441339836,-0.0272388022470244,-0.0743718389348288,0.0265035662579632,0.0345553690777815,0.0343635701095786,0.0295541728274308,-0.0337604403424805,-0.0582501413793882,-0.0595882849367818,0.0449351460743223,-0.0345568721991648,-0.0482148869611381,-0.0451528643990047,0.007116319238899,-0.012569752716116,0.0091428571428569,-0.0253529202020312,-0.0251181917315522,-0.0085474768634137,-0.0079089129503386,-0.0102337274193778,-0.0102337274193778,-0.0102337274193778,-0.023176933873767,-0.0102337274193778,-0.0182390417106217,-0.0085474768634137,-0.0121365457290141,-0.0129894693523266,-0.0129894693523266,-0.014924403473021,-0.0210997276512334,-0.0085474768634137,-0.0097030105902522,-0.011223350152702,-0.010739376475258,0.1462105579437501,-0.0102337274193778,-0.0085474768634137,-0.0072157040294358,-0.010739376475258,-0.0085474768634137,-0.012569752716116,-0.012569752716116,0.0375232811471229,0.0385398782692213,0.060090956409452,-0.0858291177429143,-0.0156370800479261,-0.0197128996997508,-0.0244039755732709,-0.0072157040294358,-0.0072157040294358,-0.0072157040294358,-0.0072157040294358,-0.0072157040294358,-0.0079089129503387,-0.0121365457290141,-0.0079089129503387,1.0,-0.0072157040294358,-0.0072157040294358,0.0835471139024098,-0.0116883448607116,-0.011223350152702,-0.0221577273738305,-0.0169818877832701,-0.0133969668169486
qnrB_AMR,-0.0062418535204611,0.0076577870046279,0.0120627828228837,-0.0072157040294358,0.0175630812656206,-0.0144411097137932,-0.019155206460527,0.0119410926306845,-0.0217562407510465,-0.0040983230959652,-0.0578791431271189,-0.0567217085052179,0.0309358385595464,0.0368885509055533,0.0153492047551806,0.0108859401690947,0.0056947608200455,-0.0530481608233268,0.0337254306815471,-0.0206524520944076,0.0041876727959314,0.0039896341250886,0.0089436826381138,-0.0182273794382635,-0.0377171504966174,-0.1143807451859296,-0.1151405918438348,-0.0301706175144467,0.0193639182344136,-0.0120027414125044,-0.0134039675849651,-0.0301364202687426,-0.014784406492043,-0.0380520387323428,-0.0356354365483011,-0.0222668097855717,-0.0099202704259192,0.0072157040294357,0.1018387655455959,0.1030137855471648,-0.0067458194174048,-0.0062418535204611,-0.0080766380817666,-0.0080766380817666,-0.0080766380817666,-0.0182916447812556,-0.0080766380817666,-0.0143945732398541,-0.0067458194174048,0.111245993626855,0.1028996138730148,0.1028996138730147,0.087273834270484,0.0550743600722132,0.1634415675988375,-0.0076577870046279,-0.0088576657881929,-0.0084757052303599,-0.0224850348654766,-0.0080766380817666,-0.0067458194174048,-0.0056947608200455,-0.0084757052303599,-0.0067458194174048,-0.0099202704259192,-0.0099202704259192,-0.0393811968727534,-0.0389832306317167,-0.0195769748167795,-0.0373761654443545,-0.0123410592277034,-0.0155577679463672,-0.0192600477210645,-0.0056947608200455,-0.0056947608200455,-0.0056947608200455,-0.0056947608200455,-0.0056947608200455,-0.0062418535204611,-0.0095783758350305,-0.0062418535204611,-0.0072157040294358,1.0,0.1954441913439633,0.111245993626855,-0.0092246478087829,-0.0088576657881929,0.1197683626573233,-0.0134024051990028,-0.0105731223766081
sat2_AMR,-0.0062418535204611,0.0076577870046278,0.0120627828228836,-0.0072157040294358,-0.0283191694963409,0.0189397800173047,0.0132471830119736,0.0421530834412705,0.0085446434495435,-0.0040983230959652,0.0032539709652806,-0.0262191088644704,0.061732169391654,0.0065036717548037,0.0153492047551806,-0.0959172283788014,0.0056947608200457,0.0170738840973282,-0.0067909710760122,-0.0543606132762227,0.0404397814116908,0.0403076437380088,0.043733426115887,0.0280219770099741,0.0209170817014693,0.0272717064258177,0.0271203352990376,0.0233246741828553,-0.0475571768770823,0.0559358526082743,0.053844347060059,0.0316047841333449,-0.0480870364218236,-0.0380520387323428,-0.0356354365483011,-0.054133249073513,-0.0099202704259192,0.0072157040294358,-0.0200089715502864,0.164432538172517,-0.0067458194174048,-0.0062418535204611,-0.0080766380817666,-0.0080766380817666,-0.0080766380817666,-0.0182916447812556,-0.0080766380817666,-0.0143945732398541,-0.0067458194174048,-0.0095783758350305,-0.0102515181940737,-0.0102515181940737,-0.0117786023115691,-0.0166522770129848,-0.0067458194174048,-0.0076577870046279,-0.0088576657881929,-0.0084757052303599,-0.0224850348654766,-0.0080766380817666,-0.0067458194174048,-0.0056947608200455,-0.0084757052303599,-0.0067458194174048,-0.0099202704259192,-0.0099202704259192,-0.0393811968727534,-0.0389832306317167,-0.0530778832726251,-0.0070144781514704,-0.0123410592277034,-0.0155577679463671,-0.0192600477210645,-0.0056947608200455,-0.0056947608200455,-0.0056947608200455,-0.0056947608200455,-0.0056947608200455,-0.0062418535204611,-0.0095783758350305,-0.0062418535204611,-0.0072157040294358,0.1954441913439633,1.0,0.1112459936268551,-0.0092246478087829,-0.0088576657881929,0.0511405468063067,-0.0134024051990028,-0.0105731223766081
blaCTX-M-14_AMR,-0.0104985654034381,0.0128801128463109,0.0202891519319342,-0.0121365457290141,-0.0476317895243433,-0.020279022520232,0.0300669280741219,-0.0053232487218466,0.0434946066385709,0.0230906125304052,0.0164898749133817,-0.0184474467727276,-0.0071651078686563,-0.0146141842227684,-0.0358338378272184,0.0183097463707721,0.0095783758350305,0.0287176378457021,0.0567249197067323,0.0179095117507566,0.0680182078383684,0.067795957187202,0.0735579956961487,0.047131922818836,0.0351817532359699,0.0175064058871418,-0.0113554590111829,0.007096559065609,0.0406093038021073,-0.0569178676700453,-0.0589014916023722,-0.065523538976176,0.0191440090451515,-0.0188992673495589,-0.0129767034231538,-0.0144813033689576,-0.0166855257889185,0.0121365457290141,-0.0336543457464373,0.040445853061618,-0.0113462172928684,-0.0104985654034381,-0.0135846047753876,-0.0135846047753876,-0.0135846047753876,-0.0307658660112683,-0.0135846047753876,-0.0242111366628202,-0.0113462172928684,-0.0161104718066743,-0.0172426722114215,-0.0172426722114215,-0.0198111708843756,-0.0280085104150402,-0.0113462172928684,-0.0128801128463114,-0.0148982643207349,-0.0142558208726793,-0.0046898551741928,-0.0135846047753876,-0.0113462172928684,-0.0095783758350305,-0.0142558208726793,-0.0113462172928684,-0.0166855257889185,-0.0166855257889185,-0.0662377080267869,-0.0655683436150478,0.0395187616996976,0.0319738188282315,-0.0207572024920214,-0.0261675868844136,-0.0323946837281753,-0.0095783758350305,-0.0095783758350305,-0.0095783758350305,-0.0095783758350305,-0.0095783758350305,-0.0104985654034381,-0.0161104718066743,-0.0104985654034381,0.0835471139024098,0.111245993626855,0.1112459936268551,1.0,0.2855877655408775,-0.0148982643207349,0.0942614566329844,-0.0225423469301016,-0.0177835984816856
IncB/O/K/Z_PLASMID,-0.0101108549102866,0.0124044521525314,-0.0407877841677957,-0.0116883448607116,-0.0458727544660748,-0.0358705524640038,-0.0027663215646966,-0.0521832365171764,-0.0012613847247416,-0.0027514344771651,-0.0099638860709843,-0.0082643429858431,-0.0151233662607627,-0.0235396557635747,-0.0089877906329219,0.0176335701007681,0.0092246478087828,0.0276570996575361,0.0293876079646473,-0.050254483412496,-0.0248366350890734,-0.0252149082232198,-0.0158571085279032,-0.0410512692226685,0.0338824962067586,-0.0146587106117607,-0.0447003673555339,-0.0288746846067814,-0.03534232351584,-0.0109772180582744,-0.0133330030559689,-0.0411232420041011,-0.0571455419857646,-0.0382492607343956,-0.0333712543456763,0.0115792657637635,-0.0160693317487313,0.0116883448607114,-0.0324114956536265,-0.0321114157914219,-0.0109272031387458,-0.0101108549102866,-0.0130829272971477,-0.0130829272971477,-0.0130829272971477,-0.0296296870548981,0.0757803404211713,-0.0233170229077897,-0.0109272031387458,-0.0155155144263998,-0.0166059028348979,-0.0166059028348979,-0.0190795472254921,-0.0269741601997338,-0.0109272031387458,-0.0124044521525318,-0.0143480735865797,-0.0137293554816063,-0.0020623762169747,-0.0130829272971477,-0.0109272031387458,-0.0092246478087829,0.0710470143803406,-0.0109272031387458,0.0566958986827036,0.0566958986827036,0.0279104298077464,0.0290924989432826,0.0768210429791505,0.0416021123612165,-0.0199906420234842,-0.0252012217072991,-0.0311983527704594,-0.0092246478087829,-0.0092246478087829,-0.0092246478087829,-0.0092246478087829,-0.0092246478087829,-0.0101108549102866,-0.0155155144263999,-0.0101108549102866,-0.0116883448607116,-0.0092246478087829,-0.0092246478087829,0.2855877655408775,1.0,-0.0143480735865797,0.0144296798454371,-0.0217098613371462,-0.0171268527766881
qnrS1_AMR,-0.0097086171184724,0.0119109687145067,-0.0439924381734096,-0.011223350152702,-0.0143121704636682,0.0337857862669974,0.0248046556491695,-0.0245026737769485,-0.0102746995987066,-0.0104181872891782,-0.0187104585034519,-0.0170593972268971,0.0361425920839551,0.025869459719113,0.0395245512842173,0.0169320578783033,0.0088576657881929,-0.0188882835141769,-0.0263175826574145,0.029045243039721,0.0394058034718909,0.0391575662208177,0.0229297552518125,0.0435855543230331,0.0325345567321751,0.0424185788704774,0.0114507025676049,-0.0330597456152275,-0.0306001067761822,0.0385699191958143,0.0140175334371502,0.0451569141425333,-0.0532119061480277,-0.0348560347517619,-0.0300949932924213,0.0603661389831671,0.0602629145989611,0.0112233501527016,0.0083618223189334,-0.0308339347975219,-0.0104924887550231,-0.0097086171184724,-0.0125624522400764,-0.0125624522400764,-0.0125624522400764,-0.0284509360987367,-0.0125624522400764,-0.0223894072027548,-0.0104924887550231,-0.0148982643207349,-0.0159452740605105,-0.0159452740605105,-0.0183205100310221,-0.0259010534514858,-0.0104924887550231,-0.0119109687145068,-0.0137772675086107,0.075004211783459,0.0365115408819798,0.1723149698930485,0.099803553753137,-0.0088576657881929,-0.0131831637222591,0.0998035537531368,0.1359558784551242,0.1359558784551242,-0.0374058420400058,-0.0366470809913984,0.0303419577881815,0.0323789956396643,-0.0191953589563427,-0.0241986473591842,-0.0299571959505881,-0.0088576657881929,-0.0088576657881929,-0.0088576657881929,-0.0088576657881929,-0.0088576657881929,-0.0097086171184724,-0.0148982643207349,-0.0097086171184724,-0.011223350152702,-0.0088576657881929,-0.0088576657881929,-0.0148982643207349,-0.0143480735865797,1.0,0.3286139423578619,0.1495906648129361,0.0547377153806487
IncN_PLASMID,-0.0191672618568552,0.0235152600554591,-0.0620733527847031,-0.0221577273738304,-0.0713066560842999,-0.0443452462446446,-0.01459885780975,-0.0251809887716431,-0.0461312065760926,-0.0125849848441429,-0.0317245756841427,-0.0492906077829522,0.0529663274427995,-0.0111303581979311,-0.0249607313360154,-0.0394534803221063,0.0174872690447096,-0.019346217888835,0.0206186361198789,0.0170888244071624,0.062335661688748,0.0618174722192582,0.0630743117445053,0.0544886952485728,0.0242198939997336,-0.0129175273180673,-0.0461568154998512,-0.0561420951513688,0.0252122117091676,0.0326835480740795,0.0162017211359028,0.0233203547981181,-0.0681248813158799,-0.0143758172492125,-0.0027338127954351,0.0294782009538599,-0.0304628137012679,-0.0321902539347596,0.0009181113784303,0.0229493693914306,-0.020714822414305,-0.0191672618568552,0.0238645092686624,0.0238645092686624,0.0238645092686624,-0.0336761258325442,-0.024801453050573,0.0117556053841479,-0.020714822414305,-0.0294129359478851,-0.0314799975699541,-0.0314799975699541,-0.0361693131813396,-0.0021895297524206,-0.020714822414305,0.0277538131024926,-0.0271998051614416,0.0668286517296272,-0.0502290126116905,-0.0248014530505729,-0.020714822414305,-0.0174872690447097,-0.0260268942613418,0.0373524416867468,-0.0304628137012679,-0.0304628137012679,-0.0455994974563652,-0.0439359563408657,0.0084659874975152,0.019897340922581,-0.0378964858808277,-0.0477742406416128,-0.0591430697364233,-0.0174872690447097,-0.0174872690447097,-0.0174872690447097,-0.0174872690447097,-0.0174872690447097,-0.0191672618568552,-0.0294129359478852,-0.0191672618568552,-0.0221577273738305,0.1197683626573233,0.0511405468063067,0.0942614566329844,0.0144296798454371,0.3286139423578619,1.0,0.1981228609736834,0.0050080693523383
BlaKPC_AMR,-0.0146899672730019,0.0180223134222623,-0.1826187463681838,-0.0169818877832701,-0.0266547104479136,0.0474837135878569,0.0340011096038064,-0.0271992525808359,-0.0881790810743216,-0.0259608716643011,-0.0616148008338482,-0.0723407552582879,-0.0157778971982394,0.0259001716945557,0.0071812504370943,0.025619650364375,0.0134024051990026,-0.0515003636874339,-0.0618933962773949,-0.0074702338113862,0.0477746293125912,0.0473774840967087,0.0119512479917601,0.0659486679480617,0.0492275643178806,-0.0387101866357159,-0.0395084156787277,-0.0383648908006894,0.0776548277107562,-0.0045604558479568,0.0065554316977415,-0.0359439527325067,-0.0551143737399006,-0.0241071398371179,-0.0327595090576301,0.0670347163762384,-0.0233469829784336,0.0169818877832693,-0.0205381332974589,-0.0198864665234266,-0.015876032038627,-0.0146899672730019,-0.019008063663799,-0.019008063663799,-0.019008063663799,-0.0143170270907752,-0.019008063663799,0.0018618231368081,-0.015876032038627,-0.0225423469301016,-0.0241265621302822,-0.0241265621302822,-0.0277204971105878,-0.0391905070408695,0.0582961176444823,0.1129546639592846,-0.02084618296748,0.0986616663739458,0.1634078453768001,0.1053187527446049,0.0582961176444823,-0.0134024051990028,-0.0199472531743103,0.1324682673275918,-0.0233469829784336,-0.0233469829784336,-0.0445702588828455,-0.0433516980042652,0.0240091061977468,0.0655327167259356,-0.0290442182878632,-0.0366146211576281,-0.0178761888928549,-0.0134024051990029,-0.0134024051990029,-0.0134024051990029,-0.0134024051990029,-0.0134024051990029,-0.0146899672730019,-0.0225423469301017,-0.0146899672730019,-0.0169818877832701,-0.0134024051990028,-0.0134024051990028,-0.0225423469301016,-0.0217098613371462,0.1495906648129361,0.1981228609736834,1.0,0.1187249358855652
parE-L445H_AMR,-0.0115888767261994,0.0142177558799182,-0.0833571605290971,-0.0133969668169486,-0.0525785110473395,0.1117233233652733,0.0989100311749533,0.0353686194085142,0.0456478929148086,0.0400906041482693,0.0527776546799944,0.0545913119020686,0.0305295672720539,0.0253488121421564,0.0416847417276961,0.0202112751052031,0.0105731223766082,-0.6192570077398303,-0.3135059260308658,0.0868236856269522,0.0750821274607403,0.0748367953320436,-0.241762956064566,0.0520267315034641,0.0388354966222052,0.0506337489090184,-0.0791214932800924,-0.073543310005736,-0.070024746903038,-0.0853535387186818,-0.0873143114349788,-0.1132680958496121,-0.0892803292153519,-0.0706489482017045,-0.0661621872235241,0.1431126201993542,-0.0184183737538343,0.013396966816949,-0.0371494627283676,-0.0368055166860238,-0.0125245601149146,-0.0115888767261994,-0.0149954116649643,-0.0149954116649643,-0.0149954116649643,-0.0339610046590358,-0.0149954116649643,-0.0267255446248592,-0.0125245601149146,-0.0177835984816855,-0.0190333817059413,-0.0190333817059413,-0.021868627603683,-0.0309172884114313,-0.0125245601149146,-0.0142177558799183,-0.0164454991718001,-0.0157363358111915,-0.0116303905054379,-0.0149954116649643,-0.0125245601149146,-0.0105731223766082,-0.0157363358111915,-0.0125245601149146,-0.0184183737538343,-0.0184183737538343,-0.0731167167560849,-0.072377836599182,0.0331692816353817,0.1395092058720257,-0.0229129077751915,-0.0288851787813094,-0.0357589805733929,-0.0105731223766081,-0.0105731223766081,-0.0105731223766081,-0.0105731223766081,-0.0105731223766081,-0.0115888767261994,-0.0177835984816856,-0.0115888767261994,-0.0133969668169486,-0.0105731223766081,-0.0105731223766081,-0.0177835984816856,-0.0171268527766881,0.0547377153806487,0.0050080693523383,0.1187249358855652,1.0
