node,bioproject_id_META_PRJNA248737,bioproject_id_META_PRJNA269984,bioproject_id_META_PRJNA278886,bioproject_id_META_PRJNA288601,bioproject_id_META_PRJNA381936,bioproject_id_META_PRJNA448593,bioproject_id_META_PRJNA475142,bioproject_id_META_PRJNA475751,bioproject_id_META_PRJNA530580,bioproject_id_META_PRJNA530794,bioproject_id_META_PRJNA578285,bioproject_id_META_PRJNA587095,bioproject_id_META_PRJNA592372,bioproject_id_META_PRJNA658369,bioproject_id_META_PRJNA809394,bioproject_id_META_PRJNA824420,bioproject_id_META_PRJNA836696
root,0.0227943784595014,1.0121286391192644e-08,0.0949784153213974,0.0563002886534336,0.0185089711914812,0.0530973680556508,0.0028338126296148,0.1198051560781569,0.0394030648601603,0.0194741342791296,0.0206935716330101,1.0121286391192644e-08,0.0194599208640778,0.0734677528024572,0.338896963018617,0.1101648889157161,0.0101212929950226
n0,0.0064338614377005,2.856798851878164e-09,0.0269896619563099,0.0170647244112038,0.0052251719561285,0.0155395365531213,0.0007384669802154,0.0357677080691329,0.7030948413116321,0.0055281233204409,0.0058408265856815,2.856798851878164e-09,0.0054926793004623,0.0270871438886511,0.1109114128533875,0.0311479441083197,0.0031378915540141
n6161,0.0002419452951499,1.0742977750079098e-10,0.0010460027405431,0.0006128582451099,0.0001964621662204,0.0007677453461666,0.9871332752914046,0.0012716403664585,0.0007478466939369,0.0002067031553576,0.0013205683834194,1.0742977750079098e-10,0.0003643358098298,0.0008647213078967,0.0039483725512578,0.0011700926548724,0.0001074297775162
n00,8.708214229691525e-05,3.866669597128137e-11,0.0008179465577255,0.0031595993625809,7.295487889749292e-05,0.0015889753528508,9.99511906362356e-06,0.0053549796070915,0.9315199186922124,0.0001532349300817,7.905543143985564e-05,3.866669597128137e-11,7.434326726704525e-05,0.0162135150281102,0.0395701756309174,0.0005543138425948,0.000743910079536
SAMN11319316,0.0,0.0,0.0,0.0,0.0,0.0,0.0,0.0,1.0,0.0,0.0,0.0,0.0,0.0,0.0,0.0,0.0
n62,0.0002419452951499,1.0742977750079098e-10,0.0010460027405431,0.0006128582451099,0.0001964621662204,0.0007677453461666,0.9871332752914046,0.0012716403664585,0.0007478466939369,0.0002067031553576,0.0013205683834194,1.0742977750079098e-10,0.0003643358098298,0.0008647213078967,0.0039483725512578,0.0011700926548724,0.0001074297775162
n401401,0.0001028807883655,4.568167600847324e-11,0.0005048407819662,0.0002873302961076,8.354641094679525e-05,0.0006837329429295,0.9935174108800868,0.0005407314858934,0.0004557292723933,8.78950584521484e-05,0.0003247625227209,4.568167600847324e-11,0.0004310410063,0.0003481910571872,0.0020873172684127,0.0004989084608624,4.5681676011493066e-05
n1,8.708214229691525e-05,3.866669597128137e-11,0.0008179465577255,0.0031595993625809,7.295487889749292e-05,0.0015889753528508,9.99511906362356e-06,0.0053549796070915,0.9315199186922124,0.0001532349300817,7.905543143985564e-05,3.866669597128137e-11,7.434326726704525e-05,0.0162135150281102,0.0395701756309174,0.0005543138425948,0.000743910079536
n15,0.0001617188279815,7.180729124777557e-11,0.0012590552804829,0.0032387320331034,0.0001358279289349,0.003163687726593,1.856176553936335e-05,0.0090547729507218,0.9043366755498814,0.0002966748587716,0.0001468125539876,7.180729124777557e-11,0.0001380616706655,0.0203876634873611,0.056033719273918,0.0009048411361293,0.0007231948123132
n6262,0.0002454094672896,1.0896788179100291e-10,0.0010489069062875,0.0006154307957701,0.000199273573939,0.0006958386536018,0.9863845005297968,0.0012898468222856,0.0008496528175821,0.0002096625863215,0.0020468286134592,1.0896788179100291e-10,0.000305483577567,0.0008426203649573,0.0039710468210984,0.0011865303703072,0.0001089678818003
SAMN15868771,0.0,0.0,0.0,0.0,0.0,0.0,0.0,0.0,0.0,0.0,0.0,0.0,0.0,1.0,0.0,0.0,0.0
n402,9.668256736673176e-05,4.2929509281630547e-11,0.0004804178481974,0.0002726598725681,7.851362089168054e-05,0.0006778316130183,0.9937908073628012,0.0005081542397483,0.0004345854394983,8.259967797439832e-05,0.000302713812485,4.2929509281630547e-11,0.0004323472072176,0.0003269194829335,0.002003852654997,0.0004689850051583,4.292950928441472e-05
SAMN11319305,0.0,0.0,0.0,0.0,0.0,0.0,0.0,0.0,1.0,0.0,0.0,0.0,0.0,0.0,0.0,0.0,0.0
n11,8.708214229691525e-05,3.866669597128137e-11,0.0008179465577255,0.0031595993625809,7.295487889749292e-05,0.0015889753528508,9.99511906362356e-06,0.0053549796070915,0.9315199186922124,0.0001532349300817,7.905543143985564e-05,3.866669597128137e-11,7.434326726704525e-05,0.0162135150281102,0.0395701756309174,0.0005543138425948,0.000743910079536
n13,4.827330761318677e-05,2.14345818760749e-11,0.0005768945347693,0.0004713318240929,3.946617498168512e-05,0.0002781989576915,5.540713053872481e-06,0.0008393301333889,0.988343171581072,5.066902690849517e-05,4.3823762936939e-05,2.14345818760749e-11,4.121161141704595e-05,0.0020608141821565,0.0068462459908796,0.0002492615872184,0.0001057665689501
n1515,0.0004480680313582,1.9895365325199135e-10,0.00326774938525,0.0036991592778258,0.0003818974997503,0.0122019846729108,5.142834283155696e-05,0.0303587557138264,0.803635102405235,0.0004924962492445,0.0004067678010177,1.9895365325199135e-10,0.0003825220708859,0.0152413508117119,0.1265321857261139,0.0022508024316828,0.0006497291824474
n5353,0.0013360260216656,5.932296866712983e-10,0.0056184258269494,0.0035499516507473,0.0010852468337136,0.0033576120047129,0.0001533463516789,0.0077446785661862,0.0819349411787358,0.0160095240059103,0.0012128791364134,5.932296866712983e-10,0.0011405844755644,0.7559979334007353,0.1137403979422612,0.0064678496508049,0.0006506017674606
n63,0.0002222206681353,9.867138998103963e-11,0.0009469893281772,0.0005549661708279,0.0001804434849391,0.0005991856596951,0.986939197579772,0.0011679678151391,0.0007912741835742,0.0001898513440778,0.0027107470912856,9.867138998103963e-11,0.0002527350514397,0.0007501465052651,0.0035213069394148,0.0010742965909265,9.867138998721048e-05
n400400,0.0120619795922093,5.355827015955138e-09,0.0502708816018695,0.0297962203627262,0.0097942942754817,0.0281522091358564,0.4381559908425578,0.0633966297532022,0.036351891757091,0.0103050231462144,0.0117578871418689,5.355827015955138e-09,0.0103399826183953,0.0388993218082116,0.1970662765154615,0.05829557372124,0.0053558270159593
n402402,9.668256736673176e-05,4.2929509281630547e-11,0.0004804178481974,0.0002726598725681,7.851362089168054e-05,0.0006778316130183,0.9937908073628012,0.0005081542397483,0.0004345854394983,8.259967797439832e-05,0.000302713812485,4.2929509281630547e-11,0.0004323472072176,0.0003269194829335,0.002003852654997,0.0004689850051583,4.292950928441472e-05
n446446,0.0059892915449221,2.6593984463399335e-09,0.0250127845985988,0.0176514413637497,0.0048632934944775,0.0142836415279437,0.7299927228546383,0.0314791531105464,0.0105453127504472,0.0051168871703471,0.00559497464139,2.6593984463399335e-09,0.0053698572376636,0.019315061695287,0.0931787565162533,0.0289474177285957,0.0026593984463419
n2,0.0001551133121247,6.887427344833158e-11,0.0012115733118071,0.0053543471510444,0.0001280401292241,0.0016511853725148,1.7803597910083063e-05,0.0056640582401571,0.926271603501008,0.0002058816372521,0.0001408158950618,6.887427344833158e-11,0.0001324224475387,0.0168845128725355,0.0397587179510303,0.0010050998325501,0.0014188246104922
SAMN26308499,0.0,0.0,0.0,0.0,0.0,0.0,0.0,0.0,0.0,0.0,0.0,0.0,0.0,0.0,1.0,0.0,0.0
n1313,5.759147739093216e-05,2.5572087319801523e-11,0.0008596408381483,0.0003599558794819,4.6930064450873606e-05,0.0002366403201778,6.610233284900131e-06,0.000664787749439,0.9903467367854352,5.503168154103913e-05,5.228303957464988e-05,2.5572087319801523e-11,4.916666589708054e-05,0.0013636534091866,0.0055350503927682,0.0002882054757749,7.771593630423126e-05
SAMN11319282,0.0,0.0,0.0,0.0,0.0,0.0,0.0,0.0,1.0,0.0,0.0,0.0,0.0,0.0,0.0,0.0,0.0
n16,0.0003258585834796,1.4468953616323896e-10,0.0058327083248361,0.0039761346380924,0.0003448221447052,0.0503054726825582,3.740138665835252e-05,0.0063272643265315,0.6171660428602731,0.000296359843172,0.0002958228888626,1.4468953616323896e-10,0.0002781901216887,0.0034701815791833,0.3095363816339363,0.0015888397320359,0.0002185189646071
n4747,0.0026378681437269,1.1712808485813983e-09,0.0139266814463388,0.0073617499761071,0.0021478404844624,0.0097877859141147,0.0003027691452042,0.4921098301770052,0.2666889447190084,0.0022894491468054,0.0023947252405667,1.1712808485813983e-09,0.0022519856683406,0.013006732252695,0.170998552135431,0.0127766259132958,0.0013184572943355
n54,0.0013360260216656,5.932296866712983e-10,0.0056184258269494,0.0035499516507473,0.0010852468337136,0.0033576120047129,0.0001533463516789,0.0077446785661862,0.0819349411787358,0.0160095240059103,0.0012128791364134,5.932296866712983e-10,0.0011405844755644,0.7559979334007353,0.1137403979422612,0.0064678496508049,0.0006506017674606
n61,0.000369192876762,1.6393106949351618e-10,0.0015386352031941,0.000913341443678,0.0002997859056981,0.0008614373808232,4.2375207945404846e-05,0.0019446768346915,0.001104439304021,0.0004025234527614,0.0003351628862577,1.6393106949351618e-10,0.0003151852261071,0.0055938516938012,0.9843307578520268,0.0017843672102165,0.0001642671941532
n6363,0.0045668322673106,2.027719174199138e-09,0.0190297821000698,0.0112797781050222,0.0037081321947804,0.0106438523663277,0.0759100578543353,0.0240020003161372,0.0610524463948301,0.0039014876622966,0.6752701749177732,2.027719174199138e-09,0.003903447313536,0.0147212376161978,0.0679122365563913,0.0220708111053531,0.0020277191741996
n395395,1.6592189898362832e-05,7.367349453684367e-12,9.027480415778768e-05,4.113756844492638e-05,1.3472835269968313e-05,4.073838499519711e-05,0.9991370777867034,8.72069101918245e-05,3.910140118741532e-05,1.417534704171527e-05,7.932267498463409e-05,7.367349453684367e-12,1.5779088699804357e-05,5.434623614622797e-05,0.0002832097300801,8.019767800990175e-05,7.367349453842389e-06
n401,0.0125515730752348,5.573219111804354e-09,0.0522997249409791,0.0310015386383153,0.0101918420527892,0.029240030246322,0.0200998834550615,0.0659698880325705,0.0223506365140372,0.0107233022603183,0.0114291501432645,5.573219111804354e-09,0.010717272578786,0.040455414687895,0.616734940750964,0.0606615723652193,0.0055732191118045
SAMN11319341,0.0,0.0,0.0,0.0,0.0,0.0,0.0,0.0,1.0,0.0,0.0,0.0,0.0,0.0,0.0,0.0,0.0
n403,0.0004741495240027,2.105344922784242e-10,0.0027531306270499,0.001187543584613,0.000385011790951,0.0013241383259862,0.9714765709680662,0.0024920852031882,0.0014229712414646,0.0004050845573509,0.000534755470907,2.105344922784242e-10,0.0037508512604965,0.0015356389329905,0.0097551415809259,0.0022923920186579,0.0002105344922797
n409409,5.08834713439113e-05,2.259356031955421e-11,0.0002156078087517,0.0001272127627288,4.14064606768284e-05,0.0053743246013216,0.9897181993734736,0.0002674387305867,0.0003356741203867,4.3471747940115554e-05,0.0001382796525884,2.259356031955421e-11,0.0001225290289799,0.0001646940596963,0.0031117952518234,0.0002658893241946,2.2593560319680443e-05
SAMN26308802,0.0,0.0,0.0,0.0,0.0,0.0,0.0,0.0,0.0,0.0,0.0,0.0,0.0,0.0,1.0,0.0,0.0
SAMN29599259,0.0,0.0,0.0,1.0,0.0,0.0,0.0,0.0,0.0,0.0,0.0,0.0,0.0,0.0,0.0,0.0,0.0
n22,0.001734313270524,7.700794006842743e-10,0.0316332614659049,0.3962069943036689,0.0014085113348289,0.004196683429587,0.0001990609527571,0.0455399853851923,0.1155414867550281,0.0014906083100385,0.0015744546496191,7.700794006842743e-10,0.0014806079822151,0.1571103435471739,0.0850432755296096,0.0318811622177693,0.1249592493259236
n1212,0.0006976303638678,3.0976570475307025e-10,0.0033079550228585,0.0052506811892832,0.0005679559346002,0.0025403517835881,8.007260023977164e-05,0.0071073922680622,0.9151670473245784,0.0006480709793481,0.0006333269708445,3.0976570475307025e-10,0.000595576994615,0.0138750168279404,0.0447083317017515,0.0035528972482928,0.0012676921705975
n14,5.759147739093216e-05,2.5572087319801523e-11,0.0008596408381483,0.0003599558794819,4.6930064450873606e-05,0.0002366403201778,6.610233284900131e-06,0.000664787749439,0.9903467367854352,5.503168154103913e-05,5.228303957464988e-05,2.5572087319801523e-11,4.916666589708054e-05,0.0013636534091866,0.0055350503927682,0.0002882054757749,7.771593630423126e-05
n1414,0.0004517389629767,2.0058364067628408e-10,0.0131880402790566,0.0011975614661548,0.0003668731203202,0.0010907910922745,5.184968014336435e-05,0.00251035146298,0.9671788751077738,0.0003881285707752,0.0004101003681174,2.0058364067628408e-10,0.0003856559975804,0.0018986189661705,0.0084742831959858,0.002186954962183,0.0002201763663399
n1616,0.0003258585834796,1.4468953616323896e-10,0.0058327083248361,0.0039761346380924,0.0003448221447052,0.0503054726825582,3.740138665835252e-05,0.0063272643265315,0.6171660428602731,0.000296359843172,0.0002958228888626,1.4468953616323896e-10,0.0002781901216887,0.0034701815791833,0.3095363816339363,0.0015888397320359,0.0002185189646071
SAMN26304704,0.0,0.0,0.0,0.0,0.0,0.0,0.0,0.0,0.0,0.0,0.0,0.0,0.0,0.0,1.0,0.0,0.0
n48,0.0031142593518604,1.382810715927631e-09,0.0144791637235927,0.0081253199989561,0.00253178997083,0.0091195646624785,0.0003574483589277,0.5561347551547152,0.1395862254858877,0.0026789704909138,0.0028272055573753,1.382810715927631e-09,0.0026586876393209,0.0123437560502474,0.2295192625706984,0.0150654265236237,0.0014581616949499
n51,0.0013827443545476,6.139738200399471e-10,0.0241806352211096,0.0034750014045037,0.0011232008358953,0.0034780777226058,0.000158708586445,0.8403828850154073,0.0208887410752379,0.001183860422253,0.0012552912528849,6.139738200399471e-10,0.0011804685828687,0.0047745784884692,0.0892266972272402,0.006684748017062,0.0006243605655215
n5454,0.0013360260216656,5.932296866712983e-10,0.0056184258269494,0.0035499516507473,0.0010852468337136,0.0033576120047129,0.0001533463516789,0.0077446785661862,0.0819349411787355,0.0160095240059103,0.0012128791364134,5.932296866712983e-10,0.0011405844755644,0.7559979334007353,0.1137403979422616,0.0064678496508049,0.0006506017674606
SAMN15868530,0.0,0.0,0.0,0.0,0.0,0.0,0.0,0.0,0.0,0.0,0.0,0.0,0.0,1.0,0.0,0.0,0.0
SAMN26308493,0.0,0.0,0.0,0.0,0.0,0.0,0.0,0.0,0.0,0.0,0.0,0.0,0.0,0.0,1.0,0.0,0.0
SAMN26308471,0.0,0.0,0.0,0.0,0.0,0.0,0.0,0.0,0.0,0.0,0.0,0.0,0.0,0.0,1.0,0.0,0.0
n394394,0.0048350454972969,2.1468209374482792e-09,0.020147248711119,0.0119422342955707,0.0039259348184821,0.0112679501284274,0.067198560987763,0.0254118013356922,0.0720043991573544,0.0041306486160356,0.6620066394754386,2.1468209374482792e-09,0.0041318823439559,0.0155854634259399,0.071898212426664,0.0233671535491692,0.0021468209374487
n6464,2.759003093667385e-05,1.20084132470379e-11,0.0001127131611231,6.681045136822033e-05,2.1983958419097405e-05,6.300818661234994e-05,0.0001339918236823,0.0001421429269992,0.0001390315732908,2.310511076839942e-05,0.9986127034768468,1.20084132470379e-11,2.3096565223093384e-05,8.717300982088029e-05,0.0004034959035544,0.0001311453840902,1.2008413247159903e-05
n396,0.0002016317223792,8.952963430782572e-11,0.0018085747690867,0.0004980544693432,0.0001637243973822,0.0004702237167469,0.988756335501886,0.0010597573560989,0.0003511096992412,0.0001722619029826,0.0001997241661188,8.952963430782572e-11,0.0001725547925528,0.0006500960153479,0.0044319365589132,0.0009744851185526,8.952963430786673e-05
SAMN09405752,0.0,0.0,0.0,0.0,0.0,0.0,1.0,0.0,0.0,0.0,0.0,0.0,0.0,0.0,0.0,0.0,0.0
SAMN26309425,0.0,0.0,0.0,0.0,0.0,0.0,0.0,0.0,0.0,0.0,0.0,0.0,0.0,0.0,1.0,0.0,0.0
SAMN26304415,0.0,0.0,0.0,0.0,0.0,0.0,0.0,0.0,0.0,0.0,0.0,0.0,0.0,0.0,1.0,0.0,0.0
n403403,0.0004741495240027,2.105344922784242e-10,0.0027531306270499,0.001187543584613,0.000385011790951,0.0013241383259862,0.9714765709680662,0.0024920852031882,0.0014229712414646,0.0004050845573509,0.000534755470907,2.105344922784242e-10,0.0037508512604965,0.0015356389329905,0.0097551415809259,0.0022923920186579,0.0002105344922797
n408408,0.000565564205285,2.5112495268107304e-10,0.0032807204329044,0.001402803615201,0.0004592378772827,0.0013963721976899,0.961959372802383,0.0029725522500065,0.0011942142339674,0.0004831837253633,0.0005509237622793,2.5112495268107304e-10,0.0115437482759552,0.0018255154135457,0.0093810025427704,0.0027336632104343,0.0002511249526815
n410,5.08834713439113e-05,2.259356031955421e-11,0.0002156078087517,0.0001272127627288,4.14064606768284e-05,0.0053743246013216,0.9897181993734736,0.0002674387305867,0.0003356741203867,4.3471747940115554e-05,0.0001382796525884,2.259356031955421e-11,0.0001225290289799,0.0001646940596963,0.0031117952518234,0.0002658893241946,2.2593560319680443e-05
n445,0.0001276984549852,5.6701375831554544e-11,0.0005345622314211,0.0003164631101101,0.0001037523144589,0.0039217811627737,0.9882886141198204,0.0006711710664633,0.0003914980230666,0.0001090978085411,0.0001794293435204,5.6701375831554544e-11,0.0001635566612535,0.0004120578016641,0.0040926804973852,0.0006309359153011,5.6701375831641746e-05
n3,0.001734313270524,7.700794006842743e-10,0.0316332614659049,0.3962069943036689,0.0014085113348289,0.004196683429587,0.0001990609527571,0.0455399853851923,0.1155414867550281,0.0014906083100385,0.0015744546496191,7.700794006842743e-10,0.0014806079822151,0.1571103435471739,0.0850432755296096,0.0318811622177693,0.1249592493259236
SAMN26304325,0.0,0.0,0.0,0.0,0.0,0.0,0.0,0.0,0.0,0.0,0.0,0.0,0.0,0.0,1.0,0.0,0.0
SAMN26304479,0.0,0.0,0.0,0.0,0.0,0.0,0.0,0.0,0.0,0.0,0.0,0.0,0.0,0.0,1.0,0.0,0.0
SAMN11319166,0.0,0.0,0.0,0.0,0.0,0.0,0.0,0.0,1.0,0.0,0.0,0.0,0.0,0.0,0.0,0.0,0.0
SAMN11319335,0.0,0.0,0.0,0.0,0.0,0.0,0.0,0.0,1.0,0.0,0.0,0.0,0.0,0.0,0.0,0.0,0.0
SAMN26304705,0.0,0.0,0.0,0.0,0.0,0.0,0.0,0.0,0.0,0.0,0.0,0.0,0.0,0.0,1.0,0.0,0.0
SAMN06015664,0.0,0.0,1.0,0.0,0.0,0.0,0.0,0.0,0.0,0.0,0.0,0.0,0.0,0.0,0.0,0.0,0.0
SAMN11319389,0.0,0.0,0.0,0.0,0.0,0.0,0.0,0.0,1.0,0.0,0.0,0.0,0.0,0.0,0.0,0.0,0.0
n17,0.0010387572120222,4.6123474050847163e-10,0.0079482824486721,0.0051310915949439,0.0009083674393439,0.0678243423801748,0.000119226441988,0.0091926208985458,0.632320340140504,0.0009019849243439,0.000943010787088,4.6123474050847163e-10,0.0008868018516856,0.0053055920100918,0.2619270219797129,0.0050315992023595,0.0005209597660537
n1717,0.0003258585834796,1.4468953616323896e-10,0.0058327083248361,0.0039761346380924,0.0003448221447052,0.0503054726825582,3.740138665835252e-05,0.0063272643265315,0.6171660428602731,0.000296359843172,0.0002958228888626,1.4468953616323896e-10,0.0002781901216887,0.0034701815791833,0.3095363816339363,0.0015888397320359,0.0002185189646071
n4848,0.0041214713480147,1.8300385746674182e-09,0.0184298810479709,0.0105420925943955,0.0033491487477487,0.0111603531535643,0.0004730541043648,0.4730450370276908,0.1193513286678689,0.0035364688310653,0.0037415787778586,1.8300385746674182e-09,0.0035185588901694,0.0152124117965342,0.3116946278170905,0.0199309322531334,0.0018930512824524
n50,0.0011131974389873,4.942881030943257e-10,0.0047932716769348,0.0027941619561694,0.000904224399168,0.0027852859615334,0.0001277705393522,0.9236761184684292,0.0157527012801224,0.0009529377999864,0.0010105895593056,4.942881030943257e-10,0.0009503525354724,0.0038255542892326,0.0354302447806545,0.0053815356634896,0.0005020526625854
n5151,0.0003543595685775,1.5734470169536278e-10,0.0241725991792072,0.0008876367114835,0.0002878253733118,0.0008788064127687,4.067267100351541e-05,0.945398435800326,0.0044516662171765,0.0003032678774742,0.0003216968236742,1.5734470169536278e-10,0.0003025218192856,0.001208100784878,0.019519887740087,0.0017130223494686,0.0001595003565878
SAMN26308484,0.0,0.0,0.0,0.0,0.0,0.0,0.0,0.0,0.0,0.0,0.0,0.0,0.0,0.0,1.0,0.0,0.0
n5555,0.0018541007661704,8.232681091054362e-10,0.0077476754531722,0.004686735435113,0.0015056950769459,0.0044242303688451,0.0002128099174085,0.0100549242295687,0.0373554613487269,0.0496921480316914,0.001683200850603,8.232681091054362e-10,0.0015828722762373,0.6997473178685134,0.169639454557257,0.0089654972003812,0.0008478749728288
SAMN15868277,0.0,0.0,0.0,0.0,0.0,0.0,0.0,0.0,0.0,0.0,0.0,0.0,0.0,1.0,0.0,0.0,0.0
n395,0.0055476808633473,2.463295563205023e-09,0.0231160012844414,0.0137023370293995,0.0045046727798636,0.0129241467205672,0.0181211071644509,0.0291578940708743,0.1231618248648721,0.0047395701390603,0.6306477483392102,2.463295563205023e-09,0.0047372191491515,0.0178809740973499,0.0824838089109335,0.0268117140966815,0.0024632955632051
SAMN11319169,0.0,0.0,0.0,0.0,0.0,0.0,0.0,0.0,1.0,0.0,0.0,0.0,0.0,0.0,0.0,0.0,0.0
n65,2.1780818898730468e-15,1.6745171974018066e-23,2.790365790007548e-15,6.448676300367801e-15,4.8589171528266425e-17,9.849889471230611e-17,4.89113719146433e-17,7.24862529451137e-16,6.318983926481812e-16,3.3277481957888603e-17,0.999999999999984,1.6745171974018066e-23,3.219827422170949e-17,3.821198106126992e-16,1.0039840423034498e-15,1.4985946828825969e-15,1.674517197405957e-17
n245,2.3671446550899897e-06,3.3214902319543617e-13,3.1855307680058742e-06,1.8835992653062192e-06,6.785247010729004e-07,1.7425887637185597e-06,1.3058444124651075e-06,3.9316297172809954e-06,2.1528754338339034e-06,6.390802693635744e-07,0.9999585766294712,3.3214902319543617e-13,6.386908915254561e-07,2.4193301637842912e-06,1.522520215963446e-05,4.9211796400242694e-06,3.321490235553948e-07
n396396,0.0001799053255244,7.988255990061809e-11,0.0012398559027788,0.0004443720202224,0.0001460826212255,0.0004193465221391,0.9895616898881848,0.0009455654670453,0.0003122315127386,0.000153700189775,0.0001717652738652,7.988255990061809e-11,0.0001537998056102,0.0005799592747339,0.004742362715558,0.0008694807609324,7.988255990063901e-05
n398398,0.0024451975641351,1.0857301888264528e-09,0.6774704147628487,0.0060394394842837,0.0019854935418305,0.0056958618515286,0.017678789259018,0.0128517285169633,0.0042251397699768,0.0020890283971213,0.0022201073486734,1.0857301888264528e-09,0.0020875074171256,0.0078810155046259,0.2444269412167299,0.0118176030048515,0.0010857301888264
n404,0.007869226790541,3.4941377334235534e-09,0.0470755073466091,0.019446343624639,0.0063897922687339,0.0184642000363195,0.5917269954658084,0.0413599161310797,0.0265675883601277,0.0067229897664214,0.0072073305368249,3.4941377334235534e-09,0.0087531633642662,0.0253674855103039,0.1515229540605562,0.0380323620160686,0.0034941377334243
n407407,0.0118478263027641,5.260737568321415e-09,0.0494186641438708,0.0292642599914492,0.0096204018673059,0.0276129975372173,0.0660475178851783,0.062271061192593,0.0205122294627307,0.0101220637347343,0.0107627106461788,5.260737568321415e-09,0.0103374749145382,0.038186716126208,0.5914749066056885,0.0572604214997456,0.0052607375683215
n409,0.0004468887249262,1.9843001028569304e-10,0.0044539596710932,0.0011050572376689,0.0003628726759427,0.0010580734607591,0.9751798357223476,0.0023488051157232,0.0008191525023376,0.0003817946029261,0.0004138126367188,1.9843001028569304e-10,0.002775873991793,0.0014409258074215,0.0068546460457403,0.0021598713974554,0.0001984300102857
SAMN13422978,0.0,0.0,0.0,0.0,0.0,0.0,0.0,0.0,0.0,0.0,0.0,0.0,1.0,0.0,0.0,0.0,0.0
n410410,0.0032566717638171,1.4460454645833243e-09,0.0135790078735434,0.0080447496660627,0.0026528703930665,0.0290041261855669,0.6682929539537122,0.0171167606144387,0.0258524505551892,0.002782302702947,0.0095981782642919,1.4460454645833243e-09,0.0028336413561108,0.0104969074409009,0.1892904081526517,0.0157529227210257,0.0014460454645834
n437437,0.0001831194589167,8.130971797959585e-11,0.0007635897100361,0.0004525369907569,0.0001487068363154,0.0487260599471431,0.9392200418656677,0.0009624586587154,0.0003562630821548,0.0001564461516952,0.0001810517371639,8.130971797959585e-11,0.00124370629436,0.000590316062891,0.0056025431130982,0.001331850210486,8.130971797961648e-05
n445445,0.0001394964391412,6.193998226453471e-11,0.0005835279962865,0.0003455204536695,0.0001133274355137,0.0036659967254106,0.9881674890877156,0.0007331801626243,0.000398531082896,0.0001191772902692,0.000185176770785,6.193998226453471e-11,0.0001693661788871,0.0004500459901582,0.0041803452046505,0.0006868790758476,6.193998226461527e-05
SAMN26308785,0.0,0.0,0.0,0.0,0.0,0.0,0.0,0.0,0.0,0.0,0.0,0.0,0.0,0.0,1.0,0.0,0.0
n33,0.0033175704539408,1.4730860394827671e-09,0.1912876466365399,0.3023660158783213,0.0026939243795154,0.0077690341556694,0.0003807839933561,0.0269800974760599,0.0352192447412817,0.0028366669254891,0.0030117766584726,1.4730860394827671e-09,0.0028322572277736,0.255064799915261,0.1100388994851764,0.0221905814064559,0.0340106977205139
n55,0.001734313270524,7.700794006842743e-10,0.0316332614659049,0.3962069943036689,0.0014085113348289,0.004196683429587,0.0001990609527571,0.0455399853851923,0.1155414867550281,0.0014906083100385,0.0015744546496191,7.700794006842743e-10,0.0014806079822151,0.1571103435471739,0.0850432755296096,0.0318811622177693,0.1249592493259236
SAMN10093631,0.0,0.0,0.0,0.0,0.0,1.0,0.0,0.0,0.0,0.0,0.0,0.0,0.0,0.0,0.0,0.0,0.0
SAMN11319386,0.0,0.0,0.0,0.0,0.0,0.0,0.0,0.0,1.0,0.0,0.0,0.0,0.0,0.0,0.0,0.0,0.0
n18,0.0003258585834796,1.4468953616323896e-10,0.0058327083248361,0.0039761346380924,0.0003448221447052,0.0503054726825582,3.740138665835252e-05,0.0063272643265315,0.6171660428602731,0.000296359843172,0.0002958228888626,1.4468953616323896e-10,0.0002781901216887,0.0034701815791833,0.3095363816339363,0.0015888397320359,0.0002185189646071
n1919,0.0003258585834796,1.4468953616323896e-10,0.0058327083248361,0.0039761346380924,0.0003448221447052,0.0503054726825582,3.740138665835252e-05,0.0063272643265315,0.6171660428602731,0.000296359843172,0.0002958228888626,1.4468953616323896e-10,0.0002781901216887,0.0034701815791833,0.3095363816339363,0.0015888397320359,0.0002185189646071
n49,0.0,0.0,0.0,0.0,0.0,0.0,0.0,0.0,0.0,0.0,0.0,0.0,0.0,0.0,1.0,0.0,0.0
SAMN26308474,0.0,0.0,0.0,0.0,0.0,0.0,0.0,0.0,0.0,0.0,0.0,0.0,0.0,0.0,1.0,0.0,0.0
n5050,8.167198369714326e-08,3.6264447333202025e-14,3.429978276279358e-07,2.0249921746289473e-07,6.632282957764684e-08,1.935873167749035e-07,9.374144276780792e-09,0.9999962675194872,3.8146368273467476e-07,6.980842374012382e-08,7.414394888223343e-08,3.6264447333202025e-14,6.972453768331323e-08,2.673637522254285e-07,1.5423783856309717e-06,3.947450001100965e-07,3.6399389840212633e-08
SAMN09400814,0.0,0.0,0.0,0.0,0.0,0.0,0.0,1.0,0.0,0.0,0.0,0.0,0.0,0.0,0.0,0.0,0.0
n52,0.0003543595685775,1.5734470169536278e-10,0.0241725991792072,0.0008876367114835,0.0002878253733118,0.0008788064127687,4.067267100351541e-05,0.945398435800326,0.0044516662171765,0.0003032678774742,0.0003216968236742,1.5734470169536278e-10,0.0003025218192856,0.001208100784878,0.019519887740087,0.0017130223494686,0.0001595003565878
SAMN09400827,0.0,0.0,0.0,0.0,0.0,0.0,0.0,1.0,0.0,0.0,0.0,0.0,0.0,0.0,0.0,0.0,0.0
n56,0.0019752777429157,8.770737826332357e-10,0.0082503832887283,0.0049753300684939,0.0016040734306664,0.0046959950627764,0.0002267183644576,0.0106608913840466,0.0341570371553018,0.0449952384246727,0.001793208458632,8.770737826332357e-10,0.0016863227900972,0.702330155411877,0.1721994623040453,0.0095506790920164,0.0008992252671242
n5656,0.0038760784945594,1.7210778783890692e-09,0.01616591972346,0.0096477431734645,0.0031474826748895,0.0091017304742832,0.0004448884109442,0.0205865630218052,0.0303059575918653,0.1487981946103455,0.0035188047694524,1.7210778783890692e-09,0.0033090635101941,0.4920834530585252,0.2385397812827149,0.0187362476393465,0.0017380881219938
SAMN13082356,0.0,0.0,0.0,0.0,0.0,0.0,0.0,0.0,0.0,0.0,1.0,0.0,0.0,0.0,0.0,0.0,0.0
SAMN11319163,0.0,0.0,0.0,0.0,0.0,0.0,0.0,0.0,1.0,0.0,0.0,0.0,0.0,0.0,0.0,0.0,0.0
n6565,2.178081889873038e-15,1.6745171974017996e-23,2.7903657900075364e-15,6.448676300367775e-15,4.858917152826623e-17,9.849889471230572e-17,4.8911371914643104e-17,7.248625294511339e-16,6.318983926481786e-16,3.327748195788847e-17,0.999999999999984,1.6745171974017996e-23,3.219827422170936e-17,3.821198106126976e-16,1.003984042303446e-15,1.498594682882591e-15,1.6745171974059502e-17
SAMN27404441,0.0,0.0,0.0,0.0,0.0,0.0,0.0,0.0,0.0,0.0,0.0,0.0,0.0,0.0,0.0,1.0,0.0
n245245,0.0001407128887681,2.956483609739531e-12,3.342427524429843e-05,1.942566444169756e-05,1.1294825990101632e-05,1.551002813403246e-05,8.953901975597899e-07,3.499573384665217e-05,1.1597573562385408e-05,5.688501876369121e-06,0.9995070131777826,2.956483609739531e-12,5.684348523459893e-06,2.1461185027412137e-05,9.943471878631496e-05,8.99051982963336e-05,2.9564836097782515e-06
n358358,2.3671446550899897e-06,3.3214902319543617e-13,3.1855307680058742e-06,1.8835992653062192e-06,6.785247010729004e-07,1.7425887637185597e-06,1.3058444124651075e-06,3.9316297172809954e-06,2.1528754338339034e-06,6.390802693635744e-07,0.9999585766294712,3.3214902319543617e-13,6.386908915254561e-07,2.4193301637842912e-06,1.522520215963446e-05,4.9211796400242694e-06,3.321490235553948e-07
n397,0.000115300696422,5.1196454580698326e-11,0.0006764543140868,0.0002847915329163,9.362384230701326e-05,0.0002686915878662,0.9926599294269094,0.000606009616453,0.000199777746037,9.850591661876304e-05,0.0001080487998508,5.1196454580698326e-11,9.851864472931194e-05,0.0003716663703634,0.0038102380070143,0.0005572469414517,5.1196454580706704e-05
SAMN26305070,0.0,0.0,0.0,0.0,0.0,0.0,0.0,0.0,0.0,0.0,0.0,0.0,0.0,0.0,1.0,0.0,0.0
n399,0.0021409178009942,9.50622200198305e-10,0.6995968456295057,0.0052878931493501,0.0017384192303331,0.0049870699681518,0.0149628755913561,0.0112524626881309,0.0036993630385043,0.0018290702345623,0.0019438290514928,9.50622200198305e-10,0.0018277383063186,0.0069003038214858,0.2325355638976489,0.0103470234907219,0.0009506222001983
SAMN26308892,0.0,0.0,0.0,0.0,0.0,0.0,0.0,0.0,0.0,0.0,0.0,0.0,0.0,0.0,1.0,0.0,0.0
n404404,0.0123099720982616,5.46594210609776e-09,0.0951208490785433,0.0304096739609874,0.0099956638453645,0.0287423400673112,0.2996918913058792,0.0647000560175446,0.0612263140957191,0.0105168930496456,0.011207341380367,5.46594210609776e-09,0.0115366205760788,0.0396780245848582,0.2599042410678622,0.0594941658335943,0.0054659421060981
SAMN26304506,0.0,0.0,0.0,0.0,0.0,0.0,0.0,0.0,0.0,0.0,0.0,0.0,0.0,0.0,1.0,0.0,0.0
n408,0.0062403299300896,2.770865917993389e-09,0.0260115559058791,0.015413311150578,0.0050671303902609,0.0145389829836684,0.0128127801295435,0.032798587440447,0.0107902733481105,0.0053313591598299,0.005666432564424,2.770865917993389e-09,0.0053691251741298,0.0201130326104429,0.8069167968749058,0.030159430877965,0.0027708659179934
SAMN26304500,0.0,0.0,0.0,0.0,0.0,0.0,0.0,0.0,0.0,0.0,0.0,0.0,0.0,0.0,1.0,0.0,0.0
SAMN07325904,0.0,0.0,1.0,0.0,0.0,0.0,0.0,0.0,0.0,0.0,0.0,0.0,0.0,0.0,0.0,0.0,0.0
SAMN09405759,0.0,0.0,0.0,0.0,0.0,0.0,1.0,0.0,0.0,0.0,0.0,0.0,0.0,0.0,0.0,0.0,0.0
n411,0.0052217655502043,2.31859731061533e-09,0.0217789153491001,0.0128979144856042,0.0042643301321283,0.0379450454269715,0.3739814190376367,0.0274451088151083,0.0669713643635265,0.0044611595709611,0.0237514949388109,2.31859731061533e-09,0.0044877331509402,0.0168303106050289,0.3724005883841839,0.0252442482419845,0.0023185973106153
n436,0.0100927372500211,4.481433190042552e-09,0.0420564379237561,0.0249285241572961,0.0081976061230248,0.1170073527784726,0.1852152141025789,0.0530464781379884,0.02301279346537,0.0086226221672254,0.0109926819756303,4.481433190042552e-09,0.0086310219772973,0.0325295981554063,0.4224037287686695,0.0487817608643537,0.0044814331900425
n438,0.000170289011005,7.561267132711887e-11,0.0007100708039442,0.0004208221668881,0.0001382871148859,0.0501925598790953,0.938280108789822,0.0008950230308959,0.0003301118491325,0.0001454845957219,0.0001679241165157,7.561267132711887e-11,0.0012679452205707,0.0005489516478051,0.0053721515724354,0.0012846573787293,7.561267132713742e-05
SAMN26309423,0.0,0.0,0.0,0.0,0.0,0.0,0.0,0.0,0.0,0.0,0.0,0.0,0.0,0.0,1.0,0.0,0.0
n446,0.0,0.0,0.0,0.0,0.0,0.0,0.0,0.0,0.0,0.0,0.0,0.0,0.0,0.0,1.0,0.0,0.0
SAMN09405758,0.0,0.0,0.0,0.0,0.0,0.0,1.0,0.0,0.0,0.0,0.0,0.0,0.0,0.0,0.0,0.0,0.0
n4,0.0022685590079384,1.0072981571099127e-09,0.401976634243091,0.3132177345992337,0.0018420840854537,0.0052970838790705,0.0002603805917351,0.0148727720864834,0.0130330546698255,0.0019388411228399,0.0020594568113423,1.0072981571099127e-09,0.0019367011902437,0.0828373195634934,0.1345292692211463,0.012866735963502,0.0110633709500043
SAMN15868657,0.0,0.0,0.0,0.0,0.0,0.0,0.0,0.0,0.0,0.0,0.0,0.0,0.0,1.0,0.0,0.0,0.0
n6,0.0018928784973106,8.404864124326874e-10,0.0108359993419739,0.6274332020671981,0.0015370426826754,0.0044282190315341,0.0002172607464007,0.0534520375398459,0.0168684907071501,0.0016182377839215,0.0017184042824932,8.404864124326874e-10,0.0016159773785473,0.0244077073890436,0.1207090957566002,0.0119874544054896,0.1212779907088423
n99,0.001734313270524,7.700794006842743e-10,0.0316332614659049,0.3962069943036689,0.0014085113348289,0.004196683429587,0.0001990609527571,0.0455399853851923,0.1155414867550281,0.0014906083100385,0.0015744546496191,7.700794006842743e-10,0.0014806079822151,0.1571103435471739,0.0850432755296096,0.0318811622177693,0.1249592493259236
n1818,0.0003258585834796,1.4468953616323896e-10,0.0058327083248361,0.0039761346380924,0.0003448221447052,0.0503054726825582,3.740138665835252e-05,0.0063272643265315,0.6171660428602731,0.000296359843172,0.0002958228888626,1.4468953616323896e-10,0.0002781901216887,0.0034701815791833,0.3095363816339363,0.0015888397320359,0.0002185189646071
n19,0.0060127959359219,2.669835011625397e-09,0.0265507979338663,0.0159120070959979,0.0049092113282842,0.2591602826331169,0.0006901364956738,0.0331464051893892,0.2166616378447594,0.005142978101597,0.0054585723810196,2.669835011625397e-09,0.0051332096740896,0.0201891205147837,0.3692738808406022,0.0290644255396121,0.0026945331516156
n20,0.0003258585834796,1.4468953616323896e-10,0.0058327083248361,0.0039761346380924,0.0003448221447052,0.0503054726825582,3.740138665835252e-05,0.0063272643265315,0.6171660428602731,0.000296359843172,0.0002958228888626,1.4468953616323896e-10,0.0002781901216887,0.0034701815791833,0.3095363816339363,0.0015888397320359,0.0002185189646071
n2020,0.0010933549499546,4.85477531024057e-10,0.0059797738001905,0.0037201870117204,0.0017336859554013,0.0288989935510206,0.0001254930589681,0.0073206198341978,0.2453536226711805,0.0009398133711191,0.0009925760321948,4.85477531024057e-10,0.0009334127194956,0.0049755832581171,0.6921352972173,0.0052886136409684,0.0005089719572153
n4949,0.0,0.0,0.0,0.0,0.0,0.0,0.0,0.0,0.0,0.0,0.0,0.0,0.0,0.0,1.0,0.0,0.0
SAMN26308486,0.0,0.0,0.0,0.0,0.0,0.0,0.0,0.0,0.0,0.0,0.0,0.0,0.0,0.0,1.0,0.0,0.0
SAMN09400832,0.0,0.0,0.0,0.0,0.0,0.0,0.0,1.0,0.0,0.0,0.0,0.0,0.0,0.0,0.0,0.0,0.0
SAMN09400804,0.0,0.0,0.0,0.0,0.0,0.0,0.0,1.0,0.0,0.0,0.0,0.0,0.0,0.0,0.0,0.0,0.0
n5252,2.89860317451202e-05,1.2870538635590912e-11,0.0007335797382449,7.19278725101487e-05,2.353890906690872e-05,6.896090755746889e-05,3.3269578048573874e-06,0.997776112846323,0.0001537495970257,2.4778069873123955e-05,2.631427276186216e-05,1.2870538635590912e-11,2.4745788839864297e-05,9.520511180544268e-05,0.0008157450607552,0.000140100067837,1.2928742108315844e-05
SAMN05510454,0.0,0.0,1.0,0.0,0.0,0.0,0.0,0.0,0.0,0.0,0.0,0.0,0.0,0.0,0.0,0.0,0.0
SAMN15868897,0.0,0.0,0.0,0.0,0.0,0.0,0.0,0.0,0.0,0.0,0.0,0.0,0.0,1.0,0.0,0.0,0.0
SAMN26308481,0.0,0.0,0.0,0.0,0.0,0.0,0.0,0.0,0.0,0.0,0.0,0.0,0.0,0.0,1.0,0.0,0.0
n57,2.6305138019789114e-22,1.1680153329551268e-28,1.09621937636349e-21,6.504475498437195e-22,2.135981440727919e-22,6.134714465864256e-22,3.0192502720211176e-23,1.3846888099601564e-21,6.876281760858516e-22,1.0,2.3880487780383663e-22,1.1680153329551268e-28,2.245707161866934e-22,5.583070006538897e-21,5.6971646076928466e-21,1.271355135171394e-21,1.169694840166078e-22
SAMN26304604,0.0,0.0,0.0,0.0,0.0,0.0,0.0,0.0,0.0,0.0,0.0,0.0,0.0,0.0,1.0,0.0,0.0
n6666,2.1780818898730468e-15,1.6745171974018066e-23,2.790365790007548e-15,6.448676300367775e-15,4.858917152826663e-17,9.849889471230652e-17,4.89113719146433e-17,7.24862529451137e-16,6.318983926481786e-16,3.3277481957888603e-17,0.999999999999984,1.6745171974018066e-23,3.219827422170936e-17,3.821198106126992e-16,1.0039840423034418e-15,1.4985946828825969e-15,1.67451719740595e-17
n237237,2.178081889873038e-15,1.6745171974017996e-23,2.7903657900075364e-15,6.448676300367775e-15,4.858917152826623e-17,9.849889471230572e-17,4.8911371914643104e-17,7.248625294511339e-16,6.318983926481786e-16,3.327748195788847e-17,0.999999999999984,1.6745171974017996e-23,3.219827422170936e-17,3.821198106126976e-16,1.003984042303446e-15,1.498594682882591e-15,1.6745171974059502e-17
n246,1.1039017500802652e-05,2.696468532352846e-13,9.188246223848016e-06,4.992679313172095e-06,7.394411024426214e-06,1.4145959873438676e-06,7.990835274656442e-08,3.1917949679533535e-06,1.0565214216287414e-06,5.188212867250633e-07,0.999878800860205,2.696468532352846e-13,5.184423666113907e-07,1.9573609148739436e-06,9.063062800205042e-06,7.051463024203338e-05,2.696468532383044e-07
SAMN02801894,1.0,0.0,0.0,0.0,0.0,0.0,0.0,0.0,0.0,0.0,0.0,0.0,0.0,0.0,0.0,0.0,0.0
n359,1.662627779227379e-09,7.382426544473005e-16,6.9276880190353e-09,4.106519015337798e-09,1.3500377367062192e-09,3.872896945834203e-09,1.9084246845183944e-10,8.738537688497168e-09,2.8728608458300806e-09,1.420435652409721e-09,1.062909403351741e-08,7.382426544473005e-16,1.4193964499817243e-09,5.358696865621797e-09,0.9999999426767268,8.035395538977064e-09,7.382426544473003e-10
n360,1.5643631570948589e-06,6.756895315905556e-13,6.342494269183544e-06,3.75951108103832e-06,1.2375173866958666e-06,3.5447394782409025e-06,2.067794329820733e-07,7.998099960706642e-06,2.652078299551708e-06,1.300078632478643e-06,0.9998940998304344,6.756895315905556e-13,1.2991506028927663e-06,5.546876889044304e-06,2.2732524662696987e-05,4.7040264801936966e-05,6.756895594049161e-07
n397397,0.0058404919361785,2.593327633459238e-09,0.024459528957476,0.0144255444296926,0.0047424630188478,0.0136049328937486,0.6269594176349885,0.0306970765331503,0.0100922159910255,0.0049897618442308,0.0053042802414514,2.593327633459238e-09,0.0049861647909916,0.0188242681946027,0.2042535109637315,0.0282270097497689,0.0025933276334592
SAMN09405760,0.0,0.0,0.0,0.0,0.0,0.0,1.0,0.0,0.0,0.0,0.0,0.0,0.0,0.0,0.0,0.0,0.0
n399399,0.0010973960017057,4.872718612324287e-10,0.8681242331553216,0.0027104789657383,0.0008910824655434,0.0025562816415794,0.0061595094795984,0.0057678102156148,0.0018962228967052,0.0009375485417173,0.0009963463760955,4.872718612324287e-10,0.0009368651793731,0.003536971425767,0.0985982824727461,0.0053036983467174,0.0004872718612324
SAMN26308859,0.0,0.0,0.0,0.0,0.0,0.0,0.0,0.0,0.0,0.0,0.0,0.0,0.0,0.0,1.0,0.0,0.0
n405,0.0128524568846185,5.7068192126610495e-09,0.0701726801991196,0.031746434770202,0.0104361592579227,0.0299641362414612,0.1145829135658469,0.0675513050768039,0.132073934930248,0.010980359130819,0.0116799396858591,5.7068192126610495e-09,0.0113619253349975,0.0414250681655454,0.3873500285759889,0.0621158275542671,0.0057068192126611
n407,0.0,0.0,1.0,0.0,0.0,0.0,0.0,0.0,0.0,0.0,0.0,0.0,0.0,0.0,0.0,0.0,0.0
SAMN26308877,0.0,0.0,0.0,0.0,0.0,0.0,0.0,0.0,0.0,0.0,0.0,0.0,0.0,0.0,1.0,0.0,0.0
SAMN26308819,0.0,0.0,0.0,0.0,0.0,0.0,0.0,0.0,0.0,0.0,0.0,0.0,0.0,0.0,1.0,0.0,0.0
n411411,0.002532905144649,1.1246745953138515e-09,0.0106091257966341,0.0062561706746743,0.0021239865047828,0.0511148550041665,0.0656330761455031,0.0133127113141456,0.164944326090149,0.0021639604307872,0.0549616215056712,1.1246745953138515e-09,0.0021675988432556,0.0081637438843307,0.6026484309644978,0.0122428108520894,0.0011246745953138
n435435,0.0046294511054912,2.055594564941453e-09,0.0192903995649183,0.0114343848436453,0.0037598465445935,0.0115755078059257,0.011996459373241,0.0243319597828698,0.0097786697591403,0.0039551220582458,0.0047864905567075,2.055594564941453e-09,0.0039531446461056,0.0149209936082104,0.8511576729244965,0.0223742987502777,0.0020555945649414
n436436,0.0108120378274951,4.800821023314047e-09,0.0450529584089536,0.0267050684736246,0.0087811082785423,0.1534451787892198,0.1404738050190346,0.0568270543502637,0.0228983727032679,0.009237148925591,0.0111999589674847,4.800821023314047e-09,0.0092415172061335,0.0348479136193407,0.4134198215450692,0.0522572252610227,0.004800821023314
n437,0.010340662484713,4.591518328298062e-09,0.0430893275742081,0.0255408623239795,0.0083987821152814,0.112027630870418,0.1743038057782595,0.0543495498635166,0.0231099179876967,0.0088344344409224,0.0111089705871713,4.591518328298062e-09,0.0088418050697558,0.0333286676922222,0.4321542966571141,0.0499797590434061,0.0045915183282981
n438438,0.0001062503295928,4.7177860791739715e-11,0.0004429152936565,0.0002625139256423,8.627986775625297e-05,0.0591432263481473,0.9339588996594692,0.0005584417428439,0.0001971948222081,9.07738330605958e-05,0.0001015130064075,4.7177860791739715e-11,0.0005164654396378,0.0003424889767808,0.0034572605404163,0.0006885982592325,4.717786079174666e-05
n442,0.000170289011005,7.561267132711887e-11,0.0007100708039442,0.0004208221668881,0.0001382871148859,0.0501925598790953,0.938280108789822,0.0008950230308959,0.0003301118491325,0.0001454845957219,0.0001679241165157,7.561267132711887e-11,0.0012679452205707,0.0005489516478051,0.0053721515724354,0.0012846573787293,7.561267132713742e-05
SAMN26308875,0.0,0.0,0.0,0.0,0.0,0.0,0.0,0.0,0.0,0.0,0.0,0.0,0.0,0.0,1.0,0.0,0.0
SAMN26308867,0.0,0.0,0.0,0.0,0.0,0.0,0.0,0.0,0.0,0.0,0.0,0.0,0.0,0.0,1.0,0.0,0.0
n44,0.0022685590079384,1.0072981571099208e-09,0.4019766342430909,0.3132177345992336,0.0018420840854537,0.0052970838790705,0.0002603805917351,0.0148727720864834,0.0130330546698255,0.0019388411228399,0.0020594568113423,1.0072981571099208e-09,0.0019367011902437,0.0828373195634937,0.1345292692211463,0.012866735963502,0.0110633709500043
SAMN27407159,0.0,0.0,0.0,1.0,0.0,0.0,0.0,0.0,0.0,0.0,0.0,0.0,0.0,0.0,0.0,0.0,0.0
n66,5.649781602088316e-05,2.5086473730427096e-11,0.0002421679394349,0.0015662882731432,4.58761378971567e-05,0.0001316496166218,6.484704480822792e-06,0.000396613482712,0.0001287759612189,4.8270773145306854e-05,5.129018536569037e-05,2.5086473730427096e-11,4.823299158228627e-05,0.0002240368299116,0.9964732477859652,0.0002795577250017,0.0003010097273252
n77,0.0006938079860468,3.0806847134571926e-10,0.0036385611361004,0.7545195594118523,0.0005633779081163,0.0016209610731646,7.963387037190564e-05,0.0590453097099806,0.0046463543707272,0.0005930205631259,0.0006298569169361,3.0806847134571926e-10,0.0005923137761352,0.0068776182855475,0.0337841446766036,0.0040730016168368,0.128642478082317
n10,0.001734313270524,7.70079400684276e-10,0.031633261465905,0.3962069943036682,0.0014085113348289,0.004196683429587,0.0001990609527571,0.0455399853851924,0.1155414867550283,0.0014906083100385,0.0015744546496191,7.70079400684276e-10,0.0014806079822151,0.1571103435471743,0.0850432755296095,0.0318811622177694,0.1249592493259239
SAMN29869135,0.0,0.0,0.0,1.0,0.0,0.0,0.0,0.0,0.0,0.0,0.0,0.0,0.0,0.0,0.0,0.0,0.0
SAMN25004485,0.0,0.0,0.0,1.0,0.0,0.0,0.0,0.0,0.0,0.0,0.0,0.0,0.0,0.0,0.0,0.0,0.0
SAMN04393386,0.0,0.0,1.0,0.0,0.0,0.0,0.0,0.0,0.0,0.0,0.0,0.0,0.0,0.0,0.0,0.0,0.0
SAMN10093600,0.0,0.0,0.0,0.0,0.0,1.0,0.0,0.0,0.0,0.0,0.0,0.0,0.0,0.0,0.0,0.0,0.0
SAMN26304603,0.0,0.0,0.0,0.0,0.0,0.0,0.0,0.0,0.0,0.0,0.0,0.0,0.0,0.0,1.0,0.0,0.0
SAMN26308494,0.0,0.0,0.0,0.0,0.0,0.0,0.0,0.0,0.0,0.0,0.0,0.0,0.0,0.0,1.0,0.0,0.0
SAMN26308477,0.0,0.0,0.0,0.0,0.0,0.0,0.0,0.0,0.0,0.0,0.0,0.0,0.0,0.0,1.0,0.0,0.0
n21,1.0538187270495484e-05,4.679224379751054e-12,5.0230958206972134e-05,5.233269032446027e-05,0.0018453173948993,0.0175107926057134,1.209551715236482e-06,0.0002858886882325,0.07064388380303,9.028565274164066e-06,9.56684021772376e-06,4.679224379751054e-12,8.996600819445834e-06,0.0014976649920126,0.9080188149685195,5.095063347699114e-05,4.783510928499582e-06
n4545,7.029288712048793e-05,3.1211837737802037e-11,0.0002947526780911,0.0001749495769409,5.8182483411335395e-05,0.0001981604831621,8.068074700687865e-06,0.0003715087585996,0.0004394623881555,6.0061444233703384e-05,6.38137093470435e-05,3.1211837737802037e-11,6.001004059208048e-05,0.0002284540579503,0.9976013105595906,0.0003397302705754,3.124252510515416e-05
SAMN26305190,0.0,0.0,0.0,0.0,0.0,0.0,0.0,0.0,0.0,0.0,0.0,0.0,0.0,0.0,1.0,0.0,0.0
SAMN26308490,0.0,0.0,0.0,0.0,0.0,0.0,0.0,0.0,0.0,0.0,0.0,0.0,0.0,0.0,1.0,0.0,0.0
n53,2.410414309128116e-06,1.0702855349848765e-12,1.843405695791549e-05,5.9581101551349055e-06,1.9572815778641916e-06,5.6345546021103045e-06,2.766624547960311e-07,0.999891819451569,5.584357036324291e-06,2.0595056219497665e-06,2.1882367395864513e-06,1.0702855349848765e-12,2.057805084696128e-06,7.793295013523384e-06,4.110553746586297e-05,1.1649646816147834e-05,1.0710824552291768e-06
SAMN09400879,0.0,0.0,0.0,0.0,0.0,0.0,0.0,1.0,0.0,0.0,0.0,0.0,0.0,0.0,0.0,0.0,0.0
n5757,2.6305138019789222e-22,1.1680153329551315e-28,1.0962193763634944e-21,6.504475498437223e-22,2.1359814407279283e-22,6.134714465864283e-22,3.01925027202113e-23,1.3846888099601619e-21,6.876281760858544e-22,1.0,2.388048778038375e-22,1.1680153329551315e-28,2.2457071618669433e-22,5.5830700065389194e-21,5.697164607692871e-21,1.2713551351713992e-21,1.169694840166083e-22
SAMN11335458,0.0,0.0,0.0,0.0,0.0,0.0,0.0,0.0,0.0,1.0,0.0,0.0,0.0,0.0,0.0,0.0,0.0
n67,2.1780818898730468e-15,1.6745171974018028e-23,2.7903657900075624e-15,6.448676300367776e-15,4.8589171528266604e-17,9.849889471230637e-17,4.891137191464321e-17,7.248625294511377e-16,6.318983926481794e-16,3.327748195788861e-17,0.9999999999999842,1.6745171974018028e-23,3.219827422170936e-17,3.821198106126996e-16,1.0039840423034388e-15,1.4985946828826e-15,1.674517197405953e-17
n232,0.0024302218120009,1.0790805723059403e-09,0.0449241705305856,0.0740875594310557,0.0019733332731274,0.0056609677409245,0.0002789359197044,0.0127730173720189,0.0041992153125286,0.0020762340234507,0.7173598124050262,1.0790805723059403e-09,0.0020747150324883,0.0078327438322973,0.0750385562123443,0.0482114343719795,0.0010790805723059
n238,0.3172097993327035,2.067950564525668e-09,0.0194056994255833,0.0115030980476102,0.0037816969009467,0.0108486814942744,0.0005345529401819,0.3254281650337521,0.0080950332305436,0.0039788959518631,0.1864088962264512,2.067950564525668e-09,0.0039759849568005,0.0150106743143104,0.0692423114684328,0.022508555976119,0.0020679505645256
n240,0.0009266135594679,2.7908922000737553e-12,2.618980167757635e-05,4.876817413979716e-05,0.0001219449980528,1.4641307719268558e-05,7.214290597050429e-07,8.700269838483409e-05,1.0860687851265585e-05,5.369891266964139e-06,0.9967082783733774,2.7908922000737553e-12,5.365962607568705e-06,0.0019176258638179,9.344895874562296e-05,3.037739604918672e-05,2.790892200073744e-06
n246246,1.1039017500802652e-05,2.696468532352846e-13,9.188246223848016e-06,4.992679313172095e-06,7.394411024426214e-06,1.4145959873438676e-06,7.990835274656442e-08,3.1917949679533535e-06,1.0565214216287414e-06,5.188212867250633e-07,0.999878800860205,2.696468532352846e-13,5.184423666113907e-07,1.9573609148739436e-06,9.063062800205042e-06,7.051463024203338e-05,2.696468532383044e-07
n358,0.0046950552647767,2.0825007899803315e-09,0.019545435395476,0.0115857113331877,0.0038116183075741,0.0109250134749187,0.0005383189868379,0.0246504472884901,0.0081040036848144,0.0040068917048339,0.4842764716780328,2.0825007899803315e-09,0.0040039602281477,0.0151162903617269,0.0697295210482744,0.3369287562879264,0.0020825007899803
n359359,1.662627779227379e-09,7.382426544473005e-16,6.9276880190353e-09,4.106519015337798e-09,1.3500377367062192e-09,3.872896945834203e-09,1.9084246845183944e-10,8.738537688497168e-09,2.8728608458300806e-09,1.420435652409721e-09,1.062909403351741e-08,7.382426544473005e-16,1.4193964499817243e-09,5.358696865621797e-09,0.9999999426767268,8.035395538977064e-09,7.382426544473003e-10
SAMN26308795,0.0,0.0,0.0,0.0,0.0,0.0,0.0,0.0,0.0,0.0,0.0,0.0,0.0,0.0,1.0,0.0,0.0
n360360,3.562554129281168e-05,1.5800763629715928e-11,0.000148276465661,8.789358349459969e-05,2.88968985739709e-05,8.289243471859031e-05,4.1147551616778214e-06,0.0001870327699917,6.15096839766443e-05,3.0401884610352745e-05,0.9974914610767728,1.5800763629715928e-11,3.0379664173805135e-05,0.0001153002405859,0.0005291676510396,0.0011512465546887,1.5800763656000853e-05
n361361,5.199600728155896e-07,2.302211497256404e-13,2.160462448161623e-06,1.2806520858041771e-06,4.210730788337155e-07,1.2077639360148442e-06,6.060331969320313e-08,2.7251165497149942e-06,8.966707637566096e-07,4.429632005670028e-07,0.9999699394581996,2.302211497256404e-13,4.428502238232521e-07,8.104011417081369e-06,7.712401120338913e-06,3.855791695185506e-06,2.3022142832634803e-07
n398,0.0,0.0,0.0,0.0,0.0,0.0,0.0,0.0,0.0,0.0,0.0,0.0,0.0,0.0,1.0,0.0,0.0
SAMN26304755,0.0,0.0,0.0,0.0,0.0,0.0,0.0,0.0,0.0,0.0,0.0,0.0,0.0,0.0,1.0,0.0,0.0
n400,0.0,0.0,1.0,0.0,0.0,0.0,0.0,0.0,0.0,0.0,0.0,0.0,0.0,0.0,0.0,0.0,0.0
SAMN06680403,0.0,0.0,1.0,0.0,0.0,0.0,0.0,0.0,0.0,0.0,0.0,0.0,0.0,0.0,0.0,0.0,0.0
n405405,0.0080994297643395,3.596353740898299e-09,0.037586101567407,0.0200053734841253,0.0065767142780688,0.0188727477054596,0.0270484524526192,0.0425698413884475,0.3137141115335428,0.0069196612272065,0.007355677396435,3.596353740898299e-09,0.0070045649914003,0.0261051248786819,0.4354013939995013,0.0391444443991588,0.0035963537408983
SAMN26305098,0.0,0.0,0.0,0.0,0.0,0.0,0.0,0.0,0.0,0.0,0.0,0.0,0.0,0.0,1.0,0.0,0.0
SAMN05194537,0.0,0.0,1.0,0.0,0.0,0.0,0.0,0.0,0.0,0.0,0.0,0.0,0.0,0.0,0.0,0.0,0.0
SAMN04622920,0.0,0.0,1.0,0.0,0.0,0.0,0.0,0.0,0.0,0.0,0.0,0.0,0.0,0.0,0.0,0.0,0.0
n412,0.002532905144649,1.1246745953138515e-09,0.0106091257966341,0.0062561706746743,0.0021239865047828,0.0511148550041665,0.0656330761455031,0.0133127113141456,0.164944326090149,0.0021639604307872,0.0549616215056712,1.1246745953138515e-09,0.0021675988432556,0.0081637438843307,0.6026484309644978,0.0122428108520894,0.0011246745953138
n419419,0.0015586477619034,6.920794269094776e-10,0.0066883242802337,0.0038497506570729,0.0015030124430672,0.1435861815673327,0.0115736280199116,0.0081921061036629,0.0566198040223032,0.0013316140517747,0.0213821813420859,6.920794269094776e-10,0.0013315503976143,0.0050236188291727,0.7291343486531386,0.007533151059657,0.0006920794269094
SAMN26304502,0.0,0.0,0.0,0.0,0.0,0.0,0.0,0.0,0.0,0.0,0.0,0.0,0.0,0.0,1.0,0.0,0.0
SAMN26304496,0.0,0.0,0.0,0.0,0.0,0.0,0.0,0.0,0.0,0.0,0.0,0.0,0.0,0.0,1.0,0.0,0.0
SAMN10093587,0.0,0.0,0.0,0.0,0.0,1.0,0.0,0.0,0.0,0.0,0.0,0.0,0.0,0.0,0.0,0.0,0.0
SAMN26305030,0.0,0.0,0.0,0.0,0.0,0.0,0.0,0.0,0.0,0.0,0.0,0.0,0.0,0.0,1.0,0.0,0.0
SAMN26304414,0.0,0.0,0.0,0.0,0.0,0.0,0.0,0.0,0.0,0.0,0.0,0.0,0.0,0.0,1.0,0.0,0.0
SAMN26308862,0.0,0.0,0.0,0.0,0.0,0.0,0.0,0.0,0.0,0.0,0.0,0.0,0.0,0.0,1.0,0.0,0.0
n439,0.0001062503295928,4.7177860791739715e-11,0.0004429152936565,0.0002625139256423,8.627986775625297e-05,0.0591432263481473,0.9339588996594692,0.0005584417428439,0.0001971948222081,9.07738330605958e-05,0.0001015130064075,4.7177860791739715e-11,0.0005164654396378,0.0003424889767808,0.0034572605404163,0.0006885982592325,4.717786079174666e-05
SAMN10093598,0.0,0.0,0.0,0.0,0.0,1.0,0.0,0.0,0.0,0.0,0.0,0.0,0.0,0.0,0.0,0.0,0.0
n442442,0.0062248826020348,2.764006909723336e-09,0.0259378441545025,0.0153750959977376,0.0050545954775888,0.0465759103633961,0.6050879436711278,0.0327173977368821,0.0107791678751661,0.0053181619003269,0.0056596974413424,2.764006909723336e-09,0.0679835344719559,0.0200632171851098,0.120076404504795,0.0303821341802963,0.0027640069097233
n443,0.0086660132169144,3.8479312692446816e-09,0.0361092768781687,0.0214044297147477,0.0070367831785326,0.1706513203359617,0.3519066129871748,0.0455477507517033,0.0149875435582758,0.0074037157429617,0.0078722179192223,3.8479312692446816e-09,0.0078181421862239,0.0279310935825445,0.1841179339307097,0.104699227051751,0.0038479312692446
n5,0.0001093021451736,4.853294492950579e-11,0.9859140032637626,0.0061726988160544,8.875342873546925e-05,0.000254852407224,1.2545478047504562e-05,0.0006310777759413,0.0003637350315941,9.339497319703942e-05,9.92273273847179e-05,4.853294492950579e-11,9.331280073090456e-05,0.0018015274627635,0.0035593044416143,0.0005647683947482,0.0002414961559619
SAMN26304569,0.0,0.0,0.0,0.0,0.0,0.0,0.0,0.0,0.0,0.0,0.0,0.0,0.0,0.0,1.0,0.0,0.0
n7,0.0,0.0,0.0,0.0,0.0,0.0,0.0,0.0,0.0,0.0,0.0,0.0,0.0,0.0,1.0,0.0,0.0
SAMN26308491,0.0,0.0,0.0,0.0,0.0,0.0,0.0,0.0,0.0,0.0,0.0,0.0,0.0,0.0,1.0,0.0,0.0
n8,0.0008674535469732,3.8517153672749825e-10,0.0040100835884935,0.7615744314465476,0.0007043739539084,0.0020231906614091,9.956455487551432e-05,0.1216920933253953,0.0033231888151593,0.0007412441935142,0.0007874968689752,3.8517153672749825e-10,0.0007405574688714,0.0052519373332129,0.0253158379037472,0.0045733029952455,0.0682952425733283
n9,0.0006938079860468,3.0806847134571926e-10,0.0036385611361004,0.7545195594118521,0.0005633779081163,0.0016209610731646,7.963387037190563e-05,0.0590453097099806,0.0046463543707273,0.0005930205631259,0.0006298569169361,3.0806847134571926e-10,0.0005923137761352,0.0068776182855475,0.0337841446766038,0.0040730016168368,0.128642478082317
n1010,0.001734313270524,7.70079400684276e-10,0.031633261465905,0.3962069943036682,0.0014085113348289,0.004196683429587,0.0001990609527571,0.0455399853851924,0.1155414867550283,0.0014906083100385,0.0015744546496191,7.70079400684276e-10,0.0014806079822151,0.1571103435471743,0.0850432755296095,0.0318811622177694,0.1249592493259239
n1111,0.001734313270524,7.70079400684276e-10,0.031633261465905,0.3962069943036682,0.0014085113348289,0.004196683429587,0.0001990609527571,0.0455399853851924,0.1155414867550283,0.0014906083100385,0.0015744546496191,7.70079400684276e-10,0.0014806079822151,0.1571103435471743,0.0850432755296095,0.0318811622177694,0.1249592493259239
n2121,0.0004973459040942,2.2083428770739067e-10,0.0020749309408535,0.0012392921886928,0.0011641488254893,0.0083967446232491,5.708435192454608e-05,0.0027094164765948,0.0300940377549638,0.0004249126607881,0.0004515035342681,2.2083428770739067e-10,0.0004245912938792,0.0022088555869318,0.9476325845347956,0.0024036734259094,0.0002208774558965
n2525,1.0538187270495484e-05,4.679224379751054e-12,5.0230958206972134e-05,5.233269032446027e-05,0.0018453173948993,0.0175107926057134,1.209551715236482e-06,0.0002858886882325,0.07064388380303,9.028565274164066e-06,9.56684021772376e-06,4.679224379751054e-12,8.996600819445834e-06,0.0014976649920126,0.9080188149685195,5.095063347699114e-05,4.783510928499582e-06
n46,1.0266152094252491e-06,4.558433811491754e-13,4.291179625173085e-06,2.5453470128884243e-06,8.416479151010331e-07,2.6418508157981816e-06,1.1783280695432797e-07,5.410752721518424e-06,4.087778654511978e-06,8.771320651614396e-07,9.319879616443012e-07,4.558433811491754e-13,8.764360508404917e-07,3.322635814315398e-06,0.9999676110776804,4.961658083355352e-06,4.560666711897933e-07
SAMN26308466,0.0,0.0,0.0,0.0,0.0,0.0,0.0,0.0,0.0,0.0,0.0,0.0,0.0,0.0,1.0,0.0,0.0
SAMN11285026,0.0,0.0,0.0,0.0,0.0,0.0,0.0,1.0,0.0,0.0,0.0,0.0,0.0,0.0,0.0,0.0,0.0
SAMN13622037,0.0,0.0,0.0,0.0,0.0,0.0,0.0,1.0,0.0,0.0,0.0,0.0,0.0,0.0,0.0,0.0,0.0
n58,2.6305138019789222e-22,1.1680153329551315e-28,1.0962193763634944e-21,6.504475498437223e-22,2.1359814407279283e-22,6.134714465864283e-22,3.01925027202113e-23,1.3846888099601619e-21,6.876281760858544e-22,1.0,2.388048778038375e-22,1.1680153329551315e-28,2.2457071618669433e-22,5.5830700065389194e-21,5.697164607692871e-21,1.2713551351713992e-21,1.169694840166083e-22
n6060,6.92132101418491e-13,3.073243357548966e-19,2.883939194742965e-12,1.7095099018557985e-12,5.620093188138556e-13,1.6122550950868917e-12,7.944151571384977e-14,3.6377812558082577e-12,1.1959450385218406e-12,0.9999999999702344,6.283355053260365e-13,3.073243357548966e-19,5.908830495183886e-13,2.23078133105035e-12,1.0290307584335764e-11,3.3450640130506553e-12,3.073243357548953e-13
n6767,2.1780818898730468e-15,1.6745171974018028e-23,2.790365790007559e-15,6.4486763003677744e-15,4.858917152826663e-17,9.849889471230631e-17,4.89113719146432e-17,7.24862529451137e-16,6.318983926481785e-16,3.3277481957888603e-17,0.999999999999984,1.6745171974018028e-23,3.219827422170936e-17,3.8211981061269916e-16,1.0039840423034376e-15,1.4985946828825969e-15,1.6745171974059533e-17
n229,1.5968356611537585e-06,7.090358297675819e-13,6.6536098254797795e-06,3.944053987417163e-06,1.2966260635487183e-06,3.7196749366891353e-06,1.8328155131141968e-07,1.9104975589112288e-05,2.759195364959666e-06,1.3642394751517586e-06,0.9999135729726484,7.090358297675819e-13,1.3632413856252687e-06,5.1466926242932095e-06,2.374103163261862e-05,1.4844532006484182e-05,7.090358297675804e-07
n232232,0.0025030978376086,1.1114393895267046e-09,0.0341720362954996,0.108964407911491,0.0020325084008607,0.0058307254264231,0.0002873004817896,0.0131560469113382,0.0043251388480421,0.0021384948768073,0.6521775588073454,1.1114393895267046e-09,0.0021369303352604,0.0080676274290474,0.0959494980525911,0.0671471867734892,0.0011114393895267
SAMN06311519,0.0,0.0,1.0,0.0,0.0,0.0,0.0,0.0,0.0,0.0,0.0,0.0,0.0,0.0,0.0,0.0,0.0
n238238,0.9997941598503476,3.149387498144028e-13,2.9553930452728253e-06,1.7518655330803785e-06,5.759339292689268e-07,1.6522010949159878e-06,8.140979652921173e-08,1.805615564500727e-05,0.0001536639558509,6.059663795729094e-07,9.317545661445042e-06,3.149387498144028e-13,6.055230492721529e-07,2.286052231381282e-06,1.054526514425151e-05,3.4279429116200135e-06,3.149387498144028e-07
n239239,0.0803545875738981,1.2791460418662543e-09,0.0120035382062309,0.0071153259604996,0.0023391964514845,0.0067105317849084,0.0003306516554753,0.766145499763264,0.0049895775500574,0.0024611753758198,0.0477732548966733,1.2791460418662543e-09,0.0024593747583989,0.0092849630761351,0.0428303413843126,0.0139228329626833,0.0012791460418662
n240240,0.0009266135594679,2.7908922000737553e-12,2.618980167757635e-05,4.876817413979716e-05,0.0001219449980528,1.4641307719268558e-05,7.214290597050429e-07,8.700269838483409e-05,1.0860687851265585e-05,5.369891266964139e-06,0.9967082783733774,2.7908922000737553e-12,5.365962607568705e-06,0.0019176258638179,9.344895874562296e-05,3.037739604918672e-05,2.790892200073744e-06
SAMN13082391,0.0,0.0,0.0,0.0,0.0,0.0,0.0,0.0,0.0,0.0,1.0,0.0,0.0,0.0,0.0,0.0,0.0
n247,0.0055957244393066,2.4821865034384246e-09,0.1387812646458171,0.0138091636520004,0.0045428797281084,0.013021805863281,0.0006416358866994,0.0293815050911883,0.0096593711006216,0.004775917761151,0.535694688573306,2.4821865034384246e-09,0.0047724236583122,0.0180174970844766,0.083112416523789,0.1357115145241303,0.0024821865034384
n248,1.1039017500802652e-05,2.696468532352846e-13,9.188246223848016e-06,4.992679313172095e-06,7.394411024426214e-06,1.4145959873438676e-06,7.990835274656442e-08,3.1917949679533535e-06,1.0565214216287414e-06,5.188212867250633e-07,0.999878800860205,2.696468532352846e-13,5.184423666113907e-07,1.9573609148739436e-06,9.063062800205042e-06,7.051463024203338e-05,2.696468532383044e-07
SAMN27404335,0.0,0.0,0.0,0.0,0.0,0.0,0.0,0.0,0.0,0.0,0.0,0.0,0.0,0.0,0.0,1.0,0.0
SAMN27404364,0.0,0.0,0.0,0.0,0.0,0.0,0.0,0.0,0.0,0.0,0.0,0.0,0.0,0.0,0.0,1.0,0.0
SAMN26308794,0.0,0.0,0.0,0.0,0.0,0.0,0.0,0.0,0.0,0.0,0.0,0.0,0.0,0.0,1.0,0.0,0.0
SAMN26308814,0.0,0.0,0.0,0.0,0.0,0.0,0.0,0.0,0.0,0.0,0.0,0.0,0.0,0.0,1.0,0.0,0.0
n361,0.0030799038698602,1.367553990074803e-09,0.0128331607788497,0.0076071005330915,0.0025008697919868,0.007174328980409,0.0003535080027628,0.0161876613486683,0.005321804880886,0.0026312790684679,0.1151133905092792,1.367553990074803e-09,0.0026293540041585,0.0099267599675117,0.0457905642092338,0.7674827573296482,0.0013675539900777
SAMN13082267,0.0,0.0,0.0,0.0,0.0,0.0,0.0,0.0,0.0,0.0,1.0,0.0,0.0,0.0,0.0,0.0,0.0
n362,2.4951868520218405e-11,7.110328680495491e-20,6.672532814988792e-13,1.438865068165443e-12,1.3004674226029366e-13,3.73015187342346e-13,1.8704579523445916e-14,2.363916563935693e-12,7.194166301785567e-13,1.3680819304173952e-13,0.999999999632476,7.110328680495491e-20,2.1936544393487335e-10,2.428607153476978e-12,1.1297347371032276e-10,1.5959664780136428e-12,3.6052896640675963e-13
SAMN15868351,0.0,0.0,0.0,0.0,0.0,0.0,0.0,0.0,0.0,0.0,0.0,0.0,0.0,1.0,0.0,0.0,0.0
SAMN26308850,0.0,0.0,0.0,0.0,0.0,0.0,0.0,0.0,0.0,0.0,0.0,0.0,0.0,0.0,1.0,0.0,0.0
SAMN26308866,0.0,0.0,0.0,0.0,0.0,0.0,0.0,0.0,0.0,0.0,0.0,0.0,0.0,0.0,1.0,0.0,0.0
SAMN04122821,0.0,0.0,1.0,0.0,0.0,0.0,0.0,0.0,0.0,0.0,0.0,0.0,0.0,0.0,0.0,0.0,0.0
SAMN04339728,0.0,0.0,1.0,0.0,0.0,0.0,0.0,0.0,0.0,0.0,0.0,0.0,0.0,0.0,0.0,0.0,0.0
n406,0.0068664285049373,3.048869680919793e-09,0.0302986219795875,0.0169597133203498,0.0055755206689793,0.0159972816425855,0.0122756881413337,0.0360893026886677,0.1436869567686298,0.0058662597836097,0.0062347557297549,3.048869680919793e-09,0.005901536917146,0.0221309794539892,0.6558827232924227,0.0331853553293469,0.0030488696809198
SAMN11319406,0.0,0.0,0.0,0.0,0.0,0.0,0.0,0.0,1.0,0.0,0.0,0.0,0.0,0.0,0.0,0.0,0.0
n412412,0.0014617343608254,6.490474008615144e-10,0.0061065123666449,0.0036103938756162,0.0012062405191269,0.0163873036902991,0.0189292916925758,0.0076827383786103,0.2957017182710968,0.0012488171236566,0.0953791264748428,6.490474008615144e-10,0.0012494027331317,0.0047112665607297,0.5386114865548037,0.0070649186990832,0.0006490474008615
SAMN26305099,0.0,0.0,0.0,0.0,0.0,0.0,0.0,0.0,0.0,0.0,0.0,0.0,0.0,0.0,1.0,0.0,0.0
n420,0.001307679853833,5.806432639519065e-10,0.0056592655692069,0.0032298763514058,0.0013196481812586,0.1383605606479395,0.0089528597111414,0.0068730423730589,0.0512295556685442,0.0011172023026308,0.0196912121004724,5.806432639519065e-10,0.0011170883871733,0.0042147330972004,0.7500264566881394,0.0063201746427562,0.0005806432639519
SAMN10093575,0.0,0.0,0.0,0.0,0.0,1.0,0.0,0.0,0.0,0.0,0.0,0.0,0.0,0.0,0.0,0.0,0.0
n439439,0.0038014145148324,1.6879251638239866e-09,0.0158396713270507,0.0093892438784716,0.0030867413621609,0.1410500832314548,0.6624461310416447,0.019979877308067,0.0065781614210628,0.0032476978495507,0.0034546068544323,1.6879251638239866e-09,0.0035471120295816,0.0122522033021862,0.095142837747246,0.0184962895925834,0.001687925163824
n441441,0.0001329752491765,5.904440786758544e-11,0.0005542434846473,0.0003285104207426,0.0001079797366492,0.0573605939727357,0.9349867454627896,0.0006989054077784,0.000241455576591,0.0001136059824033,0.0001250618271658,5.904440786758544e-11,0.0004792631569985,0.0004286195509535,0.0035899184069447,0.0007930772384671,5.904440786759123e-05
SAMN26308806,0.0,0.0,0.0,0.0,0.0,0.0,0.0,0.0,0.0,0.0,0.0,0.0,0.0,0.0,1.0,0.0,0.0
SAMN13422992,0.0,0.0,0.0,0.0,0.0,0.0,0.0,0.0,0.0,0.0,0.0,0.0,1.0,0.0,0.0,0.0,0.0
n443443,0.0086660132169144,3.8479312692446816e-09,0.0361092768781687,0.0214044297147477,0.0070367831785326,0.1706513203359617,0.3519066129871748,0.0455477507517033,0.0149875435582758,0.0074037157429617,0.0078722179192223,3.8479312692446816e-09,0.0078181421862239,0.0279310935825445,0.1841179339307097,0.104699227051751,0.0038479312692446
SAMN27404411,0.0,0.0,0.0,0.0,0.0,0.0,0.0,0.0,0.0,0.0,0.0,0.0,0.0,0.0,0.0,1.0,0.0
SAMN07450852,0.0,0.0,1.0,0.0,0.0,0.0,0.0,0.0,0.0,0.0,0.0,0.0,0.0,0.0,0.0,0.0,0.0
SAMN05510453,0.0,0.0,1.0,0.0,0.0,0.0,0.0,0.0,0.0,0.0,0.0,0.0,0.0,0.0,0.0,0.0,0.0
SAMN26308496,0.0,0.0,0.0,0.0,0.0,0.0,0.0,0.0,0.0,0.0,0.0,0.0,0.0,0.0,1.0,0.0,0.0
SAMN26308497,0.0,0.0,0.0,0.0,0.0,0.0,0.0,0.0,0.0,0.0,0.0,0.0,0.0,0.0,1.0,0.0,0.0
n88,1.1194122654503666e-05,4.9704764482150206e-12,4.7495292435726546e-05,0.9991004191798422,9.08960496052372e-06,2.6081104896317577e-05,1.2848386441825974e-06,0.000311152203466,2.3272234851090337e-05,9.56389034558498e-06,1.0162315402484688e-05,4.9704764482150206e-12,9.55658221489815e-06,4.136997291626601e-05,0.0001931808955281,5.492155448583841e-05,0.0001512561974151
SAMN09400839,0.0,0.0,0.0,0.0,0.0,0.0,0.0,1.0,0.0,0.0,0.0,0.0,0.0,0.0,0.0,0.0,0.0
SAMN28174092,0.0,0.0,0.0,0.0,0.0,0.0,0.0,0.0,0.0,0.0,0.0,0.0,0.0,0.0,0.0,0.0,1.0
SAMN26366668,0.0,0.0,0.0,1.0,0.0,0.0,0.0,0.0,0.0,0.0,0.0,0.0,0.0,0.0,0.0,0.0,0.0
SAMN27404383,0.0,0.0,0.0,0.0,0.0,0.0,0.0,0.0,0.0,0.0,0.0,0.0,0.0,0.0,0.0,1.0,0.0
SAMN28174009,0.0,0.0,0.0,0.0,0.0,0.0,0.0,0.0,0.0,0.0,0.0,0.0,0.0,0.0,0.0,0.0,1.0
n12,0.0,0.0,0.0,0.0,0.0,0.0,0.0,1.0,0.0,0.0,0.0,0.0,0.0,0.0,0.0,0.0,0.0
SAMN15868239,0.0,0.0,0.0,0.0,0.0,0.0,0.0,0.0,0.0,0.0,0.0,0.0,0.0,1.0,0.0,0.0,0.0
n2222,0.0003399221265692,1.5093410859311296e-10,0.0014168141396237,0.0008414306105893,0.0004052423388295,0.0020220725234328,3.901557073287992e-05,0.0018028157925365,0.005556273731152,0.0002904106201701,0.0003085901386912,1.5093410859311296e-10,0.0002901963690664,0.0011985680427193,0.9836948663461588,0.0016428399021154,0.0001509414457441
SAMN26308492,0.0,0.0,0.0,0.0,0.0,0.0,0.0,0.0,0.0,0.0,0.0,0.0,0.0,0.0,1.0,0.0,0.0
n26,0.0008246635355177,3.6617167843372625e-10,0.0034401438971824,0.0020534132046157,0.0018260709710578,0.0751635122003836,9.46532043257458e-05,0.004479480201127,0.0458917242209364,0.0007045584531181,0.0007486509847636,3.6617167843372625e-10,0.0007040270256135,0.0035795007665534,0.8561377644033756,0.0039855988605835,0.000366237338502
n28,1.0538187270495484e-05,4.679224379751054e-12,5.0230958206972134e-05,5.233269032446027e-05,0.0018453173948993,0.0175107926057134,1.209551715236482e-06,0.0002858886882325,0.07064388380303,9.028565274164066e-06,9.56684021772376e-06,4.679224379751054e-12,8.996600819445834e-06,0.0014976649920126,0.9080188149685195,5.095063347699114e-05,4.783510928499582e-06
n4646,0.0,0.0,0.0,0.0,0.0,0.0,0.0,0.0,0.0,0.0,0.0,0.0,0.0,0.0,1.0,0.0,0.0
n47,6.951905966493929e-08,3.0868238577644616e-14,2.8970995416334004e-07,1.7173622803995518e-07,5.647401345460628e-08,1.627084600259257e-07,7.979256357956983e-09,3.654316651579461e-07,1.2724158222166234e-07,5.9393032558293886e-08,6.311120867654839e-08,3.0868238577644616e-14,5.9349413053206706e-08,2.2410634768731758e-07,0.999997976386094,3.35984697425077e-07,3.0868925525479616e-08
n5858,2.6305138019789222e-22,1.1680153329551409e-28,1.0962193763634944e-21,6.504475498437168e-22,2.1359814407279274e-22,6.134714465864283e-22,3.01925027202113e-23,1.3846888099601625e-21,6.876281760858544e-22,1.0,2.3880487780383757e-22,1.1680153329551409e-28,2.245707161866925e-22,5.58307000653892e-21,5.6971646076928714e-21,1.2713551351713992e-21,1.169694840166083e-22
SAMN11335454,0.0,0.0,0.0,0.0,0.0,0.0,0.0,0.0,0.0,1.0,0.0,0.0,0.0,0.0,0.0,0.0,0.0
SAMN11335449,0.0,0.0,0.0,0.0,0.0,0.0,0.0,0.0,0.0,1.0,0.0,0.0,0.0,0.0,0.0,0.0,0.0
SAMN11335455,0.0,0.0,0.0,0.0,0.0,0.0,0.0,0.0,0.0,1.0,0.0,0.0,0.0,0.0,0.0,0.0,0.0
n68,8.446617681046124e-23,3.7505140460110675e-29,1.4529298508262185e-19,2.2376400634302043e-22,6.858629789352949e-23,2.2309156741237736e-22,9.694856080700941e-24,3.5565388157449664e-19,1.4595032489868273e-22,7.471318667877191e-23,1.0,3.7505140460110675e-29,7.210998020462716e-23,3.851291663536958e-21,1.944476965715544e-21,7.983885955499265e-21,3.7505140460110676e-23
n136136,2.1780818898730468e-15,1.6745171974018028e-23,2.790365790007559e-15,6.4486763003677744e-15,4.858917152826663e-17,9.849889471230631e-17,4.89113719146432e-17,7.24862529451137e-16,6.318983926481785e-16,3.3277481957888603e-17,0.999999999999984,1.6745171974018028e-23,3.219827422170936e-17,3.8211981061269916e-16,1.0039840423034376e-15,1.4985946828825969e-15,1.6745171974059533e-17
n229229,6.898916113993525e-06,3.0632950094409597e-12,2.8746036401909555e-05,1.7039760740454013e-05,5.6019004721935145e-06,1.607036089281399e-05,7.918435682327819e-07,0.0001670242753567,1.1920736635040766e-05,5.894015225273561e-06,0.9994859107222344,3.0632950094409597e-12,5.889703112208222e-06,2.223560103620183e-05,0.0001025699699025,0.0001203428571718,3.063295009440954e-06
SAMN13082281,0.0,0.0,0.0,0.0,0.0,0.0,0.0,0.0,0.0,0.0,1.0,0.0,0.0,0.0,0.0,0.0,0.0
n233,0.0004377454791523,1.9437017634997768e-10,0.0032856875252855,0.2930394274952531,0.0003554480973329,0.0010196859496447,5.024353629816552e-05,0.002300749084765,0.0007563867256765,0.0003739831701534,0.5277897442343155,1.9437017634997768e-10,0.0003737095607967,0.0014108787045757,0.0101242469711058,0.158487692900554,0.0001943701763499
n236,0.0025798405354217,1.1455151079932914e-09,0.0124897513293912,0.0139054865898293,0.002094823255545,0.0060094901525603,0.0002961088526509,0.0135593993162541,0.0044577436622168,0.0022040591802241,0.0499773958927128,1.1455151079932914e-09,0.0022024466712596,0.0083149735313684,0.8642597150595946,0.016503248571947,0.0011455151079932
n239,0.9997465825015668,2.475722599753113e-13,2.3232242325363098e-06,1.3771354253903392e-06,4.527396662036537e-07,1.2987895558837602e-06,6.399595896898898e-08,1.0849858897605925e-05,0.0002177703091918,4.7634807132603e-07,5.300176933686216e-06,2.475722599753113e-13,4.759995709127322e-07,1.7970577379830012e-06,8.289596390852981e-06,2.6946940451000063e-06,2.4757225997531124e-07
SAMN02801890,1.0,0.0,0.0,0.0,0.0,0.0,0.0,0.0,0.0,0.0,0.0,0.0,0.0,0.0,0.0,0.0,0.0
SAMN13622048,0.0,0.0,0.0,0.0,0.0,0.0,0.0,1.0,0.0,0.0,0.0,0.0,0.0,0.0,0.0,0.0,0.0
SAMN09400875,0.0,0.0,0.0,0.0,0.0,0.0,0.0,1.0,0.0,0.0,0.0,0.0,0.0,0.0,0.0,0.0,0.0
n241,0.0009266135594679,2.7908922000737553e-12,2.618980167757635e-05,4.876817413979716e-05,0.0001219449980528,1.4641307719268558e-05,7.214290597050429e-07,8.700269838483409e-05,1.0860687851265585e-05,5.369891266964139e-06,0.9967082783733774,2.7908922000737553e-12,5.365962607568705e-06,0.0019176258638179,9.344895874562296e-05,3.037739604918672e-05,2.790892200073744e-06
SAMN15868698,0.0,0.0,0.0,0.0,0.0,0.0,0.0,0.0,0.0,0.0,0.0,0.0,0.0,1.0,0.0,0.0,0.0
n247247,0.0001049300309849,4.658657226744419e-11,0.0006740682575209,0.0002591443820436,8.52011816601263e-05,0.0002443979527901,1.2042363382060808e-05,0.0005514426931098,0.0001812904996149,8.9636148458235e-05,0.0011836963991904,4.658657226744419e-11,8.957056986912037e-05,0.0003381588882635,0.0015598835290398,0.9945799504386312,4.658657226744418e-05
SAMN05463123,0.0,0.0,1.0,0.0,0.0,0.0,0.0,0.0,0.0,0.0,0.0,0.0,0.0,0.0,0.0,0.0,0.0
n248248,1.1039017500802652e-05,2.696468532352846e-13,9.188246223848016e-06,4.992679313172095e-06,7.394411024426214e-06,1.4145959873438676e-06,7.990835274656442e-08,3.1917949679533535e-06,1.0565214216287414e-06,5.188212867250633e-07,0.999878800860205,2.696468532352846e-13,5.184423666113907e-07,1.9573609148739436e-06,9.063062800205042e-06,7.051463024203338e-05,2.696468532383044e-07
n250,2.279780826056685e-18,1.428541008096428e-25,2.088937261678932e-18,1.3253486522627934e-18,1.809402677266686e-17,4.909330115484616e-18,3.794072403256239e-20,5.4491257458327066e-18,7.083095243021188e-18,1.6143452646428126e-18,0.9999999999999996,1.428541008096428e-25,2.206442378867091e-16,3.3118671733141233e-18,2.563288247676255e-16,8.268952196697017e-18,1.8986876929819109e-19
SAMN27404354,0.0,0.0,0.0,0.0,0.0,0.0,0.0,0.0,0.0,0.0,0.0,0.0,0.0,0.0,0.0,1.0,0.0
SAMN27404323,0.0,0.0,0.0,0.0,0.0,0.0,0.0,0.0,0.0,0.0,0.0,0.0,0.0,0.0,0.0,1.0,0.0
n362362,2.4951868520218405e-11,7.110328680495491e-20,6.672532814988792e-13,1.438865068165443e-12,1.3004674226029366e-13,3.73015187342346e-13,1.8704579523445916e-14,2.363916563935693e-12,7.194166301785567e-13,1.3680819304173952e-13,0.999999999632476,7.110328680495491e-20,2.1936544393487335e-10,2.428607153476978e-12,1.1297347371032276e-10,1.5959664780136428e-12,3.6052896640675963e-13
n381381,2.903425309024788e-08,6.5835731518105076e-15,6.17804138658289e-08,3.662152008618218e-08,1.2039493889531654e-08,3.453810233352011e-08,1.7018145633352543e-09,2.2807452691334786e-07,2.5619812972779693e-08,1.2667301149214e-08,0.9999986355966576,6.5835731518105076e-15,4.20163774317074e-07,4.786549256422187e-08,3.760545111143262e-07,7.165873876170889e-08,6.583573912014636e-09
n406406,0.0,0.0,0.0,0.0,0.0,0.0,0.0,0.0,0.0,0.0,0.0,0.0,0.0,0.0,1.0,0.0,0.0
SAMN26304413,0.0,0.0,0.0,0.0,0.0,0.0,0.0,0.0,0.0,0.0,0.0,0.0,0.0,0.0,1.0,0.0,0.0
n413,0.003495821085892,1.552233874038001e-09,0.0145775968922045,0.0086344142107676,0.0028524975304746,0.0174856786444059,0.0139026265284517,0.0183737069755176,0.2170192154013889,0.0029866173706968,0.07085649390542,1.552233874038001e-09,0.0029855112468284,0.0112672406743736,0.5971148195135081,0.0168955230415639,0.001552233874038
n414,0.0011430854685316,5.075591517856902e-10,0.0047731777772822,0.0028233467740013,0.0009406610219967,0.0110496234619892,0.0122516148930183,0.0060079497578496,0.350883293403067,0.0009765828492299,0.1125453146834553,5.075591517856902e-10,0.0009768369292893,0.0036842383092043,0.485911955101507,0.0055247594026737,0.0005075591517856
n420420,0.0001642510344978,7.293165563359939e-11,0.0009992646026205,0.000405687819553,0.0005190843132359,0.125086533818899,0.0007578980061376,0.0008632879956196,0.0347116398525292,0.0001403261153052,0.0146674546793286,7.293165563359939e-11,0.0001402825095011,0.0005293909921993,0.8201481287728891,0.0007938376861866,7.293165563359938e-05
SAMN26308841,0.0,0.0,0.0,0.0,0.0,0.0,0.0,0.0,0.0,0.0,0.0,0.0,0.0,0.0,1.0,0.0,0.0
n441,0.0010673359643588,4.739244366805287e-10,0.0044473220904784,0.0026362343346877,0.0008666738846195,0.9385415582092268,0.0162991133991468,0.0056098174854623,0.0018445008231119,0.0009118670702022,0.0009690428978612,4.739244366805287e-10,0.0009185743653809,0.003440085490913,0.0168124972575747,0.0051614513424459,0.0004739244366805
n440440,0.0098060265043092,4.354126294168941e-09,0.0408592685216452,0.0242201033656734,0.0079624669061284,0.0600367410137505,0.1873893273883806,0.0515395534149373,0.0169466876133414,0.0083776739071823,0.0089031740446483,4.354126294168941e-09,0.0084564567583251,0.0316053916161917,0.4921156957826682,0.0474272981603964,0.0043541262941689
SAMN09405757,0.0,0.0,0.0,0.0,0.0,0.0,1.0,0.0,0.0,0.0,0.0,0.0,0.0,0.0,0.0,0.0,0.0
SAMN10093580,0.0,0.0,0.0,0.0,0.0,1.0,0.0,0.0,0.0,0.0,0.0,0.0,0.0,0.0,0.0,0.0,0.0
n444,0.0,0.0,0.0,0.0,0.0,0.0,0.0,0.0,0.0,0.0,0.0,0.0,0.0,0.0,1.0,0.0,0.0
SAMN10093648,0.0,0.0,0.0,0.0,0.0,1.0,0.0,0.0,0.0,0.0,0.0,0.0,0.0,0.0,0.0,0.0,0.0
SAMN31390129,0.0,0.0,0.0,1.0,0.0,0.0,0.0,0.0,0.0,0.0,0.0,0.0,0.0,0.0,0.0,0.0,0.0
SAMN31390130,0.0,0.0,0.0,1.0,0.0,0.0,0.0,0.0,0.0,0.0,0.0,0.0,0.0,0.0,0.0,0.0,0.0
SAMN13622034,0.0,0.0,0.0,0.0,0.0,0.0,0.0,1.0,0.0,0.0,0.0,0.0,0.0,0.0,0.0,0.0,0.0
SAMN16340147,0.0,0.0,0.0,0.0,0.0,0.0,0.0,1.0,0.0,0.0,0.0,0.0,0.0,0.0,0.0,0.0,0.0
n23,0.0003399221265692,1.5093410859311296e-10,0.0014168141396237,0.0008414306105893,0.0004052423388295,0.0020220725234328,3.901557073287992e-05,0.0018028157925365,0.005556273731152,0.0002904106201701,0.0003085901386912,1.5093410859311296e-10,0.0002901963690664,0.0011985680427193,0.9836948663461588,0.0016428399021154,0.0001509414457441
SAMN26305071,0.0,0.0,0.0,0.0,0.0,0.0,0.0,0.0,0.0,0.0,0.0,0.0,0.0,0.0,1.0,0.0,0.0
n2626,5.029649013402952e-05,2.2332926603988288e-11,0.0002095867615845,0.0001242865924891,4.4915715198067245e-05,0.9947728803005972,5.772928900634596e-06,0.0002648650218712,0.0002436008469582,4.297032492734736e-05,4.566046059664387e-05,2.2332926603988288e-11,4.293883119935984e-05,0.0001653558833234,0.0037214544171399,0.0002430822224362,2.2333157978104026e-05
n27,0.0015501008459013,6.882843778570551e-10,0.006461146109319,0.0038380626252689,0.0019178375760717,0.0453581418193875,0.0001779174242252,0.0082299044296471,0.0280239482494256,0.0013243211927851,0.0014072218241569,6.882843778570551e-10,0.0013233432071855,0.0055213430613396,0.8866867673515187,0.0074916211039234,0.0006883218032752
n2828,0.0003290724135798,1.4611655883526356e-10,0.0013739640215886,0.0021256247433302,0.1296277206115921,0.0085195980947726,3.777026273044526e-05,0.0018317732443062,0.0691048159921089,0.0002811507503571,0.0002987404873315,1.4611655883526356e-10,0.0002809338142963,0.0017095947857462,0.7827426669248234,0.0015904107637719,0.000146162797431
n3434,1.0538187270495484e-05,4.679224379751054e-12,5.0230958206972134e-05,5.233269032446027e-05,0.0018453173948993,0.0175107926057134,1.209551715236482e-06,0.0002858886882325,0.07064388380303,9.028565274164066e-06,9.56684021772376e-06,4.679224379751054e-12,8.996600819445834e-06,0.0014976649920126,0.9080188149685195,5.095063347699114e-05,4.783510928499582e-06
SAMN26308469,0.0,0.0,0.0,0.0,0.0,0.0,0.0,0.0,0.0,0.0,0.0,0.0,0.0,0.0,1.0,0.0,0.0
SAMN26308465,0.0,0.0,0.0,0.0,0.0,0.0,0.0,0.0,0.0,0.0,0.0,0.0,0.0,0.0,1.0,0.0,0.0
SAMN26308467,0.0,0.0,0.0,0.0,0.0,0.0,0.0,0.0,0.0,0.0,0.0,0.0,0.0,0.0,1.0,0.0,0.0
SAMN26308468,0.0,0.0,0.0,0.0,0.0,0.0,0.0,0.0,0.0,0.0,0.0,0.0,0.0,0.0,1.0,0.0,0.0
n59,2.6305138019789222e-22,1.1680153329551409e-28,1.0962193763634944e-21,6.504475498437168e-22,2.1359814407279274e-22,6.134714465864283e-22,3.01925027202113e-23,1.3846888099601625e-21,6.876281760858544e-22,1.0,2.3880487780383757e-22,1.1680153329551409e-28,2.245707161866925e-22,5.58307000653892e-21,5.6971646076928714e-21,1.2713551351713992e-21,1.169694840166083e-22
SAMN11335456,0.0,0.0,0.0,0.0,0.0,0.0,0.0,0.0,0.0,1.0,0.0,0.0,0.0,0.0,0.0,0.0,0.0
n6868,8.446617681046055e-23,3.750514046011037e-29,1.4529298508262185e-19,2.2376400634302043e-22,6.858629789352893e-23,2.230915674123792e-22,9.69485608070102e-24,3.5565388157449375e-19,1.4595032489868273e-22,7.47131866787713e-23,1.0,3.750514046011037e-29,7.210998020462597e-23,3.8512916635369894e-21,1.944476965715544e-21,7.983885955499331e-21,3.750514046011037e-23
n124124,0.0001443829674815,6.410972628585639e-11,0.990261905641781,0.0003566141666644,0.0001172385633267,0.0003363262222469,1.6571983522353784e-05,0.0007588633032422,0.0002494814115004,0.0001233520446618,0.0041381160068468,6.410972628585639e-11,0.0001232617992276,0.0004653545583558,0.0021466207712075,0.0006978007054292,6.410972628585586e-05
n137,2.1780818898730468e-15,1.6745171974018028e-23,2.790365790007559e-15,6.4486763003677744e-15,4.858917152826663e-17,9.849889471230631e-17,4.89113719146432e-17,7.24862529451137e-16,6.3189839264817605e-16,3.3277481957888603e-17,0.999999999999984,1.6745171974018028e-23,3.219827422170936e-17,3.8211981061269916e-16,1.0039840423034376e-15,1.4985946828825969e-15,1.6745171974059533e-17
n211211,2.1780818898730468e-15,1.6745171974018028e-23,2.790365790007559e-15,6.4486763003677744e-15,4.858917152826663e-17,9.849889471230631e-17,4.89113719146432e-17,7.24862529451137e-16,6.318983926481785e-16,3.3277481957888603e-17,0.999999999999984,1.6745171974018028e-23,3.219827422170936e-17,3.8211981061269916e-16,1.0039840423034376e-15,1.4985946828825969e-15,1.6745171974059533e-17
n230,6.898916113993525e-06,3.0632950094409597e-12,2.8746036401909555e-05,1.7039760740454013e-05,5.6019004721935145e-06,1.607036089281399e-05,7.918435682327819e-07,0.0001670242753567,1.1920736635040766e-05,5.894015225273561e-06,0.9994859107222344,3.0632950094409597e-12,5.889703112208222e-06,2.223560103620183e-05,0.0001025699699025,0.0001203428571718,3.063295009440954e-06
SAMN13082242,0.0,0.0,0.0,0.0,0.0,0.0,0.0,0.0,0.0,0.0,1.0,0.0,0.0,0.0,0.0,0.0,0.0
n233233,0.0003638005105162,1.6153672111513944e-10,0.0026865679306762,0.2921793802204331,0.0002954049908685,0.0008474382642747,4.175628310498304e-05,0.0019121012813838,0.0006286161480905,0.0003108090767487,0.526764537084056,1.6153672111513944e-10,0.000310581686111,0.0011725498433358,0.0083049551219606,0.1640199645142508,0.0001615367211151
SAMN15226391,0.0,0.0,0.0,1.0,0.0,0.0,0.0,0.0,0.0,0.0,0.0,0.0,0.0,0.0,0.0,0.0,0.0
n236236,4.793396578758773e-05,2.1283905435938056e-11,0.0002098810035902,0.0001623430572713,3.892224534177482e-05,0.0001116575584492,5.501763158416672e-06,0.0002519364177752,8.282579068772121e-05,4.09518712060299e-05,0.0003214183220426,2.1283905435938014e-11,4.092191045904736e-05,0.000154493912048,0.9982547245576,0.0002552036765785,2.1283905435938047e-05
n237,5.076597629909943e-05,2.2541390455802737e-11,0.0002222610965376,0.0001718479850519,4.122182990834308e-05,0.0001182544542834,5.826815568340962e-06,0.0002668211987786,8.771926248789163e-05,4.337136910936395e-05,0.0003398609725172,2.2541390455802737e-11,4.333963823656366e-05,0.0001636216438284,0.9981523111820736,0.0002702351397807,2.2541390455802737e-05
SAMN02801889,1.0,0.0,0.0,0.0,0.0,0.0,0.0,0.0,0.0,0.0,0.0,0.0,0.0,0.0,0.0,0.0,0.0
SAMN11319494,0.0,0.0,0.0,0.0,0.0,0.0,0.0,0.0,1.0,0.0,0.0,0.0,0.0,0.0,0.0,0.0,0.0
n241241,0.001844558563944,4.880508884910545e-12,4.579881651392058e-05,9.33793888007586e-05,0.0001114817903067,2.5603651910564853e-05,1.2615825633206457e-06,0.0001652887341435,1.8992379409319084e-05,9.39047450085292e-06,0.9952468906124275,4.880508884910545e-12,9.383604347614976e-06,0.0022065513774349,0.0001634167286832,5.312177636761135e-05,4.880508884910524e-06
SAMN06702089,0.0,0.0,0.0,0.0,1.0,0.0,0.0,0.0,0.0,0.0,0.0,0.0,0.0,0.0,0.0,0.0,0.0
SAMN27404346,0.0,0.0,0.0,0.0,0.0,0.0,0.0,0.0,0.0,0.0,0.0,0.0,0.0,0.0,0.0,1.0,0.0
SAMN27404347,0.0,0.0,0.0,0.0,0.0,0.0,0.0,0.0,0.0,0.0,0.0,0.0,0.0,0.0,0.0,1.0,0.0
SAMN13082245,0.0,0.0,0.0,0.0,0.0,0.0,0.0,0.0,0.0,0.0,1.0,0.0,0.0,0.0,0.0,0.0,0.0
n249249,0.006988339803734,3.101520340601896e-09,0.0291068727173801,0.1428946384738459,0.2539273709151867,0.0162708949144917,0.000801727852784,0.036712525650907,0.0120694918655609,0.0059675637027003,0.3260528524626613,3.101520340601896e-09,0.0059631977811351,0.0225130680379061,0.1038499003961487,0.0337800288819149,0.0031015203406018
n250250,2.279780826056685e-18,1.428541008096428e-25,2.088937261678932e-18,1.3253486522627934e-18,1.809402677266686e-17,4.909330115484616e-18,3.794072403256239e-20,5.4491257458327066e-18,7.083095243021188e-18,1.6143452646428126e-18,0.9999999999999996,1.428541008096428e-25,2.206442378867091e-16,3.3118671733141233e-18,2.563288247676255e-16,8.268952196697017e-18,1.8986876929819109e-19
n357357,0.0002127533803007,9.446793631812686e-11,0.0008864894591738,0.0005254835161264,0.0001727551461536,0.0004955885165329,2.441940053018357e-05,0.0011182117653287,0.0003676196337056,0.0001817635759021,0.9876424463156186,9.446793631812686e-11,0.0001816305960811,0.0006857163075083,0.0063824203818054,0.001028233879978,9.446793631812669e-05
n363,2.4951868520218405e-11,7.110328680495491e-20,6.672532814988792e-13,1.438865068165443e-12,1.3004674226029366e-13,3.73015187342346e-13,1.8704579523445916e-14,2.363916563935693e-12,7.194166301785567e-13,1.3680819304173952e-13,0.999999999632476,7.110328680495491e-20,2.1936544393487335e-10,2.428607153476978e-12,1.1297347371032276e-10,1.5959664780136428e-12,3.6052896640675963e-13
n374374,2.4951868520218405e-11,7.110328680495491e-20,6.672532814988792e-13,1.438865068165443e-12,1.3004674226029366e-13,3.73015187342346e-13,1.8704579523445916e-14,2.363916563935693e-12,7.194166301785567e-13,1.3680819304173952e-13,0.999999999632476,7.110328680495491e-20,2.1936544393487335e-10,2.428607153476978e-12,1.1297347371032276e-10,1.5959664780136428e-12,3.6052896640675963e-13
n382,0.0043515553004341,1.9321991483781173e-09,0.0181318047670028,0.0107479727187776,0.0035334459424611,0.0101365155936745,0.0004994620052822,0.1306422518758388,0.0075191051150014,0.0037176997852647,0.4128336548126001,1.9321991483781173e-09,0.2962011264320643,0.0140252928138068,0.0646969367281041,0.0210309730969102,0.0019321991483784
n382382,2.903425309024788e-08,6.5835731518105076e-15,6.17804138658289e-08,3.662152008618218e-08,1.2039493889531654e-08,3.453810233352011e-08,1.7018145633352543e-09,2.2807452691334786e-07,2.5619812972779693e-08,1.2667301149214e-08,0.9999986355966576,6.5835731518105076e-15,4.20163774317074e-07,4.786549256422187e-08,3.760545111143262e-07,7.165873876170889e-08,6.583573912014636e-09
SAMN26308887,0.0,0.0,0.0,0.0,0.0,0.0,0.0,0.0,0.0,0.0,0.0,0.0,0.0,0.0,1.0,0.0,0.0
SAMN26305031,0.0,0.0,0.0,0.0,0.0,0.0,0.0,0.0,0.0,0.0,0.0,0.0,0.0,0.0,1.0,0.0,0.0
n413413,0.0049934542554351,2.2172212631404708e-09,0.0208153193386933,0.012333441467289,0.0040654783403656,0.0188954194354435,0.011070254134586,0.0262451261180457,0.1726609486128829,0.0042661042578249,0.0571555874458824,2.2172212631404708e-09,0.00426382197558,0.0160941958915133,0.6207901220737103,0.0241335009551643,0.0022172212631404
SAMN26305101,0.0,0.0,0.0,0.0,0.0,0.0,0.0,0.0,0.0,0.0,0.0,0.0,0.0,0.0,1.0,0.0,0.0
n414414,0.0006515493961769,2.893045778080433e-10,0.0027191185010293,0.0016092817843184,0.0005342736269906,0.0050242565054515,0.0051422785092906,0.003424482372294,0.4665714993636907,0.000556644260865,0.1051339071054048,2.893045778080433e-10,0.0005566419645768,0.0020999845039803,0.4025377462879685,0.0031490306615446,0.000289304577808
n419,0.0037374401985274,1.6595189329843395e-09,0.0155805337559601,0.0092311866996994,0.003044021148099,0.014909558085628,0.0093940835737762,0.0196436343163013,0.2645348966628399,0.0031930420764222,0.1613235427510501,1.6595189329843395e-09,0.003191422431293,0.0120459897077804,0.4604479533021203,0.01806317303848,0.0016595189329843
n421,0.0001642510344978,7.293165563359939e-11,0.0009992646026205,0.000405687819553,0.0005190843132359,0.125086533818899,0.0007578980061376,0.0008632879956196,0.0347116398525292,0.0001403261153052,0.0146674546793286,7.293165563359939e-11,0.0001402825095011,0.0005293909921993,0.8201481287728891,0.0007938376861866,7.293165563359938e-05
SAMN11319189,0.0,0.0,0.0,0.0,0.0,0.0,0.0,0.0,1.0,0.0,0.0,0.0,0.0,0.0,0.0,0.0,0.0
SAMN10093579,0.0,0.0,0.0,0.0,0.0,1.0,0.0,0.0,0.0,0.0,0.0,0.0,0.0,0.0,0.0,0.0,0.0
SAMN10093573,0.0,0.0,0.0,0.0,0.0,1.0,0.0,0.0,0.0,0.0,0.0,0.0,0.0,0.0,0.0,0.0,0.0
SAMN26305087,0.0,0.0,0.0,0.0,0.0,0.0,0.0,0.0,0.0,0.0,0.0,0.0,0.0,0.0,1.0,0.0,0.0
SAMN26304399,0.0,0.0,0.0,0.0,0.0,0.0,0.0,0.0,0.0,0.0,0.0,0.0,0.0,0.0,1.0,0.0,0.0
n444444,0.0,0.0,0.0,0.0,0.0,0.0,0.0,0.0,0.0,0.0,0.0,0.0,0.0,0.0,1.0,0.0,0.0
SAMN26308810,0.0,0.0,0.0,0.0,0.0,0.0,0.0,0.0,0.0,0.0,0.0,0.0,0.0,0.0,1.0,0.0,0.0
n2323,4.686348763131559e-05,2.080858578576993e-11,0.000195272514023,0.0001157665930304,3.928174757205055e-05,0.0001208616594194,5.378895851586085e-06,0.0002464642821843,0.000128222163966,4.003733661450078e-05,4.254389172502605e-05,2.080858578576993e-11,4.000802798469849e-05,0.0001520228629395,0.9985799772973816,0.0002264905425091,2.0808655549767026e-05
SAMN26308480,0.0,0.0,0.0,0.0,0.0,0.0,0.0,0.0,0.0,0.0,0.0,0.0,0.0,0.0,1.0,0.0,0.0
SAMN10093604,0.0,0.0,0.0,0.0,0.0,1.0,0.0,0.0,0.0,0.0,0.0,0.0,0.0,0.0,0.0,0.0,0.0
SAMN10093603,0.0,0.0,0.0,0.0,0.0,1.0,0.0,0.0,0.0,0.0,0.0,0.0,0.0,0.0,0.0,0.0,0.0
n2727,6.319258276648603e-05,2.8059121204673268e-11,0.0002633160716905,0.0001561162436371,5.38059211419236e-05,0.0003051387455856,7.253116199284994e-06,0.0003324472192668,0.0002050780129311,5.398794194582629e-05,5.736786856737525e-05,2.8059121204673268e-11,5.3948409466168755e-05,0.0002056605339719,0.9979092191871743,0.0003054088267453,2.805926279180249e-05
SAMN26304706,0.0,0.0,0.0,0.0,0.0,0.0,0.0,0.0,0.0,0.0,0.0,0.0,0.0,0.0,1.0,0.0,0.0
n29,0.0002828785820431,1.2560531746398838e-10,0.001179505905794,0.0045326990163277,0.3791451707050774,0.0029342500250611,3.246822864383455e-05,0.0015167760374484,0.0753510752241828,0.0002416775944395,0.0002568045268088,1.2560531746398838e-10,0.0002414974812734,0.0011021905796003,0.5316902364642173,0.0013671504906332,0.0001256188872381
n3333,0.001042210337742,4.6276801654921307e-10,0.0043428271449655,0.0026681389238979,0.0101050126314753,0.0029826393279474,0.0001196227840801,0.0054850743006376,0.0067062031561907,0.0008904020650607,0.0009461456243383,4.6276801654921307e-10,0.0008897498343777,0.0034055527332577,0.9549166614061124,0.0050369874783884,0.0004627713259916
n35,0.0038818330300182,1.723633039150803e-09,0.0161785499885769,0.0096041854776283,0.0042954047375119,0.0199273903189321,0.00044554890464,0.1312586897822932,0.0506713379718191,0.0033164183456719,0.0035240288862617,1.723633039150803e-09,0.0033139762392144,0.1102485277586625,0.6228495543512594,0.0187608528036315,0.0017236979566121
n3535,1.0538187270495484e-05,4.679224379751054e-12,5.0230958206972134e-05,5.233269032446027e-05,0.0018453173948993,0.0175107926057134,1.209551715236482e-06,0.0002858886882325,0.07064388380303,9.028565274164066e-06,9.56684021772376e-06,4.679224379751054e-12,8.996600819445834e-06,0.0014976649920126,0.9080188149685195,5.095063347699114e-05,4.783510928499582e-06
n5959,2.6305138019789222e-22,1.1680153329551409e-28,1.0962193763634944e-21,6.504475498437224e-22,2.1359814407279274e-22,6.134714465864283e-22,3.01925027202113e-23,1.3846888099601625e-21,6.876281760858544e-22,1.0,2.3880487780383757e-22,1.1680153329551409e-28,2.2457071618669433e-22,5.58307000653892e-21,5.6971646076928714e-21,1.2713551351713992e-21,1.169694840166083e-22
SAMN11335465,0.0,0.0,0.0,0.0,0.0,0.0,0.0,0.0,0.0,1.0,0.0,0.0,0.0,0.0,0.0,0.0,0.0
n69,8.446617681046055e-23,3.750514046011037e-29,1.4529298508262185e-19,2.2376400634302043e-22,6.858629789352893e-23,2.230915674123792e-22,9.69485608070102e-24,3.5565388157449375e-19,1.4595032489868273e-22,7.47131866787713e-23,1.0,3.750514046011037e-29,7.210998020462597e-23,3.8512916635369894e-21,1.944476965715544e-21,7.983885955499331e-21,3.750514046011037e-23
SAMN10435685,0.0,0.0,0.0,0.0,0.0,0.0,0.0,1.0,0.0,0.0,0.0,0.0,0.0,0.0,0.0,0.0,0.0
n125,1.6087356051298138e-06,7.143197089667128e-13,0.9999240443745632,3.973445879480425e-06,1.3062887846664746e-06,3.747394710782236e-06,1.8464740270308245e-07,8.455363098892226e-06,2.779757449922296e-06,1.3744060651641658e-06,1.3559868382046548e-05,7.143197089667128e-13,1.373400537671595e-06,5.185046824391427e-06,2.391795462850369e-05,7.774994929731325e-06,7.14319708966707e-07
n125125,1.557183323054312e-10,6.914291786574892e-17,0.9999999913966292,3.846115942766408e-10,1.2644284766801974e-10,3.627308632894411e-10,1.787303365560369e-11,8.184409150875506e-10,2.6906795183449014e-10,1.3303629241211469e-10,2.563743838176896e-09,6.914291786574892e-17,1.3293896189756068e-10,5.018890872093593e-10,2.315149857460259e-09,7.52584352755243e-10,6.914291786574891e-11
n137137,8.357300295377684e-08,3.7108548373768376e-14,3.5294353703497357e-07,2.064185086119241e-07,6.78610430994075e-08,1.946752639689004e-07,9.592339385104484e-09,5.342954843612483e-07,1.4440699666511e-07,7.216400261051156e-08,0.9999952198274152,3.7108548373768376e-14,7.134746479621555e-08,2.69360565728455e-07,1.555598115458042e-06,1.1808276373771532e-06,3.7108548373768376e-08
SAMN11319299,0.0,0.0,0.0,0.0,0.0,0.0,0.0,0.0,1.0,0.0,0.0,0.0,0.0,0.0,0.0,0.0,0.0
n212,2.178081889873029e-15,1.674517197401789e-23,2.790365790007536e-15,6.4486763003677216e-15,4.8589171528266215e-17,9.849889471230551e-17,4.8911371914642795e-17,7.248625294511309e-16,6.318983926481733e-16,3.327748195788833e-17,0.999999999999984,1.674517197401789e-23,3.2198274221709086e-17,3.82119810612696e-16,1.0039840423034293e-15,1.4985946828825844e-15,1.6745171974059394e-17
n228228,0.0027647313311498,1.227611344921735e-09,0.011519935330976,0.0964568556896446,0.0022449540614247,0.0064401754608038,0.0003173302423596,0.0145311679564992,0.0047772191342611,0.0023620186548757,0.7916201386246111,1.227611344921735e-09,0.0023602905813786,0.0089108871359309,0.0411047771476832,0.0133619048482569,0.0012276113449217
n230230,0.0002103694493695,9.340941007953232e-11,0.0008765562226775,0.0005195954009474,0.0001708194009454,0.0004900353789421,2.414577778367962e-05,0.0011373481233174,0.0003635004050735,0.0001797268899977,0.9799773268264698,9.340941007953232e-11,0.0001795954002338,0.0006780327618311,0.0031276779908387,0.0119718603746735,9.340941007953213e-05
n231231,0.0006075974863,2.697888069355612e-10,0.0025317048606425,0.0015007162896271,0.0004933674492031,0.0014153398477567,6.973880442284736e-05,0.964570069060818,0.0010498764580772,0.0005190944165631,0.0125246331141072,2.697888069355612e-10,0.0005187146425499,0.0019583214338032,0.0090334850943663,0.0029375516952491,0.0002697888069355
n234,0.0004747542395402,2.1080301146918144e-10,0.0023370690148561,0.090467033739381,0.0003854991066317,0.0011058942939419,5.449132658831127e-05,0.0024952636500681,0.0008203346964136,0.0004056012089281,0.5961925665962143,2.1080301146918144e-10,0.0004053044675378,0.0015301600550424,0.0079462641723964,0.2951689599993845,0.0002108030114691
n235,0.001352302672558,6.004569355065813e-10,0.0060864031883741,0.5595227254052441,0.0010980659649753,0.0031500588824922,0.00015521455195,0.0071075757132621,0.0023366632879924,0.0011553253307596,0.2043453582671661,6.004569355065813e-10,0.0011544800846476,0.0043585488228175,0.0212228603445908,0.1863539593467494,0.0006004569355065
SAMN26308796,0.0,0.0,0.0,0.0,0.0,0.0,0.0,0.0,0.0,0.0,0.0,0.0,0.0,0.0,1.0,0.0,0.0
SAMN26308868,0.0,0.0,0.0,0.0,0.0,0.0,0.0,0.0,0.0,0.0,0.0,0.0,0.0,0.0,1.0,0.0,0.0
SAMN26304757,0.0,0.0,0.0,0.0,0.0,0.0,0.0,0.0,0.0,0.0,0.0,0.0,0.0,0.0,1.0,0.0,0.0
SAMN26308854,0.0,0.0,0.0,0.0,0.0,0.0,0.0,0.0,0.0,0.0,0.0,0.0,0.0,0.0,1.0,0.0,0.0
n242,0.3370523541492781,4.520665778937325e-11,0.0004242203987584,0.0002548030668341,8.78394993238618e-05,0.0002371587794169,1.168565257392866e-05,0.0005405281162543,0.0001759205887765,8.698108686009994e-05,0.6585530780620396,4.520665778937325e-11,8.691745073654967e-05,0.000437576603726,0.0015136790660257,0.0004920507311927,4.5206657789373054e-05
n243,0.0011778096664605,3.840521178005359e-11,0.00036039546059,0.0010892886986977,0.0001312727638707,0.0002014776936495,9.92751917164249e-06,0.0018761238509954,0.0001494529301394,7.389458157436818e-05,0.9836682225445704,3.840521178005359e-11,7.38405196524894e-05,0.009445925362387,0.0012859425567049,0.0004180205629452,3.840521178005358e-05
SAMN14792114,0.0,0.0,0.0,1.0,0.0,0.0,0.0,0.0,0.0,0.0,0.0,0.0,0.0,0.0,0.0,0.0,0.0
SAMN06702070,0.0,0.0,0.0,0.0,1.0,0.0,0.0,0.0,0.0,0.0,0.0,0.0,0.0,0.0,0.0,0.0,0.0
n251,6.028659581514976e-07,2.676857105371215e-13,2.511970840814333e-06,1.4890176907875817e-06,4.895219305526214e-07,1.4043151088751523e-06,6.919516649331642e-08,3.168582783480257e-06,1.041692598969154e-06,6.479855548624503e-06,0.9999500960179024,2.676857105371215e-13,5.146710838718509e-07,8.53302331569914e-06,2.041796492157807e-05,2.913618903959592e-06,2.676857105371412e-07
n319,2.279780826056685e-18,1.428541008096428e-25,2.088937261678932e-18,1.3253486522627934e-18,1.809402677266686e-17,4.909330115484616e-18,3.794072403256239e-20,5.4491257458327066e-18,7.083095243021188e-18,1.6143452646428126e-18,0.9999999999999996,1.428541008096428e-25,2.206442378867091e-16,3.3118671733141233e-18,2.563288247676255e-16,8.268952196697017e-18,1.8986876929819109e-19
SAMN13082393,0.0,0.0,0.0,0.0,0.0,0.0,0.0,0.0,0.0,0.0,1.0,0.0,0.0,0.0,0.0,0.0,0.0
SAMN26304499,0.0,0.0,0.0,0.0,0.0,0.0,0.0,0.0,0.0,0.0,0.0,0.0,0.0,0.0,1.0,0.0,0.0
n363363,2.4951868520218405e-11,7.110328680495549e-20,6.672532814988793e-13,1.4388650681654433e-12,1.300467422602936e-13,3.73015187342346e-13,1.8704579523445916e-14,2.363916563935693e-12,7.194166301785566e-13,1.3680819304173952e-13,0.999999999632476,7.110328680495549e-20,2.1936544393487335e-10,2.428607153476978e-12,1.1297347371032276e-10,1.595966478013643e-12,3.6052896640675963e-13
n367,0.0003387098146047,1.5039580992238158e-10,0.0014113180132477,0.0213170136733277,0.0002750314142201,0.0007889918975387,3.887642372319495e-05,0.0017802269286428,0.0092642479727117,0.0002893731066606,0.818799166762262,1.5039580992238158e-10,0.0002891614223881,0.0010916810876113,0.1314089867306153,0.0070753438835826,0.0058318705680713
n375,1.428860555502441e-05,6.298544789984689e-13,5.9105700643886836e-06,3.5036035584891698e-06,1.1518257603235943e-06,3.3042814212359267e-06,1.628136425321498e-07,7.455553614918781e-06,2.4510633318192352e-06,1.2118884656823009e-06,0.9997552025243128,6.298544789984689e-13,0.0001228758898332,4.571938363200636e-06,7.04239505001446e-05,6.85563568591954e-06,6.298546304465981e-07
n380380,2.4951868520218657e-11,7.110328680495622e-20,6.672532814988859e-13,1.4388650681654578e-12,1.3004674226029497e-13,3.730151873423498e-13,1.8704579523446108e-14,2.3639165639357173e-12,7.194166301785582e-13,1.368081930417409e-13,0.999999999632476,7.110328680495622e-20,2.1936544393487384e-10,2.4286071534770025e-12,1.1297347371032298e-10,1.5959664780136594e-12,3.605289664067633e-13
SAMN09400819,0.0,0.0,0.0,0.0,0.0,0.0,0.0,1.0,0.0,0.0,0.0,0.0,0.0,0.0,0.0,0.0,0.0
SAMN13423005,0.0,0.0,0.0,0.0,0.0,0.0,0.0,0.0,0.0,0.0,0.0,0.0,1.0,0.0,0.0,0.0,0.0
n383,6.02870871463105e-08,1.223267544588746e-17,1.1479173000834871e-10,6.804498614959863e-11,2.237010478761401e-11,6.417387437194535e-11,3.1620739580700944e-12,2.1057108835504666e-10,4.7603153938245216e-11,2.353660848912097e-11,0.9999999207087924,1.223267544588746e-17,2.0203408071681288e-10,4.161221187593086e-10,1.7686331601797053e-08,1.3314624957226978e-10,1.2232675778907595e-11
n394,2.9034253090248123e-08,6.583573151810562e-15,6.178041386582942e-08,3.6621520086182493e-08,1.2039493889531753e-08,3.4538102333520395e-08,1.7018145633352683e-09,2.2807452691334786e-07,2.5619812972779693e-08,1.2667301149214103e-08,0.9999986355966576,6.583573151810562e-15,4.20163774317074e-07,4.786549256422226e-08,3.760545111143262e-07,7.16587387617095e-08,6.58357391201469e-09
SAMN26305100,0.0,0.0,0.0,0.0,0.0,0.0,0.0,0.0,0.0,0.0,0.0,0.0,0.0,0.0,1.0,0.0,0.0
SAMN26304932,0.0,0.0,0.0,0.0,0.0,0.0,0.0,0.0,0.0,0.0,0.0,0.0,0.0,0.0,1.0,0.0,0.0
n415,0.003022600514487,1.3421118504135587e-09,0.0125966720647874,0.0074655811709323,0.0024571012974797,0.0088946083329512,0.0030258906082767,0.0158865041411052,0.4959375300504076,0.0025823264347631,0.1672364922974799,1.3421118504135587e-09,0.0025806512612439,0.0097420161336105,0.2526216743778646,0.014608236779973,0.0013421118504135
n415415,0.0006515493961769,2.893045778080433e-10,0.0027191185010293,0.0016092817843184,0.0005342736269906,0.0050242565054515,0.0051422785092906,0.003424482372294,0.4665714993636907,0.000556644260865,0.1051339071054048,2.893045778080433e-10,0.0005566419645768,0.0020999845039803,0.4025377462879685,0.0031490306615446,0.000289304577808
SAMN13082280,0.0,0.0,0.0,0.0,0.0,0.0,0.0,0.0,0.0,0.0,1.0,0.0,0.0,0.0,0.0,0.0,0.0
SAMN26308812,0.0,0.0,0.0,0.0,0.0,0.0,0.0,0.0,0.0,0.0,0.0,0.0,0.0,0.0,1.0,0.0,0.0
n421421,0.0001642510344978,7.293165563359939e-11,0.0009992646026205,0.000405687819553,0.0005190843132359,0.125086533818899,0.0007578980061376,0.0008632879956196,0.0347116398525292,0.0001403261153052,0.0146674546793286,7.293165563359939e-11,0.0001402825095011,0.0005293909921993,0.8201481287728891,0.0007938376861866,7.293165563359938e-05
SAMN26308874,0.0,0.0,0.0,0.0,0.0,0.0,0.0,0.0,0.0,0.0,0.0,0.0,0.0,0.0,1.0,0.0,0.0
SAMN26308838,0.0,0.0,0.0,0.0,0.0,0.0,0.0,0.0,0.0,0.0,0.0,0.0,0.0,0.0,1.0,0.0,0.0
SAMN26308811,0.0,0.0,0.0,0.0,0.0,0.0,0.0,0.0,0.0,0.0,0.0,0.0,0.0,0.0,1.0,0.0,0.0
n24,1.4138833245747022e-05,6.2780031827640456e-12,5.891368259473894e-05,3.492486605401377e-05,1.169714719728713e-05,3.499573025498734e-05,1.6228265401440575e-06,7.433954186536196e-05,3.275362857094343e-05,1.20793640151277e-05,1.28356001895878e-05,6.2780031827640456e-12,1.2070523658355224e-05,4.574275863128022e-05,0.9995792746988784,6.833277027533025e-05,6.278015472489262e-06
SAMN26305018,0.0,0.0,0.0,0.0,0.0,0.0,0.0,0.0,0.0,0.0,0.0,0.0,0.0,0.0,1.0,0.0,0.0
SAMN26308479,0.0,0.0,0.0,0.0,0.0,0.0,0.0,0.0,0.0,0.0,0.0,0.0,0.0,0.0,1.0,0.0,0.0
SAMN26308478,0.0,0.0,0.0,0.0,0.0,0.0,0.0,0.0,0.0,0.0,0.0,0.0,0.0,0.0,1.0,0.0,0.0
n2929,0.000287995809371,1.2787749713351403e-10,0.0012008171705883,0.0046671147331715,0.3792911351292466,0.0029159457687666,3.305557359482016e-05,0.0015432732905784,0.0758451040272001,0.0002460493990342,0.0002614500787379,1.2787749713351403e-10,0.0002458661312499,0.0011161537434021,0.5308262660635862,0.0013918819390646,0.0001278908866521
SAMN06702061,0.0,0.0,0.0,0.0,1.0,0.0,0.0,0.0,0.0,0.0,0.0,0.0,0.0,0.0,0.0,0.0,0.0
n34,0.0,0.0,0.0,0.0,0.0,0.0,0.0,0.0,0.0,0.0,0.0,0.0,0.0,0.0,1.0,0.0,0.0
SAMN26308498,0.0,0.0,0.0,0.0,0.0,0.0,0.0,0.0,0.0,0.0,0.0,0.0,0.0,0.0,1.0,0.0,0.0
SAMN15868166,0.0,0.0,0.0,0.0,0.0,0.0,0.0,0.0,0.0,0.0,0.0,0.0,0.0,1.0,0.0,0.0,0.0
SAMN09400850,0.0,0.0,0.0,0.0,0.0,0.0,0.0,1.0,0.0,0.0,0.0,0.0,0.0,0.0,0.0,0.0,0.0
n36,1.053818727049548e-05,4.679224379751053e-12,5.0230958206972114e-05,5.233269032446025e-05,0.0018453173948993,0.0175107926057134,1.2095517152364815e-06,0.0002858886882325,0.0706438838030302,9.028565274164065e-06,9.566840217723757e-06,4.679224379751053e-12,8.99660081944583e-06,0.0014976649920126,0.9080188149685192,5.095063347699112e-05,4.78351092849958e-06
n3737,1.0538187270495484e-05,4.679224379751054e-12,5.0230958206972134e-05,5.233269032446027e-05,0.0018453173948993,0.0175107926057134,1.209551715236482e-06,0.0002858886882325,0.07064388380303,9.028565274164066e-06,9.56684021772376e-06,4.679224379751054e-12,8.996600819445834e-06,0.0014976649920126,0.9080188149685195,5.095063347699114e-05,4.783510928499582e-06
n60,0.0,0.0,0.0,0.0,0.0,0.0,0.0,0.0,0.0,1.0,0.0,0.0,0.0,0.0,0.0,0.0,0.0
SAMN11335457,0.0,0.0,0.0,0.0,0.0,0.0,0.0,0.0,0.0,1.0,0.0,0.0,0.0,0.0,0.0,0.0,0.0
n6969,8.446617681046055e-23,3.750514046011037e-29,1.4529298508262185e-19,2.2376400634302043e-22,6.858629789352893e-23,2.230915674123792e-22,9.69485608070102e-24,3.5565388157449375e-19,1.4595032489868273e-22,7.47131866787713e-23,1.0,3.750514046011037e-29,7.210998020462597e-23,3.8512916635369894e-21,1.9444769657155597e-21,7.983885955499331e-21,3.750514046011037e-23
n119,4.489027479865108e-05,1.9932428876043123e-11,0.0001870464073105,0.0001108753215001,3.645077682316989e-05,0.0001045675733225,5.152414493573483e-06,0.0010561874855658,7.75665531381959e-05,3.8351526349895505e-05,0.9972043730684904,1.9932428876043123e-11,3.832346803794284e-05,0.0001446839219873,0.0006674083376233,0.0002641904018176,1.993242887604296e-05
SAMN05374483,0.0,0.0,1.0,0.0,0.0,0.0,0.0,0.0,0.0,0.0,0.0,0.0,0.0,0.0,0.0,0.0,0.0
SAMN05374480,0.0,0.0,1.0,0.0,0.0,0.0,0.0,0.0,0.0,0.0,0.0,0.0,0.0,0.0,0.0,0.0,0.0
n126,1.557183323054312e-10,6.914291786574892e-17,0.9999999913966292,3.846115942766408e-10,1.2644284766801974e-10,3.627308632894411e-10,1.787303365560369e-11,8.184409150875506e-10,2.6906795183449014e-10,1.3303629241211469e-10,2.563743838176896e-09,6.914291786574892e-17,1.3293896189756068e-10,5.018890872093593e-10,2.315149857460259e-09,7.52584352755243e-10,6.914291786574891e-11
SAMN05374482,0.0,0.0,1.0,0.0,0.0,0.0,0.0,0.0,0.0,0.0,0.0,0.0,0.0,0.0,0.0,0.0,0.0
n138,8.137329004081743e-07,3.6131819718621554e-13,7.733521116182424e-06,2.009853968430485e-06,6.607488254286168e-07,1.8955124491855725e-06,9.339860824550081e-08,4.2779085455391205e-06,1.406060812565452e-06,1.3990391926982444e-06,0.9998073319841568,3.6131819718621554e-13,6.946953864732356e-07,2.622707657927354e-06,1.2377059106086882e-05,0.0001563224583541,3.613181971862273e-07
n207207,1.3386722293125028e-05,5.944046704708937e-12,5.577997156781811e-05,3.3064113435283784e-05,1.08699808341099e-05,3.118308077217988e-05,1.5365007738040056e-06,0.0001510520825083,2.313111048553899e-05,1.1436947271664602e-05,0.9987101307971996,5.944046704708937e-12,1.1428435807827724e-05,4.3146171249944675e-05,0.0004645107414302,0.0004333992857776,5.944046704708938e-06
n212212,2.178081889873029e-15,1.674517197401789e-23,2.790365790007536e-15,6.4486763003677216e-15,4.8589171528266215e-17,9.849889471230551e-17,4.8911371914642795e-17,7.248625294511309e-16,6.318983926481733e-16,3.327748195788833e-17,0.999999999999984,1.674517197401789e-23,3.2198274221709086e-17,3.82119810612696e-16,1.0039840423034293e-15,1.4985946828825844e-15,1.6745171974059394e-17
n224224,0.0002774321835727,1.2318697739696632e-10,0.0138629467486006,0.0006852348907665,0.0002252741524147,0.0006462515617865,3.184310209795821e-05,0.0014581574746877,0.0004793790705399,0.000237021219992,0.9738927874758748,1.2318697739696532e-10,0.0002368478131953,0.0008941797880427,0.0056086317334299,0.001340825561227,0.0001231869773969
SAMN25226678,0.0,0.0,0.0,1.0,0.0,0.0,0.0,0.0,0.0,0.0,0.0,0.0,0.0,0.0,0.0,0.0,0.0
SAMN16935937,0.0,0.0,0.0,1.0,0.0,0.0,0.0,0.0,0.0,0.0,0.0,0.0,0.0,0.0,0.0,0.0,0.0
n231,0.0005162748473266,2.2923922210290246e-10,0.0021511865501019,0.0012751568115034,0.0004192137233226,0.001202612552375,5.925697755169793e-05,0.0027143885872185,0.0008920787533312,0.0004410738962914,0.0282082806311319,2.2923922210290246e-10,0.000440751202773,0.0016639833476105,0.0076757413305338,0.9521107611083466,0.0002292392221029
SAMN13082252,0.0,0.0,0.0,0.0,0.0,0.0,0.0,0.0,0.0,0.0,1.0,0.0,0.0,0.0,0.0,0.0,0.0
SAMN09400869,0.0,0.0,0.0,0.0,0.0,0.0,0.0,1.0,0.0,0.0,0.0,0.0,0.0,0.0,0.0,0.0,0.0
SAMN09400833,0.0,0.0,0.0,0.0,0.0,0.0,0.0,1.0,0.0,0.0,0.0,0.0,0.0,0.0,0.0,0.0,0.0
n234234,0.0004747542395402,2.1080301146918144e-10,0.0023370690148561,0.0904670337393808,0.0003854991066317,0.0011058942939419,5.449132658831127e-05,0.0024952636500681,0.0008203346964136,0.0004056012089281,0.5961925665962143,2.1080301146918144e-10,0.0004053044675378,0.0015301600550424,0.0079462641723964,0.2951689599993845,0.0002108030114691
SAMN13082360,0.0,0.0,0.0,0.0,0.0,0.0,0.0,0.0,0.0,0.0,1.0,0.0,0.0,0.0,0.0,0.0,0.0
n235235,0.001352302672558,6.004569355065821e-10,0.0060864031883741,0.5595227254052435,0.0010980659649753,0.0031500588824922,0.00015521455195,0.0071075757132621,0.0023366632879924,0.0011553253307596,0.2043453582671663,6.004569355065821e-10,0.0011544800846476,0.0043585488228175,0.0212228603445908,0.1863539593467496,0.0006004569355065
SAMN27404350,0.0,0.0,0.0,0.0,0.0,0.0,0.0,0.0,0.0,0.0,0.0,0.0,0.0,0.0,0.0,1.0,0.0
n242242,0.3382420827065549,5.887658121474314e-11,0.0005524992994797,0.0003298877199843,0.0001113589723105,0.0003088726046103,1.5219246599068737e-05,0.0007007877440596,0.0002291167571091,0.0001132830710141,0.6561070844373984,5.887658121474266e-11,0.000113200192129,0.0005054933467809,0.001971396533651,0.0006408406693505,5.887658121474289e-05
SAMN02801819,1.0,0.0,0.0,0.0,0.0,0.0,0.0,0.0,0.0,0.0,0.0,0.0,0.0,0.0,0.0,0.0,0.0
n243243,0.0008421831805676,5.845210082386429e-11,0.0005485159649558,0.0023720837124178,0.0001466350324966,0.0003066457367924,1.5109520938849496e-05,0.0016174296850086,0.0002274649021847,0.0001124663380912,0.9807126838995964,5.845210082386429e-11,0.0001123840567351,0.0103345419030206,0.0019571834262675,0.0006362204231983,5.845210082386406e-05
n244244,0.0011778096664605,3.840521178005359e-11,0.00036039546059,0.0010892886986977,0.0001312727638707,0.0002014776936495,9.92751917164249e-06,0.0018761238509954,0.0001494529301394,7.389458157436818e-05,0.9836682225445704,3.840521178005359e-11,7.38405196524894e-05,0.009445925362387,0.0012859425567049,0.0004180205629452,3.840521178005358e-05
n251251,6.028659581514976e-07,2.676857105371215e-13,2.511970840814333e-06,1.4890176907875817e-06,4.895219305526214e-07,1.4043151088751523e-06,6.919516649331642e-08,3.168582783480257e-06,1.041692598969154e-06,6.479855548624503e-06,0.9999500960179024,2.676857105371215e-13,5.146710838718509e-07,8.53302331569914e-06,2.041796492157807e-05,2.913618903959592e-06,2.676857105371412e-07
n318,0.006681837903519,2.9669067375637132e-09,0.0278415264664682,0.0165035952434074,0.0054256335753485,0.0155646981001653,0.0007669277723638,0.0351191118374996,0.0115456440631375,0.3002208065094374,0.2305315882726215,2.9669067375637132e-09,0.0057043803460018,0.0215374248463374,0.2872966905309247,0.0322932218613901,0.0029669067375637
n319319,4.072396973037774e-07,1.8082482984159578e-13,1.696864691440559e-06,1.00584887414232e-06,3.306774883099093e-07,9.48625667779372e-07,4.6742144666252534e-08,2.1404135633017577e-06,7.036753453299488e-07,3.479208815700658e-07,0.9999825081040212,1.8082482984159578e-13,3.476663396128745e-07,1.3125568257070016e-06,6.0546559496664066e-06,1.9681833183934823e-06,1.8082482984159618e-07
n320320,2.279780826056685e-18,1.428541008096428e-25,2.088937261678932e-18,1.3253486522627934e-18,1.809402677266686e-17,4.909330115484616e-18,3.794072403256239e-20,5.4491257458327066e-18,7.083095243021188e-18,1.6143452646428126e-18,0.9999999999999996,1.428541008096428e-25,2.206442378867091e-16,3.3118671733141233e-18,2.563288247676255e-16,8.268952196697017e-18,1.8986876929819109e-19
n364,2.4951868520218405e-11,7.110328680495549e-20,6.672532814988793e-13,1.4388650681654433e-12,1.300467422602936e-13,3.73015187342346e-13,1.8704579523445916e-14,2.363916563935693e-12,7.194166301785566e-13,1.3680819304173952e-13,0.999999999632476,7.110328680495549e-20,2.1936544393487335e-10,2.428607153476978e-12,1.1297347371032276e-10,1.595966478013643e-12,3.6052896640675963e-13
SAMN26304907,0.0,0.0,0.0,0.0,0.0,0.0,0.0,0.0,0.0,0.0,0.0,0.0,0.0,0.0,1.0,0.0,0.0
n367367,0.0010292294658688,4.5700417671661216e-10,0.0042885385374929,0.0319600659694556,0.0008357314282342,0.0023974909457706,0.0001181328657125,0.0054095332992363,0.009703034936142,0.0008793111885338,0.7482832698563993,4.5700417671661216e-10,0.0008786678983501,0.0033172654003627,0.1484623312646615,0.0230727931173392,0.0193646029124315
n370,0.0002477888248573,1.1002456811268375e-10,0.0010324732780611,0.02020450035412,0.0002012038273048,0.0005772002080104,2.844069746435687e-05,0.0013023547601738,0.0114886028189091,0.0002116957320831,0.8117016683042417,1.1002456811268375e-10,0.0002115408671952,0.0007986375434151,0.1443029554632757,0.0043194572590617,0.0033714798417768
n375375,1.428860555502441e-05,6.298544789984689e-13,5.9105700643886836e-06,3.5036035584891698e-06,1.1518257603235943e-06,3.3042814212359267e-06,1.628136425321498e-07,7.455553614918781e-06,2.4510633318192352e-06,1.2118884656823009e-06,0.9997552025243128,6.298544789984689e-13,0.0001228758898332,4.571938363200636e-06,7.04239505001446e-05,6.85563568591954e-06,6.298546304465981e-07
SAMN26308820,0.0,0.0,0.0,0.0,0.0,0.0,0.0,0.0,0.0,0.0,0.0,0.0,0.0,0.0,1.0,0.0,0.0
n381,2.4951868520218657e-11,7.110328680495563e-20,6.672532814988806e-13,1.4388650681654461e-12,1.3004674226029389e-13,3.730151873423467e-13,1.8704579523445957e-14,2.3639165639356987e-12,7.194166301785524e-13,1.368081930417398e-13,0.999999999632476,7.110328680495563e-20,2.1936544393487384e-10,2.4286071534770025e-12,1.1297347371032251e-10,1.5959664780136465e-12,3.605289664067633e-13
SAMN02801895,1.0,0.0,0.0,0.0,0.0,0.0,0.0,0.0,0.0,0.0,0.0,0.0,0.0,0.0,0.0,0.0,0.0
n383383,6.02870871463105e-08,1.223267544588746e-17,1.1479173000834871e-10,6.804498614959863e-11,2.237010478761401e-11,6.417387437194535e-11,3.1620739580700944e-12,2.1057108835504666e-10,4.7603153938245216e-11,2.353660848912097e-11,0.9999999207087924,1.223267544588746e-17,2.0203408071681288e-10,4.161221187593086e-10,1.7686331601797053e-08,1.3314624957226978e-10,1.2232675778907595e-11
SAMN26308834,0.0,0.0,0.0,0.0,0.0,0.0,0.0,0.0,0.0,0.0,0.0,0.0,0.0,0.0,1.0,0.0,0.0
SAMN26304759,0.0,0.0,0.0,0.0,0.0,0.0,0.0,0.0,0.0,0.0,0.0,0.0,0.0,0.0,1.0,0.0,0.0
SAMN13082251,0.0,0.0,0.0,0.0,0.0,0.0,0.0,0.0,0.0,0.0,1.0,0.0,0.0,0.0,0.0,0.0,0.0
SAMN11319183,0.0,0.0,0.0,0.0,0.0,0.0,0.0,0.0,1.0,0.0,0.0,0.0,0.0,0.0,0.0,0.0,0.0
SAMN13082413,0.0,0.0,0.0,0.0,0.0,0.0,0.0,0.0,0.0,0.0,1.0,0.0,0.0,0.0,0.0,0.0,0.0
n416,0.0030116117950294,1.3372325782325947e-09,0.0125507307066376,0.0074384396459309,0.0024479904573553,0.0087426373119954,0.0028419992268244,0.0158287484647176,0.5004633159050694,0.0025729383397758,0.0542333558894911,1.3372325782325947e-09,0.0025712554404801,0.0097065987345778,0.3616980180500246,0.0145551247793921,0.0013372325782325
n417,0.0006515493961769,2.8930457780804376e-10,0.0027191185010293,0.0016092817843184,0.0005342736269906,0.0050242565054515,0.0051422785092906,0.003424482372294,0.4665714993636897,0.000556644260865,0.105133907105405,2.8930457780804376e-10,0.0005566419645768,0.0020999845039803,0.4025377462879692,0.0031490306615446,0.000289304577808
n422,0.0009320229730805,4.138420115507411e-10,0.0041470954664858,0.002302021770113,0.0010796953888132,0.1341673613278639,0.0007256596331571,0.0048986251244546,0.0304313349862326,0.0007962638627426,0.0129999866919232,4.138420115507411e-10,0.0007957307489043,0.0030039637582829,0.7988019299652843,0.0045044654634266,0.0004138420115507
n423,0.0001642510344978,7.293165563359939e-11,0.0009992646026205,0.000405687819553,0.0005190843132359,0.125086533818899,0.0007578980061376,0.0008632879956196,0.0347116398525292,0.0001403261153052,0.0146674546793286,7.293165563359939e-11,0.0001402825095011,0.0005293909921993,0.8201481287728891,0.0007938376861866,7.293165563359938e-05
n2424,9.566378908228274e-07,4.2477166389560043e-13,3.986072319107946e-06,2.362836303400097e-06,7.780896470800939e-07,2.2407946458507893e-06,1.0980095256456784e-07,5.0281622567885935e-06,1.7030661779529924e-06,8.172933725518067e-07,8.68460733597371e-07,4.2477166389560043e-13,8.166954155944426e-07,3.08433646126454e-06,0.999972199564716,4.623416520109647e-06,4.2477173784091955e-07
SAMN26308463,0.0,0.0,0.0,0.0,0.0,0.0,0.0,0.0,0.0,0.0,0.0,0.0,0.0,0.0,1.0,0.0,0.0
n30,0.000287995809371,1.2787749713351406e-10,0.0012008171705883,0.0046671147331715,0.3792911351292467,0.0029159457687666,3.305557359482017e-05,0.0015432732905784,0.0758451040272001,0.0002460493990342,0.0002614500787379,1.2787749713351406e-10,0.0002458661312499,0.0011161537434021,0.5308262660635863,0.0013918819390646,0.0001278908866521
n32,0.0014545225942341,6.458451922651512e-10,0.0060611151241221,0.0059702731921737,0.4414978462756639,0.0047376334960398,0.0001669471467791,0.0076626224253919,0.0478026824310558,0.0012426577864698,0.0013204534038852,6.458451922651512e-10,0.0012417466901377,0.0048009673427266,0.4683649902637457,0.0070296872955294,0.000645853240354
SAMN26308489,0.0,0.0,0.0,0.0,0.0,0.0,0.0,0.0,0.0,0.0,0.0,0.0,0.0,0.0,1.0,0.0,0.0
SAMN26308470,0.0,0.0,0.0,0.0,0.0,0.0,0.0,0.0,0.0,0.0,0.0,0.0,0.0,0.0,1.0,0.0,0.0
n3636,0.0009908453188168,4.3996063586295337e-10,0.0041340585306486,0.0024700159998644,0.0023902632408688,0.0174041859445444,0.0001137272116177,0.0054067843854493,0.0626841776654907,0.0008465400138074,0.0008995151255414,4.3996063586295337e-10,0.0008458987849048,0.0264497292995799,0.8701354494051693,0.004788757525951,0.0004400506678237
n37,0.001852376914202,8.225026747901711e-10,0.0077233138771052,0.0045957289593882,0.0029362113910263,0.0775305645266565,0.0002126120569131,0.0099156360566866,0.1381184534539658,0.0015825781992455,0.001681635892995,8.225026747901711e-10,0.0015814005992179,0.0071115351078111,0.7353828422452926,0.0089525250894945,0.0008225839849939
n38,1.5144973170192042e-05,6.7247550142754495e-12,6.320175186891169e-05,4.124152825801766e-05,4.033403021479926e-05,0.0009980046929054,1.7383092355231376e-06,0.0003809292377451,0.0011042011936034,1.2939333277194095e-05,1.374900015551813e-05,6.7247550142754495e-12,1.292947966629039e-05,7.11550630329601e-05,0.9971645093183232,7.319572824707279e-05,6.726346846632109e-06
SAMN26308487,0.0,0.0,0.0,0.0,0.0,0.0,0.0,0.0,0.0,0.0,0.0,0.0,0.0,0.0,1.0,0.0,0.0
SAMN11335464,0.0,0.0,0.0,0.0,0.0,0.0,0.0,0.0,0.0,1.0,0.0,0.0,0.0,0.0,0.0,0.0,0.0
SAMN11335463,0.0,0.0,0.0,0.0,0.0,0.0,0.0,0.0,0.0,1.0,0.0,0.0,0.0,0.0,0.0,0.0,0.0
n70,8.446617681046055e-23,3.750514046011037e-29,1.4529298508262185e-19,2.2376400634302043e-22,6.858629789352893e-23,2.230915674123792e-22,9.69485608070102e-24,3.5565388157449375e-19,1.4595032489868273e-22,7.47131866787713e-23,1.0,3.750514046011037e-29,7.210998020462597e-23,3.851291663536958e-21,1.9444769657155597e-21,7.983885955499331e-21,3.750514046011037e-23
n106,1.463317322123663e-06,6.497502761375e-13,2.1689922471119685e-05,3.614274567818381e-06,1.1882095480469422e-06,3.718892890213041e-06,1.67956587769288e-07,2.2972220185748655e-05,2.5284871017977895e-06,1.2501695097524902e-06,0.9999059432589288,6.497502761375e-13,1.2492548748099766e-06,4.734669815359373e-06,2.1757424060981268e-05,7.07219055997796e-06,6.497502761374947e-07
n119119,8.682170345407532e-05,3.855105447131872e-11,0.0003617640520247,0.0002144425340864,7.049897890371203e-05,0.000202242799418,9.965218641231371e-06,0.9953830883738926,0.0001500204733592,7.417519413050896e-05,0.0013439834973516,3.855105447131872e-11,7.412092691003064e-05,0.000279831313702,0.0012908258867164,0.0004196679158358,3.85510544713184e-05
n120120,6.4879972765989025e-06,2.880836547421962e-12,2.703384166551755e-05,1.6024824690009825e-05,5.268235532515543e-06,1.511316502249876e-05,7.446791393493092e-07,0.0003610923484208,1.121070405055532e-05,5.5429511097360036e-06,0.9992027047689976,2.880836547421962e-12,5.538895838246679e-06,2.0911186131778823e-05,9.646061415979298e-05,0.0002229849456558,2.8808365474219386e-06
n126126,1.557183323054312e-10,6.914291786574892e-17,0.9999999913966292,3.846115942766408e-10,1.2644284766801974e-10,3.627308632894411e-10,1.787303365560369e-11,8.184409150875506e-10,2.6906795183449014e-10,1.3303629241211469e-10,2.563743838176896e-09,6.914291786574892e-17,1.3293896189756068e-10,5.018890872093593e-10,2.315149857460259e-09,7.52584352755243e-10,6.914291786574891e-11
SAMN05178548,0.0,0.0,1.0,0.0,0.0,0.0,0.0,0.0,0.0,0.0,0.0,0.0,0.0,0.0,0.0,0.0,0.0
n138138,8.137329004081678e-07,3.613181971862126e-13,7.733521116182362e-06,2.0098539684304684e-06,6.607488254286114e-07,1.8955124491855568e-06,9.339860824550004e-08,4.2779085455391205e-06,1.4060608125654406e-06,1.3990391926982331e-06,0.9998073319841568,3.613181971862126e-13,6.946953864732299e-07,2.622707657927333e-06,1.2377059106086884e-05,0.0001563224583541,3.6131819718622436e-07
n146146,4.890937238256822e-07,2.1717010883914694e-13,2.326739989738348e-06,1.2080216509256117e-06,3.9714272752145594e-07,1.1392967420445517e-06,5.6137183446753384e-08,2.570697460456957e-06,8.451120980821598e-07,6.779191342464058e-06,0.9999597179237928,2.1717010883914694e-13,4.175462898501372e-07,1.5763770326574049e-06,9.76159556880047e-06,1.249795385412788e-05,2.171701088392464e-07
n208,0.0041711532228737,1.8520985963869663e-09,0.0173801397142246,0.0103024086327543,0.0033869646800821,0.0097162998540071,0.0004787564882783,0.0653400765101543,0.0072073958014467,0.0035635802454459,0.5821380626445237,1.8520985963869663e-09,0.0035609730155397,0.0134438652960415,0.2048584211530685,0.072599800440975,0.0018520985963869
n210210,1.3386722293125028e-05,5.944046704708937e-12,5.577997156781811e-05,3.3064113435283784e-05,1.08699808341099e-05,3.118308077217988e-05,1.5365007738040056e-06,0.0001510520825083,2.313111048553899e-05,1.1436947271664602e-05,0.9987101307971996,5.944046704708937e-12,1.1428435807827724e-05,4.3146171249944675e-05,0.0004645107414302,0.0004333992857776,5.944046704708938e-06
n213,4.8904532060119715e-08,2.171486165707274e-14,2.037728007692535e-07,1.2079020989075044e-07,3.971034242391449e-08,1.139183991392222e-07,5.6131627823038755e-09,2.570376228571248e-07,8.450284614522566e-08,4.178106412442848e-08,0.9999950218752528,2.171486165707274e-14,4.175049673265773e-08,2.338856118156817e-06,1.4234173808329791e-06,2.3635486626550514e-07,2.171486165707274e-08
n217,6.405590648905619e-07,2.844245899221544e-13,2.669047411505225e-06,1.5821287033536533e-06,1.771893214099452e-06,1.1970039153920836e-05,7.352206740947193e-08,3.3667182241557024e-06,1.1068312449727608e-06,1.5604721338009882e-06,0.999941132503366,2.844245899221544e-13,5.468544124187251e-07,2.064558485851126e-06,9.523542962065228e-06,2.170690439654495e-05,2.844245899221543e-07
n225,0.0058989842186342,2.6192997014656467e-09,0.3406113546313726,0.0145700104242803,0.0047899585868268,0.0137411158113281,0.0006770734178344,0.0310045064733672,0.0101929398941837,0.0050397341008335,0.3383349180862198,2.6192997014656467e-09,0.0050360469873071,0.0190127633729434,0.1799615872466294,0.0285097018081736,0.0026192997014656
n226226,0.0002172067015891,9.644532474444129e-11,0.0185878161843587,0.0005364828568926,0.0001763712305088,0.0005059620997295,2.4930543695453564e-05,0.001141618003351,0.0003753145917762,0.0001855682233341,0.9728320802409496,9.644532474444129e-11,0.0001854324599996,0.0007000696166103,0.0033849450149338,0.0010497567146356,9.64453247444413e-05
SAMN27404386,0.0,0.0,0.0,0.0,0.0,0.0,0.0,0.0,0.0,0.0,0.0,0.0,0.0,0.0,0.0,1.0,0.0
SAMN27404404,0.0,0.0,0.0,0.0,0.0,0.0,0.0,0.0,0.0,0.0,0.0,0.0,0.0,0.0,0.0,1.0,0.0
SAMN27404365,0.0,0.0,0.0,0.0,0.0,0.0,0.0,0.0,0.0,0.0,0.0,0.0,0.0,0.0,0.0,1.0,0.0
SAMN27404442,0.0,0.0,0.0,0.0,0.0,0.0,0.0,0.0,0.0,0.0,0.0,0.0,0.0,0.0,0.0,1.0,0.0
SAMN26367022,0.0,0.0,0.0,1.0,0.0,0.0,0.0,0.0,0.0,0.0,0.0,0.0,0.0,0.0,0.0,0.0,0.0
SAMN30109982,0.0,0.0,0.0,1.0,0.0,0.0,0.0,0.0,0.0,0.0,0.0,0.0,0.0,0.0,0.0,0.0,0.0
SAMN02801907,1.0,0.0,0.0,0.0,0.0,0.0,0.0,0.0,0.0,0.0,0.0,0.0,0.0,0.0,0.0,0.0,0.0
SAMN13082415,0.0,0.0,0.0,0.0,0.0,0.0,0.0,0.0,0.0,0.0,1.0,0.0,0.0,0.0,0.0,0.0,0.0
n244,0.0047254438465164,1.926079564257467e-09,0.018074378437722,0.1343370258323431,0.0035439388184111,0.010104411625552,0.0004978801291288,0.0233038761496407,0.0074952909050102,0.0037059252347012,0.5389561438671816,1.926079564257467e-09,0.0037032139474017,0.1641700554098134,0.0644919677428987,0.0209643646372618,0.0019260795642574
SAMN13082302,0.0,0.0,0.0,0.0,0.0,0.0,0.0,0.0,0.0,0.0,1.0,0.0,0.0,0.0,0.0,0.0,0.0
SAMN15868503,0.0,0.0,0.0,0.0,0.0,0.0,0.0,0.0,0.0,0.0,0.0,0.0,0.0,1.0,0.0,0.0,0.0
SAMN11285030,0.0,0.0,0.0,0.0,0.0,0.0,0.0,1.0,0.0,0.0,0.0,0.0,0.0,0.0,0.0,0.0,0.0
n252,6.028659581514976e-07,2.676857105371215e-13,2.5119708408143433e-06,1.4890176907875874e-06,4.895219305526214e-07,1.4043151088751585e-06,6.919516649331642e-08,3.168582783480257e-06,1.041692598969158e-06,6.479855548624503e-06,0.9999500960179024,2.676857105371215e-13,5.146710838718509e-07,8.53302331569914e-06,2.041796492157807e-05,2.913618903959603e-06,2.676857105371412e-07
n252252,9.221654692957995e-12,1.108999942625167e-19,3.765380393130039e-12,6.168878160652487e-13,1.0263310220663522e-12,1.5808984801459942e-11,2.866698992525609e-14,4.5219675800520954e-12,9.593452294446709e-13,1.563812110301721e-12,0.999999999929478,1.108999942625167e-19,2.1322400859306266e-13,2.3072005717048065e-12,2.8234983224354107e-11,2.1429652841234477e-12,1.1089999426252125e-13
n318318,1.8614571512463955e-06,8.265345319959242e-13,7.756220563470235e-06,4.597647508785913e-06,1.5114979689576483e-06,4.336085221602959e-06,2.136542680562761e-07,9.783643785949227e-06,3.216438653582227e-06,1.701273761705943e-05,1.3444241753047414e-05,8.265345319959242e-13,1.5891525270797763e-06,5.9996602798376e-06,0.999918854632164,8.99639435235006e-06,8.265345319959239e-07
SAMN11335437,0.0,0.0,0.0,0.0,0.0,0.0,0.0,0.0,0.0,1.0,0.0,0.0,0.0,0.0,0.0,0.0,0.0
n320,6.714945338102465e-07,2.9816072848425683e-13,2.797947676667731e-06,1.658536791225314e-06,5.452516719864644e-07,1.56418186822976e-06,7.707277765346178e-08,3.5293121406539618e-06,1.1602850878597335e-06,5.736841759767589e-07,0.9999711577417096,2.9816072848425683e-13,5.732644636186243e-07,2.164265270829282e-06,9.983477547055311e-06,3.24532295988789e-06,2.981607284842574e-07
SAMN13082402,0.0,0.0,0.0,0.0,0.0,0.0,0.0,0.0,0.0,0.0,1.0,0.0,0.0,0.0,0.0,0.0,0.0
n321,0.0001084828872237,4.8169173469187016e-11,0.0004520207194296,0.0002679438932407,8.808779917395971e-05,0.0002527004415744,1.2451445283940898e-05,0.0005701758564728,0.0034713812481487,9.268119490327625e-05,0.9892049307165456,4.8169173469187016e-11,0.0029441572352491,0.0003496465473299,0.0016128745869202,0.0005242961586962,4.816917346918692e-05
n322,2.279780826056685e-18,1.428541008096428e-25,2.088937261678932e-18,1.3253486522627934e-18,1.809402677266686e-17,4.909330115484616e-18,3.794072403256239e-20,5.4491257458327066e-18,7.083095243021188e-18,1.6143452646428126e-18,0.9999999999999996,1.428541008096428e-25,2.206442378867091e-16,3.3118671733141233e-18,2.563288247676255e-16,8.268952196697017e-18,1.8986876929819109e-19
n364364,2.495186852021841e-11,7.110328680495608e-20,6.672532814988846e-13,1.438865068165455e-12,1.300467422602947e-13,3.7301518734234905e-13,1.870457952344607e-14,2.363916563935713e-12,7.194166301785567e-13,1.3680819304174065e-13,0.999999999632476,7.110328680495608e-20,2.193654439348716e-10,2.4286071534769976e-12,1.1297347371032276e-10,1.5959664780136564e-12,3.605289664067626e-13
SAMN13082370,0.0,0.0,0.0,0.0,0.0,0.0,0.0,0.0,0.0,0.0,1.0,0.0,0.0,0.0,0.0,0.0,0.0
n368,0.0043833534866789,1.946320934250007e-09,0.018264323956138,0.0271229253146064,0.0035592706961006,0.0102105999357678,0.0005031124030663,0.0230384938278179,0.0119639872413346,0.0037448711875228,0.4179814870497684,1.946320934250007e-09,0.0037421314189721,0.0141277988732133,0.2886104245241401,0.1603268225473637,0.0124203936448668
n369369,0.0010292294658688,4.5700417671661216e-10,0.0042885385374929,0.0319600659694556,0.0008357314282342,0.0023974909457706,0.0001181328657125,0.0054095332992363,0.009703034936142,0.0008793111885338,0.7482832698563993,4.5700417671661216e-10,0.0008786678983501,0.0033172654003627,0.1484623312646615,0.0230727931173392,0.0193646029124315
n370370,0.003222840496735,1.431023518019235e-09,0.0134287602121625,0.0161565591398332,0.0026169374143218,0.0075072966559854,0.0003699110811201,0.0169389466593854,0.0101958680462002,0.0027533993222771,0.3424025399790267,1.431023518019235e-09,0.0027513849169351,0.0103873991640291,0.551590750901605,0.0168819679985701,0.0027954351497652
n371,0.0002477888248573,1.1002456811268375e-10,0.0010324732780611,0.02020450035412,0.0002012038273048,0.0005772002080104,2.844069746435687e-05,0.0013023547601738,0.0114886028189091,0.0002116957320831,0.8117016683042417,1.1002456811268375e-10,0.0002115408671952,0.0007986375434151,0.1443029554632757,0.0043194572590617,0.0033714798417768
n376,0.0011401225501718,2.9979788389528705e-11,0.000281331078368,0.0001667643568719,5.4824556635247493e-05,0.0001572770554011,7.749597260575928e-06,0.000354869106374,0.0001166656038903,5.768341889167483e-05,0.9840497178850268,2.9979788389528705e-11,0.01019729293197,0.0002176148929422,0.002841792863831,0.0003263142539293,2.9979788476024034e-05
SAMN13082301,0.0,0.0,0.0,0.0,0.0,0.0,0.0,0.0,0.0,0.0,1.0,0.0,0.0,0.0,0.0,0.0,0.0
SAMN26304469,0.0,0.0,0.0,0.0,0.0,0.0,0.0,0.0,0.0,0.0,0.0,0.0,0.0,0.0,1.0,0.0,0.0
SAMN13082380,0.0,0.0,0.0,0.0,0.0,0.0,0.0,0.0,0.0,0.0,1.0,0.0,0.0,0.0,0.0,0.0,0.0
n384,0.9994838064686952,2.1529936278946933e-12,2.020374564306994e-05,1.1976155147224698e-05,3.937216619215907e-06,1.1294826157311637e-05,5.565360670253707e-07,2.548486715321411e-05,8.378321361778944e-06,4.142525347254749e-06,0.0003127748020512,2.1529936278946933e-12,4.139494694545144e-06,1.5627978208107227e-05,7.208985985784726e-05,2.3434205063219317e-05,2.1529936278946843e-06
n384384,6.02870871463105e-08,1.223267544588746e-17,1.1479173000834871e-10,6.804498614959863e-11,2.237010478761401e-11,6.417387437194535e-11,3.1620739580700944e-12,2.1057108835504666e-10,4.7603153938245216e-11,2.353660848912097e-11,0.9999999207087924,1.223267544588746e-17,2.0203408071681288e-10,4.161221187593086e-10,1.7686331601797053e-08,1.3314624957226978e-10,1.2232675778907595e-11
n416416,0.0012028018813262,5.340747647243881e-10,0.0050118281084984,0.0029708227586843,0.0009767415900593,0.0028487546590457,0.00020589586899,0.0063218136095284,0.0155375866421546,0.0010276009280916,0.0024914886211148,5.340747647243881e-10,0.0010268545475008,0.0038766992734879,0.9501539109481856,0.0058131247304583,0.0005340747647243
SAMN11319300,0.0,0.0,0.0,0.0,0.0,0.0,0.0,0.0,1.0,0.0,0.0,0.0,0.0,0.0,0.0,0.0,0.0
n417417,0.0020066311812638,8.909955102818624e-10,0.0083626185097127,0.0049562182813846,0.0016312019196205,0.0058995076321313,0.0020010012272454,0.0105466648397728,0.4817101866493702,0.0017143438967081,0.0383508837122599,8.909955102818624e-10,0.0017132311651935,0.0064674882545107,0.4240509714585775,0.0096980539799753,0.0008909955102818
SAMN26308786,0.0,0.0,0.0,0.0,0.0,0.0,0.0,0.0,0.0,0.0,0.0,0.0,0.0,0.0,1.0,0.0,0.0
n422422,0.0036635962151912,1.6267303178108564e-09,0.0154007654938787,0.0090487846680516,0.0031408000542672,0.2155310302959926,0.0007385075425531,0.0192555172822596,0.0211444930970526,0.0031299542587447,0.0095730741862908,1.6267303178108564e-09,0.0031276897691952,0.0118079802668925,0.6651049615981807,0.0177061117001777,0.0016267303178108
SAMN26308853,0.0,0.0,0.0,0.0,0.0,0.0,0.0,0.0,0.0,0.0,0.0,0.0,0.0,0.0,1.0,0.0,0.0
n423423,0.0002157068758239,9.577936378684468e-11,0.0051009786455855,0.0005327785222178,0.0053228155849881,0.0163879321614901,9.74829861197748e-05,0.0011337350601317,0.0037605378489306,0.0001842868632263,0.0016244784351025,9.577936378684468e-11,0.000184157848854,0.0006952356434018,0.9636215844220342,0.0010425095467475,9.577936378684468e-05
n433,0.0001642510344978,7.293165563359939e-11,0.0009992646026205,0.000405687819553,0.0005190843132359,0.125086533818899,0.0007578980061376,0.0008632879956196,0.0347116398525292,0.0001403261153052,0.0146674546793285,7.293165563359939e-11,0.0001402825095011,0.0005293909921993,0.8201481287728892,0.0007938376861866,7.293165563359938e-05
n25,8.259343962378003e-07,3.667359730616337e-13,3.4414604747050655e-06,2.0399948339370867e-06,6.709472288690542e-07,1.926703340732063e-06,9.47990711352105e-08,4.341070034588461e-06,1.4383264577315402e-06,7.056282253350659e-07,7.498047051460839e-07,3.667359730616337e-13,7.051119775414602e-07,2.6622655312026542e-06,0.9999760394885095,3.991728490119269e-06,3.6673598957382705e-07
SAMN26305017,0.0,0.0,0.0,0.0,0.0,0.0,0.0,0.0,0.0,0.0,0.0,0.0,0.0,0.0,1.0,0.0,0.0
n3030,0.000287995809371,1.2787749713351406e-10,0.0012008171705883,0.0046671147331715,0.3792911351292467,0.0029159457687666,3.305557359482017e-05,0.0015432732905784,0.0758451040272001,0.0002460493990342,0.0002614500787379,1.2787749713351406e-10,0.0002458661312499,0.0011161537434021,0.5308262660635863,0.0013918819390646,0.0001278908866521
SAMN11319381,0.0,0.0,0.0,0.0,0.0,0.0,0.0,0.0,1.0,0.0,0.0,0.0,0.0,0.0,0.0,0.0,0.0
SAMN06702094,0.0,0.0,0.0,0.0,1.0,0.0,0.0,0.0,0.0,0.0,0.0,0.0,0.0,0.0,0.0,0.0,0.0
SAMN26308485,0.0,0.0,0.0,0.0,0.0,0.0,0.0,0.0,0.0,0.0,0.0,0.0,0.0,0.0,1.0,0.0,0.0
SAMN15868206,0.0,0.0,0.0,0.0,0.0,0.0,0.0,0.0,0.0,0.0,0.0,0.0,0.0,1.0,0.0,0.0,0.0
SAMN26305019,0.0,0.0,0.0,0.0,0.0,0.0,0.0,0.0,0.0,0.0,0.0,0.0,0.0,0.0,1.0,0.0,0.0
SAMN11319340,0.0,0.0,0.0,0.0,0.0,0.0,0.0,0.0,1.0,0.0,0.0,0.0,0.0,0.0,0.0,0.0,0.0
SAMN10093614,0.0,0.0,0.0,0.0,0.0,1.0,0.0,0.0,0.0,0.0,0.0,0.0,0.0,0.0,0.0,0.0,0.0
n3838,1.5144973170192042e-05,6.7247550142754495e-12,6.320175186891169e-05,4.124152825801766e-05,4.033403021479926e-05,0.0009980046929054,1.7383092355231376e-06,0.0003809292377451,0.0011042011936034,1.2939333277194095e-05,1.374900015551813e-05,6.7247550142754495e-12,1.292947966629039e-05,7.11550630329601e-05,0.9971645093183232,7.319572824707279e-05,6.726346846632109e-06
SAMN26308475,0.0,0.0,0.0,0.0,0.0,0.0,0.0,0.0,0.0,0.0,0.0,0.0,0.0,0.0,1.0,0.0,0.0
n7070,8.446617681046055e-23,3.750514046011037e-29,1.4529298508262305e-19,2.2376400634302043e-22,6.858629789352893e-23,2.230915674123792e-22,9.69485608070102e-24,3.556538815744908e-19,1.4595032489868273e-22,7.47131866787713e-23,1.0,3.750514046011037e-29,7.210998020462597e-23,3.851291663536958e-21,1.9444769657155597e-21,7.983885955499265e-21,3.750514046011037e-23
n104104,0.0001281213842645,5.688916788342812e-11,0.0034865699752194,0.0003164493809648,0.0001040342035117,0.0002984464297303,1.470551205539272e-05,0.0006733939506499,0.0002213827873692,0.0001094591348938,0.991544166747095,5.688916788342812e-11,0.0001093790536338,0.0004129425459965,0.0019048508940869,0.0006192087188663,5.688916788342764e-05
n106106,0.00018491601574,8.210743525881684e-11,0.0007792849140134,0.0004567274935977,0.0001501512844598,0.0004309188787457,2.1224284410523692e-05,0.0043705285404284,0.0003195190500691,0.0001579810211005,0.988649825282388,8.210743525881684e-11,0.0001578654408043,0.0005960052105779,0.0027492486675175,0.000893696316673,8.210743525881616e-05
n107107,1.2837378509400875e-06,5.700124030008532e-13,0.000498038496578,3.1707279045019606e-06,1.0423915227509137e-06,1.2793042571594322e-05,1.4734482109544445e-07,8.592128695654236e-06,2.2181891440203404e-06,1.0967477084405466e-06,0.999439897809261,5.700124030008532e-13,1.0959453182291104e-06,4.716251562906145e-06,1.9132887835145408e-05,6.204285682704193e-06,5.700124030008485e-07
n120,0.0,0.0,0.0,0.0,0.0,0.0,0.0,1.0,0.0,0.0,0.0,0.0,0.0,0.0,0.0,0.0,0.0
SAMN09400801,0.0,0.0,0.0,0.0,0.0,0.0,0.0,1.0,0.0,0.0,0.0,0.0,0.0,0.0,0.0,0.0,0.0
n121,6.4879972765989025e-06,2.880836547421962e-12,2.703384166551755e-05,1.6024824690009825e-05,5.268235532515543e-06,1.511316502249876e-05,7.446791393493092e-07,0.0003610923484208,1.121070405055532e-05,5.5429511097360036e-06,0.9992027047689976,2.880836547421962e-12,5.538895838246679e-06,2.0911186131778823e-05,9.646061415979298e-05,0.0002229849456558,2.8808365474219386e-06
n121121,4.345375034205476e-05,1.9294575316709078e-11,0.0001810607736777,0.0001073272231273,3.5284323006540734e-05,0.0001012213279026,4.98753313644795e-06,0.0006661766448645,7.508436181509343e-05,3.7124247038362334e-05,0.995901927648052,1.9294575316709078e-11,3.709708661468306e-05,0.0001400539215396,0.0006460507405974,0.0020038558043796,1.9294575316708924e-05
n127,6.261924897063039e-07,2.780454635167065e-13,0.999975144216758,1.5466444330883856e-06,5.08466539646032e-07,1.4586551179537109e-06,7.18731011160256e-08,3.291208855813748e-06,1.0820070326012518e-06,5.349808589231365e-07,5.685390656203151e-07,2.780454635167065e-13,5.345894622498614e-07,2.018254192830795e-06,9.309947209315716e-06,3.0263788636103953e-06,2.7804546351670416e-07
n127127,1.557183323054312e-10,6.914291786574892e-17,0.9999999913966292,3.846115942766408e-10,1.2644284766801974e-10,3.627308632894411e-10,1.787303365560369e-11,8.184409150875506e-10,2.6906795183449014e-10,1.3303629241211469e-10,2.563743838176896e-09,6.914291786574892e-17,1.3293896189756068e-10,5.018890872093593e-10,2.315149857460259e-09,7.52584352755243e-10,6.914291786574891e-11
n139,8.233240783885164e-06,3.6557692524764526e-12,3.430672625251047e-05,2.03354339663904e-05,6.685368349623725e-06,1.9178541749026538e-05,9.449946415842524e-07,4.327313973795749e-05,1.4226335473045054e-05,7.034126589989804e-06,0.0002139434020965,3.6557692524764526e-12,7.028835119525472e-06,2.653620572877707e-05,0.000122408164228,0.9994722097087192,3.6557692524764527e-06
n143,0.0001163356443839,5.1655998272046865e-11,0.0024429546509872,0.0002873395636547,9.446421589169608e-05,0.000270992683353,1.3352768788594134e-05,0.0006114495284747,0.0002010180374801,9.961327688544458e-05,0.9833201749659908,5.1655998272046865e-11,9.931739935247698e-05,0.0003749564325877,0.0017297142475974,0.0102866604829881,5.1655998272046867e-05
n147,6.226116127070035e-17,2.0435438012591536e-25,6.585866965736745e-15,7.060201424156021e-17,3.775642978722157e-19,1.0635198431934912e-17,5.2824393681971135e-20,2.756553950592438e-15,1.3202070381349009e-17,2.1503916597157671e-16,0.9999999999999896,2.0435438012591536e-25,3.929058823624812e-19,2.944241022776232e-17,6.721845639053078e-17,4.713992654357528e-16,4.3423776914441305e-18
n200200,0.0001595699723244,7.085314443663208e-11,0.0006650035081011,0.0003941248313268,0.0001295703685256,0.0003717028878962,1.8315117067811615e-05,0.0008386847997293,0.0002757232561636,0.0053106550984248,0.985942479962438,7.085314443663208e-11,0.0001362271619325,0.0005143031431832,0.0043975225102911,0.0007752640964522,7.085314443663207e-05
n208208,0.0051084938263027,2.2683017716689055e-09,0.0212858005096895,0.0126175635572109,0.0041480826125549,0.0118997445470262,0.0005863425374211,0.0983096218155152,0.0088270401464766,0.0043643871474579,0.4349908256602969,2.2683017716689055e-09,0.0043611940615748,0.0164649676472826,0.3110570702868096,0.0637105593361077,0.0022683017716689
SAMN27404459,0.0,0.0,0.0,0.0,0.0,0.0,0.0,0.0,0.0,0.0,0.0,0.0,0.0,0.0,0.0,1.0,0.0
n211,0.0001941501043341,8.620760650884527e-11,0.0008089749483836,0.0004795349401152,0.000157649338415,0.0004522539762031,2.228415432934619e-05,0.0010774944953646,0.0003354747649054,0.0001658701679351,0.9889573233400912,8.620760650884527e-11,0.0001657487139783,0.0006257568855459,0.0030742656053195,0.003397010786155,8.620760650884527e-05
SAMN13082394,0.0,0.0,0.0,0.0,0.0,0.0,0.0,0.0,0.0,0.0,1.0,0.0,0.0,0.0,0.0,0.0,0.0
n213213,4.890453206011931e-08,2.1714861657072564e-14,2.037728007692535e-07,1.2079020989075044e-07,3.971034242391449e-08,1.139183991392222e-07,5.6131627823038755e-09,2.570376228571248e-07,8.450284614522566e-08,4.1781064124428137e-08,0.9999950218752528,2.1714861657072564e-14,4.175049673265773e-08,2.338856118156817e-06,1.4234173808329791e-06,2.3635486626550514e-07,2.171486165707256e-08
SAMN13082305,0.0,0.0,0.0,0.0,0.0,0.0,0.0,0.0,0.0,0.0,1.0,0.0,0.0,0.0,0.0,0.0,0.0
n217217,0.0019931782701512,8.850220740519304e-10,0.0083050691098106,0.0049229879411807,0.0016185461564721,0.0046436786860125,0.0002287729503431,0.0104759576037296,0.0034440414744404,0.0450663165708613,0.0745103563081061,8.850220740519304e-10,0.001701604725582,0.0064241275117793,0.029633674595117,0.8061466642523177,0.0008850220740519
n221221,6.405590648905619e-07,2.844245899221544e-13,2.669047411505225e-06,1.5821287033536533e-06,1.771893214099452e-06,1.1970039153920836e-05,7.352206740947193e-08,3.3667182241557024e-06,1.1068312449727608e-06,1.5604721338009882e-06,0.999941132503366,2.844245899221544e-13,5.468544124187251e-07,2.064558485851126e-06,9.523542962065228e-06,2.170690439654495e-05,2.844245899221543e-07
n225225,1.1763380437978394e-05,5.22324144758591e-12,0.0001071940568918,2.905459130823043e-05,9.55183181555537e-06,2.7401662208278946e-05,1.3501768954169657e-06,6.182722167418227e-05,2.0326114685639405e-05,1.0049918314256406e-05,7.197810781937162e-05,5.22324144758591e-12,1.0042565706159644e-05,3.791404764683184e-05,0.9995394708323648,5.685224033715609e-05,5.22324144758591e-06
n226,0.0003428337294354,1.5222693465189336e-10,0.9785189975214954,0.0008467713807217,0.0002783800236277,0.0007985981663284,3.934975859140724e-05,0.0018019018511682,0.000592387344722,0.0002928963314893,0.0064759470232581,1.5222693465189336e-10,0.0002926820459727,0.0011049727092724,0.0068051446282786,0.0016569102465324,0.0001522269346518
n227,2.494624221352137e-07,1.1076768874231309e-13,1.2595021302524015e-05,6.161518587378087e-07,2.0256278483036122e-07,5.810986953152376e-07,2.8632789733995733e-08,1.3111510380920957e-06,4.310497164323481e-07,2.1312555333503294e-07,0.9999776277392411,1.1076768874231309e-13,2.1296962881703237e-07,8.040316479427867e-07,3.8105872845580897e-06,1.2056481258166009e-06,1.107676887423131e-07
SAMN04122807,0.0,0.0,1.0,0.0,0.0,0.0,0.0,0.0,0.0,0.0,0.0,0.0,0.0,0.0,0.0,0.0,0.0
SAMN22677346,0.0,0.0,0.0,1.0,0.0,0.0,0.0,0.0,0.0,0.0,0.0,0.0,0.0,0.0,0.0,0.0,0.0
SAMN15868742,0.0,0.0,0.0,0.0,0.0,0.0,0.0,0.0,0.0,0.0,0.0,0.0,0.0,1.0,0.0,0.0,0.0
SAMN15868722,0.0,0.0,0.0,0.0,0.0,0.0,0.0,0.0,0.0,0.0,0.0,0.0,0.0,1.0,0.0,0.0,0.0
SAMN26305097,0.0,0.0,0.0,0.0,0.0,0.0,0.0,0.0,0.0,0.0,0.0,0.0,0.0,0.0,1.0,0.0,0.0
n253,0.0001227727021928,5.4514215593523594e-11,0.0005115627527608,0.0003032385675547,0.0021132960041318,0.0375180090044257,1.4091600992363315e-05,0.0006452817716903,0.0002121407194794,0.0001048895442794,0.9452889759507188,5.4514215593523594e-11,0.0001048128059005,0.0003957034323916,0.0120173522083493,0.0005933586105099,5.4514215593523584e-05
n257,9.221654692957995e-12,1.108999942625167e-19,3.765380393130039e-12,6.168878160652487e-13,1.0263310220663522e-12,1.5808984801459942e-11,2.866698992525609e-14,4.5219675800520954e-12,9.593452294446709e-13,1.563812110301721e-12,0.999999999929478,1.108999942625167e-19,2.1322400859306266e-13,2.3072005717048065e-12,2.8234983224354107e-11,2.1429652841234477e-12,1.1089999426252125e-13
SAMN26308832,0.0,0.0,0.0,0.0,0.0,0.0,0.0,0.0,0.0,0.0,0.0,0.0,0.0,0.0,1.0,0.0,0.0
SAMN26308830,0.0,0.0,0.0,0.0,0.0,0.0,0.0,0.0,0.0,0.0,0.0,0.0,0.0,0.0,1.0,0.0,0.0
SAMN13082397,0.0,0.0,0.0,0.0,0.0,0.0,0.0,0.0,0.0,0.0,1.0,0.0,0.0,0.0,0.0,0.0,0.0
SAMN13082293,0.0,0.0,0.0,0.0,0.0,0.0,0.0,0.0,0.0,0.0,1.0,0.0,0.0,0.0,0.0,0.0,0.0
n321321,0.0001084828872237,4.8169173469187016e-11,0.0004520207194296,0.0002679438932407,8.808779917395971e-05,0.0002527004415744,1.2451445283940898e-05,0.0005701758564728,0.0034713812481487,9.268119490327625e-05,0.9892049307165456,4.8169173469187016e-11,0.0029441572352491,0.0003496465473299,0.0016128745869202,0.0005242961586962,4.816917346918692e-05
SAMN11319182,0.0,0.0,0.0,0.0,0.0,0.0,0.0,0.0,1.0,0.0,0.0,0.0,0.0,0.0,0.0,0.0,0.0
n322322,0.0002183975896177,9.697410945423056e-11,0.0009100074500881,0.0005394242533004,0.0001773382282372,0.0005087361587394,2.506723140268627e-05,0.0050790090254659,0.0003773723443735,0.0001865856457895,0.9866881817008254,9.697410945423056e-11,0.0001864491381,0.0007039079168082,0.0032470367553221,0.001055512258527,9.697410945423056e-05
n323,2.279780826056685e-18,1.428541008096428e-25,2.088937261678932e-18,1.3253486522627934e-18,1.809402677266686e-17,4.909330115484616e-18,3.794072403256239e-20,5.4491257458327066e-18,7.083095243021188e-18,1.6143452646428126e-18,0.9999999999999996,1.428541008096428e-25,2.206442378867091e-16,3.3118671733141233e-18,2.563288247676255e-16,8.268952196697017e-18,1.8986876929819109e-19
n365,2.4951868520218457e-11,7.110328680495622e-20,6.672532814988859e-13,1.4388650681654578e-12,1.3004674226029497e-13,3.730151873423498e-13,1.8704579523446108e-14,2.3639165639357173e-12,7.194166301785582e-13,1.368081930417409e-13,0.999999999632476,7.110328680495622e-20,2.1936544393487289e-10,2.4286071534770025e-12,1.1297347371032205e-10,1.5959664780136594e-12,3.605289664067633e-13
n366,2.4951868520218457e-11,7.110328680495622e-20,6.672532814988859e-13,1.4388650681654578e-12,1.3004674226029497e-13,3.730151873423498e-13,1.8704579523446108e-14,2.3639165639357173e-12,7.194166301785582e-13,1.368081930417409e-13,0.999999999632476,7.110328680495622e-20,2.19365443934872e-10,2.4286071534770025e-12,1.1297347371032298e-10,1.5959664780136594e-12,3.605289664067633e-13
n368368,9.533303679093441e-08,4.23303039202452e-14,3.972286226572681e-07,2.8524085397092e-07,7.741015762049473e-08,2.220691309861695e-07,1.0942132180297462e-08,5.010614788300551e-07,1.7813600390130779e-07,8.144676076820686e-08,1.351081587956983e-06,4.23303039202452e-14,8.138717364250324e-08,3.0726382761426165e-07,0.999995451335216,8.857414293703176e-07,7.432250306872843e-08
SAMN27404369,0.0,0.0,0.0,0.0,0.0,0.0,0.0,0.0,0.0,0.0,0.0,0.0,0.0,0.0,0.0,1.0,0.0
SAMN28174099,0.0,0.0,0.0,0.0,0.0,0.0,0.0,0.0,0.0,0.0,0.0,0.0,0.0,0.0,0.0,0.0,1.0
SAMN29767728,0.0,0.0,0.0,1.0,0.0,0.0,0.0,0.0,0.0,0.0,0.0,0.0,0.0,0.0,0.0,0.0,0.0
SAMN26308827,0.0,0.0,0.0,0.0,0.0,0.0,0.0,0.0,0.0,0.0,0.0,0.0,0.0,0.0,1.0,0.0,0.0
SAMN26304561,0.0,0.0,0.0,0.0,0.0,0.0,0.0,0.0,0.0,0.0,0.0,0.0,0.0,0.0,1.0,0.0,0.0
n371371,0.0002477888248573,1.1002456811268409e-10,0.0010324732780611,0.0202045003541201,0.0002012038273048,0.0005772002080104,2.844069746435697e-05,0.0013023547601738,0.0114886028189091,0.0002116957320831,0.8117016683042412,1.1002456811268409e-10,0.0002115408671952,0.0007986375434151,0.1443029554632762,0.0043194572590617,0.0033714798417768
n373373,0.0002477888248573,1.1002456811268409e-10,0.0010324732780611,0.0202045003541201,0.0002012038273048,0.0005772002080104,2.844069746435697e-05,0.0013023547601738,0.0114886028189091,0.0002116957320831,0.8117016683042412,1.1002456811268409e-10,0.0002115408671952,0.0007986375434151,0.1443029554632762,0.0043194572590617,0.0033714798417768
n376376,0.0454035141270367,5.171576180214977e-10,0.0048530199237511,0.0028767200185965,0.0009457350649102,0.0027130620898279,0.0001336821730621,0.0061215662748424,0.0020125060578243,0.0009950510365768,0.4126053140086492,5.171576180214977e-10,0.4191971080866341,0.003753902393484,0.0922426709891082,0.0056289891033229,0.0005171576180576
SAMN13082292,0.0,0.0,0.0,0.0,0.0,0.0,0.0,0.0,0.0,0.0,1.0,0.0,0.0,0.0,0.0,0.0,0.0
SAMN02801826,1.0,0.0,0.0,0.0,0.0,0.0,0.0,0.0,0.0,0.0,0.0,0.0,0.0,0.0,0.0,0.0,0.0
SAMN02801822,1.0,0.0,0.0,0.0,0.0,0.0,0.0,0.0,0.0,0.0,0.0,0.0,0.0,0.0,0.0,0.0,0.0
n385,6.028708714631074e-08,1.2232675445887508e-17,1.1479173000834919e-10,6.804498614959891e-11,2.2370104787614097e-11,6.417387437194561e-11,3.162073958070107e-12,2.1057108835504754e-10,4.760315393824541e-11,2.3536608489121063e-11,0.9999999207087924,1.2232675445887508e-17,2.020340807168137e-10,4.1612211875931024e-10,1.7686331601797053e-08,1.3314624957227035e-10,1.2232675778907644e-11
n387,6.02870871463105e-08,1.223267544588746e-17,1.1479173000834871e-10,6.804498614959863e-11,2.237010478761401e-11,6.417387437194535e-11,3.1620739580700944e-12,2.1057108835504666e-10,4.7603153938245216e-11,2.353660848912097e-11,0.9999999207087924,1.223267544588746e-17,2.0203408071681288e-10,4.161221187593086e-10,1.7686331601797053e-08,1.3314624957226978e-10,1.2232675778907595e-11
SAMN26304753,0.0,0.0,0.0,0.0,0.0,0.0,0.0,0.0,0.0,0.0,0.0,0.0,0.0,0.0,1.0,0.0,0.0
SAMN26308761,0.0,0.0,0.0,0.0,0.0,0.0,0.0,0.0,0.0,0.0,0.0,0.0,0.0,0.0,1.0,0.0,0.0
n418,0.0044442405159694,1.9733563314077604e-09,0.0185187629562925,0.0109769133541926,0.0036096112156767,0.0109575960351753,0.0013846604911297,0.0233585103366202,0.243888481346445,0.0037968893712035,0.022076760134582,1.9733563314077604e-09,0.0037941814208385,0.0143240418666979,0.6154170256085124,0.0214789650685433,0.0019733563314077
n418418,0.0025735112372947,1.1427047379217983e-09,0.0107240663558843,0.0063563647372542,0.0020907777318253,0.0067299125336856,0.0013578128121776,0.0135261331203219,0.543496965131254,0.0021986518120343,0.0242542383090553,1.1427047379217983e-09,0.0021971281592196,0.0082945745863619,0.3626193939956422,0.0124377624546571,0.0011427047379217
SAMN10093593,0.0,0.0,0.0,0.0,0.0,1.0,0.0,0.0,0.0,0.0,0.0,0.0,0.0,0.0,0.0,0.0,0.0
SAMN26304560,0.0,0.0,0.0,0.0,0.0,0.0,0.0,0.0,0.0,0.0,0.0,0.0,0.0,0.0,1.0,0.0,0.0
n424,0.0005435583332437,2.413537868938461e-10,0.0146829169307694,0.001342544895071,0.0156534446317862,0.0148119337445026,0.0001244018400275,0.0028568914981109,0.0038280614608229,0.0004643832507954,0.0017116906174327,2.413537868938461e-10,0.0004640484595071,0.0017519196259456,0.938895839960044,0.0026270104823389,0.0002413537868938
n425425,1.4090998530017667e-05,6.256763346887321e-12,0.0002001691570847,3.480362215856207e-05,0.0001847244897649,0.0045776918879957,4.065420022661925e-06,7.406096354011947e-05,0.0001383900004748,1.2038493946496212e-05,6.088409418709192e-05,6.256763346887321e-12,1.2029882108359126e-05,4.541609553993604e-05,0.994567276485899,6.810163288687037e-05,6.25676334688732e-06
n433433,0.0001642510344978,7.293165563359939e-11,0.0009992646026205,0.000405687819553,0.0005190843132359,0.125086533818899,0.0007578980061376,0.0008632879956196,0.0347116398525292,0.0001403261153052,0.0146674546793285,7.293165563359939e-11,0.0001402825095011,0.0005293909921993,0.8201481287728892,0.0007938376861866,7.293165563359938e-05
n435,0.0002373628975005,1.0539519068355615e-10,0.0009903627934655,0.0005862670234966,0.00019436932433,0.0010803320105008,3.0369721959417396e-05,0.0012475570741223,0.0005557505057377,0.0002027884538201,0.0002768875287183,1.0539519068355615e-10,0.0002026403417921,0.0007650341905243,0.992377711363844,0.0011471713687139,0.0001053951906835
SAMN26309412,0.0,0.0,0.0,0.0,0.0,0.0,0.0,0.0,0.0,0.0,0.0,0.0,0.0,0.0,1.0,0.0,0.0
SAMN26308462,0.0,0.0,0.0,0.0,0.0,0.0,0.0,0.0,0.0,0.0,0.0,0.0,0.0,0.0,1.0,0.0,0.0
n31,0.0001103485294702,4.8997566290400976e-11,0.0004597972972548,0.0002867800486555,0.0014529950519865,0.0002651214002077,1.2665579908724902e-05,0.0005800879417657,0.0004616824273159,9.427509813021186e-05,0.0001001772622373,4.8997566290400976e-11,9.42061139334623e-05,0.000356335553572,0.995143217194453,0.0005333127886637,4.8997614449790506e-05
SAMN25226641,0.0,0.0,0.0,1.0,0.0,0.0,0.0,0.0,0.0,0.0,0.0,0.0,0.0,0.0,0.0,0.0,0.0
n39,1.5144973170192042e-05,6.7247550142754495e-12,6.320175186891169e-05,4.124152825801766e-05,4.033403021479926e-05,0.0009980046929054,1.7383092355231376e-06,0.0003809292377451,0.0011042011936034,1.2939333277194095e-05,1.374900015551813e-05,6.7247550142754495e-12,1.292947966629039e-05,7.11550630329601e-05,0.9971645093183232,7.319572824707279e-05,6.726346846632109e-06
n4444,0.0001587208476356,7.047611138123101e-11,0.0006614139721187,0.0003945868384876,0.000147592429527,0.0010122511348802,1.821765626205377e-05,0.0010353295274356,0.0009937378424308,0.000135601717813,0.0001440909095251,7.047611138123101e-11,0.0001355022520714,0.000526477449891,0.9937989044420796,0.0007670956651145,7.047717377496024e-05
n71,8.446617681046055e-23,3.750514046011037e-29,1.4529298508262426e-19,2.2376400634302043e-22,6.858629789352893e-23,2.230915674123792e-22,9.69485608070102e-24,3.556538815744908e-19,1.4595032489868273e-22,7.47131866787713e-23,1.0,3.750514046011037e-29,7.210998020462597e-23,3.8512916635369255e-21,1.9444769657155597e-21,7.983885955499265e-21,3.750514046011037e-23
SAMN13082233,0.0,0.0,0.0,0.0,0.0,0.0,0.0,0.0,0.0,0.0,1.0,0.0,0.0,0.0,0.0,0.0,0.0
n105,8.478623955815214e-05,3.7647256499102655e-11,0.994686246649456,0.0002094151040946,6.884618794765963e-05,0.0001975013822371,9.73159223271548e-06,0.0004456285041294,0.0001465033659422,7.243621731228046e-05,0.0020252691594949,3.7647256499102655e-11,7.23832223424448e-05,0.000273270897201,0.0012605635285294,0.0004097706177283,3.764725649910234e-05
n105105,3.363412682985607e-10,1.4934411603647823e-16,2.0675770576365615e-09,8.307355306606051e-10,2.731081634532774e-10,7.834746031732786e-10,3.860456709925179e-11,1.767778085807179e-09,5.811689275030337e-10,2.8734956672836263e-10,0.999999984887229,1.4934411603647823e-16,2.8713933927328663e-10,1.0840471358638815e-09,5.000570118051904e-09,1.6255322797245322e-09,1.4934411603647827e-10
n107,1.2888402090188396e-08,5.7227798034384746e-15,5.3802647825455265e-08,3.1833303132625804e-08,1.0465346231537053e-08,3.0024280273944254e-08,1.4793045938423251e-09,1.0639627123740128e-07,2.227005582120147e-08,1.1011068535155451e-08,0.9999994076549364,5.7227798034384746e-15,1.1003012741154543e-08,4.1540174132934346e-08,1.916189526317633e-07,6.2289453023865e-08,5.722779803438476e-09
SAMN12220343,0.0,0.0,0.0,0.0,0.0,0.0,0.0,1.0,0.0,0.0,0.0,0.0,0.0,0.0,0.0,0.0,0.0
n108,1.2837378509400875e-06,5.700124030008532e-13,0.000498038496578,3.1707279045019606e-06,1.0423915227509137e-06,1.2793042571594322e-05,1.4734482109544445e-07,8.592128695654236e-06,2.2181891440203404e-06,1.0967477084405466e-06,0.999439897809261,5.700124030008532e-13,1.0959453182291104e-06,4.716251562906145e-06,1.9132887835145096e-05,6.204285682704193e-06,5.700124030008485e-07
n117117,1.3247071708409097e-07,5.882038277289397e-14,1.324472371384069e-06,3.27191878684826e-07,1.0756584952299061e-07,3.239476838919889e-07,1.5204719635591252e-08,6.991463373634191e-07,2.288980622650771e-07,1.1317494088926209e-07,0.9999935183295072,5.882038277289397e-14,1.1309214111311345e-07,4.2786803885578937e-07,1.9695882728513735e-06,6.402289788218874e-07,5.882038277289396e-08
SAMN16340122,0.0,0.0,0.0,0.0,0.0,0.0,0.0,1.0,0.0,0.0,0.0,0.0,0.0,0.0,0.0,0.0,0.0
SAMN16340164,0.0,0.0,0.0,0.0,0.0,0.0,0.0,1.0,0.0,0.0,0.0,0.0,0.0,0.0,0.0,0.0,0.0
SAMN16340141,0.0,0.0,0.0,0.0,0.0,0.0,0.0,1.0,0.0,0.0,0.0,0.0,0.0,0.0,0.0,0.0,0.0
SAMN13082383,0.0,0.0,0.0,0.0,0.0,0.0,0.0,0.0,0.0,0.0,1.0,0.0,0.0,0.0,0.0,0.0,0.0
n122,0.0015905707667995,7.06254056669276e-10,0.0066275055975364,0.003928580208711,0.0012915389870549,0.0037050814687156,0.0001825624794829,0.0877936193046188,0.0027483701638361,0.0013588871297379,0.0868797225578697,7.06254056669276e-10,0.0013578929560342,0.0051265005119958,0.0236478880136843,0.7730550243847447,0.0007062540566692
SAMN13082409,0.0,0.0,0.0,0.0,0.0,0.0,0.0,0.0,0.0,0.0,1.0,0.0,0.0,0.0,0.0,0.0,0.0
SAMN05374486,0.0,0.0,1.0,0.0,0.0,0.0,0.0,0.0,0.0,0.0,0.0,0.0,0.0,0.0,0.0,0.0,0.0
SAMN05374481,0.0,0.0,1.0,0.0,0.0,0.0,0.0,0.0,0.0,0.0,0.0,0.0,0.0,0.0,0.0,0.0,0.0
n128,4.5026508813191455e-55,1.9992920259031815e-61,1.0,1.1121180841691237e-54,3.656139845963768e-55,1.0488491734347311e-54,5.168051156841442e-56,2.3665509725588522e-54,7.780195385640177e-55,3.8467916423732926e-55,4.0876542864715096e-55,1.9992920259031815e-61,3.8439772959784265e-55,1.4512301200446804e-54,6.694338034415044e-54,2.176124383707007e-54,1.9992920259031807e-55
SAMN04096287,0.0,0.0,1.0,0.0,0.0,0.0,0.0,0.0,0.0,0.0,0.0,0.0,0.0,0.0,0.0,0.0,0.0
n139139,8.233240783885164e-06,3.6557692524764526e-12,3.430672625251047e-05,2.03354339663904e-05,6.685368349623725e-06,1.9178541749026538e-05,9.449946415842524e-07,4.327313973795749e-05,1.4226335473045054e-05,7.034126589989804e-06,0.0002139434020965,3.6557692524764526e-12,7.028835119525472e-06,2.653620572877707e-05,0.000122408164228,0.9994722097087192,3.6557692524764527e-06
SAMN27404456,0.0,0.0,0.0,0.0,0.0,0.0,0.0,0.0,0.0,0.0,0.0,0.0,0.0,0.0,0.0,1.0,0.0
n143143,0.0001175890577687,5.221254583737795e-11,0.0023563440663162,0.0002904353925986,9.548198403332703e-05,0.0002739123891604,1.349663302911434e-05,0.0006180373364462,0.0002031838285419,0.000100673651667,0.9832965046307712,5.221254583737795e-11,0.0001003874562413,0.0003789962555829,0.0017483452856403,0.01035439938194,5.221254583737795e-05
n145145,0.0037045149666484,1.6448992888583302e-09,0.3938204811365202,0.0091498501573319,0.0030080557290651,0.0086293109618292,0.0004251966977576,0.0194705824455456,0.0064010848296346,0.0031649495327945,0.1653922665319702,1.6448992888583302e-09,0.0031625972787472,0.0119398635192019,0.0550770704954092,0.3150092731388868,0.0016448992888583
n147147,6.226116127070061e-17,2.0435438012591536e-25,6.585866965736773e-15,7.060201424156049e-17,3.775642978722157e-19,1.0635198431934869e-17,5.2824393681971135e-20,2.7565539505924273e-15,1.3202070381348956e-17,2.1503916597157671e-16,0.9999999999999896,2.0435438012591536e-25,3.929058823624812e-19,2.9442410227762196e-17,6.721845639053108e-17,4.7139926543575095e-16,4.3423776914441136e-18
SAMN11335376,0.0,0.0,0.0,0.0,0.0,0.0,0.0,0.0,0.0,1.0,0.0,0.0,0.0,0.0,0.0,0.0,0.0
n201,0.0036411672360132,1.6167712780362132e-09,0.0151718853618321,0.0089933864236618,0.0029566175500387,0.0084817485221311,0.0004179257740013,0.0191376326910209,0.0062916253724017,0.2183051388452602,0.5441848142131204,1.6167712780362132e-09,0.0031085164173321,0.0117356901618678,0.1383571402997509,0.0175999366199887,0.0016167712780362
n207,2.849432994398079e-07,1.2652210473792086e-13,1.1873346531784487e-06,7.037867350199484e-07,2.313731573648117e-07,6.637479830673622e-07,3.270521270955596e-08,1.4976352046762405e-06,4.923576359580422e-07,2.391118650044469e-06,0.9999847710535488,1.2652210473792086e-13,2.432601599720103e-07,9.18388543885532e-07,5.076959022175075e-06,1.37881383612547e-06,1.265221047379209e-07
n209,0.0051084938263027,2.2683017716689055e-09,0.0212858005096895,0.0126175635572109,0.0041480826125549,0.0118997445470262,0.0005863425374211,0.0983096218155152,0.0088270401464766,0.0043643871474579,0.4349908256602969,2.2683017716689055e-09,0.0043611940615748,0.0164649676472826,0.3110570702868096,0.0637105593361077,0.0022683017716689
n210,0.0002717675584981,1.206717391434611e-10,0.001132386597165,0.000671243728334,0.0002206744927944,0.0006330563630411,3.119292794641664e-05,0.0017788434536007,0.000469591083192,0.0002321817084261,0.0023572876083949,1.206717391434611e-10,0.0002320118419539,0.0008759223775929,0.9894683486938574,0.0015048195847156,0.0001206717391434
SAMN27404431,0.0,0.0,0.0,0.0,0.0,0.0,0.0,0.0,0.0,0.0,0.0,0.0,0.0,0.0,0.0,1.0,0.0
SAMN13082367,0.0,0.0,0.0,0.0,0.0,0.0,0.0,0.0,0.0,0.0,1.0,0.0,0.0,0.0,0.0,0.0,0.0
n214,4.890453206011931e-08,2.1714861657072564e-14,2.037728007692535e-07,1.2079020989075044e-07,3.971034242391449e-08,1.139183991392222e-07,5.6131627823038755e-09,2.570376228571248e-07,8.450284614522566e-08,4.1781064124428137e-08,0.9999950218752528,2.1714861657072564e-14,4.175049673265773e-08,2.338856118156817e-06,1.4234173808329791e-06,2.3635486626550514e-07,2.171486165707256e-08
n215,4.890453206011931e-08,2.1714861657072564e-14,2.037728007692535e-07,1.2079020989075044e-07,3.971034242391449e-08,1.139183991392222e-07,5.6131627823038755e-09,2.570376228571248e-07,8.450284614522566e-08,4.1781064124428137e-08,0.9999950218752528,2.1714861657072564e-14,4.175049673265773e-08,2.338856118156817e-06,1.4234173808329791e-06,2.3635486626550514e-07,2.171486165707256e-08
n218,0.0020834703290989,9.251140550237447e-10,0.008681293254363,0.0051460019706033,0.0016918202348608,0.0048536469227664,0.0002391364893338,0.0109505241769534,0.0036000584250993,0.0873839592119738,0.0403870234497146,9.251140550237447e-10,0.0017786883444879,0.0067151439796326,0.030976096160438,0.7945880211454218,0.0009251140550237
n220220,2.5747869770002863e-05,1.1432711989449004e-11,0.0001072848530774,6.359514062894141e-05,2.090758996733193e-05,5.99804663732779e-05,2.955288154876491e-06,0.0001353283828829,4.449011545748632e-05,0.0002088524320888,0.0003366458359675,1.1432711989449004e-11,2.1981323763370285e-05,8.298685623671732e-05,0.0003828077025061,0.9984950034082702,1.1432711989449005e-05
n222,6.405590648905672e-07,2.844245899221567e-13,2.6690474115052466e-06,1.5821287033536791e-06,1.771893214099452e-06,1.1970039153920836e-05,7.352206740947254e-08,3.3667182241557295e-06,1.10683124497277e-06,1.560472133801001e-06,0.999941132503366,2.844245899221567e-13,5.468544124187341e-07,2.064558485851143e-06,9.523542962065305e-06,2.170690439654495e-05,2.844245899221567e-07
n222222,8.354208771488112e-07,3.7094821294643633e-13,3.480987237506351e-06,2.0634215040418867e-06,1.3197759875189744e-05,3.312373381443362e-06,9.588791013069047e-08,4.390893590049775e-06,1.443535780310087e-06,8.458584004702947e-07,0.9999476719331268,3.7094821294643633e-13,7.13210721633175e-07,2.692609246823446e-06,1.2420660406545725e-05,6.464498987126566e-06,3.7094821294643634e-07
SAMN26304556,0.0,0.0,0.0,0.0,0.0,0.0,0.0,0.0,0.0,0.0,0.0,0.0,0.0,0.0,1.0,0.0,0.0
SAMN26304621,0.0,0.0,0.0,0.0,0.0,0.0,0.0,0.0,0.0,0.0,0.0,0.0,0.0,0.0,1.0,0.0,0.0
SAMN04456582,0.0,0.0,1.0,0.0,0.0,0.0,0.0,0.0,0.0,0.0,0.0,0.0,0.0,0.0,0.0,0.0,0.0
SAMN04122822,0.0,0.0,1.0,0.0,0.0,0.0,0.0,0.0,0.0,0.0,0.0,0.0,0.0,0.0,0.0,0.0,0.0
n227227,1.8136592627950597e-11,8.053110483993361e-18,2.784570700673574e-10,4.4795906185920796e-11,1.4726862180713998e-11,4.2247446422436837e-11,2.081681235845128e-12,9.532422578141796e-11,3.133847992982028e-11,1.5494804012405202e-11,0.9999999990163192,8.053110483993361e-18,1.5483467878331522e-11,5.845527488231322e-11,2.7143213417099107e-10,8.76538787823548e-11,8.053110483993344e-12
SAMN13082300,0.0,0.0,0.0,0.0,0.0,0.0,0.0,0.0,0.0,0.0,1.0,0.0,0.0,0.0,0.0,0.0,0.0
n253253,0.0001227727021928,5.4514215593523594e-11,0.0005115627527608,0.0003032385675547,0.0021132960041318,0.0375180090044257,1.4091600992363315e-05,0.0006452817716903,0.0002121407194794,0.0001048895442794,0.9452889759507188,5.4514215593523594e-11,0.0001048128059005,0.0003957034323916,0.0120173522083493,0.0005933586105099,5.4514215593523584e-05
n256,0.0043490713601252,1.93109879461569e-09,0.0181214790201201,0.0107418519355076,0.2920237949124123,0.0193363258657934,0.0004991775703692,0.0228583101984432,0.0075148231156223,0.0037155826200542,0.2376424645485677,1.93109879461569e-09,0.0037128642672601,0.0140173056223599,0.3425168499824832,0.0210189963240678,0.0019310987946156
n257257,9.221654692957995e-12,1.108999942625167e-19,3.765380393130039e-12,6.168878160652487e-13,1.0263310220663522e-12,1.5808984801459942e-11,2.866698992525609e-14,4.5219675800520954e-12,9.593452294446709e-13,1.563812110301721e-12,0.999999999929478,1.108999942625167e-19,2.1322400859306266e-13,2.3072005717048065e-12,2.8234983224354107e-11,2.1429652841234477e-12,1.1089999426252125e-13
n317,0.0001078748821974,4.7899200775256225e-11,0.0020501982840326,0.0002664421540687,8.759409605287247e-05,0.0002512841482314,1.2381658945821814e-05,0.0005669802069059,0.0001863985534854,9.216174766681724e-05,0.992640128209033,4.7899200775256225e-11,9.209432033442906e-05,0.0003476868922163,0.0027295179018768,0.0005213576483784,4.7899200775256226e-05
SAMN13423026,0.0,0.0,0.0,0.0,0.0,0.0,0.0,0.0,0.0,0.0,0.0,0.0,1.0,0.0,0.0,0.0,0.0
SAMN13082381,0.0,0.0,0.0,0.0,0.0,0.0,0.0,0.0,0.0,0.0,1.0,0.0,0.0,0.0,0.0,0.0,0.0
SAMN13082329,0.0,0.0,0.0,0.0,0.0,0.0,0.0,0.0,0.0,0.0,1.0,0.0,0.0,0.0,0.0,0.0,0.0
SAMN09400842,0.0,0.0,0.0,0.0,0.0,0.0,0.0,1.0,0.0,0.0,0.0,0.0,0.0,0.0,0.0,0.0,0.0
n323323,2.279780826056685e-18,1.428541008096428e-25,2.088937261678932e-18,1.3253486522627934e-18,1.809402677266686e-17,4.909330115484616e-18,3.794072403256239e-20,5.4491257458327066e-18,7.083095243021188e-18,1.6143452646428126e-18,0.9999999999999996,1.428541008096428e-25,2.206442378867091e-16,3.3118671733141233e-18,2.563288247676255e-16,8.268952196697017e-18,1.8986876929819109e-19
n356356,2.279780826056685e-18,1.428541008096428e-25,2.088937261678932e-18,1.3253486522627826e-18,1.809402677266686e-17,4.9093301154846564e-18,3.794072403256239e-20,5.4491257458327066e-18,7.083095243021188e-18,1.6143452646428126e-18,0.9999999999999996,1.428541008096428e-25,2.206442378867109e-16,3.3118671733141233e-18,2.563288247676255e-16,8.268952196697017e-18,1.8986876929819109e-19
n365365,0.0071948954253728,3.194717382146296e-09,0.0299793072093269,0.017770805507774,0.0058422348341941,0.016759816185972,0.0008258154711103,0.264039424454509,0.01243216354251,0.0061468819793012,0.3065083638851168,3.194717382146296e-09,0.0061423849324716,0.0231895592542127,0.2652008024462016,0.0347728211002584,0.0031947173822331
SAMN26304761,0.0,0.0,0.0,0.0,0.0,0.0,0.0,0.0,0.0,0.0,0.0,0.0,0.0,0.0,1.0,0.0,0.0
SAMN13423020,0.0,0.0,0.0,0.0,0.0,0.0,0.0,0.0,0.0,0.0,0.0,0.0,1.0,0.0,0.0,0.0,0.0
SAMN13082243,0.0,0.0,0.0,0.0,0.0,0.0,0.0,0.0,0.0,0.0,1.0,0.0,0.0,0.0,0.0,0.0,0.0
n369,9.533303679093441e-08,4.23303039202452e-14,3.972286226572681e-07,2.852408539709177e-07,7.741015762049473e-08,2.220691309861695e-07,1.0942132180297462e-08,5.010614788300551e-07,1.7813600390130779e-07,8.144676076820686e-08,1.351081587956983e-06,4.23303039202452e-14,8.138717364250259e-08,3.0726382761426165e-07,0.999995451335216,8.857414293703176e-07,7.432250306872843e-08
SAMN26308817,0.0,0.0,0.0,0.0,0.0,0.0,0.0,0.0,0.0,0.0,0.0,0.0,0.0,0.0,1.0,0.0,0.0
n372,0.0009223569985913,4.0955007188437735e-10,0.0038432280399009,0.003589734420863,0.0007489512874225,0.0021485418278603,0.0001058662614247,0.0048478216707383,0.0023341779793615,0.0007880058406907,0.0551603672508825,4.0955007188437735e-10,0.0007874293296366,0.0029728093359355,0.916456097916264,0.0046667279761509,0.0006278830451764
SAMN20203224,0.0,0.0,0.0,1.0,0.0,0.0,0.0,0.0,0.0,0.0,0.0,0.0,0.0,0.0,0.0,0.0,0.0
n374,0.0,0.0,0.0,0.0,0.0,0.0,0.0,0.0,0.0,0.0,1.0,0.0,0.0,0.0,0.0,0.0,0.0
SAMN11319313,0.0,0.0,0.0,0.0,0.0,0.0,0.0,0.0,1.0,0.0,0.0,0.0,0.0,0.0,0.0,0.0,0.0
n377,0.0062505963582419,1.4921813871132422e-10,0.0014002667173724,0.0008300347743118,0.0002728777865437,0.0007828137131599,3.8572002708834475e-05,0.001766286899165,0.0005806786898707,0.0002871071766646,0.0553272744067069,1.4921813871132422e-10,0.9028304747060956,0.0010831327017544,0.0267765045475444,0.0016241610827069,0.0001492181387161
n378,0.0582208976605062,6.304728325826281e-10,0.0059163727097608,0.0035070426412593,0.001152956554189,0.0033075253677791,0.0001629734830915,0.0074628722358977,0.0024534694078619,0.0012130782255416,0.3920502084659266,6.304728325826281e-10,0.3982920665540419,0.0045764258182635,0.114191271072398,0.0068623657099196,0.0006304728326169
n385385,2.101407874985718e-05,9.33078148604369e-12,8.75602850619836e-05,5.190302714968241e-05,1.7063361201420308e-05,4.895023999666042e-05,2.41195160228774e-06,0.000110447947161,3.6310504979550915e-05,1.795314129815997e-05,0.0002564244676465,9.33078148604369e-12,1.794000666540679e-05,6.772953113498905e-05,0.9991534000004936,0.0001015606567112,9.330781486043689e-06
SAMN13082414,0.0,0.0,0.0,0.0,0.0,0.0,0.0,0.0,0.0,0.0,1.0,0.0,0.0,0.0,0.0,0.0,0.0
n387387,6.02870871463105e-08,1.223267544588746e-17,1.1479173000834871e-10,6.804498614959807e-11,2.237010478761401e-11,6.417387437194535e-11,3.1620739580700944e-12,2.1057108835504666e-10,4.7603153938245216e-11,2.353660848912097e-11,0.9999999207087924,1.223267544588746e-17,2.0203408071681456e-10,4.161221187593086e-10,1.76863316017972e-08,1.3314624957226978e-10,1.2232675778907595e-11
n390390,6.02870871463105e-08,1.223267544588746e-17,1.1479173000834871e-10,6.804498614959863e-11,2.237010478761401e-11,6.417387437194535e-11,3.1620739580700944e-12,2.1057108835504666e-10,4.7603153938245216e-11,2.353660848912097e-11,0.9999999207087924,1.223267544588746e-17,2.0203408071681288e-10,4.161221187593086e-10,1.7686331601797053e-08,1.3314624957226978e-10,1.2232675778907595e-11
SAMN26308882,0.0,0.0,0.0,0.0,0.0,0.0,0.0,0.0,0.0,0.0,0.0,0.0,0.0,0.0,1.0,0.0,0.0
SAMN26304885,0.0,0.0,0.0,0.0,0.0,0.0,0.0,0.0,0.0,0.0,0.0,0.0,0.0,0.0,1.0,0.0,0.0
SAMN26304501,0.0,0.0,0.0,0.0,0.0,0.0,0.0,0.0,0.0,0.0,0.0,0.0,0.0,0.0,1.0,0.0,0.0
SAMN11319168,0.0,0.0,0.0,0.0,0.0,0.0,0.0,0.0,1.0,0.0,0.0,0.0,0.0,0.0,0.0,0.0,0.0
n424424,0.0005435583332437,2.413537868938461e-10,0.0146829169307694,0.001342544895071,0.0156534446317862,0.0148119337445026,0.0001244018400275,0.0028568914981109,0.0038280614608229,0.0004643832507954,0.0017116906174327,2.413537868938461e-10,0.0004640484595071,0.0017519196259456,0.938895839960044,0.0026270104823389,0.0002413537868938
SAMN26304505,0.0,0.0,0.0,0.0,0.0,0.0,0.0,0.0,0.0,0.0,0.0,0.0,0.0,0.0,1.0,0.0,0.0
n426,1.4090998530017667e-05,6.256763346887321e-12,0.0002001691570847,3.480362215856207e-05,0.0001847244897649,0.0045776918879957,4.065420022661925e-06,7.406096354011947e-05,0.0001383900004748,1.2038493946496212e-05,6.088409418709192e-05,6.256763346887321e-12,1.2029882108359126e-05,4.541609553993604e-05,0.994567276485899,6.810163288687037e-05,6.25676334688732e-06
n432,0.0004204872209838,1.8670706880583424e-10,0.00179194225748,0.0010385691794141,0.0003902854797324,0.0022607527245809,4.895282097581295e-05,0.0022100413023277,0.0007587161143268,0.0003592387617961,0.0003952870761104,1.8670706880583424e-10,0.0003589759947283,0.001355254352353,0.986392580858397,0.0020322084145734,0.0001867070688058
n434,0.0001642510344978,7.293165563359939e-11,0.0009992646026205,0.000405687819553,0.0005190843132359,0.125086533818899,0.0007578980061376,0.0008632879956196,0.0347116398525292,0.0001403261153052,0.0146674546793285,7.293165563359939e-11,0.0001402825095011,0.0005293909921993,0.8201481287728892,0.0007938376861866,7.293165563359938e-05
SAMN10093595,0.0,0.0,0.0,0.0,0.0,1.0,0.0,0.0,0.0,0.0,0.0,0.0,0.0,0.0,0.0,0.0,0.0
SAMN26308765,0.0,0.0,0.0,0.0,0.0,0.0,0.0,0.0,0.0,0.0,0.0,0.0,0.0,0.0,1.0,0.0,0.0
SAMN26308764,0.0,0.0,0.0,0.0,0.0,0.0,0.0,0.0,0.0,0.0,0.0,0.0,0.0,0.0,1.0,0.0,0.0
n3131,2.1797022636920635e-06,9.678434925352124e-13,9.082294640493307e-06,5.5166766337878875e-06,1.4513436007459027e-05,5.152884143269061e-06,2.501817951771479e-07,1.1457305111776556e-05,6.299445053206753e-06,1.862205435211639e-06,1.978790350151881e-06,9.678434925352124e-13,1.8608429199757068e-06,7.031622915425956e-06,0.9999213122985828,1.0534468269065508e-05,9.678439426773312e-07
SAMN26304703,0.0,0.0,0.0,0.0,0.0,0.0,0.0,0.0,0.0,0.0,0.0,0.0,0.0,0.0,1.0,0.0,0.0
n3939,1.5144973170192042e-05,6.7247550142754495e-12,6.320175186891169e-05,4.124152825801799e-05,4.033403021479926e-05,0.0009980046929054,1.7383092355231376e-06,0.0003809292377451,0.0011042011936034,1.2939333277194095e-05,1.374900015551813e-05,6.7247550142754495e-12,1.2929479666290495e-05,7.11550630329601e-05,0.9971645093183232,7.319572824707279e-05,6.726346846632109e-06
n40,3.858309104821016e-05,1.713187815369418e-11,0.0001607789109153,0.0001599263658291,3.508979317008063e-05,0.0023592923698604,4.428488763221852e-06,0.0002432054079022,0.0002112614615295,3.296310329924075e-05,3.5026732557458914e-05,1.713187815369418e-11,3.293893528661447e-05,0.0001273521664756,0.9963555495095976,0.0001864715378399,1.7132091661373917e-05
n45,0.0001587208476356,7.047611138123101e-11,0.0006614139721187,0.0003945868384876,0.000147592429527,0.0010122511348802,1.821765626205377e-05,0.0010353295274356,0.0009937378424308,0.000135601717813,0.0001440909095251,7.047611138123101e-11,0.0001355022520714,0.000526477449891,0.9937989044420796,0.0007670956651145,7.047717377496024e-05
SAMN26308501,0.0,0.0,0.0,0.0,0.0,0.0,0.0,0.0,0.0,0.0,0.0,0.0,0.0,0.0,1.0,0.0,0.0
n7171,8.446617681046055e-23,3.750514046011037e-29,1.4529298508262426e-19,2.2376400634302043e-22,6.858629789352893e-23,2.230915674123792e-22,9.69485608070102e-24,3.556538815744879e-19,1.4595032489868273e-22,7.47131866787713e-23,1.0,3.750514046011037e-29,7.210998020462597e-23,3.8512916635369255e-21,1.9444769657155597e-21,7.983885955499265e-21,3.750514046011037e-23
n101101,4.295358396730333e-06,1.9072488667971953e-12,1.7897670705363005e-05,1.0609185293069069e-05,3.4878189317622755e-06,1.000562384862642e-05,4.930125056634976e-07,6.89808208084702e-05,7.422011712380763e-06,3.669693524339896e-06,0.9997690995055156,1.9072488667971953e-12,3.6670087444764503e-06,1.384418567200948e-05,6.38614492764138e-05,2.0759402383751155e-05,1.90724886679718e-06
SAMN03892121,0.0,0.0,1.0,0.0,0.0,0.0,0.0,0.0,0.0,0.0,0.0,0.0,0.0,0.0,0.0,0.0,0.0
SAMN03892127,0.0,0.0,1.0,0.0,0.0,0.0,0.0,0.0,0.0,0.0,0.0,0.0,0.0,0.0,0.0,0.0,0.0
SAMN13082358,0.0,0.0,0.0,0.0,0.0,0.0,0.0,0.0,0.0,0.0,1.0,0.0,0.0,0.0,0.0,0.0,0.0
SAMN13082357,0.0,0.0,0.0,0.0,0.0,0.0,0.0,0.0,0.0,0.0,1.0,0.0,0.0,0.0,0.0,0.0,0.0
SAMN13082346,0.0,0.0,0.0,0.0,0.0,0.0,0.0,0.0,0.0,0.0,1.0,0.0,0.0,0.0,0.0,0.0,0.0
SAMN13082350,0.0,0.0,0.0,0.0,0.0,0.0,0.0,0.0,0.0,0.0,1.0,0.0,0.0,0.0,0.0,0.0,0.0
n108108,0.0,0.0,0.0,0.0,0.0,0.0,0.0,0.0,0.0,0.0,1.0,0.0,0.0,0.0,0.0,0.0,0.0
n109,0.0004298534368904,1.9086590795829311e-10,0.7426988601910831,0.001061702968559,0.0003490397812231,0.0157426269889223,4.933770372939091e-05,0.0042753752262794,0.0007427499520497,0.0003672406882212,0.2229308955775391,1.9086590795829311e-10,0.0003669720117232,0.0022556793983592,0.0064613246047909,0.0020774751809395,0.0001908659079582
n118,3.9665122844930557e-10,1.7612327915396112e-16,1.695724001523972e-09,9.79696218724239e-10,3.220796813940652e-10,9.248159677481937e-10,4.5526821734165985e-11,2.084922504629606e-09,6.853793773115476e-10,3.3887473640613755e-10,0.999999982918854,1.7612327915396112e-16,3.3862681268648365e-10,1.2784800662166651e-09,5.897235462593974e-09,1.917009408028967e-09,1.761232791539611e-10
SAMN13082235,0.0,0.0,0.0,0.0,0.0,0.0,0.0,0.0,0.0,0.0,1.0,0.0,0.0,0.0,0.0,0.0,0.0
n122122,0.0002027470413529,9.002486618141457e-11,0.0008447955787306,0.0005007686741511,0.000164630027084,0.0004722797133164,2.3270893285495764e-05,0.0090171114579995,0.0003503295363472,0.0001732147672003,0.0087363678088398,9.002486618141457e-11,0.0001730880417624,0.0006534653050318,0.0030143514699865,0.9755835546386802,9.002486618141384e-05
SAMN16340159,0.0,0.0,0.0,0.0,0.0,0.0,0.0,1.0,0.0,0.0,0.0,0.0,0.0,0.0,0.0,0.0,0.0
n128128,4.5026508813191455e-55,1.9992920259031815e-61,1.0,1.1121180841691237e-54,3.656139845963768e-55,1.0488491734347311e-54,5.168051156841442e-56,2.3665509725588522e-54,7.780195385640177e-55,3.8467916423732926e-55,4.0876542864715096e-55,1.9992920259031815e-61,3.8439772959784265e-55,1.4512301200446804e-54,6.694338034415044e-54,2.176124383707007e-54,1.9992920259031807e-55
n136,4.5026508813191455e-55,1.9992920259031815e-61,1.0,1.1121180841691237e-54,3.656139845963768e-55,1.0488491734347311e-54,5.168051156841442e-56,2.3665509725588522e-54,7.780195385640177e-55,3.8467916423732926e-55,4.0876542864715096e-55,1.9992920259031815e-61,3.8439772959784265e-55,1.4512301200446804e-54,6.694338034415044e-54,2.176124383707007e-54,1.9992920259031807e-55
n140,1.33114556568626e-07,5.910626395296346e-14,5.54658184443188e-07,3.287821097574242e-07,1.0808864537278198e-07,3.100775438939423e-07,1.5278618222902922e-08,6.996375956764975e-07,2.3001056179451095e-07,1.1372557140608165e-07,9.349923842000496e-07,5.910626395296346e-14,1.1364179606661539e-07,4.290358257848883e-07,1.9790873525380735e-06,0.9999939907628722,5.9106263952963464e-08
n142142,1.6196469165910056e-05,7.1916461001977625e-12,6.748660928419802e-05,4.000395929834782e-05,1.3151487388704304e-05,3.772811560342185e-05,1.8589978085333068e-06,8.512711926679909e-05,2.79861126233619e-05,1.3837284128160744e-05,2.0177640399389425e-05,7.1916461001977625e-12,1.3827156799359184e-05,5.220214605014499e-05,0.0002408017923349,0.9993624234493652,7.1916461001977625e-06
n144,3.7120503035732394e-07,1.6482451709672006e-13,3.005834734279129e-06,9.168461825625372e-07,3.014174401445006e-07,8.646863803729486e-07,4.2606158841289086e-08,1.951018978967616e-06,6.414105246965919e-07,3.173013337415912e-07,0.99997494585768,1.6482451709672006e-13,3.1690303033854146e-07,1.1964150340894825e-06,5.518974669976659e-06,9.444697974737204e-06,1.6482451709672006e-07
SAMN27404401,0.0,0.0,0.0,0.0,0.0,0.0,0.0,0.0,0.0,0.0,0.0,0.0,0.0,0.0,0.0,1.0,0.0
n146,5.473487591551582e-06,2.4303683283708467e-12,0.999525922460284,1.351906842099299e-05,4.444456522908795e-06,1.2749962383319855e-05,6.282357798788122e-07,2.8768136232904464e-05,9.457718136626318e-06,4.676236177196106e-06,9.55997138693096e-05,2.4303683283708467e-12,4.67279444627511e-06,1.7641363418838543e-05,8.13773503661426e-05,0.0001926386431808,2.430368328370846e-06
SAMN27404326,0.0,0.0,0.0,0.0,0.0,0.0,0.0,0.0,0.0,0.0,0.0,0.0,0.0,0.0,0.0,1.0,0.0
n148,6.226116127070061e-17,2.0435438012591536e-25,6.585866965736773e-15,7.060201424156049e-17,3.775642978722157e-19,1.0635198431934869e-17,5.2824393681971135e-20,2.7565539505924273e-15,1.3202070381348956e-17,2.1503916597157671e-16,0.9999999999999896,2.0435438012591536e-25,3.929058823624812e-19,2.9442410227762196e-17,6.721845639053108e-17,4.7139926543575095e-16,4.3423776914441136e-18
n196,3.479405502522597e-09,1.5449449356455865e-15,4.156875086602582e-06,8.593848120817218e-09,2.825267477612233e-09,2.321393436323525e-07,3.9935909104186824e-10,1.828742821281056e-08,6.012114940511735e-09,2.9725928925734013e-09,0.9999954541451768,1.5449449356455865e-15,2.970418117621229e-09,1.1214322847142081e-08,5.1730230050296493e-08,4.6810457623197606e-08,1.544944935645681e-09
n201201,1.162552334782318e-05,5.1620293775574195e-12,4.8440655515339774e-05,2.8714095526892535e-05,9.43989224625509e-06,2.7080537388983937e-05,1.334353938829096e-06,6.110265777876701e-05,2.0087909431674068e-05,0.9990701392201896,0.0003825269527657,5.1620293775574195e-12,9.92487514150928e-06,3.746972636417431e-05,0.0002307640477757,5.6187512887284654e-05,5.16202937755742e-06
SAMN26308844,0.0,0.0,0.0,0.0,0.0,0.0,0.0,0.0,0.0,0.0,0.0,0.0,0.0,0.0,1.0,0.0,0.0
SAMN13082419,0.0,0.0,0.0,0.0,0.0,0.0,0.0,0.0,0.0,0.0,1.0,0.0,0.0,0.0,0.0,0.0,0.0
SAMN13082418,0.0,0.0,0.0,0.0,0.0,0.0,0.0,0.0,0.0,0.0,1.0,0.0,0.0,0.0,0.0,0.0,0.0
n209209,0.0,0.0,0.0,0.0,0.0,0.0,0.0,1.0,0.0,0.0,0.0,0.0,0.0,0.0,0.0,0.0,0.0
SAMN26308805,0.0,0.0,0.0,0.0,0.0,0.0,0.0,0.0,0.0,0.0,0.0,0.0,0.0,0.0,1.0,0.0,0.0
SAMN26308762,0.0,0.0,0.0,0.0,0.0,0.0,0.0,0.0,0.0,0.0,0.0,0.0,0.0,0.0,1.0,0.0,0.0
SAMN26308763,0.0,0.0,0.0,0.0,0.0,0.0,0.0,0.0,0.0,0.0,0.0,0.0,0.0,0.0,1.0,0.0,0.0
n214214,9.832423048853007e-07,4.365847034340587e-13,4.096921693382915e-06,2.4285283873990057e-06,7.983899848959946e-07,2.290368287365094e-06,1.1285455313224701e-07,5.167829117156794e-06,1.6989585568743057e-06,8.400225512826022e-07,0.9999576226551138,4.365847034340587e-13,8.394079834404606e-07,3.27880053039199e-06,1.4653440121207473e-05,4.751995238250161e-06,4.365847034340587e-07
SAMN13082392,0.0,0.0,0.0,0.0,0.0,0.0,0.0,0.0,0.0,0.0,1.0,0.0,0.0,0.0,0.0,0.0,0.0
n215215,0.0,0.0,0.0,0.0,0.0,0.0,0.0,0.0,0.0,0.0,0.0,0.0,0.0,0.0,1.0,0.0,0.0
n216216,0.0006057877860017,2.6898525376854456e-10,0.0025241642977784,0.0014962464773282,0.0004918979776531,0.0014111243251411,6.953109070116076e-05,0.0031839636514448,0.0010467494508361,0.0005175483184609,0.0291466744051876,2.6898525376854456e-10,0.0005171696755866,0.946785794313773,0.0090065992001839,0.0029277632381838,0.0002689852537685
n218218,2.715723587098321e-13,1.2058506545042586e-19,1.1315732471979762e-12,6.707616007599178e-13,2.205165288284198e-13,6.326061648752804e-13,3.117052331148806e-14,1.427358786112605e-12,4.692537946629876e-13,0.9999999999791376,6.760800148963043e-13,1.2058506545042586e-19,2.318451971097671e-13,8.752932375157247e-13,4.037615213628143e-12,1.0066280736555812e-11,1.205850654504256e-13
SAMN27404418,0.0,0.0,0.0,0.0,0.0,0.0,0.0,0.0,0.0,0.0,0.0,0.0,0.0,0.0,0.0,1.0,0.0
n221,2.5747869770002863e-05,1.1432711989449004e-11,0.0001072848530774,6.359514062894141e-05,2.090758996733193e-05,5.99804663732779e-05,2.955288154876491e-06,0.0001353283828829,4.449011545748632e-05,0.0002088524320888,0.0003366458359675,1.1432711989449004e-11,2.1981323763370285e-05,8.298685623671732e-05,0.0003828077025061,0.9984950034082702,1.1432711989449005e-05
SAMN27404367,0.0,0.0,0.0,0.0,0.0,0.0,0.0,0.0,0.0,0.0,0.0,0.0,0.0,0.0,0.0,1.0,0.0
SAMN10093577,0.0,0.0,0.0,0.0,0.0,1.0,0.0,0.0,0.0,0.0,0.0,0.0,0.0,0.0,0.0,0.0,0.0
SAMN13082378,0.0,0.0,0.0,0.0,0.0,0.0,0.0,0.0,0.0,0.0,1.0,0.0,0.0,0.0,0.0,0.0,0.0
n223,8.354208771488112e-07,3.7094821294643633e-13,3.480987237506351e-06,2.0634215040418867e-06,1.3197759875189744e-05,3.312373381443362e-06,9.588791013069047e-08,4.390893590049775e-06,1.443535780310087e-06,8.458584004702947e-07,0.9999476719331268,3.7094821294643633e-13,7.13210721633175e-07,2.692609246823446e-06,1.2420660406545725e-05,6.464498987126566e-06,3.7094821294643634e-07
n223223,5.178756166055363e-06,2.299500045594693e-12,2.1578565503165985e-05,1.2791105812061788e-05,5.59703259842364e-06,1.2215322614349991e-05,5.944071059566309e-07,2.7219055539637303e-05,8.948447456510725e-06,4.4391045745982715e-06,0.99977573201049,2.299500045594693e-12,4.421178023442653e-06,1.669142718509859e-05,7.699540845419818e-05,2.5298673832037047e-05,2.299500045594693e-06
n228,8.851149970903205e-13,3.930136717976137e-19,4.191107606482651e-12,2.1861619316687248e-12,7.187108870794666e-13,2.0617901710844767e-12,1.0159170020550688e-13,4.652081212605244e-12,1.5294029667486733e-12,7.561885349522775e-13,0.9999999999614748,3.930136717976137e-19,7.556353008093782e-13,2.85277623634993e-12,1.3163917206737573e-11,4.277747438834756e-12,3.93013671797613e-13
SAMN13082297,0.0,0.0,0.0,0.0,0.0,0.0,0.0,0.0,0.0,0.0,1.0,0.0,0.0,0.0,0.0,0.0,0.0
n254,0.0042398092833807,1.8825836408542886e-09,0.0176662116132037,0.0104719835063073,0.004539322333832,0.2178025493703289,0.0004866366912343,0.0222840389924762,0.0073260275967714,0.0036222357325368,0.5185926340963161,1.8825836408542886e-09,0.003619585673061,0.0136651477010207,0.1533102956518814,0.0204909343516273,0.0018825836408542
n254254,0.0001227727021928,5.4514215593523594e-11,0.0005115627527608,0.0003032385675547,0.0021132960041318,0.0375180090044257,1.4091600992363315e-05,0.0006452817716903,0.0002121407194794,0.0001048895442794,0.9452889759507188,5.4514215593523594e-11,0.0001048128059005,0.0003957034323916,0.0120173522083493,0.0005933586105099,5.4514215593523584e-05
n256256,0.0015597430167046,6.92565748003253e-10,0.0064990541692813,0.0038524381773722,0.6726648457050523,0.0050518774224456,0.0001790241329822,0.0081978626597209,0.002695102449799,0.001332549770977,0.0374289192624785,6.92565748003253e-10,0.0013315748659049,0.0050271409108524,0.2459490858352389,0.0075382144880548,0.0006925657480032
SAMN26308829,0.0,0.0,0.0,0.0,0.0,0.0,0.0,0.0,0.0,0.0,0.0,0.0,0.0,0.0,1.0,0.0,0.0
n258,0.0063030538349911,2.7987169333940013e-09,0.0262632291698816,0.0155680294512841,0.0051180619767335,0.0146823570793433,0.0007234517067992,0.361289085509976,0.0108911376072381,0.0053849466560801,0.2525216036763726,2.7987169333940013e-09,0.0053810069816973,0.0203151028397652,0.2422976468163417,0.0304625641626677,0.002798716933394
n259,9.221654692957995e-12,1.108999942625167e-19,3.765380393130039e-12,6.168878160652487e-13,1.0263310220663522e-12,1.5808984801459942e-11,2.866698992525609e-14,4.5219675800520954e-12,9.593452294446709e-13,1.563812110301721e-12,0.999999999929478,1.108999942625167e-19,2.1322400859306266e-13,2.3072005717048065e-12,2.8234983224354107e-11,2.1429652841234477e-12,1.1089999426252125e-13
n317317,0.0029337788478852,1.3026727589202256e-09,0.0678656575381316,0.0072461947238308,0.0023822201656285,0.0068339553726941,0.0003367331721178,0.0154196657865675,0.0050693187674665,0.0025064425898717,0.7792168218441592,1.3026727589202256e-09,0.002504608853785,0.0094557369308041,0.082747281118748,0.0141789089240437,0.0013026727589202
SAMN13082248,0.0,0.0,0.0,0.0,0.0,0.0,0.0,0.0,0.0,0.0,1.0,0.0,0.0,0.0,0.0,0.0,0.0
n324,2.279780826056685e-18,1.428541008096428e-25,2.088937261678932e-18,1.3253486522627934e-18,1.809402677266686e-17,4.909330115484616e-18,3.794072403256239e-20,5.4491257458327066e-18,7.083095243021188e-18,1.6143452646428126e-18,0.9999999999999996,1.428541008096428e-25,2.206442378867091e-16,3.3118671733141233e-18,2.563288247676255e-16,8.268952196697017e-18,1.8986876929819109e-19
n332332,1.7582900866872918e-06,4.189264080685225e-14,8.372794434932867e-07,1.2076134499724792e-06,7.660979552937417e-08,2.1977310524933045e-07,1.0828998864595184e-08,2.2893807263986944e-06,1.6302417379522977e-07,8.060466327326402e-08,0.9999800386407344,4.189264080685225e-14,1.0587296726738782e-06,2.7995311518973265e-06,8.603649292496114e-06,4.559793965893414e-07,4.000652247379472e-07
n357,2.2797808260566947e-18,1.4285410080964337e-25,2.0889372616789405e-18,1.3253486522627988e-18,1.8094026772666933e-17,4.9093301154846764e-18,3.794072403256254e-20,5.449125745832728e-18,7.083095243021216e-18,1.6143452646428194e-18,0.9999999999999996,1.4285410080964337e-25,2.2064423788671002e-16,3.3118671733141364e-18,2.5632882476762656e-16,8.268952196697051e-18,1.8986876929819186e-19
SAMN13082326,0.0,0.0,0.0,0.0,0.0,0.0,0.0,0.0,0.0,0.0,1.0,0.0,0.0,0.0,0.0,0.0,0.0
SAMN26304504,0.0,0.0,0.0,0.0,0.0,0.0,0.0,0.0,0.0,0.0,0.0,0.0,0.0,0.0,1.0,0.0,0.0
SAMN10435681,0.0,0.0,0.0,0.0,0.0,0.0,0.0,1.0,0.0,0.0,0.0,0.0,0.0,0.0,0.0,0.0,0.0
SAMN26308790,0.0,0.0,0.0,0.0,0.0,0.0,0.0,0.0,0.0,0.0,0.0,0.0,0.0,0.0,1.0,0.0,0.0
SAMN26308800,0.0,0.0,0.0,0.0,0.0,0.0,0.0,0.0,0.0,0.0,0.0,0.0,0.0,0.0,1.0,0.0,0.0
n372372,0.0009223569985913,4.0955007188437735e-10,0.0038432280399009,0.003589734420863,0.0007489512874225,0.0021485418278603,0.0001058662614247,0.0048478216707383,0.0023341779793615,0.0007880058406907,0.0551603672508825,4.0955007188437735e-10,0.0007874293296366,0.0029728093359355,0.916456097916264,0.0046667279761509,0.0006278830451764
SAMN26308864,0.0,0.0,0.0,0.0,0.0,0.0,0.0,0.0,0.0,0.0,0.0,0.0,0.0,0.0,1.0,0.0,0.0
SAMN13082276,0.0,0.0,0.0,0.0,0.0,0.0,0.0,0.0,0.0,0.0,1.0,0.0,0.0,0.0,0.0,0.0,0.0
SAMN26309424,0.0,0.0,0.0,0.0,0.0,0.0,0.0,0.0,0.0,0.0,0.0,0.0,0.0,0.0,1.0,0.0,0.0
n377377,0.0062505963582419,1.4921813871132422e-10,0.0014002667173724,0.0008300347743118,0.0002728777865437,0.0007828137131599,3.857200270883449e-05,0.001766286899165,0.0005806786898707,0.0002871071766646,0.0553272744067066,1.4921813871132422e-10,0.9028304747060958,0.0010831327017544,0.0267765045475444,0.0016241610827069,0.0001492181387161
SAMN13422999,0.0,0.0,0.0,0.0,0.0,0.0,0.0,0.0,0.0,0.0,0.0,0.0,1.0,0.0,0.0,0.0,0.0
n378378,0.4564408461599376,1.650331040676436e-09,0.0154867474481539,0.0091800646000222,0.0030179888673952,0.0086578064909011,0.0004266007733455,0.0195348777405561,0.0064222223572784,0.0031753638648938,0.1317071888152099,1.650331040676436e-09,0.1335812415606451,0.0119792910853394,0.1807764391362531,0.0179629867587182,0.0016503310406877
n380,0.0582208976605062,6.304728325826281e-10,0.0059163727097608,0.0035070426412593,0.001152956554189,0.0033075253677791,0.0001629734830915,0.0074628722358977,0.0024534694078619,0.0012130782255416,0.3920502084659266,6.304728325826281e-10,0.3982920665540419,0.0045764258182635,0.114191271072398,0.0068623657099196,0.0006304728326169
n386,8.434775456853867e-08,3.7452542144282045e-14,3.514555850819462e-07,2.0833199391142465e-07,6.849011044521489e-08,1.9647989069187522e-07,9.681259728326596e-09,4.433236810619744e-07,1.4574563985458877e-07,7.206157191627493e-08,6.677105041090612e-07,3.7452542144282045e-14,7.2008851145813e-08,2.718575203947829e-07,0.9999969634017656,4.076512542241938e-07,3.745254214428188e-08
SAMN26308825,0.0,0.0,0.0,0.0,0.0,0.0,0.0,0.0,0.0,0.0,0.0,0.0,0.0,0.0,1.0,0.0,0.0
n388,9.524648177687258e-05,4.2272629724428985e-11,0.0003966874065722,0.0002351440178464,7.73046878228489e-05,0.0002217665662191,1.0927223743183415e-05,0.0005003788398463,0.0001645028912533,8.133579117918637e-05,0.9905378660719816,4.2272629724428985e-11,8.12764135783185e-05,0.0018797960666774,0.0052153794508154,0.0004601153764177,4.2272629724428816e-05
SAMN26308886,0.0,0.0,0.0,0.0,0.0,0.0,0.0,0.0,0.0,0.0,0.0,0.0,0.0,0.0,1.0,0.0,0.0
n391,6.02870871463105e-08,1.223267544588746e-17,1.1479173000834871e-10,6.804498614959863e-11,2.237010478761401e-11,6.417387437194535e-11,3.1620739580700944e-12,2.1057108835504666e-10,4.7603153938245216e-11,2.353660848912097e-11,0.9999999207087924,1.223267544588746e-17,2.0203408071681288e-10,4.161221187593086e-10,1.7686331601797053e-08,1.3314624957226978e-10,1.2232675778907595e-11
n393393,0.0001342763871963,5.961441357895097e-11,0.000559423136699,0.0003316087222842,0.0001090179073671,0.0003127433491304,1.5409971883519204e-05,0.0007056525530356,0.0002319880134744,0.0001147027172365,0.9915699715930724,5.961441357895097e-11,0.0001146188513176,0.0004327244362851,0.004659376241024,0.0006488715871856,5.961441357895096e-05
n425,0.0018584872161412,8.252158049583177e-10,0.0637587310179127,0.0045903120840727,0.0130396818911518,0.0145967170585898,0.0002603188340778,0.0097680340865302,0.005401016817902,0.0015877786839238,0.0026105918272368,8.252158049583177e-10,0.0015866208074191,0.0059900105775628,0.8651444399925917,0.0089820416494971,0.0008252158049583
SAMN06702095,0.0,0.0,0.0,0.0,1.0,0.0,0.0,0.0,0.0,0.0,0.0,0.0,0.0,0.0,0.0,0.0,0.0
n426426,1.4090998530017667e-05,6.256763346887321e-12,0.0002001691570847,3.480362215856207e-05,0.0001847244897649,0.0045776918879957,4.065420022661925e-06,7.406096354011947e-05,0.0001383900004748,1.2038493946496212e-05,6.088409418709192e-05,6.256763346887321e-12,1.2029882108359126e-05,4.541609553993604e-05,0.994567276485899,6.810163288687037e-05,6.25676334688732e-06
n429,0.0004299163430429,1.9089383989711258e-10,0.0018682416508917,0.0010618583436939,0.0004432798191838,0.022677130684645,5.067559662098074e-05,0.0022595998814126,0.0008048469330308,0.00036729443142,0.0004164299171463,1.9089383989711258e-10,0.0003670258219387,0.0013856449522475,0.9655993821707644,0.0020777792322761,0.0001908938398971
n432432,0.0005157033636307,2.2898546874155416e-10,0.0021820347082525,0.0012737452942257,0.0004594555861119,0.0022689184724325,5.9766464341541905e-05,0.002710488396548,0.0009178809289632,0.0004405856553056,0.0004794662084145,2.2898546874155416e-10,0.0004402633649439,0.0016621414233909,0.9838681776123368,0.0024923865943892,0.0002289854687415
SAMN26304540,0.0,0.0,0.0,0.0,0.0,0.0,0.0,0.0,0.0,0.0,0.0,0.0,0.0,0.0,1.0,0.0,0.0
n434434,0.0018638654118747,8.276038612666398e-10,0.0080178677012323,0.0046035966322616,0.0018216744734397,0.1039918907011493,0.000804497806061,0.0097963013776801,0.0307316807313178,0.0015923734879491,0.0609017998925433,8.276038612666398e-10,0.0015912556865019,0.0060073451908758,0.7584402000343222,0.0090080453563161,0.0008276038612666
SAMN26305032,0.0,0.0,0.0,0.0,0.0,0.0,0.0,0.0,0.0,0.0,0.0,0.0,0.0,0.0,1.0,0.0,0.0
SAMN26304702,0.0,0.0,0.0,0.0,0.0,0.0,0.0,0.0,0.0,0.0,0.0,0.0,0.0,0.0,1.0,0.0,0.0
SAMN26308464,0.0,0.0,0.0,0.0,0.0,0.0,0.0,0.0,0.0,0.0,0.0,0.0,0.0,0.0,1.0,0.0,0.0
SAMN26308482,0.0,0.0,0.0,0.0,0.0,0.0,0.0,0.0,0.0,0.0,0.0,0.0,0.0,0.0,1.0,0.0,0.0
SAMN16340140,0.0,0.0,0.0,0.0,0.0,0.0,0.0,1.0,0.0,0.0,0.0,0.0,0.0,0.0,0.0,0.0,0.0
n4040,4.7152005506476085e-05,2.0936695093451782e-11,0.0001964728626992,0.0005424598349103,3.898360777637738e-05,0.0005300596313137,5.412011346830567e-06,0.0002553103188129,0.0001082486739013,4.028382142045267e-05,4.28058157486525e-05,2.0936695093451782e-11,4.025433981096082e-05,0.0001525284948562,0.9977512068660642,0.0002278849393307,2.093673462826142e-05
n43,0.0001104490312688,4.9042191656623975e-11,0.0004602250043592,0.00033203321889,9.31307604718866e-05,0.0059522746864579,1.267711530088254e-05,0.000617551509317,0.0003233669756337,9.436099666608984e-05,0.0001002685003814,4.9042191656623975e-11,9.429191375278006e-05,0.0003587299969345,0.9908677992648875,0.0005337985402557,4.904238733766814e-05
SAMN26308476,0.0,0.0,0.0,0.0,0.0,0.0,0.0,0.0,0.0,0.0,0.0,0.0,0.0,0.0,1.0,0.0,0.0
SAMN26308472,0.0,0.0,0.0,0.0,0.0,0.0,0.0,0.0,0.0,0.0,0.0,0.0,0.0,0.0,1.0,0.0,0.0
n72,8.446617681046055e-23,3.750514046011037e-29,1.4529298508262426e-19,2.2376400634302043e-22,6.858629789352893e-23,2.230915674123792e-22,9.69485608070102e-24,3.556538815744879e-19,1.4595032489868273e-22,7.47131866787713e-23,1.0,3.750514046011037e-29,7.210998020462597e-23,3.8512916635369255e-21,1.944476965715576e-21,7.983885955499265e-21,3.750514046011037e-23
n8686,8.446617681046055e-23,3.750514046011037e-29,1.4529298508262426e-19,2.2376400634302043e-22,6.858629789352893e-23,2.230915674123792e-22,9.69485608070102e-24,3.556538815744879e-19,1.4595032489868273e-22,7.47131866787713e-23,1.0,3.750514046011037e-29,7.210998020462597e-23,3.8512916635369255e-21,1.9444769657155597e-21,7.983885955499331e-21,3.750514046011037e-23
n102,1.4829738903443136e-06,6.584782946172839e-13,6.179176660610552e-06,3.6628246898844417e-06,1.2041706261319862e-06,3.454444903925653e-06,1.702127287140309e-07,4.769259348697035e-05,2.5624519694721457e-06,1.2669628886623795e-06,0.9998964045862554,6.584782946172839e-13,1.266035967537045e-06,4.779709628024745e-06,2.204818623483424e-05,7.167190457887936e-06,6.584782946172785e-07
n104,0.0001800498233249,7.994672150407375e-11,0.0007502220189314,0.0004447083947856,0.0001461999499113,0.0004194087290999,2.0665752736554823e-05,0.0046968336376512,0.0003111106860249,0.0001538236416353,0.9885159309455394,7.994672150407375e-11,0.0001537111029144,0.000580310873761,0.0026768994802034,0.0008701780820831,7.99467215040731e-05
SAMN13082268,0.0,0.0,0.0,0.0,0.0,0.0,0.0,0.0,0.0,0.0,1.0,0.0,0.0,0.0,0.0,0.0,0.0
SAMN13082261,0.0,0.0,0.0,0.0,0.0,0.0,0.0,0.0,0.0,0.0,1.0,0.0,0.0,0.0,0.0,0.0,0.0
n109109,8.574019699983952e-06,3.807083797510149e-12,0.9899801502776884,2.1177130125578435e-05,6.962079870604142e-06,0.0001298717831857,9.841085528776794e-07,0.0054387681435585,1.4815172276172572e-05,7.32512206537748e-06,0.001666867440513,3.807083797510149e-12,7.31976294203708e-06,0.0023559552180449,0.0003159845420984,4.143810796641906e-05,3.807083797510118e-06
n117,0.0015945481763896,7.080201281428928e-10,0.7125408515643908,0.0039384040863552,0.0012947686324503,0.1310187679003462,0.0001830189984708,0.0092468067403934,0.0027552427872207,0.0013622851870985,0.0970391539648755,7.080201281428928e-10,0.0013612885273463,0.0055131273454473,0.0237372872445424,0.0077064273004893,0.0007080201281428
n118118,3.9665122844930557e-10,1.7612327915396112e-16,1.695724001523972e-09,9.79696218724239e-10,3.220796813940652e-10,9.248159677481937e-10,4.5526821734165985e-11,2.084922504629606e-09,6.853793773115476e-10,3.3887473640613755e-10,0.999999982918854,1.7612327915396112e-16,3.3862681268648365e-10,1.2784800662166651e-09,5.897235462593974e-09,1.917009408028967e-09,1.761232791539611e-10
SAMN13082244,0.0,0.0,0.0,0.0,0.0,0.0,0.0,0.0,0.0,0.0,1.0,0.0,0.0,0.0,0.0,0.0,0.0
n123,5.857788090295338e-06,2.6010075679967285e-12,2.4407919577027364e-05,1.446825934357022e-05,4.756507446534813e-06,1.3645153396530062e-05,6.723450099625313e-07,0.0001791878302735,1.0121756509983269e-05,5.004538629017625e-06,0.0001649308281325,2.6010075679967285e-12,5.000877264806171e-06,1.8879985896186396e-05,8.709094851901879e-05,0.999463374249141,2.6010075679967073e-06
SAMN27404381,0.0,0.0,0.0,0.0,0.0,0.0,0.0,0.0,0.0,0.0,0.0,0.0,0.0,0.0,0.0,1.0,0.0
n129,4.5026508813191455e-55,1.9992920259031815e-61,1.0,1.1121180841691237e-54,3.656139845963768e-55,1.0488491734347311e-54,5.168051156841442e-56,2.3665509725588522e-54,7.780195385640177e-55,3.8467916423732926e-55,4.0876542864715096e-55,1.9992920259031815e-61,3.8439772959784265e-55,1.4512301200446804e-54,6.694338034415044e-54,2.176124383707007e-54,1.9992920259031807e-55
n135135,7.0339950384199136e-15,3.12327350292712e-21,0.9999999999997208,1.737339467876067e-14,5.711584178772478e-15,1.6385014242608288e-14,8.073476526093237e-16,3.6970016636666055e-14,1.2154141456443024e-14,6.0094184602563806e-15,6.38564346006841e-15,3.12327350292712e-21,6.005021917175525e-15,2.2670968132020008e-14,1.0457826236305033e-13,3.3995191991201463e-14,3.12327350292712e-15
SAMN04096289,0.0,0.0,1.0,0.0,0.0,0.0,0.0,0.0,0.0,0.0,0.0,0.0,0.0,0.0,0.0,0.0,0.0
SAMN05194544,0.0,0.0,1.0,0.0,0.0,0.0,0.0,0.0,0.0,0.0,0.0,0.0,0.0,0.0,0.0,0.0,0.0
n140140,1.33114556568626e-07,5.910626395296346e-14,5.54658184443188e-07,3.287821097574242e-07,1.0808864537278198e-07,3.100775438939423e-07,1.5278618222902922e-08,6.996375956764975e-07,2.3001056179451095e-07,1.1372557140608165e-07,9.349923842000496e-07,5.910626395296346e-14,1.1364179606661539e-07,4.290358257848883e-07,1.9790873525380735e-06,0.9999939907628722,5.9106263952963464e-08
SAMN27404398,0.0,0.0,0.0,0.0,0.0,0.0,0.0,0.0,0.0,0.0,0.0,0.0,0.0,0.0,0.0,1.0,0.0
SAMN27404408,0.0,0.0,0.0,0.0,0.0,0.0,0.0,0.0,0.0,0.0,0.0,0.0,0.0,0.0,0.0,1.0,0.0
SAMN27404409,0.0,0.0,0.0,0.0,0.0,0.0,0.0,0.0,0.0,0.0,0.0,0.0,0.0,0.0,0.0,1.0,0.0
n144144,7.160515882640361e-09,3.1794519901400505e-15,3.3603683218069065e-08,1.7685890856213985e-08,5.814318748272107e-09,1.6679732368398225e-08,8.218694579318466e-10,3.7634998912358655e-08,1.2372758647590341e-08,6.117939558956425e-09,0.9999996689158918,3.1794519901400505e-15,6.11303456693904e-09,2.3078752045953842e-08,1.0645948725765112e-07,5.4361668411861235e-08,3.179451990140037e-09
SAMN13082232,0.0,0.0,0.0,0.0,0.0,0.0,0.0,0.0,0.0,0.0,1.0,0.0,0.0,0.0,0.0,0.0,0.0
SAMN06015666,0.0,0.0,1.0,0.0,0.0,0.0,0.0,0.0,0.0,0.0,0.0,0.0,0.0,0.0,0.0,0.0,0.0
SAMN06007769,0.0,0.0,1.0,0.0,0.0,0.0,0.0,0.0,0.0,0.0,0.0,0.0,0.0,0.0,0.0,0.0,0.0
n148148,6.226116127070087e-17,2.0435438012591536e-25,6.585866965736773e-15,7.060201424156049e-17,3.775642978722157e-19,1.0635198431934869e-17,5.2824393681971135e-20,2.7565539505924273e-15,1.3202070381348956e-17,2.1503916597157671e-16,0.9999999999999896,2.0435438012591536e-25,3.929058823624812e-19,2.9442410227762196e-17,6.721845639053108e-17,4.7139926543575095e-16,4.3423776914441136e-18
n156,6.226116127070061e-17,2.0435438012591536e-25,6.585866965736773e-15,7.060201424156049e-17,3.775642978722157e-19,1.0635198431934869e-17,5.2824393681971135e-20,2.7565539505924273e-15,1.3202070381348956e-17,2.1503916597157671e-16,0.9999999999999896,2.0435438012591536e-25,3.929058823624812e-19,2.9442410227762196e-17,6.721845639053108e-17,4.7139926543575095e-16,4.3423776914441136e-18
n196196,3.479405502522597e-09,1.5449449356455865e-15,4.156875086602582e-06,8.593848120817218e-09,2.825267477612233e-09,2.321393436323525e-07,3.9935909104186824e-10,1.828742821281056e-08,6.012114940511735e-09,2.9725928925734013e-09,0.9999954541451768,1.5449449356455865e-15,2.970418117621229e-09,1.1214322847142081e-08,5.1730230050296493e-08,4.6810457623197606e-08,1.544944935645681e-09
SAMN10093581,0.0,0.0,0.0,0.0,0.0,1.0,0.0,0.0,0.0,0.0,0.0,0.0,0.0,0.0,0.0,0.0,0.0
n202,4.318359997243047e-09,1.9174621650741732e-15,1.7993522871496234e-08,1.0665997372373496e-08,3.5064961666560983e-09,1.0059203862536689e-08,4.956525826153203e-10,2.2696894166967003e-08,7.461756509587602e-09,0.9999997127727596,9.175549220218246e-08,1.9174621650741732e-15,3.6866455389942454e-09,1.3918321145429652e-08,7.788050111218558e-08,2.0870930950756512e-08,1.9174621650741656e-09
SAMN11335408,0.0,0.0,0.0,0.0,0.0,0.0,0.0,0.0,0.0,1.0,0.0,0.0,0.0,0.0,0.0,0.0,0.0
SAMN16340161,0.0,0.0,0.0,0.0,0.0,0.0,0.0,1.0,0.0,0.0,0.0,0.0,0.0,0.0,0.0,0.0,0.0
SAMN16340160,0.0,0.0,0.0,0.0,0.0,0.0,0.0,1.0,0.0,0.0,0.0,0.0,0.0,0.0,0.0,0.0,0.0
SAMN13082314,0.0,0.0,0.0,0.0,0.0,0.0,0.0,0.0,0.0,0.0,1.0,0.0,0.0,0.0,0.0,0.0,0.0
SAMN13082400,0.0,0.0,0.0,0.0,0.0,0.0,0.0,0.0,0.0,0.0,1.0,0.0,0.0,0.0,0.0,0.0,0.0
n216,0.0,0.0,0.0,0.0,0.0,0.0,0.0,0.0,0.0,0.0,0.0,0.0,0.0,0.0,1.0,0.0,0.0
SAMN26308801,0.0,0.0,0.0,0.0,0.0,0.0,0.0,0.0,0.0,0.0,0.0,0.0,0.0,0.0,1.0,0.0,0.0
SAMN15869090,0.0,0.0,0.0,0.0,0.0,0.0,0.0,0.0,0.0,0.0,0.0,0.0,0.0,1.0,0.0,0.0,0.0
SAMN15869092,0.0,0.0,0.0,0.0,0.0,0.0,0.0,0.0,0.0,0.0,0.0,0.0,0.0,1.0,0.0,0.0,0.0
n219,2.715723587098321e-13,1.2058506545042586e-19,1.1315732471979762e-12,6.707616007599178e-13,2.205165288284198e-13,6.326061648752804e-13,3.117052331148806e-14,1.427358786112605e-12,4.692537946629876e-13,0.9999999999791376,6.760800148963043e-13,1.2058506545042586e-19,2.318451971097671e-13,8.752932375157247e-13,4.037615213628143e-12,1.0066280736555812e-11,1.205850654504256e-13
n220,5.247441878680756e-15,2.3299982567965072e-21,2.1864761474071384e-14,1.2960753926357172e-14,4.260908048974076e-15,1.2223410731979408e-14,6.022907124353647e-16,2.7580061187865807e-14,9.067130489798528e-15,0.999999999999774,4.770844481751952e-15,2.3299982567965072e-21,4.479815996239459e-15,1.6912805163553582e-14,7.801659661773154e-14,2.5505102084052137e-14,2.329998256796502e-15
SAMN27404400,0.0,0.0,0.0,0.0,0.0,0.0,0.0,0.0,0.0,0.0,0.0,0.0,0.0,0.0,0.0,1.0,0.0
SAMN27404391,0.0,0.0,0.0,0.0,0.0,0.0,0.0,0.0,0.0,0.0,0.0,0.0,0.0,0.0,0.0,1.0,0.0
SAMN06702069,0.0,0.0,0.0,0.0,1.0,0.0,0.0,0.0,0.0,0.0,0.0,0.0,0.0,0.0,0.0,0.0,0.0
SAMN13082408,0.0,0.0,0.0,0.0,0.0,0.0,0.0,0.0,0.0,0.0,1.0,0.0,0.0,0.0,0.0,0.0,0.0
n224,0.0,0.0,0.0,0.0,0.0,0.0,0.0,0.0,0.0,0.0,1.0,0.0,0.0,0.0,0.0,0.0,0.0
SAMN13082265,0.0,0.0,0.0,0.0,0.0,0.0,0.0,0.0,0.0,0.0,1.0,0.0,0.0,0.0,0.0,0.0,0.0
SAMN13082298,0.0,0.0,0.0,0.0,0.0,0.0,0.0,0.0,0.0,0.0,1.0,0.0,0.0,0.0,0.0,0.0,0.0
SAMN13082299,0.0,0.0,0.0,0.0,0.0,0.0,0.0,0.0,0.0,0.0,1.0,0.0,0.0,0.0,0.0,0.0,0.0
SAMN26304338,0.0,0.0,0.0,0.0,0.0,0.0,0.0,0.0,0.0,0.0,0.0,0.0,0.0,0.0,1.0,0.0,0.0
SAMN10093585,0.0,0.0,0.0,0.0,0.0,1.0,0.0,0.0,0.0,0.0,0.0,0.0,0.0,0.0,0.0,0.0,0.0
n255,0.0032538189518409,1.444778743288233e-09,0.0135578395878618,0.0080366677164538,0.0039656673023062,0.1711900607935881,0.0003734667251652,0.0171017665045771,0.0056223206846751,0.0027798654339182,0.6242345555192135,1.444778743288233e-09,0.0027778316598863,0.0104872444942237,0.119448455052426,0.0157256579410179,0.0014447787432882
SAMN13082374,0.0,0.0,0.0,0.0,0.0,0.0,0.0,0.0,0.0,0.0,1.0,0.0,0.0,0.0,0.0,0.0,0.0
SAMN06702082,0.0,0.0,0.0,0.0,1.0,0.0,0.0,0.0,0.0,0.0,0.0,0.0,0.0,0.0,0.0,0.0,0.0
SAMN26308792,0.0,0.0,0.0,0.0,0.0,0.0,0.0,0.0,0.0,0.0,0.0,0.0,0.0,0.0,1.0,0.0,0.0
n258258,5.491994242158313e-05,2.4385857537696183e-11,0.0002288374924108,0.0001356477833866,4.459483870669428e-05,0.0001279307184377,6.303599355443256e-06,0.9967452927501664,9.48969604401334e-05,4.692026565136201e-05,0.00075805088771,2.4385857537696183e-11,4.688593837387094e-05,0.000177010114098,0.0012428955486937,0.0002654272538377,2.4385857537696083e-05
SAMN26304536,0.0,0.0,0.0,0.0,0.0,0.0,0.0,0.0,0.0,0.0,0.0,0.0,0.0,0.0,1.0,0.0,0.0
n259259,9.221654692957995e-12,1.108999942625167e-19,3.765380393130039e-12,6.168878160652487e-13,1.0263310220663522e-12,1.5808984801459942e-11,2.866698992525609e-14,4.5219675800520954e-12,9.593452294446709e-13,1.563812110301721e-12,0.999999999929478,1.108999942625167e-19,2.1322400859306266e-13,2.3072005717048065e-12,2.8234983224354107e-11,2.1429652841234477e-12,1.1089999426252125e-13
SAMN13082371,0.0,0.0,0.0,0.0,0.0,0.0,0.0,0.0,0.0,0.0,1.0,0.0,0.0,0.0,0.0,0.0,0.0
SAMN06015662,0.0,0.0,1.0,0.0,0.0,0.0,0.0,0.0,0.0,0.0,0.0,0.0,0.0,0.0,0.0,0.0,0.0
SAMN26304411,0.0,0.0,0.0,0.0,0.0,0.0,0.0,0.0,0.0,0.0,0.0,0.0,0.0,0.0,1.0,0.0,0.0
n324324,2.279780826056685e-18,1.428541008096428e-25,2.088937261678932e-18,1.3253486522627934e-18,1.809402677266686e-17,4.909330115484616e-18,3.794072403256239e-20,5.4491257458327066e-18,7.083095243021188e-18,1.6143452646428126e-18,0.9999999999999996,1.428541008096428e-25,2.206442378867091e-16,3.3118671733141233e-18,2.563288247676255e-16,8.268952196697017e-18,1.8986876929819109e-19
n331331,6.418133712004088e-05,2.8498153398538797e-11,0.0002674273788372,0.000158522673773,5.21150651464962e-05,0.000149504245749,7.366603414157531e-06,0.0003373310740384,0.0001108998578986,5.48326392023942e-05,0.9965580013416026,2.8498153398538797e-11,5.479252316437981e-05,0.0002068601186909,0.0016394794961272,0.0003101874348404,2.8498153398538745e-05
n333,1.7582900866872918e-06,4.189264080685225e-14,8.372794434932867e-07,1.2076134499724792e-06,7.660979552937417e-08,2.1977310524933045e-07,1.0828998864595184e-08,2.2893807263986944e-06,1.6302417379522977e-07,8.060466327326402e-08,0.9999800386407344,4.189264080685225e-14,1.0587296726738782e-06,2.7995311518973265e-06,8.603649292496114e-06,4.559793965893414e-07,4.000652247379472e-07
n353353,0.0042473850369934,1.8854598016011468e-09,0.0176934947437805,0.0769419092688149,0.0034479728920454,0.0098913161700847,0.000487380161707,0.0223192677508216,0.0073372201050021,0.0036277696868988,0.6638931008423548,1.8854598016011468e-09,0.0036257612306295,0.0136876720682057,0.1503918102068797,0.0205222398509296,0.0018856962139321
SAMN10093592,0.0,0.0,0.0,0.0,0.0,1.0,0.0,0.0,0.0,0.0,0.0,0.0,0.0,0.0,0.0,0.0,0.0
SAMN13423024,0.0,0.0,0.0,0.0,0.0,0.0,0.0,0.0,0.0,0.0,0.0,0.0,1.0,0.0,0.0,0.0,0.0
n373,0.0,0.0,0.0,0.0,0.0,0.0,0.0,0.0,0.0,0.0,0.0,0.0,0.0,0.0,1.0,0.0,0.0
SAMN26304624,0.0,0.0,0.0,0.0,0.0,0.0,0.0,0.0,0.0,0.0,0.0,0.0,0.0,0.0,1.0,0.0,0.0
SAMN13423021,0.0,0.0,0.0,0.0,0.0,0.0,0.0,0.0,0.0,0.0,0.0,0.0,1.0,0.0,0.0,0.0,0.0
SAMN26304930,0.0,0.0,0.0,0.0,0.0,0.0,0.0,0.0,0.0,0.0,0.0,0.0,0.0,0.0,1.0,0.0,0.0
n379,1.0,0.0,0.0,0.0,0.0,0.0,0.0,0.0,0.0,0.0,0.0,0.0,0.0,0.0,0.0,0.0,0.0
SAMN26308852,0.0,0.0,0.0,0.0,0.0,0.0,0.0,0.0,0.0,0.0,0.0,0.0,0.0,0.0,1.0,0.0,0.0
SAMN26308889,0.0,0.0,0.0,0.0,0.0,0.0,0.0,0.0,0.0,0.0,0.0,0.0,0.0,0.0,1.0,0.0,0.0
SAMN26304339,0.0,0.0,0.0,0.0,0.0,0.0,0.0,0.0,0.0,0.0,0.0,0.0,0.0,0.0,1.0,0.0,0.0
n386386,1.3583637256638042e-08,6.03148194995502e-15,5.6599576324254245e-08,3.3550477188815796e-08,1.1029875176678968e-08,3.164177506754658e-08,1.5591022654557831e-09,7.13943200378816e-08,2.3471362576166417e-08,1.1605035210266893e-08,1.3429988031349708e-08,6.03148194995502e-15,1.159654486524996e-08,4.378083922181501e-08,0.999999605076459,6.564951378354251e-08,6.031481949954995e-09
SAMN26308791,0.0,0.0,0.0,0.0,0.0,0.0,0.0,0.0,0.0,0.0,0.0,0.0,0.0,0.0,1.0,0.0,0.0
n388388,0.0023639401245023,1.0496341669728043e-09,0.0098497930755749,0.0058386525016269,0.0019194841232964,0.0055064888679328,0.0002713241987964,0.0124244619304486,0.0040846253557195,0.002019576874587,0.8073479481037265,1.0496341669728043e-09,0.0020180994388544,0.0556611281713498,0.0782201242419824,0.01142471672536,0.0010496341669728
n389389,0.0001624333370845,7.210961189679988e-11,0.0006766783878538,0.0004011140063274,0.0001318680922631,0.0003782944455074,1.863990644459715e-05,0.000853557545854,0.0002806127681554,0.0001387444399244,0.9867867354601576,7.210961189679988e-11,0.0001386430329529,0.0017447034165363,0.0074309901454041,0.0007848752594178,7.210961189679958e-05
n391391,0.0003982324919818,1.7682526081803828e-10,0.0016593326364512,0.0009836010334949,0.000323363407383,0.0009276435170474,4.5708279825535935e-05,0.0020930708851376,0.0006881111215654,0.0003402254031238,0.0055842325580481,1.7682526081803828e-10,0.0003399764921769,0.0012835250753813,0.9832315013740948,0.001924650109819,0.000176825260818
n392,6.02870871463105e-08,1.223267544588746e-17,1.1479173000834871e-10,6.804498614959863e-11,2.237010478761401e-11,6.417387437194535e-11,3.1620739580700944e-12,2.1057108835504666e-10,4.7603153938245216e-11,2.353660848912097e-11,0.9999999207087924,1.223267544588746e-17,2.0203408071681288e-10,4.161221187593086e-10,1.7686331601797053e-08,1.3314624957226978e-10,1.2232675778907595e-11
SAMN13082234,0.0,0.0,0.0,0.0,0.0,0.0,0.0,0.0,0.0,0.0,1.0,0.0,0.0,0.0,0.0,0.0,0.0
SAMN26308851,0.0,0.0,0.0,0.0,0.0,0.0,0.0,0.0,0.0,0.0,0.0,0.0,0.0,0.0,1.0,0.0,0.0
SAMN05194531,0.0,0.0,1.0,0.0,0.0,0.0,0.0,0.0,0.0,0.0,0.0,0.0,0.0,0.0,0.0,0.0,0.0
SAMN26304760,0.0,0.0,0.0,0.0,0.0,0.0,0.0,0.0,0.0,0.0,0.0,0.0,0.0,0.0,1.0,0.0,0.0
n427,0.0004313812769428,1.9154430797511572e-10,0.0018222195135375,0.0010654766096784,0.0003806149567657,0.0018004783166436,4.9941623638130945e-05,0.0022672994362684,0.0007653539270237,0.0003685459820358,0.0004000380241304,1.9154430797511572e-10,0.00036827638482,0.0013903665173229,0.9866136035225987,0.0020848592175297,0.0001915443079751
n428,1.4090998530017667e-05,6.256763346887321e-12,0.0002001691570847,3.480362215856207e-05,0.0001847244897649,0.0045776918879958,4.065420022661925e-06,7.406096354011947e-05,0.0001383900004748,1.2038493946496212e-05,6.088409418709192e-05,6.256763346887321e-12,1.2029882108359126e-05,4.541609553993604e-05,0.994567276485899,6.810163288687037e-05,6.25676334688732e-06
n429429,0.0004438288060207,1.9707132889757e-10,0.0019236967066132,0.0010962209937203,0.0004514962553027,0.0220006364485793,5.222892126646854e-05,0.002332722478875,0.0008268591550103,0.0003791803954262,0.0004282050826908,1.9707132889757e-10,0.000378903086592,0.0014304856157497,0.9659134463758572,0.0021450179552552,0.0001970713288975
SAMN10093586,0.0,0.0,0.0,0.0,0.0,1.0,0.0,0.0,0.0,0.0,0.0,0.0,0.0,0.0,0.0,0.0,0.0
SAMN26304498,0.0,0.0,0.0,0.0,0.0,0.0,0.0,0.0,0.0,0.0,0.0,0.0,0.0,0.0,1.0,0.0,0.0
SAMN26308788,0.0,0.0,0.0,0.0,0.0,0.0,0.0,0.0,0.0,0.0,0.0,0.0,0.0,0.0,1.0,0.0,0.0
SAMN26305033,0.0,0.0,0.0,0.0,0.0,0.0,0.0,0.0,0.0,0.0,0.0,0.0,0.0,0.0,1.0,0.0,0.0
SAMN13082282,0.0,0.0,0.0,0.0,0.0,0.0,0.0,0.0,0.0,0.0,1.0,0.0,0.0,0.0,0.0,0.0,0.0
n41,6.780942451775407e-05,3.0109116894204247e-11,0.0002825468873128,0.0005562859522689,5.569657542311719e-05,0.000541487288802,7.783027910906638e-06,0.000363230322318,0.0001416051511083,5.7932265663141686e-05,6.155915746850847e-05,3.0109116894204247e-11,5.788987313696535e-05,0.00021906008747,0.997229282840032,0.0003277219333719,3.010915297703289e-05
n42,0.0004136160539651,1.8365609510364738e-10,0.0017234342862374,0.0106356280124147,0.0003361256907968,0.0011267969596171,4.747400992271803e-05,0.0021768356470684,0.0007250987671215,0.0003533684574527,0.0003754914007694,1.8365609510364738e-10,0.0003531099262637,0.0013333238417454,0.9782170403119146,0.0019990001569289,0.0001836561104686
n4343,0.0001104490312688,4.904219165662379e-11,0.0004602250043592,0.00033203321889,9.313076047188624e-05,0.0059522746864579,1.267711530088249e-05,0.000617551509317,0.0003233669756337,9.436099666608945e-05,0.0001002685003814,4.904219165662379e-11,9.429191375277968e-05,0.0003587299969345,0.9908677992648875,0.0005337985402557,4.904238733766794e-05
SAMN26308483,0.0,0.0,0.0,0.0,0.0,0.0,0.0,0.0,0.0,0.0,0.0,0.0,0.0,0.0,1.0,0.0,0.0
n7272,8.446617681046055e-23,3.750514046011037e-29,1.4529298508262426e-19,2.2376400634302043e-22,6.858629789352893e-23,2.230915674123792e-22,9.69485608070102e-24,3.5565388157448503e-19,1.4595032489868273e-22,7.47131866787713e-23,1.0,3.750514046011037e-29,7.210998020462597e-23,3.8512916635369255e-21,1.944476965715576e-21,7.983885955499265e-21,3.750514046011037e-23
n8484,3.85217727712157e-05,1.7104651272137553e-11,0.0001605104720879,9.514564034014592e-05,3.1279571096736514e-05,8.973276097855765e-05,4.421450776026889e-06,0.0009240557801013,6.656232665178066e-05,3.291066472875288e-05,0.997581673447644,1.7104651272137553e-11,3.288658699872657e-05,0.0001241578758749,0.000614861817337,0.0001861751471313,1.710465127213741e-05
n87,8.446617681046055e-23,3.750514046011037e-29,1.4529298508262426e-19,2.2376400634302043e-22,6.858629789352893e-23,2.230915674123792e-22,9.69485608070102e-24,3.556538815744908e-19,1.4595032489868273e-22,7.47131866787713e-23,1.0,3.750514046011037e-29,7.210998020462597e-23,3.8512916635368946e-21,1.944476965715544e-21,7.983885955499331e-21,3.750514046011037e-23
n95,2.233642112331734e-08,9.917941633969343e-15,9.307021046387497e-08,1.8232345218810279e-07,1.8137111101374463e-08,5.2030542563001867e-08,2.5637290136125092e-09,1.173981295156275e-07,3.8595424148104755e-08,4.0503490993294004e-08,0.9999984964478832,9.917941633969343e-15,1.9068921383105433e-08,7.199156222092918e-08,4.763171715585847e-07,3.592979890937508e-07,9.917941633969344e-09
n102102,5.554597198846777e-06,2.4663830662139024e-12,2.3144599910816872e-05,1.3719402542936987e-05,4.510317295804402e-06,1.2938899404669164e-05,6.375453757338282e-07,0.0001883987223128,9.597868596664712e-06,4.745510732338605e-06,0.9996022127976656,2.4663830662139024e-12,4.742038875200824e-06,1.7902784320068537e-05,8.258324323648598e-05,2.6845284532786e-05,2.466383066213882e-06
SAMN13082327,0.0,0.0,0.0,0.0,0.0,0.0,0.0,0.0,0.0,0.0,1.0,0.0,0.0,0.0,0.0,0.0,0.0
SAMN13082403,0.0,0.0,0.0,0.0,0.0,0.0,0.0,0.0,0.0,0.0,1.0,0.0,0.0,0.0,0.0,0.0,0.0
SAMN09400857,0.0,0.0,0.0,0.0,0.0,0.0,0.0,1.0,0.0,0.0,0.0,0.0,0.0,0.0,0.0,0.0,0.0
n110,8.574019699983952e-06,3.807083797510149e-12,0.9899801502776884,2.1177130125578435e-05,6.962079870604142e-06,0.0001298717831857,9.841085528776794e-07,0.0054387681435585,1.4815172276172572e-05,7.32512206537748e-06,0.001666867440513,3.807083797510149e-12,7.31976294203708e-06,0.0023559552180449,0.0003159845420984,4.143810796641906e-05,3.807083797510118e-06
n111111,8.574019699983952e-06,3.807083797510149e-12,0.9899801502776884,2.1177130125578435e-05,6.962079870604142e-06,0.0001298717831857,9.841085528776794e-07,0.0054387681435585,1.4815172276172572e-05,7.32512206537748e-06,0.001666867440513,3.807083797510149e-12,7.31976294203708e-06,0.0023559552180449,0.0003159845420984,4.143810796641906e-05,3.807083797510118e-06
SAMN10093594,0.0,0.0,0.0,0.0,0.0,1.0,0.0,0.0,0.0,0.0,0.0,0.0,0.0,0.0,0.0,0.0,0.0
SAMN07775517,0.0,0.0,1.0,0.0,0.0,0.0,0.0,0.0,0.0,0.0,0.0,0.0,0.0,0.0,0.0,0.0,0.0
SAMN13082239,0.0,0.0,0.0,0.0,0.0,0.0,0.0,0.0,0.0,0.0,1.0,0.0,0.0,0.0,0.0,0.0,0.0
SAMN13082229,0.0,0.0,0.0,0.0,0.0,0.0,0.0,0.0,0.0,0.0,1.0,0.0,0.0,0.0,0.0,0.0,0.0
n123123,2.1481276919047138e-06,9.538235759883563e-13,8.950704111686667e-06,5.305700389038029e-06,1.744273641373268e-06,5.0038566468347714e-06,2.465577300085716e-07,3.0387269233712963e-05,3.7117808146446e-06,1.8352299278305912e-06,2.2490005566325643e-05,9.538235759883563e-13,1.8338872575715217e-06,6.923538356322419e-06,3.193739263765681e-05,0.9998765278505112,9.53823575988349e-07
n124,7.774082891252142e-07,3.4518914174925773e-13,3.2392634740267615e-06,1.9201351379608766e-06,6.31253343279534e-07,1.81089776436633e-06,8.922934319914836e-08,4.494046630469298e-06,1.343294992935015e-06,6.641704605004722e-07,1.1446464400626217e-06,3.4518914174925773e-13,6.636845475852873e-07,2.5056313591436917e-06,1.1558155440725228e-05,0.9999688129929444,3.451891417492549e-07
n129129,4.5026508813191455e-55,1.9992920259031815e-61,1.0,1.1121180841691237e-54,3.656139845963768e-55,1.0488491734347311e-54,5.168051156841442e-56,2.3665509725588522e-54,7.780195385640177e-55,3.8467916423732926e-55,4.0876542864715096e-55,1.9992920259031815e-61,3.8439772959784265e-55,1.4512301200446804e-54,6.694338034415044e-54,2.176124383707007e-54,1.9992920259031807e-55
n130130,4.5026508813191455e-55,1.9992920259031815e-61,1.0,1.1121180841691237e-54,3.656139845963768e-55,1.0488491734347311e-54,5.168051156841442e-56,2.3665509725588522e-54,7.780195385640177e-55,3.8467916423732926e-55,4.0876542864715096e-55,1.9992920259031815e-61,3.8439772959784265e-55,1.4512301200446804e-54,6.694338034415044e-54,2.176124383707007e-54,1.9992920259031807e-55
SAMN05194540,0.0,0.0,1.0,0.0,0.0,0.0,0.0,0.0,0.0,0.0,0.0,0.0,0.0,0.0,0.0,0.0,0.0
SAMN05194542,0.0,0.0,1.0,0.0,0.0,0.0,0.0,0.0,0.0,0.0,0.0,0.0,0.0,0.0,0.0,0.0,0.0
n141,3.184035974153525e-06,1.4137933188924113e-12,1.3267072868311776e-05,7.864309449778518e-06,2.5854282516956228e-06,7.416905258039819e-06,3.654571769692267e-07,1.6734993740443845e-05,5.501741673243847e-06,2.7202473000347574e-06,3.1834827211286435e-06,1.4137933188924113e-12,2.7182569372642267e-06,1.0262329971369331e-05,4.733880934438131e-05,0.9998754431331868,1.4137933188924113e-06
n142,0.0,0.0,0.0,0.0,0.0,0.0,0.0,0.0,0.0,0.0,0.0,0.0,0.0,0.0,0.0,1.0,0.0
n145,3.9162417210731746e-08,1.7389113770590856e-14,1.632328818523602e-07,9.672797991184974e-08,3.17997725789623e-08,9.122508052222781e-08,4.494982642565769e-09,2.0583398310140258e-07,6.766930541685394e-08,3.3457998497254424e-08,0.9999983175517816,1.7389113770590856e-14,3.3433514296712376e-08,1.2622270952821346e-07,5.822491395429128e-07,1.895493045417082e-07,1.7389113770590855e-08
SAMN13082262,0.0,0.0,0.0,0.0,0.0,0.0,0.0,0.0,0.0,0.0,1.0,0.0,0.0,0.0,0.0,0.0,0.0
n149,6.226116127070061e-17,2.0435438012591536e-25,6.585866965736773e-15,7.060201424156049e-17,3.775642978722157e-19,1.0635198431934869e-17,5.2824393681971135e-20,2.7565539505924273e-15,1.3202070381348956e-17,2.1503916597157671e-16,0.9999999999999896,2.0435438012591536e-25,3.929058823624812e-19,2.9442410227762196e-17,6.721845639053108e-17,4.7139926543575095e-16,4.3423776914441136e-18
n154154,6.226116127070087e-17,2.0435438012591536e-25,6.585866965736773e-15,7.060201424156049e-17,3.775642978722157e-19,1.0635198431934869e-17,5.2824393681971135e-20,2.7565539505924273e-15,1.3202070381348956e-17,2.1503916597157671e-16,0.9999999999999896,2.0435438012591536e-25,3.929058823624812e-19,2.9442410227762196e-17,6.721845639053108e-17,4.7139926543575095e-16,4.3423776914441136e-18
n156156,6.226116127070112e-17,2.0435438012591703e-25,6.5858669657368265e-15,7.060201424156107e-17,3.7756429787221874e-19,1.0635198431934955e-17,5.282439368197155e-20,2.7565539505924498e-15,1.3202070381349064e-17,2.1503916597157846e-16,0.9999999999999896,2.0435438012591703e-25,3.929058823624845e-19,2.9442410227762436e-17,6.721845639053162e-17,4.713992654357547e-16,4.342377691444148e-18
n187187,6.226116127070061e-17,2.0435438012591536e-25,6.585866965736799e-15,7.060201424156049e-17,3.775642978722157e-19,1.0635198431934869e-17,5.2824393681971135e-20,2.7565539505924273e-15,1.3202070381348956e-17,2.150391659715776e-16,0.9999999999999896,2.0435438012591536e-25,3.929058823624812e-19,2.9442410227762196e-17,6.721845639053108e-17,4.7139926543575095e-16,4.3423776914441136e-18
n197,3.479405502522597e-09,1.5449449356455865e-15,4.156875086602582e-06,8.593848120817218e-09,2.825267477612233e-09,2.321393436323525e-07,3.9935909104186824e-10,1.828742821281056e-08,6.012114940511735e-09,2.9725928925734013e-09,0.9999954541451768,1.5449449356455865e-15,2.970418117621229e-09,1.1214322847142081e-08,5.1730230050296493e-08,4.6810457623197606e-08,1.544944935645681e-09
SAMN13082283,0.0,0.0,0.0,0.0,0.0,0.0,0.0,0.0,0.0,0.0,1.0,0.0,0.0,0.0,0.0,0.0,0.0
n202202,2.0288034747331963e-09,9.008405750459657e-16,8.453510546476336e-09,5.0109792940795865e-09,1.6473827127873272e-09,4.725902370898469e-09,2.328619389102423e-10,1.0663200329842208e-08,3.5055987791497567e-09,0.9999999104806075,3.8051109710268805e-09,9.008405750459657e-16,1.732018470992751e-09,6.538949582787858e-09,3.0469046928225834e-08,9.80518470696842e-09,9.008405750459615e-10
n204204,1.3075294414456848e-09,5.805764770174995e-16,5.448144074690003e-09,3.229491194727677e-09,1.061710227296096e-09,3.0457639511684762e-09,1.5007557149285194e-10,6.8722518197913205e-09,2.259298976327485e-09,0.9999999437291148,1.2211931955546135e-09,5.805764770174995e-16,1.1162565384745223e-09,4.21424213932228e-09,1.944508027319679e-08,6.319270221940367e-09,5.80576477017497e-10
SAMN26308843,0.0,0.0,0.0,0.0,0.0,0.0,0.0,0.0,0.0,0.0,0.0,0.0,0.0,0.0,1.0,0.0,0.0
SAMN26308839,0.0,0.0,0.0,0.0,0.0,0.0,0.0,0.0,0.0,0.0,0.0,0.0,0.0,0.0,1.0,0.0,0.0
n219219,0.0,0.0,0.0,0.0,0.0,0.0,0.0,0.0,0.0,1.0,0.0,0.0,0.0,0.0,0.0,0.0,0.0
SAMN11335446,0.0,0.0,0.0,0.0,0.0,0.0,0.0,0.0,0.0,1.0,0.0,0.0,0.0,0.0,0.0,0.0,0.0
SAMN11335440,0.0,0.0,0.0,0.0,0.0,0.0,0.0,0.0,0.0,1.0,0.0,0.0,0.0,0.0,0.0,0.0,0.0
SAMN11335447,0.0,0.0,0.0,0.0,0.0,0.0,0.0,0.0,0.0,1.0,0.0,0.0,0.0,0.0,0.0,0.0,0.0
SAMN13082362,0.0,0.0,0.0,0.0,0.0,0.0,0.0,0.0,0.0,0.0,1.0,0.0,0.0,0.0,0.0,0.0,0.0
SAMN13082361,0.0,0.0,0.0,0.0,0.0,0.0,0.0,0.0,0.0,0.0,1.0,0.0,0.0,0.0,0.0,0.0,0.0
n255255,4.115604098059536e-05,1.827433365746762e-11,0.0001714868006245,0.0001016520681986,3.449774807572731e-05,0.0002292666343642,4.723806726349418e-06,0.0002163122821963,7.111411667505743e-05,3.516122360965309e-05,0.0005439149488894,1.827433365746762e-11,3.513549935092944e-05,0.000132648272908,0.9981657496615204,0.000198906525674,1.8274333657467545e-05
SAMN10093596,0.0,0.0,0.0,0.0,0.0,1.0,0.0,0.0,0.0,0.0,0.0,0.0,0.0,0.0,0.0,0.0,0.0
SAMN10435675,0.0,0.0,0.0,0.0,0.0,0.0,0.0,1.0,0.0,0.0,0.0,0.0,0.0,0.0,0.0,0.0,0.0
SAMN09400873,0.0,0.0,0.0,0.0,0.0,0.0,0.0,1.0,0.0,0.0,0.0,0.0,0.0,0.0,0.0,0.0,0.0
n260,5.604730361582481e-06,2.4886432955643163e-12,2.335349057573787e-05,1.3843226393067898e-05,4.551024997869254e-06,1.305567953050056e-05,6.432995128261316e-07,2.94579339259358e-05,0.0002781975760125,4.7883411854195805e-06,0.9990146149167008,2.4886432955643163e-12,4.784837933626303e-06,1.8064365160391672e-05,8.332859566279074e-05,0.0005032233337739,2.488643295564306e-06
n262,9.221654692957995e-12,1.108999942625167e-19,3.765380393130039e-12,6.168878160652487e-13,1.0263310220663522e-12,1.5808984801459942e-11,2.866698992525609e-14,4.5219675800520954e-12,9.593452294446709e-13,1.563812110301721e-12,0.999999999929478,1.108999942625167e-19,2.1322400859306266e-13,2.3072005717048065e-12,2.8234983224354107e-11,2.1429652841234477e-12,1.1089999426252125e-13
n325,2.279780826056685e-18,1.428541008096428e-25,2.088937261678932e-18,1.3253486522627826e-18,1.809402677266686e-17,4.909330115484616e-18,3.794072403256239e-20,5.4491257458327066e-18,7.083095243021188e-18,1.6143452646428126e-18,0.9999999999999996,1.428541008096428e-25,2.2064423788671002e-16,3.3118671733141233e-18,2.5632882476762453e-16,8.268952196697017e-18,1.8986876929819109e-19
n325325,2.279780826056685e-18,1.428541008096428e-25,2.088937261678932e-18,1.3253486522627826e-18,1.809402677266686e-17,4.909330115484616e-18,3.794072403256239e-20,5.4491257458327066e-18,7.083095243021188e-18,1.6143452646428126e-18,0.9999999999999996,1.428541008096428e-25,2.206442378867109e-16,3.3118671733141233e-18,2.563288247676255e-16,8.268952196697017e-18,1.8986876929819109e-19
n332,0.0001295922015956,5.7542248355148375e-11,0.0005399778868061,0.0003200821799436,0.000105228503046,0.0003018725570998,1.4874329478943428e-05,0.0006811244282664,0.0002239242338446,0.000110715711956,0.0015062734766326,5.7542248355148375e-11,0.0001106347113733,0.000417683074339,0.9948541571853212,0.0006263171568565,5.754224835514826e-05
SAMN13082294,0.0,0.0,0.0,0.0,0.0,0.0,0.0,0.0,0.0,0.0,1.0,0.0,0.0,0.0,0.0,0.0,0.0
n333333,1.575909354395143e-12,6.904887507099299e-19,6.486215744055265e-12,3.8538659830369415e-12,1.2627086998558218e-12,3.6223750510929897e-12,1.7848724151642593e-13,8.195744292350386e-12,2.687019866286408e-12,1.3285534684127997e-12,0.9999999998824348,6.904887507099299e-19,1.3606995401342677e-12,3.6921161311332357e-11,4.1881921112882546e-11,7.515607463179203e-12,6.949755313060769e-13
n344,0.0002103929526434,2.039722583227025e-12,7.407500223135128e-05,1.1729738513307935e-05,3.7300759041841457e-06,1.0700594599167482e-05,5.272561746511223e-07,0.0002459671748076,7.937529897784723e-06,3.9245831445624565e-06,0.9984595187967163,2.039722583227025e-12,0.000124905159335,0.0003234465029414,0.0004546042068421,2.2201309222713536e-05,4.633911294667298e-05
n354,0.0014468175928336,6.42408093202238e-10,0.0060283830390561,0.005737599254797,0.0011747827713489,0.0033701389733626,0.0001660586770828,0.0076041878112788,0.0024999151788103,0.001236042585028,0.0228085029815562,6.42408093202238e-10,0.0012351593120285,0.0046631141749529,0.9343946058165012,0.0069922747542424,0.0006424157923037
SAMN16895654,0.0,0.0,0.0,1.0,0.0,0.0,0.0,0.0,0.0,0.0,0.0,0.0,0.0,0.0,0.0,0.0,0.0
SAMN26308808,0.0,0.0,0.0,0.0,0.0,0.0,0.0,0.0,0.0,0.0,0.0,0.0,0.0,0.0,1.0,0.0,0.0
SAMN26308798,0.0,0.0,0.0,0.0,0.0,0.0,0.0,0.0,0.0,0.0,0.0,0.0,0.0,0.0,1.0,0.0,0.0
n379379,1.0,0.0,0.0,0.0,0.0,0.0,0.0,0.0,0.0,0.0,0.0,0.0,0.0,0.0,0.0,0.0,0.0
SAMN02801877,1.0,0.0,0.0,0.0,0.0,0.0,0.0,0.0,0.0,0.0,0.0,0.0,0.0,0.0,0.0,0.0,0.0
SAMN26308837,0.0,0.0,0.0,0.0,0.0,0.0,0.0,0.0,0.0,0.0,0.0,0.0,0.0,0.0,1.0,0.0,0.0
SAMN26308856,0.0,0.0,0.0,0.0,0.0,0.0,0.0,0.0,0.0,0.0,0.0,0.0,0.0,0.0,1.0,0.0,0.0
n389,0.0002221353574397,9.863371294593856e-11,0.0009255812104469,0.000548655896461,0.0001803731737959,0.0005174426094627,2.5496229049558045e-05,0.0011675218342542,0.0003838306502442,0.0001897788505635,0.0033372083374954,9.863371294593856e-11,0.0001896400071037,0.0009030360408547,0.9902370897215688,0.001073576171046,9.863371294593814e-05
SAMN15868462,0.0,0.0,0.0,0.0,0.0,0.0,0.0,0.0,0.0,0.0,0.0,0.0,0.0,1.0,0.0,0.0,0.0
n390,0.0002376645496526,1.0552907015716256e-10,0.0009902874136649,0.0005870117311867,0.0001929828325778,0.0005536163630606,2.7278637939835237e-05,0.0012491417982383,0.0004106637619968,0.0002030460482253,0.0042963801979837,1.0552907015716256e-10,0.0002028974983735,0.0007710570498087,0.9890238143226636,0.0011486285134118,0.0001055290701571
SAMN13082369,0.0,0.0,0.0,0.0,0.0,0.0,0.0,0.0,0.0,0.0,1.0,0.0,0.0,0.0,0.0,0.0,0.0
SAMN26308855,0.0,0.0,0.0,0.0,0.0,0.0,0.0,0.0,0.0,0.0,0.0,0.0,0.0,0.0,1.0,0.0,0.0
SAMN26308884,0.0,0.0,0.0,0.0,0.0,0.0,0.0,0.0,0.0,0.0,0.0,0.0,0.0,0.0,1.0,0.0,0.0
n392392,0.0172831530262725,9.523947296573387e-11,0.0008937295782251,0.0005297752346312,0.0001741660685418,0.0004996360771925,2.461883817173619e-05,0.0011273444293703,0.0003706220494547,0.0001832480717583,0.973718442299256,9.523947296573387e-11,0.0001831140796566,0.000691316811377,0.0031889621214078,0.0010366316512391,9.523947296573349e-05
SAMN13082288,0.0,0.0,0.0,0.0,0.0,0.0,0.0,0.0,0.0,0.0,1.0,0.0,0.0,0.0,0.0,0.0,0.0
n427427,0.0005219913233813,2.3177748351683416e-10,0.002190930594612,0.0012892760420593,0.0004433634888429,0.001727585699884,6.018870612408904e-05,0.0027435373218487,0.0009147950757633,0.0004459577064936,0.0004792914311586,2.3177748351683416e-10,0.0004456314619607,0.0016824078769306,0.9843004891208312,0.0025227762030371,0.0002317774835168
SAMN26305029,0.0,0.0,0.0,0.0,0.0,0.0,0.0,0.0,0.0,0.0,0.0,0.0,0.0,0.0,1.0,0.0,0.0
n428428,0.0,0.0,0.0,0.0,0.0,0.0,0.0,0.0,0.0,0.0,0.0,0.0,0.0,0.0,1.0,0.0,0.0
SAMN26304462,0.0,0.0,0.0,0.0,0.0,0.0,0.0,0.0,0.0,0.0,0.0,0.0,0.0,0.0,1.0,0.0,0.0
n430,0.0002162475789571,9.601944979202962e-11,0.0009036719402352,0.0005341139022025,0.0001788056425142,0.0012431847317008,2.4865852889798256e-05,0.0011365769449675,0.0003757720143268,0.0001847488071675,0.0001972069496454,9.601944979202962e-11,0.0001846136469527,0.0006969783095679,0.9929820727467118,0.0010451212903292,9.60194497920296e-05
SAMN26308865,0.0,0.0,0.0,0.0,0.0,0.0,0.0,0.0,0.0,0.0,0.0,0.0,0.0,0.0,1.0,0.0,0.0
n4141,0.0002934590312145,1.3030330720747634e-10,0.001222769720282,0.0007694808671225,0.0002383609078322,0.0007276401238984,3.3682631092856685e-05,0.0015431776698524,0.0005098790393551,0.0002507135869405,0.0002664097334783,1.3030330720747634e-10,0.0002505301616806,0.0009458934075304,0.991399416472678,0.0014182830750828,0.0001303033113522
SAMN26304707,0.0,0.0,0.0,0.0,0.0,0.0,0.0,0.0,0.0,0.0,0.0,0.0,0.0,0.0,1.0,0.0,0.0
n4242,0.0010046768266871,4.461021787274045e-10,0.0041862344494799,0.0433836710725906,0.0008159492619417,0.0024335419485107,0.000115314763975,0.0052821475420373,0.001741936506788,0.0008583349079611,0.0009120717277699,4.461021787274045e-10,0.0008577069405055,0.003238253972647,0.929868469038724,0.0048555879606774,0.0004461021874998
SAMN26308500,0.0,0.0,0.0,0.0,0.0,0.0,0.0,0.0,0.0,0.0,0.0,0.0,0.0,0.0,1.0,0.0,0.0
SAMN10093615,0.0,0.0,0.0,0.0,0.0,1.0,0.0,0.0,0.0,0.0,0.0,0.0,0.0,0.0,0.0,0.0,0.0
SAMN26304385,0.0,0.0,0.0,0.0,0.0,0.0,0.0,0.0,0.0,0.0,0.0,0.0,0.0,0.0,1.0,0.0,0.0
n73,8.446617681046124e-23,3.7505140460110675e-29,1.4529298508262305e-19,2.2376400634302405e-22,6.858629789352949e-23,2.2309156741238103e-22,9.694856080701101e-24,3.5565388157448503e-19,1.459503248986839e-22,7.471318667877069e-23,1.0,3.7505140460110675e-29,7.210998020462716e-23,3.8512916635368946e-21,1.9444769657155917e-21,7.9838859554992e-21,3.7505140460110676e-23
n8383,0.0014535694591016,6.45421975915417e-10,0.8892150358630115,0.0035901981403214,0.0011802943107018,0.0033859501122637,0.0001668377478659,0.0076398244229652,0.0025116436287187,0.0012418415271945,0.0544074173586678,6.45421975915417e-10,0.0012409329850768,0.0046849374651212,0.0216110144272996,0.0070250792849303,0.0006454219759154
n85,3.600705570947692e-06,1.5988052650246589e-12,1.500322829052948e-05,8.893449407399562e-06,2.923762791857597e-06,8.387496968816513e-06,4.1328166633097e-07,6.965210464100044e-05,6.221711077881499e-06,3.0762243092030595e-06,0.9997385868669414,1.5988052650246589e-12,3.073973716605609e-06,1.1605279902227518e-05,0.0001095609505051,1.740215574784559e-05,1.5988052650246457e-06
SAMN13622046,0.0,0.0,0.0,0.0,0.0,0.0,0.0,1.0,0.0,0.0,0.0,0.0,0.0,0.0,0.0,0.0,0.0
n8787,8.446617681045985e-23,3.7505140460110064e-29,1.4529298508262305e-19,2.2376400634302043e-22,6.858629789352838e-23,2.2309156741238103e-22,9.694856080700941e-24,3.556538815744908e-19,1.459503248986815e-22,7.471318667877191e-23,1.0,3.7505140460110064e-29,7.210998020462597e-23,3.8512916635368946e-21,1.9444769657155277e-21,7.983885955499397e-21,3.750514046011006e-23
n94,2.6828281032462015e-06,1.191244219253732e-12,1.1178665321046235e-05,6.626366842510278e-06,2.1784488708296796e-06,6.249389776657238e-06,3.079295563445149e-07,1.4100692290594568e-05,4.635697365731986e-06,2.2920455077494944e-06,0.9998847662680692,1.191244219253732e-12,2.290368627218565e-06,8.646908350115313e-06,3.988707693477037e-05,1.2966067782404026e-05,1.191244219253722e-06
n9595,1.6081640149485067e-05,7.1406590832311594e-12,6.700812207352075e-05,3.973615604721357e-05,1.3058246550476078e-05,3.74606324648485e-05,1.8458179674393516e-06,8.452358874636046e-05,2.7787697910057382e-05,0.0001377354655447,0.9977302709757062,7.1406590832311594e-12,1.3729125629790284e-05,5.1832045565601024e-05,0.0002391125036424,0.0015326773086373,7.1406590832311e-06
n9898,5.404967692231439e-07,2.399943742513054e-13,2.2521131648134586e-06,4.9787909403776524e-06,4.388818557463853e-07,1.2590351874621786e-06,6.203712051142649e-08,2.8408002054452807e-06,9.33932161454044e-07,4.798554854437087e-07,0.9999687771454157,2.399943742513054e-13,4.6142980306631924e-07,1.7420519866147593e-06,1.2168982037356497e-05,2.824453012856758e-06,2.3999437425130536e-07
n103,4.4445396865241245e-11,1.9734891707781314e-17,1.8519271362053814e-10,1.0977650924920732e-10,3.6089537193048735e-11,1.0353127300740091e-10,5.101352308673633e-12,3.1593378311526047e-10,7.679784214195843e-11,3.797144964370062e-11,0.9999999980086336,1.9734891707781314e-17,3.7943669399188276e-11,1.4325005497490562e-10,6.60794093373032e-10,2.1480393308585958e-10,1.9734891707781313e-11
SAMN13622053,0.0,0.0,0.0,0.0,0.0,0.0,0.0,1.0,0.0,0.0,0.0,0.0,0.0,0.0,0.0,0.0,0.0
n110110,8.574019699983952e-06,3.807083797510149e-12,0.9899801502776884,2.1177130125578435e-05,6.962079870604142e-06,0.0001298717831857,9.841085528776794e-07,0.0054387681435585,1.4815172276172572e-05,7.32512206537748e-06,0.001666867440513,3.807083797510149e-12,7.31976294203708e-06,0.0023559552180449,0.0003159845420984,4.143810796641906e-05,3.807083797510118e-06
SAMN12220340,0.0,0.0,0.0,0.0,0.0,0.0,0.0,1.0,0.0,0.0,0.0,0.0,0.0,0.0,0.0,0.0,0.0
n112,8.574019699983952e-06,3.807083797510149e-12,0.9899801502776884,2.1177130125578435e-05,6.962079870604142e-06,0.0001298717831857,9.841085528776794e-07,0.0054387681435585,1.4815172276172572e-05,7.32512206537748e-06,0.001666867440513,3.807083797510149e-12,7.31976294203708e-06,0.0023559552180449,0.0003159845420984,4.143810796641906e-05,3.807083797510118e-06
n115,0.0001538380579727,6.830802802442365e-11,0.0040236797877711,0.0003799674698626,0.0001249160702006,0.0003587264755432,1.765721958970469e-05,0.000826988849395,0.0002658189987016,0.000131429900138,0.0001453273347066,6.830802802442365e-11,0.0001313337448741,0.000503784810644,0.9921247261007112,0.0007434970152483,6.83080280244231e-05
SAMN27404313,0.0,0.0,0.0,0.0,0.0,0.0,0.0,0.0,0.0,0.0,0.0,0.0,0.0,0.0,0.0,1.0,0.0
SAMN27404339,0.0,0.0,0.0,0.0,0.0,0.0,0.0,0.0,0.0,0.0,0.0,0.0,0.0,0.0,0.0,1.0,0.0
SAMN27404389,0.0,0.0,0.0,0.0,0.0,0.0,0.0,0.0,0.0,0.0,0.0,0.0,0.0,0.0,0.0,1.0,0.0
SAMN27404388,0.0,0.0,0.0,0.0,0.0,0.0,0.0,0.0,0.0,0.0,0.0,0.0,0.0,0.0,0.0,1.0,0.0
n130,7.0339950384199136e-15,3.12327350292712e-21,0.9999999999997208,1.737339467876067e-14,5.711584178772478e-15,1.6385014242608288e-14,8.073476526093237e-16,3.6970016636666055e-14,1.2154141456443024e-14,6.0094184602563806e-15,6.38564346006841e-15,3.12327350292712e-21,6.005021917175525e-15,2.2670968132020008e-14,1.0457826236305033e-13,3.3995191991201463e-14,3.12327350292712e-15
SAMN04096286,0.0,0.0,1.0,0.0,0.0,0.0,0.0,0.0,0.0,0.0,0.0,0.0,0.0,0.0,0.0,0.0,0.0
n131,4.5026508813191455e-55,1.9992920259031815e-61,1.0,1.1121180841691237e-54,3.656139845963768e-55,1.0488491734347311e-54,5.168051156841442e-56,2.3665509725588522e-54,7.780195385640177e-55,3.8467916423732926e-55,4.0876542864715096e-55,1.9992920259031815e-61,3.8439772959784265e-55,1.4512301200446804e-54,6.694338034415044e-54,2.176124383707007e-54,1.9992920259031807e-55
SAMN05194543,0.0,0.0,1.0,0.0,0.0,0.0,0.0,0.0,0.0,0.0,0.0,0.0,0.0,0.0,0.0,0.0,0.0
n141141,4.712437771259642e-06,2.0924427647128987e-12,1.963553485227132e-05,1.1639337368310717e-05,3.826486210292036e-06,1.0977170097185532e-05,5.408840284807236e-07,2.4768129896474623e-05,8.142689177875922e-06,4.0260208309310066e-06,4.280885941907068e-06,2.0924427647128987e-12,4.023075356916478e-06,1.5188456339934212e-05,7.006239710521071e-05,0.9998160840480732,2.092442764712898e-06
SAMN27404455,0.0,0.0,0.0,0.0,0.0,0.0,0.0,0.0,0.0,0.0,0.0,0.0,0.0,0.0,0.0,1.0,0.0
SAMN27404370,0.0,0.0,0.0,0.0,0.0,0.0,0.0,0.0,0.0,0.0,0.0,0.0,0.0,0.0,0.0,1.0,0.0
SAMN27404371,0.0,0.0,0.0,0.0,0.0,0.0,0.0,0.0,0.0,0.0,0.0,0.0,0.0,0.0,0.0,1.0,0.0
SAMN13082231,0.0,0.0,0.0,0.0,0.0,0.0,0.0,0.0,0.0,0.0,1.0,0.0,0.0,0.0,0.0,0.0,0.0
SAMN13082230,0.0,0.0,0.0,0.0,0.0,0.0,0.0,0.0,0.0,0.0,1.0,0.0,0.0,0.0,0.0,0.0,0.0
n149149,6.226116127070112e-17,2.0435438012591703e-25,6.585866965736853e-15,7.060201424156107e-17,3.7756429787221874e-19,1.0635198431934955e-17,5.282439368197155e-20,2.7565539505924384e-15,1.3202070381349118e-17,2.1503916597157846e-16,0.9999999999999896,2.0435438012591703e-25,3.929058823624845e-19,2.9442410227762436e-17,6.721845639053162e-17,4.713992654357547e-16,4.342377691444148e-18
n153153,0.0001262620350554,5.6063569331566796e-11,0.0005261019261509,0.0003118569399012,0.0001025244171858,0.0002941152547569,1.4492099732642822e-05,0.0028650367049087,0.0002181699910591,0.0001078706197755,0.9909077621527652,5.6063569331566796e-11,0.0001077917006869,0.0004069497571993,0.0033447802071965,0.0006102225121665,5.6063569331569094e-05
n155,0.993263707670048,1.6798343143364597e-11,0.0001576360690047,9.344178315008627e-05,3.071942013317532e-05,8.812583700988573e-05,4.342271943783017e-06,0.0001988410636777,6.537033615755273e-05,3.2321304327927534e-05,0.005149154551623,1.6798343143364597e-11,3.229765777912197e-05,0.0001219344709059,0.0005624680435014,0.0001828411439976,1.67983431433646e-05
SAMN13082320,0.0,0.0,0.0,0.0,0.0,0.0,0.0,0.0,0.0,0.0,1.0,0.0,0.0,0.0,0.0,0.0,0.0
n157,6.226116127070061e-17,2.0435438012591536e-25,6.585866965736773e-15,7.060201424156049e-17,3.775642978722157e-19,1.0635198431934869e-17,5.2824393681971135e-20,2.7565539505924273e-15,1.3202070381348956e-17,2.1503916597157671e-16,0.9999999999999896,2.0435438012591536e-25,3.929058823624812e-19,2.9442410227762196e-17,6.721845639053108e-17,4.7139926543575095e-16,4.3423776914441136e-18
n178,6.226116127070162e-17,2.0435438012591868e-25,6.585866965736881e-15,7.060201424156165e-17,3.7756429787222187e-19,1.0635198431935041e-17,5.282439368197199e-20,2.756553950592473e-15,1.3202070381349175e-17,2.1503916597158024e-16,0.9999999999999896,2.0435438012591868e-25,3.929058823624877e-19,2.9442410227762676e-17,6.721845639053219e-17,4.713992654357586e-16,4.342377691444185e-18
n188,6.226116127070061e-17,2.0435438012591536e-25,6.585866965736799e-15,7.060201424156049e-17,3.775642978722157e-19,1.0635198431934869e-17,5.2824393681971135e-20,2.7565539505924273e-15,1.3202070381348956e-17,2.150391659715776e-16,0.9999999999999896,2.0435438012591536e-25,3.929058823624812e-19,2.9442410227762196e-17,6.721845639053108e-17,4.7139926543575095e-16,4.3423776914441136e-18
n193193,4.681730165279796e-05,2.0788078031323102e-11,0.0001950758402255,0.0005928711824799,3.8015517206391547e-05,0.0001090563968542,5.373594718848349e-06,0.0002460673360649,8.089629062696689e-05,3.9997861140886745e-05,0.9958411810174552,2.0788078031323102e-11,3.9968598355878016e-05,0.0009885567872981,0.0006960585028323,0.0010592756534804,2.078807803132548e-05
n197197,3.479405502522597e-09,1.5449449356455865e-15,4.156875086602582e-06,8.593848120817218e-09,2.825267477612233e-09,2.321393436323525e-07,3.9935909104186824e-10,1.828742821281056e-08,6.012114940511735e-09,2.9725928925734013e-09,0.9999954541451768,1.5449449356455865e-15,2.970418117621229e-09,1.1214322847142081e-08,5.1730230050296493e-08,4.6810457623197606e-08,1.544944935645681e-09
SAMN13082291,0.0,0.0,0.0,0.0,0.0,0.0,0.0,0.0,0.0,0.0,1.0,0.0,0.0,0.0,0.0,0.0,0.0
n203,9.1043474498351e-12,4.0425628673602024e-18,3.7935510287032506e-11,2.2486996461414257e-11,7.392704511234205e-12,2.1207700861374838e-11,1.0449784940159987e-12,4.7851594271525704e-11,1.5731533242417356e-11,0.9999999996084572,8.267732007944094e-12,4.0425628673601685e-18,7.772511308185665e-12,2.9343832313026005e-11,1.3535972724701266e-10,4.4001173997953687e-11,4.042562867360193e-12
SAMN11335417,0.0,0.0,0.0,0.0,0.0,0.0,0.0,0.0,0.0,1.0,0.0,0.0,0.0,0.0,0.0,0.0,0.0
n205,7.140281881793461e-11,3.170467576821845e-17,2.9751746434325546e-10,1.7635914522604994e-10,5.7978887965193436e-11,1.6632599211458242e-10,8.195470404439988e-12,3.7528650293118204e-10,1.2337796025754566e-10,0.9999999969292568,6.482656326897058e-11,3.170467576821845e-17,6.095760511740805e-11,2.3013536704476095e-10,1.0615856858519416e-09,3.4508874705228617e-10,3.1704675768218385e-11
SAMN11335411,0.0,0.0,0.0,0.0,0.0,0.0,0.0,0.0,0.0,1.0,0.0,0.0,0.0,0.0,0.0,0.0,0.0
SAMN11335448,0.0,0.0,0.0,0.0,0.0,0.0,0.0,0.0,0.0,1.0,0.0,0.0,0.0,0.0,0.0,0.0,0.0
SAMN11335445,0.0,0.0,0.0,0.0,0.0,0.0,0.0,0.0,0.0,1.0,0.0,0.0,0.0,0.0,0.0,0.0,0.0
SAMN26308809,0.0,0.0,0.0,0.0,0.0,0.0,0.0,0.0,0.0,0.0,0.0,0.0,0.0,0.0,1.0,0.0,0.0
SAMN26308787,0.0,0.0,0.0,0.0,0.0,0.0,0.0,0.0,0.0,0.0,0.0,0.0,0.0,0.0,1.0,0.0,0.0
n260260,3.0491228565310965e-05,1.3538884337955572e-11,0.0001270492267689,7.53108496239438e-05,2.475879156960538e-05,7.102638119272594e-05,3.4997211992332607e-06,0.0001602590292209,0.0018749403883739,2.604985491813953e-05,0.9936367985778564,1.3538884337955572e-11,2.6030796568834605e-05,9.827497183552144e-05,0.0004533298155857,0.003378641455305,1.3538884337955514e-05
SAMN13082382,0.0,0.0,0.0,0.0,0.0,0.0,0.0,0.0,0.0,0.0,1.0,0.0,0.0,0.0,0.0,0.0,0.0
n262262,9.221654692958016e-12,1.1089999426251692e-19,3.765380393130046e-12,6.168878160652548e-13,1.0263310220663542e-12,1.5808984801459974e-11,2.8666989925256153e-14,4.521967580052105e-12,9.593452294446725e-13,1.5638121103017239e-12,0.999999999929478,1.1089999426251692e-19,2.1322400859306483e-13,2.3072005717048114e-12,2.8234983224354165e-11,2.142965284123452e-12,1.1089999426252145e-13
n265,2.0241505715482233e-08,8.987739182484443e-15,8.434121210790669e-08,4.99948339273249e-08,1.643603515964024e-08,4.7150629569850244e-08,2.3232772040114788e-09,1.06387438728109e-07,3.497556521394141e-08,1.7293103719339492e-08,0.9999989520217912,8.987739182484443e-15,1.7280449735219838e-08,2.4379815936409065e-07,3.009413905473326e-07,9.782685047133497e-08,8.987739182495801e-09
SAMN26308891,0.0,0.0,0.0,0.0,0.0,0.0,0.0,0.0,0.0,0.0,0.0,0.0,0.0,0.0,1.0,0.0,0.0
SAMN06702071,0.0,0.0,0.0,0.0,1.0,0.0,0.0,0.0,0.0,0.0,0.0,0.0,0.0,0.0,0.0,0.0,0.0
n326,0.0001388411149165,6.164900216264706e-11,0.0005785157664684,0.0003429262423286,0.0001127385946377,0.0003234170102397,1.593590094978039e-05,0.0007297358471651,0.0002399055645402,0.0001186174221711,0.9798910340834088,6.164900216264706e-11,0.0001185306406282,0.000447492850719,0.0162094731302112,0.0006711867061546,6.16490021626468e-05
SAMN26305182,0.0,0.0,0.0,0.0,0.0,0.0,0.0,0.0,0.0,0.0,0.0,0.0,0.0,0.0,1.0,0.0,0.0
SAMN26308840,0.0,0.0,0.0,0.0,0.0,0.0,0.0,0.0,0.0,0.0,0.0,0.0,0.0,0.0,1.0,0.0,0.0
SAMN26308863,0.0,0.0,0.0,0.0,0.0,0.0,0.0,0.0,0.0,0.0,0.0,0.0,0.0,0.0,1.0,0.0,0.0
n334,1.575909354395143e-12,6.904887507099299e-19,6.486215744055265e-12,3.8538659830369415e-12,1.2627086998558218e-12,3.6223750510929897e-12,1.7848724151642593e-13,8.195744292350386e-12,2.687019866286408e-12,1.3285534684127997e-12,0.9999999998824348,6.904887507099299e-19,1.3606995401342677e-12,3.6921161311332357e-11,4.1881921112882546e-11,7.515607463179203e-12,6.949755313060769e-13
SAMN13082348,0.0,0.0,0.0,0.0,0.0,0.0,0.0,0.0,0.0,0.0,1.0,0.0,0.0,0.0,0.0,0.0,0.0
n344344,0.0002103929526434,2.039722583227025e-12,7.407500223135128e-05,1.1729738513307935e-05,3.7300759041841457e-06,1.0700594599167482e-05,5.272561746511223e-07,0.0002459671748076,7.937529897784723e-06,3.9245831445624565e-06,0.9984595187967163,2.039722583227025e-12,0.000124905159335,0.0003234465029414,0.0004546042068421,2.2201309222713536e-05,4.633911294667298e-05
n347,0.0002103929526434,2.039722583227025e-12,7.407500223135128e-05,1.1729738513307935e-05,3.7300759041841457e-06,1.0700594599167482e-05,5.272561746511223e-07,0.0002459671748076,7.937529897784723e-06,3.9245831445624565e-06,0.9984595187967163,2.039722583227025e-12,0.000124905159335,0.0003234465029414,0.0004546042068421,2.2201309222713536e-05,4.633911294667298e-05
n354354,0.0,0.0,0.0,0.0,0.0,0.0,0.0,0.0,0.0,0.0,0.0,0.0,0.0,0.0,1.0,0.0,0.0
SAMN26304559,0.0,0.0,0.0,0.0,0.0,0.0,0.0,0.0,0.0,0.0,0.0,0.0,0.0,0.0,1.0,0.0,0.0
SAMN02801876,1.0,0.0,0.0,0.0,0.0,0.0,0.0,0.0,0.0,0.0,0.0,0.0,0.0,0.0,0.0,0.0,0.0
SAMN02801878,1.0,0.0,0.0,0.0,0.0,0.0,0.0,0.0,0.0,0.0,0.0,0.0,0.0,0.0,0.0,0.0,0.0
SAMN26305180,0.0,0.0,0.0,0.0,0.0,0.0,0.0,0.0,0.0,0.0,0.0,0.0,0.0,0.0,1.0,0.0,0.0
SAMN26305183,0.0,0.0,0.0,0.0,0.0,0.0,0.0,0.0,0.0,0.0,0.0,0.0,0.0,0.0,1.0,0.0,0.0
SAMN26308835,0.0,0.0,0.0,0.0,0.0,0.0,0.0,0.0,0.0,0.0,0.0,0.0,0.0,0.0,1.0,0.0,0.0
SAMN26308881,0.0,0.0,0.0,0.0,0.0,0.0,0.0,0.0,0.0,0.0,0.0,0.0,0.0,0.0,1.0,0.0,0.0
n393,0.9992172998305994,2.886734416587294e-12,2.708918741615442e-05,1.6057631938134832e-05,5.279021067686107e-06,1.5144105851146852e-05,7.462037035034137e-07,3.417011649822368e-05,1.1233655462290471e-05,5.554299063671181e-06,0.0005099562878383,2.886734416587294e-12,5.550235528125057e-06,2.095399718325028e-05,9.665809941262644e-05,3.142058824740201e-05,2.8867344165872816e-06
SAMN13082417,0.0,0.0,0.0,0.0,0.0,0.0,0.0,0.0,0.0,0.0,1.0,0.0,0.0,0.0,0.0,0.0,0.0
SAMN26308849,0.0,0.0,0.0,0.0,0.0,0.0,0.0,0.0,0.0,0.0,0.0,0.0,0.0,0.0,1.0,0.0,0.0
SAMN26304758,0.0,0.0,0.0,0.0,0.0,0.0,0.0,0.0,0.0,0.0,0.0,0.0,0.0,0.0,1.0,0.0,0.0
SAMN26308783,0.0,0.0,0.0,0.0,0.0,0.0,0.0,0.0,0.0,0.0,0.0,0.0,0.0,0.0,1.0,0.0,0.0
SAMN26308782,0.0,0.0,0.0,0.0,0.0,0.0,0.0,0.0,0.0,0.0,0.0,0.0,0.0,0.0,1.0,0.0,0.0
n430430,0.0001282848188579,5.6961737018355975e-11,0.0005353802656319,0.0003168530511181,0.0001052080513245,0.0005384242864738,1.4738979642981972e-05,0.0006742529475079,0.0002223503901652,0.0001095987634914,0.0001167492439347,5.6961737018355975e-11,0.0001095185812533,0.0004134693050447,0.996038210868522,0.0006199985960894,5.696173701835597e-05
SAMN26308778,0.0,0.0,0.0,0.0,0.0,0.0,0.0,0.0,0.0,0.0,0.0,0.0,0.0,0.0,1.0,0.0,0.0
SAMN26308488,0.0,0.0,0.0,0.0,0.0,0.0,0.0,0.0,0.0,0.0,0.0,0.0,0.0,0.0,1.0,0.0,0.0
SAMN26308473,0.0,0.0,0.0,0.0,0.0,0.0,0.0,0.0,0.0,0.0,0.0,0.0,0.0,0.0,1.0,0.0,0.0
SAMN30370668,0.0,0.0,0.0,1.0,0.0,0.0,0.0,0.0,0.0,0.0,0.0,0.0,0.0,0.0,0.0,0.0,0.0
SAMN26304873,0.0,0.0,0.0,0.0,0.0,0.0,0.0,0.0,0.0,0.0,0.0,0.0,0.0,0.0,1.0,0.0,0.0
n7373,8.446617681046055e-23,3.750514046011037e-29,1.4529298508262185e-19,2.2376400634302043e-22,6.858629789352893e-23,2.230915674123792e-22,9.69485608070102e-24,3.556538815744879e-19,1.4595032489868273e-22,7.471318667877008e-23,1.0,3.750514046011037e-29,7.210998020462597e-23,3.851291663536863e-21,1.944476965715576e-21,7.983885955499136e-21,3.750514046011037e-23
SAMN13622052,0.0,0.0,0.0,0.0,0.0,0.0,0.0,1.0,0.0,0.0,0.0,0.0,0.0,0.0,0.0,0.0,0.0
n84,2.7716602109300676e-08,1.2306879445652643e-14,0.9999985771531006,6.845774911254703e-08,2.2505802923110214e-08,6.456315619176408e-08,3.181255250967192e-09,1.4567585497229465e-07,4.7891916455497085e-08,2.3679382692403472e-08,3.4784217764874394e-07,1.2306879445652643e-14,2.366205864901662e-08,8.93321931158181e-08,4.120779260387193e-07,1.3395392019796966e-07,1.2306879445652646e-08
SAMN06007773,0.0,0.0,1.0,0.0,0.0,0.0,0.0,0.0,0.0,0.0,0.0,0.0,0.0,0.0,0.0,0.0,0.0
n8585,1.8377474350555065e-05,8.160068122923427e-12,7.657428180448501e-05,4.5390864415895035e-05,1.4922457461671427e-05,4.280855720430774e-05,2.1093291503290185e-06,0.0001391723293837,3.175470293180286e-05,1.5700598736834457e-05,0.998827410037545,8.160068122923427e-12,1.5689112041541228e-05,5.923165044512791e-05,0.000613880463569,8.881805651669112e-05,8.160068122923362e-06
n86,9.845005650057907e-10,4.3714340307383687e-16,4.102164544669902e-09,2.431636187385011e-09,7.99411688573323e-10,2.293299283176549e-09,1.1299897367123055e-10,5.414650297804002e-09,1.701132722680509e-09,8.410975323644302e-10,0.9999999572078884,4.3714340307383687e-16,8.404821780567386e-10,3.173101603468824e-09,1.490241555205862e-08,4.758076390445726e-09,4.3714340307383686e-10
n8888,4.902218197674107e-05,2.1767101225880588e-11,0.00046528949301,0.0001210807955996,3.9805873825319174e-05,0.0001141924532936,5.6266664006063815e-06,0.0014766666693016,8.470613513293658e-05,4.188157707305575e-05,0.9909954445184168,2.1767101225880588e-11,4.185093614513377e-05,0.0055696310448118,0.0007361110437126,0.0002369234665399,2.1767101225880407e-05
SAMN26308847,0.0,0.0,0.0,0.0,0.0,0.0,0.0,0.0,0.0,0.0,0.0,0.0,0.0,0.0,1.0,0.0,0.0
n9494,1.64498275647497e-06,7.304143702132109e-13,6.854226579509733e-06,4.062973390213734e-06,1.3357213695656354e-06,3.831828960138456e-06,1.8880777705541649e-07,8.645874718667722e-06,2.842389425412158e-06,1.4053734313956413e-06,0.9999293441492724,7.304143702132109e-13,1.4043452479072364e-06,5.301873465373413e-06,2.4456860909014583e-05,7.950176865797849e-06,7.304143702132049e-07
SAMN13082398,0.0,0.0,0.0,0.0,0.0,0.0,0.0,0.0,0.0,0.0,1.0,0.0,0.0,0.0,0.0,0.0,0.0
n96,1.2248035421938244e-05,5.438440642523687e-12,5.103446197559166e-05,3.0262693633680583e-05,9.945370298797233e-06,2.8530619333150885e-05,1.4058046093246978e-06,6.437452270612535e-05,2.116355702110396e-05,0.0001456990467971,0.9980589369720712,5.438440642523687e-12,1.0456322580461164e-05,3.947611836715087e-05,0.0001821107876858,0.0013389172359794,5.438440642523642e-06
n98,0.0016807448729417,7.46293663581932e-10,0.0070032382626177,0.004151304088561,0.0013647601075083,0.0039151333674422,0.0001929124800903,0.0088338370407217,0.0029041833021414,0.0014452113760587,0.0762357448176447,7.46293663581932e-10,0.0014348758769472,0.0054171368112135,0.0249885572532229,0.8596860651867189,0.0007462936635819
n9999,1.649831511817691e-07,7.325673414623145e-14,6.874430115149671e-07,4.079284137003024e-07,1.3396585452603586e-07,3.843123668894327e-07,1.8936430733765726e-08,8.671359320904135e-07,2.850767659687426e-07,1.4095374311991146e-07,0.9999929126358384,7.325673414623145e-14,1.4084846995197188e-07,5.3175012810392e-07,2.4533866821750574e-06,7.973863310767178e-07,7.325673414623144e-08
n100100,5.404967692231439e-07,2.399943742513054e-13,2.2521131648134586e-06,4.9787909403776524e-06,4.388818557463853e-07,1.2590351874621786e-06,6.203712051142649e-08,2.8408002054452807e-06,9.33932161454044e-07,4.798554854437087e-07,0.9999687771454157,2.399943742513054e-13,4.6142980306631924e-07,1.7420519866147593e-06,1.2168982037356497e-05,2.824453012856758e-06,2.3999437425130536e-07
n103103,4.4445396865241245e-11,1.9734891707781314e-17,1.8519271362053814e-10,1.0977650924920732e-10,3.6089537193048735e-11,1.0353127300740091e-10,5.101352308673633e-12,3.1593378311526047e-10,7.679784214195843e-11,3.797144964370062e-11,0.9999999980086336,1.9734891707781314e-17,3.7943669399188276e-11,1.4325005497490562e-10,6.60794093373032e-10,2.1480393308585958e-10,1.9734891707781313e-11
SAMN13082341,0.0,0.0,0.0,0.0,0.0,0.0,0.0,0.0,0.0,0.0,1.0,0.0,0.0,0.0,0.0,0.0,0.0
n111,0.0,0.0,1.0,0.0,0.0,0.0,0.0,0.0,0.0,0.0,0.0,0.0,0.0,0.0,0.0,0.0,0.0
SAMN15868694,0.0,0.0,0.0,0.0,0.0,0.0,0.0,0.0,0.0,0.0,0.0,0.0,0.0,1.0,0.0,0.0,0.0
n112112,8.574019699983952e-06,3.807083797510149e-12,0.9899801502776884,2.1177130125578435e-05,6.962079870604142e-06,0.0001298717831857,9.841085528776794e-07,0.0054387681435585,1.4815172276172572e-05,7.32512206537748e-06,0.001666867440513,3.807083797510149e-12,7.31976294203708e-06,0.0023559552180449,0.0003159845420984,4.143810796641906e-05,3.807083797510118e-06
SAMN04393398,0.0,0.0,1.0,0.0,0.0,0.0,0.0,0.0,0.0,0.0,0.0,0.0,0.0,0.0,0.0,0.0,0.0
n115115,1.969043423661239e-06,8.743055856086552e-13,3.498053374476042e-05,4.863376836639012e-06,1.5988577194711872e-06,4.58966964640598e-06,2.260028017216009e-07,1.0494996086095144e-05,3.4023385251681313e-06,1.6822311978563094e-06,1.83242369765509e-06,8.743055856086552e-13,1.6810004628056e-06,6.409315966428383e-06,0.9999158795453716,9.516357185462795e-06,8.74305585608648e-07
SAMN26308846,0.0,0.0,0.0,0.0,0.0,0.0,0.0,0.0,0.0,0.0,0.0,0.0,0.0,0.0,1.0,0.0,0.0
SAMN05194541,0.0,0.0,1.0,0.0,0.0,0.0,0.0,0.0,0.0,0.0,0.0,0.0,0.0,0.0,0.0,0.0,0.0
SAMN05194539,0.0,0.0,1.0,0.0,0.0,0.0,0.0,0.0,0.0,0.0,0.0,0.0,0.0,0.0,0.0,0.0,0.0
n131131,4.5026508813191455e-55,1.9992920259031815e-61,1.0,1.1121180841691237e-54,3.656139845963768e-55,1.0488491734347311e-54,5.168051156841442e-56,2.3665509725588522e-54,7.780195385640177e-55,3.8467916423732926e-55,4.0876542864715096e-55,1.9992920259031815e-61,3.8439772959784265e-55,1.4512301200446804e-54,6.694338034415044e-54,2.176124383707007e-54,1.9992920259031807e-55
SAMN04622925,0.0,0.0,1.0,0.0,0.0,0.0,0.0,0.0,0.0,0.0,0.0,0.0,0.0,0.0,0.0,0.0,0.0
SAMN27404394,0.0,0.0,0.0,0.0,0.0,0.0,0.0,0.0,0.0,0.0,0.0,0.0,0.0,0.0,0.0,1.0,0.0
SAMN27404439,0.0,0.0,0.0,0.0,0.0,0.0,0.0,0.0,0.0,0.0,0.0,0.0,0.0,0.0,0.0,1.0,0.0
n150,6.226116127070112e-17,2.043543801259166e-25,6.585866965736853e-15,7.060201424156107e-17,3.775642978722179e-19,1.0635198431934955e-17,5.2824393681971454e-20,2.7565539505924498e-15,1.3202070381349118e-17,2.1503916597157846e-16,0.9999999999999896,2.043543801259166e-25,3.929058823624836e-19,2.9442410227762436e-17,6.721845639053162e-17,4.713992654357547e-16,4.342377691444148e-18
n150150,7.218716382469302e-05,3.205294498981542e-11,0.0003007856313629,0.0001782964134914,5.861577390366834e-05,0.0001766502144089,8.285495929988398e-06,0.0105219003123096,0.0001247332413049,6.167233165680403e-05,0.9867484042115632,3.205294498981542e-11,6.162721163979804e-05,0.0002326633558413,0.0010732461590417,0.0003488794746252,3.205294498981594e-05
n154,0.0045272736209824,2.0102251513802184e-09,0.0188640027158391,0.011181997002622,0.0036761334412862,0.0105458480358333,0.0005196312636924,0.368547335388268,0.007822741372562,0.0038678278167616,0.2309614587270132,2.0102251513802184e-09,0.0038649980801176,0.0145916616980275,0.2971386164984605,0.0218802451667031,0.0020102251513802
SAMN13082279,0.0,0.0,0.0,0.0,0.0,0.0,0.0,0.0,0.0,0.0,1.0,0.0,0.0,0.0,0.0,0.0,0.0
n155155,1.0,0.0,0.0,0.0,0.0,0.0,0.0,0.0,0.0,0.0,0.0,0.0,0.0,0.0,0.0,0.0,0.0
SAMN02801817,1.0,0.0,0.0,0.0,0.0,0.0,0.0,0.0,0.0,0.0,0.0,0.0,0.0,0.0,0.0,0.0,0.0
n157157,6.226116127070061e-17,2.043543801259158e-25,6.585866965736773e-15,7.060201424156049e-17,3.7756429787221643e-19,1.0635198431934869e-17,5.282439368197123e-20,2.7565539505924273e-15,1.3202070381348956e-17,2.1503916597157671e-16,0.9999999999999896,2.043543801259158e-25,3.9290588236248203e-19,2.9442410227762196e-17,6.721845639053108e-17,4.7139926543575095e-16,4.3423776914441136e-18
n160160,6.226116127070061e-17,2.0435438012591536e-25,6.585866965736773e-15,7.060201424156049e-17,3.775642978722157e-19,1.0635198431934869e-17,5.2824393681971135e-20,2.7565539505924273e-15,1.3202070381348956e-17,2.1503916597157671e-16,0.9999999999999896,2.0435438012591536e-25,3.929058823624812e-19,2.9442410227762196e-17,6.721845639053108e-17,4.7139926543575095e-16,4.3423776914441136e-18
n178178,8.078988568697147e-05,3.587277328066335e-11,0.0003366309948574,0.001391611424719,6.560115984927556e-05,0.000188192260644,9.272898858709342e-06,0.008563305887936,0.0001395980084611,6.90219751077354e-05,0.9854277243618264,3.587277328066335e-11,6.897147802725648e-05,0.0002603904202084,0.0012011475435371,0.0003904562997094,0.0018072853288252
n180180,6.226116127070189e-17,2.0435438012591956e-25,6.585866965736881e-15,7.060201424156165e-17,3.775642978722234e-19,1.0635198431935e-17,5.2824393681972206e-20,2.7565539505924833e-15,1.3202070381349229e-17,2.150391659715794e-16,0.9999999999999896,2.0435438012591956e-25,3.929058823624893e-19,2.94424102277628e-17,6.721845639053219e-17,4.713992654357586e-16,4.342377691444202e-18
n188188,6.226116127070061e-17,2.043543801259158e-25,6.5858669657368265e-15,7.060201424156049e-17,3.7756429787221643e-19,1.0635198431934869e-17,5.282439368197123e-20,2.7565539505924273e-15,1.3202070381348956e-17,2.150391659715776e-16,0.9999999999999896,2.043543801259158e-25,3.9290588236248203e-19,2.9442410227762196e-17,6.721845639053108e-17,4.7139926543575095e-16,4.3423776914441136e-18
n193,5.90275863586443e-06,2.620975639118155e-12,0.0001465534529522,1.457933292725022e-05,4.793023402947446e-06,0.0001358627470584,6.775066377648711e-07,3.1024344457915926e-05,1.019946176404884e-05,5.042958734003822e-06,0.999502391740957,2.620975639118155e-12,5.039269261093242e-06,1.9024928535284444e-05,8.775955028535524e-05,2.852794350992443e-05,2.620975639122293e-06
n194,0.0008367762789187,3.7155004596249006e-10,0.0034866348534647,0.0112809753976105,0.0006794599839407,0.0019491897809243,9.604348039118952e-05,0.0043980174543531,0.0014458777985801,0.0007148908678743,0.922587947432878,3.7155004596249006e-10,0.0007143678474655,0.0188700779846453,0.012440811908164,0.0201273781417265,0.0003715500459624
SAMN13082377,0.0,0.0,0.0,0.0,0.0,0.0,0.0,0.0,0.0,0.0,1.0,0.0,0.0,0.0,0.0,0.0,0.0
n198,2.3743074283991203e-05,1.054253157475615e-11,0.0159326351212908,5.864345911105028e-05,1.927930950976713e-05,5.534616308715073e-05,2.7251818041110132e-06,0.0001247913662847,4.1026000428241464e-05,2.0284641676049116e-05,0.9819693763479428,1.054253157475615e-11,2.0269801254867053e-05,7.652528577408052e-05,0.0003530013083907,0.0012918103865015,1.0542531574756149e-05
n199199,0.0,0.0,1.0,0.0,0.0,0.0,0.0,0.0,0.0,0.0,0.0,0.0,0.0,0.0,0.0,0.0,0.0
n203203,3.5275007797870566e-14,1.5663004674991263e-20,1.4698202463757158e-13,8.712639537295303e-14,2.8643207074205294e-14,8.216973455614854e-14,4.048793692038747e-15,1.854021246848578e-13,6.095219463628703e-14,0.9999999999984828,3.2023615093705844e-14,1.5663004674991263e-20,3.0114777419907506e-14,1.136933667530602e-13,5.244528964105096e-13,1.7048358095664385e-13,1.5663004674991233e-14
SAMN11335425,0.0,0.0,0.0,0.0,0.0,0.0,0.0,0.0,0.0,1.0,0.0,0.0,0.0,0.0,0.0,0.0,0.0
n205205,4.226587328702235e-12,1.876712755616124e-18,1.7611119080110905e-11,1.0439326357882592e-11,3.431977018033102e-12,9.845428266604342e-12,4.851191022651868e-13,2.221454564652983e-11,7.303181192262547e-12,0.999999999818232,3.83700612583427e-12,1.876712755616124e-18,3.608297902555045e-12,1.3622532588213586e-11,6.283899213860303e-11,2.0427032848618223e-11,1.87671275561612e-12
SAMN11335419,0.0,0.0,0.0,0.0,0.0,0.0,0.0,0.0,0.0,1.0,0.0,0.0,0.0,0.0,0.0,0.0,0.0
n261,5.603013322241554e-05,2.487881050889078e-11,0.0002334633754016,0.0001383898636171,4.5496310338327206e-05,0.000130516800871,6.431024771042549e-06,0.00029448911145,0.0043628325801256,4.786874512215866e-05,0.9895974951345956,2.487881050889078e-11,4.783372389229769e-05,0.0001805883217756,0.0008330307199694,0.0040006552945809,2.4878810508890673e-05
SAMN27404321,0.0,0.0,0.0,0.0,0.0,0.0,0.0,0.0,0.0,0.0,0.0,0.0,0.0,0.0,0.0,1.0,0.0
n263,0.9999999999989309,6.027194647606278e-21,5.6559344173928184e-14,3.3526628814428586e-14,1.1022034913254111e-14,3.161928344560205e-14,1.5579940232592413e-15,7.134357147732481e-14,2.3454678645553102e-14,1.1596786111429244e-14,4.999274671035148e-13,6.027194647606278e-21,1.1588301800671111e-14,4.3749718894483565e-14,2.0181183063768058e-13,6.560284874927364e-14,6.027194647606277e-15
SAMN13082328,0.0,0.0,0.0,0.0,0.0,0.0,0.0,0.0,0.0,0.0,1.0,0.0,0.0,0.0,0.0,0.0,0.0
n265265,2.0241505715482233e-08,8.987739182484443e-15,8.434121210790669e-08,4.99948339273249e-08,1.643603515964024e-08,4.7150629569850244e-08,2.3232772040114788e-09,1.0638743872810857e-07,3.497556521394141e-08,1.7293103719339492e-08,0.9999989520217912,8.987739182484443e-15,1.7280449735219838e-08,2.4379815936409065e-07,3.009413905473326e-07,9.782685047133497e-08,8.987739182495801e-09
n316316,0.0001445189406677,6.4170101852832e-11,0.0006021738285473,0.0003569500093477,0.0001173489731688,0.000336642958691,1.6587590247870144e-05,0.0007595779655225,0.0002497163615236,0.0001234682118972,0.9884407915045256,6.4170101852832e-11,0.0001233778814735,0.0058175753233103,0.0021486423591048,0.0006984578617784,6.417010185283199e-05
n326326,0.0001388411149165,6.164900216264706e-11,0.0005785157664684,0.0003429262423286,0.0001127385946377,0.0003234170102397,1.593590094978039e-05,0.0007297358471651,0.0002399055645402,0.0001186174221711,0.9798910340834088,6.164900216264706e-11,0.0001185306406282,0.000447492850719,0.0162094731302112,0.0006711867061546,6.16490021626468e-05
SAMN26304756,0.0,0.0,0.0,0.0,0.0,0.0,0.0,0.0,0.0,0.0,0.0,0.0,0.0,0.0,1.0,0.0,0.0
n334334,9.06254212781392e-05,4.024000235756534e-11,0.0003776131809143,0.0002238374071954,7.35875870633291e-05,0.0002111031938552,1.0401801639826517e-05,0.0004763186942379,0.0001565929722142,7.74248597766675e-05,0.9943679979150964,4.024000235756534e-11,7.736821509299625e-05,0.0002920909335107,0.0030868064403848,0.0004379912948993,4.024000236035646e-05
n335,1.575909354395143e-12,6.904887507099299e-19,6.486215744055265e-12,3.8538659830369415e-12,1.2627086998558218e-12,3.6223750510929897e-12,1.7848724151642593e-13,8.195744292350386e-12,2.687019866286408e-12,1.3285534684127997e-12,0.9999999998824348,6.904887507099299e-19,1.3606995401342677e-12,3.6921161311332357e-11,4.1881921112882546e-11,7.515607463179203e-12,6.949755313060769e-13
n345,0.9999999673721952,1.6530371386157912e-16,1.5521303702497154e-09,9.19518141930131e-10,3.0229375554183057e-10,8.672002959201681e-10,4.273002835924336e-11,1.9603906293462413e-09,6.432753070347725e-10,3.180570605480822e-10,1.6990642167120932e-08,1.6530371386157912e-16,3.1984218181434136e-10,1.2050410336606202e-09,5.541396994112561e-09,1.7992441213734267e-09,1.6604255837450958e-10
n345345,3.11658396918039e-06,8.573456074766529e-14,1.584907760489931e-06,4.823537147761762e-07,1.5678427146436537e-07,4.497723294542484e-07,2.2161874809314193e-08,4.165962614243825e-06,3.3363391904569137e-07,1.649598895377348e-07,0.9999726260284536,8.573456074766529e-14,1.883480157277243e-06,5.006746054207278e-06,8.358415719108254e-06,9.331756729491312e-07,7.150334285963876e-07
n347347,0.0021182772418067,8.831822869938626e-10,0.046163514700688,0.0049129949557523,0.0016150906965524,0.0046332651743921,0.0002282973763144,0.0399123351030045,0.0034368819886852,0.0016993106541128,0.6288379392979374,8.831822869938626e-10,0.0017740453052039,0.0445070655531099,0.1791215356452063,0.0096129754187221,0.0314264691221466
n351,0.0002103929526434,2.039722583227025e-12,7.407500223135128e-05,1.1729738513307935e-05,3.7300759041841152e-06,1.0700594599167482e-05,5.272561746511223e-07,0.0002459671748076,7.937529897784723e-06,3.9245831445624565e-06,0.9984595187967163,2.039722583227025e-12,0.000124905159335,0.0003234465029414,0.0004546042068421,2.2201309222713353e-05,4.633911294667298e-05
n355,0.0,0.0,0.0,0.0,0.0,0.0,0.0,0.0,0.0,0.0,0.0,0.0,0.0,0.0,1.0,0.0,0.0
n356,0.0,0.0,0.0,0.0,0.0,0.0,0.0,0.0,0.0,0.0,0.0,0.0,0.0,0.0,1.0,0.0,0.0
SAMN02801906,1.0,0.0,0.0,0.0,0.0,0.0,0.0,0.0,0.0,0.0,0.0,0.0,0.0,0.0,0.0,0.0,0.0
SAMN02801896,1.0,0.0,0.0,0.0,0.0,0.0,0.0,0.0,0.0,0.0,0.0,0.0,0.0,0.0,0.0,0.0,0.0
n431,0.0,0.0,0.0,0.0,0.0,0.0,0.0,0.0,0.0,0.0,0.0,0.0,0.0,0.0,1.0,0.0,0.0
n431431,5.1909109341683865e-06,2.304897073169492e-12,2.16322688513286e-05,1.282112709912247e-05,4.2187505103968294e-06,1.2953664033572457e-05,5.95855119932944e-07,2.7282939858138768e-05,8.97191482910672e-06,4.434799260299956e-06,4.713483309906356e-06,2.304897073169492e-12,4.431554726619805e-06,1.673060269763602e-05,0.999848629632788,2.5087594298819865e-05,2.3048970731694917e-06
n74,0.0034812911348111,1.5457822045568612e-09,0.0145056585750277,0.0085985054789477,0.0028267986057259,0.0081093325364869,0.0003995755200832,0.0182973389187885,0.006015373151736,0.0029742038623559,0.1113276908067551,1.5457822045568612e-09,0.0029720279088092,0.0112204003478109,0.0517582647798148,0.7559677530767253,0.0015457822045568
n7474,8.446617681046055e-23,3.750514046011037e-29,1.4529298508262185e-19,2.2376400634302043e-22,6.858629789352893e-23,2.230915674123792e-22,9.69485608070102e-24,3.556538815744879e-19,1.4595032489868273e-22,7.471318667877008e-23,1.0,3.750514046011037e-29,7.210998020462597e-23,3.851291663536863e-21,1.944476965715576e-21,7.983885955499136e-21,3.750514046011037e-23
SAMN04622922,0.0,0.0,1.0,0.0,0.0,0.0,0.0,0.0,0.0,0.0,0.0,0.0,0.0,0.0,0.0,0.0,0.0
SAMN05194538,0.0,0.0,1.0,0.0,0.0,0.0,0.0,0.0,0.0,0.0,0.0,0.0,0.0,0.0,0.0,0.0,0.0
SAMN26308818,0.0,0.0,0.0,0.0,0.0,0.0,0.0,0.0,0.0,0.0,0.0,0.0,0.0,0.0,1.0,0.0,0.0
SAMN13082379,0.0,0.0,0.0,0.0,0.0,0.0,0.0,0.0,0.0,0.0,1.0,0.0,0.0,0.0,0.0,0.0,0.0
SAMN13082263,0.0,0.0,0.0,0.0,0.0,0.0,0.0,0.0,0.0,0.0,1.0,0.0,0.0,0.0,0.0,0.0,0.0
SAMN13082264,0.0,0.0,0.0,0.0,0.0,0.0,0.0,0.0,0.0,0.0,1.0,0.0,0.0,0.0,0.0,0.0,0.0
n89,0.0001341175800502,5.95516320042362e-11,0.0090770900749158,0.0003312594960397,0.0001089030976175,0.000312413990528,1.539374321929061e-05,0.0404857217675851,0.0002317437005318,0.0001145819206576,0.7691015491506896,5.95516320042362e-11,0.0001144980915228,0.1770336959728305,0.0022312914199914,0.0006481882427126,5.955163200423573e-05
SAMN13082241,0.0,0.0,0.0,0.0,0.0,0.0,0.0,0.0,0.0,0.0,1.0,0.0,0.0,0.0,0.0,0.0,0.0
SAMN13082250,0.0,0.0,0.0,0.0,0.0,0.0,0.0,0.0,0.0,0.0,1.0,0.0,0.0,0.0,0.0,0.0,0.0
SAMN13082238,0.0,0.0,0.0,0.0,0.0,0.0,0.0,0.0,0.0,0.0,1.0,0.0,0.0,0.0,0.0,0.0,0.0
n9696,0.0001730703075949,7.68476382059268e-11,0.00072114014434,0.000427473476948,0.0001405326027777,0.0004031506191612,1.9864658108225025e-05,0.0009096412659022,0.0002990506801511,0.0055352120843098,0.9821245973666856,7.68476382059268e-11,0.00014775259076,0.0005578154955545,0.0025731356350381,0.0058907152807668,7.684763820592617e-05
SAMN13082275,0.0,0.0,0.0,0.0,0.0,0.0,0.0,0.0,0.0,0.0,1.0,0.0,0.0,0.0,0.0,0.0,0.0
SAMN27404382,0.0,0.0,0.0,0.0,0.0,0.0,0.0,0.0,0.0,0.0,0.0,0.0,0.0,0.0,0.0,1.0,0.0
SAMN27404327,0.0,0.0,0.0,0.0,0.0,0.0,0.0,0.0,0.0,0.0,0.0,0.0,0.0,0.0,0.0,1.0,0.0
n100,1.0555690529800926e-08,4.686996274059332e-15,4.3982889370512975e-08,2.6072042610810133e-08,8.571191008342346e-09,2.4588464837786624e-08,1.211560702610279e-09,5.5479717055060844e-08,1.8239329878523225e-08,9.018143075110724e-09,0.99999954660768,4.686996274059332e-15,9.01154360163093e-09,3.4021594030913514e-08,1.5693763445291428e-07,5.1015513426216436e-08,4.686996274059332e-09
SAMN13082384,0.0,0.0,0.0,0.0,0.0,0.0,0.0,0.0,0.0,0.0,1.0,0.0,0.0,0.0,0.0,0.0,0.0
n101,5.404967692231439e-07,2.399943742513054e-13,2.2521131648134586e-06,4.9787909403776524e-06,4.388818557463853e-07,1.2590351874621786e-06,6.203712051142649e-08,2.8408002054452807e-06,9.33932161454044e-07,4.798554854437087e-07,0.9999687771454157,2.399943742513054e-13,4.6142980306631924e-07,1.7420519866147593e-06,1.2168982037356497e-05,2.824453012856758e-06,2.3999437425130536e-07
SAMN13082352,0.0,0.0,0.0,0.0,0.0,0.0,0.0,0.0,0.0,0.0,1.0,0.0,0.0,0.0,0.0,0.0,0.0
SAMN13082339,0.0,0.0,0.0,0.0,0.0,0.0,0.0,0.0,0.0,0.0,1.0,0.0,0.0,0.0,0.0,0.0,0.0
SAMN13082340,0.0,0.0,0.0,0.0,0.0,0.0,0.0,0.0,0.0,0.0,1.0,0.0,0.0,0.0,0.0,0.0,0.0
SAMN07332520,0.0,0.0,1.0,0.0,0.0,0.0,0.0,0.0,0.0,0.0,0.0,0.0,0.0,0.0,0.0,0.0,0.0
SAMN07332516,0.0,0.0,1.0,0.0,0.0,0.0,0.0,0.0,0.0,0.0,0.0,0.0,0.0,0.0,0.0,0.0,0.0
n113,0.0001919122282874,8.521393237045442e-11,0.9794088015331714,0.0004740075686018,0.0001558321893621,0.0005376104674611,2.2027295465613077e-05,0.0104502301890345,0.0003316079066145,0.0001639581604935,0.0015414932471344,8.521393237045442e-11,0.0001638382072699,0.0025373404282643,0.0030086175695861,0.0009275089064546,8.521393237045372e-05
n113113,8.574019699983952e-06,3.807083797510149e-12,0.9899801502776884,2.1177130125578435e-05,6.962079870604142e-06,0.0001298717831857,9.841085528776794e-07,0.0054387681435585,1.4815172276172572e-05,7.32512206537748e-06,0.001666867440513,3.807083797510149e-12,7.31976294203708e-06,0.0023559552180449,0.0003159845420984,4.143810796641906e-05,3.807083797510118e-06
n116,4.5890863642860244e-08,2.037671588610956e-14,2.626264250325999e-07,1.1334669442640057e-07,3.726325214918616e-08,1.0690627642919576e-07,5.267260047229219e-09,2.41587146220447e-07,7.92954850305034e-08,3.9206368731596675e-08,4.1780598372418906e-08,2.037671588610956e-14,3.917768500948407e-08,1.4807683321206604e-07,0.9999985974085028,2.217898522333231e-07,2.0376715886109564e-08
SAMN26308822,0.0,0.0,0.0,0.0,0.0,0.0,0.0,0.0,0.0,0.0,0.0,0.0,0.0,0.0,1.0,0.0,0.0
n132,4.5026508813191455e-55,1.9992920259031815e-61,1.0,1.1121180841691237e-54,3.656139845963768e-55,1.0488491734347311e-54,5.168051156841442e-56,2.3665509725588522e-54,7.780195385640177e-55,3.8467916423732926e-55,4.0876542864715096e-55,1.9992920259031815e-61,3.8439772959784265e-55,1.4512301200446804e-54,6.694338034415044e-54,2.176124383707007e-54,1.9992920259031807e-55
n134134,4.5026508813191455e-55,1.9992920259031815e-61,1.0,1.1121180841691237e-54,3.656139845963768e-55,1.0488491734347311e-54,5.168051156841442e-56,2.3665509725588522e-54,7.780195385640177e-55,3.8467916423732926e-55,4.0876542864715096e-55,1.9992920259031815e-61,3.8439772959784265e-55,1.4512301200446804e-54,6.694338034415044e-54,2.176124383707007e-54,1.9992920259031807e-55
SAMN11319321,0.0,0.0,0.0,0.0,0.0,0.0,0.0,0.0,1.0,0.0,0.0,0.0,0.0,0.0,0.0,0.0,0.0
SAMN05774075,0.0,0.0,1.0,0.0,0.0,0.0,0.0,0.0,0.0,0.0,0.0,0.0,0.0,0.0,0.0,0.0,0.0
n151,6.453082024780213e-05,2.865333283592795e-11,0.0002688835865294,0.0001593858686259,5.2398844462840125e-05,0.0009774418455449,7.406716377172777e-06,0.9876204533837504,0.0001115037348346,5.5131216376254416e-05,0.0091198416072907,2.865333283592795e-11,5.5090881896386426e-05,0.0002079865227911,0.0009594150996008,0.0003118764815288,2.8653332835927952e-05
SAMN13082266,0.0,0.0,0.0,0.0,0.0,0.0,0.0,0.0,0.0,0.0,1.0,0.0,0.0,0.0,0.0,0.0,0.0
SAMN26308797,0.0,0.0,0.0,0.0,0.0,0.0,0.0,0.0,0.0,0.0,0.0,0.0,0.0,0.0,1.0,0.0,0.0
SAMN09400870,0.0,0.0,0.0,0.0,0.0,0.0,0.0,1.0,0.0,0.0,0.0,0.0,0.0,0.0,0.0,0.0,0.0
SAMN02801843,1.0,0.0,0.0,0.0,0.0,0.0,0.0,0.0,0.0,0.0,0.0,0.0,0.0,0.0,0.0,0.0,0.0
SAMN02801868,1.0,0.0,0.0,0.0,0.0,0.0,0.0,0.0,0.0,0.0,0.0,0.0,0.0,0.0,0.0,0.0,0.0
n158,0.0051531588729327,2.288134193483885e-09,0.0214719080648501,0.012727882583484,0.0041843505047389,0.0120037874730137,0.0005914691006833,0.0270845185734602,0.0089042175246143,0.0044025461903926,0.2571109095114238,2.288134193483885e-09,0.0043993252491119,0.2440918221148505,0.1438351279732752,0.251750837493416,0.0022881341934838
n160,0.0021289916023256,9.453266633227114e-10,0.0088709688723379,0.0052584358068127,0.0017287351904806,0.0049592809684914,0.0002443613285443,0.0111897797094548,0.0036787152895202,0.0018188812142838,0.8307009575225627,9.453266633227114e-10,0.0018175505048863,0.0068618616456268,0.0614284049796322,0.0583677468110641,0.0009453266633227
n161,3.236375993193229e-07,1.4370336245294464e-13,1.348515920311898e-06,8.413280257532109e-07,3.408204918903283e-07,7.53882629329943e-07,3.7146465796133295e-08,1.7144795530341745e-06,5.592180746847935e-07,2.764963229571837e-07,0.9999851220600068,1.4370336245294464e-13,2.7629403582267066e-07,1.5642117424311718e-06,4.955540068891682e-06,1.7420679138979009e-06,1.4430086134964465e-07
n174174,4.37361401370927e-06,1.941996360025499e-12,1.822374204427802e-05,1.080247029144876e-05,3.5513622725515764e-06,1.0187912774302349e-05,5.01994526311269e-07,0.999526324494335,7.55723072139742e-06,3.736550374070919e-06,0.0003088058746644,1.941996360025499e-12,3.7338166811516142e-06,1.4096407999291468e-05,6.502491845702901e-05,2.1137610600995683e-05,1.941996360025499e-06
n179,7.883998198441716e-05,3.5006966220214055e-11,0.0003285062399116,0.0016509567771702,6.401784352949213e-05,0.0001836501476963,9.049092875272027e-06,0.0103565852523794,0.000136228741736,6.735609572597044e-05,0.9838001224589914,3.5006966220214055e-11,6.73068174174287e-05,0.000254105769102,0.0011721572556745,0.0003810324445076,0.0014500850112842
SAMN28174062,0.0,0.0,0.0,0.0,0.0,0.0,0.0,0.0,0.0,0.0,0.0,0.0,0.0,0.0,0.0,0.0,1.0
n181,0.0014415777911863,6.40097368995578e-10,0.2809209262320641,0.0298930727966841,0.001170557110097,0.0033580166763555,0.0001654613685979,0.0075767973437739,0.0024909230528092,0.0012315965739148,0.5583765668389413,6.40097368995578e-10,0.0012306955270943,0.0046462876338843,0.0998902986707493,0.0069671237346569,0.0006400973689955
n184184,5.403781524196869e-06,2.399417053577092e-12,2.2516189191876777e-05,1.3346900113572023e-05,4.387855392313228e-06,1.2587588810265524e-05,6.202350591521178e-07,2.8401767668913695e-05,9.337272017606044e-06,4.6166629732222145e-06,0.9996885072782844,2.399417053577092e-12,4.613285382042717e-06,1.7416696778609942e-05,8.034098387872877e-05,0.0001055040810726,2.3994170535807226e-06
n189,4.9437641002768715e-05,2.1951575647648247e-11,0.0012463296891411,0.000122106945546,4.014322538539481e-05,0.0001151602250963,5.674351943112025e-06,0.000259839593343,8.542401277483452e-05,4.2236520050343826e-05,0.9968362023145464,2.1951575647648247e-11,4.2205619442909286e-05,0.0001593403432293,0.0007350165251972,0.0002389313737502,2.1951575647650763e-05
n191,0.0,0.0,0.0,0.0,0.0,0.0,0.0,0.0,0.0,1.0,0.0,0.0,0.0,0.0,0.0,0.0,0.0
SAMN10093554,0.0,0.0,0.0,0.0,0.0,1.0,0.0,0.0,0.0,0.0,0.0,0.0,0.0,0.0,0.0,0.0,0.0
SAMN07775513,0.0,0.0,1.0,0.0,0.0,0.0,0.0,0.0,0.0,0.0,0.0,0.0,0.0,0.0,0.0,0.0,0.0
n194194,0.0,0.0,0.0,0.0,0.0,0.0,0.0,0.0,0.0,0.0,0.0,0.0,0.0,0.0,0.0,1.0,0.0
n195195,0.004981130450831,2.2117491790552282e-09,0.020755109193519,0.1161414946681451,0.00404466391005,0.0116030638258013,0.0005717240280741,0.0261803533597598,0.0086069671334308,0.004255575547135,0.4914537311686597,2.2117491790552282e-09,0.0042524621308617,0.1983154866263216,0.0740571985488066,0.0325692858060501,0.0022117491790552
n198198,1.5630077945085876e-05,6.940153927879131e-12,0.0181296455484108,3.8605019127333154e-05,1.2691579311120316e-05,3.643123979459481e-05,1.7939885755023933e-06,8.215022025264558e-05,2.7007437065590836e-05,1.3353389990383712e-05,0.980584958889158,6.940153927879131e-12,1.3343620533529093e-05,5.037663476567225e-05,0.0002323809418641,0.0007546912453972,6.940153927879132e-06
SAMN27404447,0.0,0.0,0.0,0.0,0.0,0.0,0.0,0.0,0.0,0.0,0.0,0.0,0.0,0.0,0.0,1.0,0.0
n200,0.0,0.0,1.0,0.0,0.0,0.0,0.0,0.0,0.0,0.0,0.0,0.0,0.0,0.0,0.0,0.0,0.0
SAMN05806174,0.0,0.0,1.0,0.0,0.0,0.0,0.0,0.0,0.0,0.0,0.0,0.0,0.0,0.0,0.0,0.0,0.0
n204,7.450336436228409e-15,3.3081397203248184e-21,3.104366524602106e-14,1.840172401162557e-14,6.0496522222815565e-15,1.735484144544529e-14,8.551344719586101e-16,3.9158267882144695e-14,1.2873543761320682e-14,0.9999999999996796,6.763608999563098e-15,3.3081397203248184e-21,6.360458508360404e-15,2.4012860258784633e-14,1.1076823828649669e-13,3.600736369093646e-14,3.3081397203248113e-15
SAMN11335416,0.0,0.0,0.0,0.0,0.0,0.0,0.0,0.0,0.0,1.0,0.0,0.0,0.0,0.0,0.0,0.0,0.0
n206,3.034021393166245e-13,1.347183012332463e-19,1.264199882581407e-12,7.493785656567806e-13,2.463616834048599e-13,7.067460734316149e-13,3.4823880829598716e-14,1.5946531205764637e-12,5.242529315559534e-13,0.9999999999869518,2.7543634537488756e-13,1.347183012332463e-19,2.590187349241486e-13,9.778824400733478e-13,4.51084602045767e-12,1.4663379658747725e-12,1.34718301233246e-13
SAMN11335404,0.0,0.0,0.0,0.0,0.0,0.0,0.0,0.0,0.0,1.0,0.0,0.0,0.0,0.0,0.0,0.0,0.0
n261261,0.0001060001555098,4.7066777092405056e-11,0.000441675804513,0.0002618117478079,8.607182790036343e-05,0.0002469171569776,1.2166482367242817e-05,0.0005571268512594,0.002747714191325,9.0560099501105e-05,0.9869629726826654,4.7066777092405056e-11,9.049384491810304e-05,0.0003416445606243,0.0015759624509405,0.006431815272464,4.706677709240505e-05
SAMN11319444,0.0,0.0,0.0,0.0,0.0,0.0,0.0,0.0,1.0,0.0,0.0,0.0,0.0,0.0,0.0,0.0,0.0
n263263,0.9999999999989309,6.027194647606278e-21,5.6559344173928184e-14,3.3526628814428586e-14,1.1022034913254111e-14,3.161928344560205e-14,1.5579940232592413e-15,7.134357147732481e-14,2.3454678645553102e-14,1.1596786111429244e-14,4.999274671035148e-13,6.027194647606278e-21,1.1588301800671111e-14,4.3749718894483565e-14,2.0181183063768058e-13,6.560284874927364e-14,6.027194647606277e-15
SAMN02801840,1.0,0.0,0.0,0.0,0.0,0.0,0.0,0.0,0.0,0.0,0.0,0.0,0.0,0.0,0.0,0.0,0.0
n266,9.571662847550673e-19,4.250062841619804e-25,8.849039258799668e-11,9.859753980745605e-16,7.772163296980677e-19,2.2296267087482512e-18,1.0986160051010928e-19,1.3071111500887811e-10,1.653901425154817e-18,3.542408714286429e-16,0.99999999971995,4.250062841619804e-25,8.171465127655695e-19,3.281266345494686e-16,4.587355014505795e-16,6.084632327403502e-11,2.5673187786530713e-17
SAMN13082237,0.0,0.0,0.0,0.0,0.0,0.0,0.0,0.0,0.0,0.0,1.0,0.0,0.0,0.0,0.0,0.0,0.0
SAMN13082387,0.0,0.0,0.0,0.0,0.0,0.0,0.0,0.0,0.0,0.0,1.0,0.0,0.0,0.0,0.0,0.0,0.0
SAMN15868523,0.0,0.0,0.0,0.0,0.0,0.0,0.0,0.0,0.0,0.0,0.0,0.0,0.0,1.0,0.0,0.0,0.0
n327,0.0002581811678092,1.1463903456983431e-10,0.0010757755458295,0.0006376864502283,0.0002096423817847,0.000601408173964,2.9633509640002392e-05,0.001356975945682,0.0004461149628061,0.0002205743204891,0.9671259888120548,1.1463903456983431e-10,0.000220412946388,0.0008321326636884,0.0256224736390079,0.0012483602167795,0.0001146390345698
SAMN26308861,0.0,0.0,0.0,0.0,0.0,0.0,0.0,0.0,0.0,0.0,0.0,0.0,0.0,0.0,1.0,0.0,0.0
SAMN13082345,0.0,0.0,0.0,0.0,0.0,0.0,0.0,0.0,0.0,0.0,1.0,0.0,0.0,0.0,0.0,0.0,0.0
SAMN26308766,0.0,0.0,0.0,0.0,0.0,0.0,0.0,0.0,0.0,0.0,0.0,0.0,0.0,0.0,1.0,0.0,0.0
n335335,1.5759093543951556e-12,6.904887507099299e-19,6.486215744055265e-12,3.853865983036972e-12,1.2627086998558321e-12,3.6223750510929897e-12,1.7848724151642593e-13,8.195744292350386e-12,2.687019866286408e-12,1.3285534684127997e-12,0.9999999998824348,6.904887507099299e-19,1.360699540134279e-12,3.6921161311332047e-11,4.188192111288289e-11,7.515607463179203e-12,6.949755313060827e-13
n336336,1.5724600714442835e-10,6.982124288683501e-17,1.2769246527038714e-09,8.288347375431378e-10,1.2768331234550315e-10,3.6628942616304045e-10,1.804837664524798e-11,8.264702150193383e-10,2.7170763684830607e-10,1.343414419291033e-10,0.9999999704544544,6.982124288683501e-17,1.1955171595193558e-08,5.068185016837038e-10,1.2246220728400274e-08,7.599675644088642e-10,6.982124368030658e-11
SAMN02801827,1.0,0.0,0.0,0.0,0.0,0.0,0.0,0.0,0.0,0.0,0.0,0.0,0.0,0.0,0.0,0.0,0.0
SAMN02801828,1.0,0.0,0.0,0.0,0.0,0.0,0.0,0.0,0.0,0.0,0.0,0.0,0.0,0.0,0.0,0.0,0.0
n346,2.7369937889335427e-06,3.720344722087958e-13,3.998116426589388e-06,2.0730043236040277e-06,6.803458625811316e-07,1.9517311308693984e-06,9.616870169904192e-08,6.450746994612865e-06,1.4477629313158404e-06,7.158229412339255e-07,0.9999516167917036,3.720344722087958e-13,1.831740999501373e-06,5.548647334770405e-06,1.602189461938082e-05,4.049399867872678e-06,7.808316292818286e-07
n346346,2.3225718717202202e-07,1.0233618433294573e-13,9.60801377843887e-07,5.69254438798842e-07,1.8714394714526402e-07,5.368661554161141e-07,2.6453295915572812e-08,1.2132702011400748e-06,3.982387259167529e-07,1.9690269030433802e-07,0.9999900889784532,1.0233618433294573e-13,1.978071305816934e-07,7.455045343766264e-07,3.429925927350209e-06,1.113875627858087e-06,1.0272010242161788e-07
n348,0.0059611141201257,2.621501798993379e-09,0.0413545973571376,0.0145823663026441,0.0047939856005955,0.0137526682415978,0.0006776426469679,0.2277907415955841,0.010201509302155,0.0050439711058611,0.2827281112375513,2.621501798993379e-09,0.0050738897866763,0.0358806820165353,0.3074926887784747,0.0285336704834009,0.0161323561816884
n348348,0.0021182772418067,8.831822869938626e-10,0.046163514700688,0.0049129949557523,0.0016150906965524,0.0046332651743921,0.0002282973763144,0.0399123351030045,0.0034368819886852,0.0016993106541128,0.6288379392979374,8.831822869938626e-10,0.0017740453052039,0.0445070655531099,0.1791215356452063,0.0096129754187221,0.0314264691221466
n351351,0.0002103929526434,2.039722583227025e-12,7.407500223135128e-05,1.1729738513307935e-05,3.7300759041841152e-06,1.0700594599167394e-05,5.272561746511223e-07,0.0002459671748076,7.937529897784723e-06,3.9245831445624565e-06,0.9984595187967163,2.039722583227025e-12,0.000124905159335,0.0003234465029414,0.0004546042068421,2.2201309222713353e-05,4.633911294667298e-05
SAMN09400835,0.0,0.0,0.0,0.0,0.0,0.0,0.0,1.0,0.0,0.0,0.0,0.0,0.0,0.0,0.0,0.0,0.0
n355355,0.0,0.0,0.0,0.0,0.0,0.0,0.0,0.0,0.0,0.0,0.0,0.0,0.0,0.0,1.0,0.0,0.0
SAMN26304554,0.0,0.0,0.0,0.0,0.0,0.0,0.0,0.0,0.0,0.0,0.0,0.0,0.0,0.0,1.0,0.0,0.0
SAMN26304555,0.0,0.0,0.0,0.0,0.0,0.0,0.0,0.0,0.0,0.0,0.0,0.0,0.0,0.0,1.0,0.0,0.0
SAMN26304553,0.0,0.0,0.0,0.0,0.0,0.0,0.0,0.0,0.0,0.0,0.0,0.0,0.0,0.0,1.0,0.0,0.0
SAMN26308873,0.0,0.0,0.0,0.0,0.0,0.0,0.0,0.0,0.0,0.0,0.0,0.0,0.0,0.0,1.0,0.0,0.0
SAMN26308872,0.0,0.0,0.0,0.0,0.0,0.0,0.0,0.0,0.0,0.0,0.0,0.0,0.0,0.0,1.0,0.0,0.0
SAMN26308780,0.0,0.0,0.0,0.0,0.0,0.0,0.0,0.0,0.0,0.0,0.0,0.0,0.0,0.0,1.0,0.0,0.0
SAMN26308779,0.0,0.0,0.0,0.0,0.0,0.0,0.0,0.0,0.0,0.0,0.0,0.0,0.0,0.0,1.0,0.0,0.0
SAMN27404312,0.0,0.0,0.0,0.0,0.0,0.0,0.0,0.0,0.0,0.0,0.0,0.0,0.0,0.0,0.0,1.0,0.0
SAMN27404315,0.0,0.0,0.0,0.0,0.0,0.0,0.0,0.0,0.0,0.0,0.0,0.0,0.0,0.0,0.0,1.0,0.0
n75,0.0003073067373241,1.364520425040236e-10,0.0012804693536991,0.0007590226046241,0.0002495322060001,0.0008519417492624,3.527204265208461e-05,0.0135498268694403,0.0005309997427571,0.0002625442256001,0.9707605837606708,1.364520425040236e-10,0.0002623521459494,0.0049595895967281,0.0045688978206955,0.0014852088291878,0.000136452042504
n8282,8.446617681046055e-23,3.750514046011037e-29,1.4529298508262185e-19,2.2376400634302043e-22,6.858629789352893e-23,2.230915674123792e-22,9.69485608070102e-24,3.556538815744879e-19,1.4595032489868273e-22,7.471318667877008e-23,1.0,3.750514046011037e-29,7.210998020462597e-23,3.851291663536863e-21,1.944476965715576e-21,7.983885955499136e-21,3.750514046011037e-23
n8989,7.969807285401035e-05,3.5387980488994466e-11,0.0405008483814687,0.000196847746873,6.471461090110236e-05,0.0001856489877642,9.147582801057338e-06,0.0663059329257,0.0001377114493232,6.80891964864585e-05,0.767218597532948,3.5387980488994466e-11,6.803938183506253e-05,0.1224402661651481,0.0023038903298861,0.0003851795847455,3.538798048899418e-05
n93,0.0004406014039841,1.9563827993903022e-10,0.0067174200587255,0.0010882495716334,0.0003577671002602,0.0010263385515857,5.0571333545164525e-05,0.0516306086297728,0.0007613215193756,0.0003764230990006,0.4410782080427174,1.9563827993903022e-10,0.0003761477045706,0.4870846371378767,0.006686647231846,0.0021294199438898,0.000195638279939
n97,0.0030541379066015,1.3561152582383562e-09,0.0127258192431,0.0075434741208676,0.0024799513863538,0.0071143202156421,0.0003505477408175,0.016052261709172,0.0052772889292027,0.163481890168109,0.5830776695965458,1.3561152582383562e-09,0.0026073611037603,0.0098436610735672,0.0454075460695582,0.1396279527662326,0.0013561152582383
SAMN13082343,0.0,0.0,0.0,0.0,0.0,0.0,0.0,0.0,0.0,0.0,1.0,0.0,0.0,0.0,0.0,0.0,0.0
SAMN13082385,0.0,0.0,0.0,0.0,0.0,0.0,0.0,0.0,0.0,0.0,1.0,0.0,0.0,0.0,0.0,0.0,0.0
SAMN13082386,0.0,0.0,0.0,0.0,0.0,0.0,0.0,0.0,0.0,0.0,1.0,0.0,0.0,0.0,0.0,0.0,0.0
SAMN26308893,0.0,0.0,0.0,0.0,0.0,0.0,0.0,0.0,0.0,0.0,0.0,0.0,0.0,0.0,1.0,0.0,0.0
SAMN27020195,0.0,0.0,0.0,1.0,0.0,0.0,0.0,0.0,0.0,0.0,0.0,0.0,0.0,0.0,0.0,0.0,0.0
SAMN04022944,0.0,0.0,1.0,0.0,0.0,0.0,0.0,0.0,0.0,0.0,0.0,0.0,0.0,0.0,0.0,0.0,0.0
SAMN12220342,0.0,0.0,0.0,0.0,0.0,0.0,0.0,1.0,0.0,0.0,0.0,0.0,0.0,0.0,0.0,0.0,0.0
n114,8.574019699983952e-06,3.807083797510149e-12,0.9899801502776884,2.1177130125578435e-05,6.962079870604142e-06,0.0001298717831857,9.841085528776794e-07,0.0054387681435585,1.4815172276172572e-05,7.32512206537748e-06,0.001666867440513,3.807083797510149e-12,7.31976294203708e-06,0.0023559552180449,0.0003159845420984,4.143810796641906e-05,3.807083797510118e-06
SAMN13622036,0.0,0.0,0.0,0.0,0.0,0.0,0.0,1.0,0.0,0.0,0.0,0.0,0.0,0.0,0.0,0.0,0.0
n116116,1.742887120435778e-08,7.738864090914717e-15,7.275482548504609e-08,4.304789192837048e-08,1.4152194376161349e-08,4.0598892282049336e-08,2.0004504094204446e-09,9.160523388665445e-08,3.0115597876719034e-08,1.4890169780447597e-08,1.5822605255457985e-08,7.738864090914717e-15,1.4879276002063887e-08,5.6174561399110835e-08,0.9999994945570786,8.42334718102334e-08,7.738864090914715e-09
SAMN26308821,0.0,0.0,0.0,0.0,0.0,0.0,0.0,0.0,0.0,0.0,0.0,0.0,0.0,0.0,1.0,0.0,0.0
n132132,4.502650881319219e-55,1.999292025903214e-61,1.0,1.1121180841691419e-54,3.6561398459638266e-55,1.0488491734347481e-54,5.168051156841526e-56,2.3665509725588907e-54,7.780195385640304e-55,3.846791642373355e-55,4.0876542864715755e-55,1.999292025903214e-61,3.8439772959784896e-55,1.4512301200447038e-54,6.694338034415153e-54,2.1761243837070426e-54,1.9992920259032136e-55
SAMN04622926,0.0,0.0,1.0,0.0,0.0,0.0,0.0,0.0,0.0,0.0,0.0,0.0,0.0,0.0,0.0,0.0,0.0
n135,0.0,0.0,1.0,0.0,0.0,0.0,0.0,0.0,0.0,0.0,0.0,0.0,0.0,0.0,0.0,0.0,0.0
SAMN04122814,0.0,0.0,1.0,0.0,0.0,0.0,0.0,0.0,0.0,0.0,0.0,0.0,0.0,0.0,0.0,0.0,0.0
n151151,2.028046249349192e-06,9.00504347629712e-13,8.450355149346444e-06,5.0091090090729744e-06,1.6467678479061817e-06,0.0010426552422533,2.327750261198636e-07,0.9986568429089302,3.5042903584895724e-06,1.732639631180415e-06,0.0002287758854578,9.00504347629712e-13,1.7313720168791924e-06,6.5365090020856395e-06,3.0152075966843356e-05,9.801516952612048e-06,9.00504347629712e-07
SAMN16340148,0.0,0.0,0.0,0.0,0.0,0.0,0.0,1.0,0.0,0.0,0.0,0.0,0.0,0.0,0.0,0.0,0.0
n158158,0.001172654583528,5.206885942930512e-10,0.004886154692725,0.0028963612840515,0.000952192222181,0.0027315859547553,0.0001345949094592,0.0061633622465325,0.0020262467644486,0.0010018449065242,0.0195988974428627,5.206885942930512e-10,0.0010011119480323,0.708820061019263,0.2257711627045057,0.0223230796854602,0.000520688594293
SAMN27404457,0.0,0.0,0.0,0.0,0.0,0.0,0.0,0.0,0.0,0.0,0.0,0.0,0.0,0.0,0.0,1.0,0.0
SAMN26308871,0.0,0.0,0.0,0.0,0.0,0.0,0.0,0.0,0.0,0.0,0.0,0.0,0.0,0.0,1.0,0.0,0.0
SAMN27404448,0.0,0.0,0.0,0.0,0.0,0.0,0.0,0.0,0.0,0.0,0.0,0.0,0.0,0.0,0.0,1.0,0.0
n161161,3.099265452511487e-07,1.3761530415495834e-13,1.291385429905604e-06,9.198271617557184e-06,1.5929466123962605e-05,7.219440489174729e-07,3.5572738880696174e-08,4.3355733210957975e-06,5.355265466515322e-07,2.6478243049405096e-07,0.999790393172995,1.3761530415495834e-13,2.64588713353095e-07,0.0001057034341977,3.3509553430447744e-05,3.724913307545365e-05,2.5766851015174616e-07
n173,2.6148459151224986e-07,1.1610583909046593e-13,1.089540075858682e-06,6.459009652767097e-07,2.1242761495399558e-07,6.091031814422759e-07,3.0012669897808446e-08,1.374356188347543e-06,4.5182299625761067e-07,2.2339656521272585e-07,0.999988767338286,1.1610583909046593e-13,2.232331263326355e-07,8.43466755704567e-07,3.887824470284109e-06,1.2639856539792449e-06,1.1610662676206469e-07
n175,4.37361401370927e-06,1.941996360025499e-12,1.822374204427802e-05,1.080247029144876e-05,3.5513622725515764e-06,1.0187912774302349e-05,5.01994526311269e-07,0.999526324494335,7.55723072139742e-06,3.736550374070919e-06,0.0003088058746644,1.941996360025499e-12,3.7338166811516142e-06,1.4096407999291468e-05,6.502491845702901e-05,2.1137610600995683e-05,1.941996360025499e-06
n176176,4.37361401370927e-06,1.941996360025499e-12,1.822374204427802e-05,1.080247029144876e-05,3.5513622725515764e-06,1.0187912774302349e-05,5.01994526311269e-07,0.999526324494335,7.55723072139742e-06,3.736550374070919e-06,0.0003088058746644,1.941996360025499e-12,3.7338166811516142e-06,1.4096407999291468e-05,6.502491845702901e-05,2.1137610600995683e-05,1.941996360025499e-06
n179179,7.883998198441652e-05,3.5006966220214055e-11,0.0003285062399116,0.0016509567771702,6.401784352949213e-05,0.0001836501476963,9.049092875272027e-06,0.0103565852523794,0.000136228741736,6.735609572597044e-05,0.9838001224589914,3.5006966220214055e-11,6.73068174174287e-05,0.000254105769102,0.0011721572556745,0.0003810324445076,0.0014500850112842
SAMN14792069,0.0,0.0,0.0,1.0,0.0,0.0,0.0,0.0,0.0,0.0,0.0,0.0,0.0,0.0,0.0,0.0,0.0
n181181,0.0014415777911863,6.40097368995578e-10,0.2809209262320641,0.0298930727966841,0.001170557110097,0.0033580166763555,0.0001654613685979,0.0075767973437739,0.0024909230528092,0.0012315965739148,0.5583765668389413,6.40097368995578e-10,0.0012306955270943,0.0046462876338843,0.0998902986707493,0.0069671237346569,0.0006400973689955
n182182,0.0014415777911863,6.40097368995578e-10,0.2809209262320641,0.0298930727966841,0.001170557110097,0.0033580166763555,0.0001654613685979,0.0075767973437739,0.0024909230528092,0.0012315965739148,0.5583765668389413,6.40097368995578e-10,0.0012306955270943,0.0046462876338843,0.0998902986707493,0.0069671237346569,0.0006400973689955
n185,0.0,0.0,0.0,0.0,0.0,0.0,0.0,0.0,0.0,0.0,0.0,0.0,0.0,0.0,0.0,1.0,0.0
n185185,1.3933178484926037e-06,6.186687214846572e-13,5.805602638356946e-06,3.441381570870409e-06,1.1313701724237431e-06,3.2455997860842757e-06,1.5992219047270052e-07,7.323147622070818e-06,2.407534001922941e-06,1.1903662078270129e-06,0.9999143871971724,6.186687214846572e-13,1.1894953254988815e-06,4.490743079628757e-06,2.0715220684516618e-05,3.2500431740609176e-05,6.186687214847331e-07
n189189,2.2868082381916077e-07,1.0154012815770413e-13,2.050011272602178e-06,5.648230039932695e-07,1.8568818547352352e-07,5.326899627909731e-07,2.6247520121738514e-08,1.201924911080234e-06,3.95140893033378e-07,1.9537101699106745e-07,0.9999890804684156,1.0154012815770413e-13,1.9522808184693684e-07,7.370513685167622e-07,3.399923238519561e-06,1.1052109744145591e-06,1.0154012815770745e-07
n190190,0.0,0.0,1.0,0.0,0.0,0.0,0.0,0.0,0.0,0.0,0.0,0.0,0.0,0.0,0.0,0.0,0.0
n191191,0.0,0.0,0.0,0.0,0.0,0.0,0.0,0.0,0.0,1.0,0.0,0.0,0.0,0.0,0.0,0.0,0.0
SAMN11335386,0.0,0.0,0.0,0.0,0.0,0.0,0.0,0.0,0.0,1.0,0.0,0.0,0.0,0.0,0.0,0.0,0.0
n195,0.0,0.0,0.0,0.0,0.0,0.0,0.0,0.0,0.0,0.0,0.0,0.0,0.0,0.0,0.0,1.0,0.0
SAMN27404344,0.0,0.0,0.0,0.0,0.0,0.0,0.0,0.0,0.0,0.0,0.0,0.0,0.0,0.0,0.0,1.0,0.0
SAMN15868476,0.0,0.0,0.0,0.0,0.0,0.0,0.0,0.0,0.0,0.0,0.0,0.0,0.0,1.0,0.0,0.0,0.0
SAMN31488201,0.0,0.0,0.0,1.0,0.0,0.0,0.0,0.0,0.0,0.0,0.0,0.0,0.0,0.0,0.0,0.0,0.0
n199,1.5630077945085876e-05,6.940153927879131e-12,0.0181296455484108,3.8605019127333154e-05,1.2691579311120316e-05,3.643123979459481e-05,1.7939885755023933e-06,8.215022025264558e-05,2.7007437065590836e-05,1.3353389990383712e-05,0.980584958889158,6.940153927879131e-12,1.3343620533529093e-05,5.037663476567225e-05,0.0002323809418641,0.0007546912453972,6.940153927879132e-06
SAMN06672151,0.0,0.0,1.0,0.0,0.0,0.0,0.0,0.0,0.0,0.0,0.0,0.0,0.0,0.0,0.0,0.0,0.0
SAMN05774078,0.0,0.0,1.0,0.0,0.0,0.0,0.0,0.0,0.0,0.0,0.0,0.0,0.0,0.0,0.0,0.0,0.0
SAMN05774085,0.0,0.0,1.0,0.0,0.0,0.0,0.0,0.0,0.0,0.0,0.0,0.0,0.0,0.0,0.0,0.0,0.0
SAMN11335426,0.0,0.0,0.0,0.0,0.0,0.0,0.0,0.0,0.0,1.0,0.0,0.0,0.0,0.0,0.0,0.0,0.0
SAMN11335424,0.0,0.0,0.0,0.0,0.0,0.0,0.0,0.0,0.0,1.0,0.0,0.0,0.0,0.0,0.0,0.0,0.0
n206206,3.832207598378607e-14,1.701598079662639e-20,1.596783861448651e-13,9.465240554467712e-14,3.1117417867254906e-14,8.92675865380913e-14,4.398529984686449e-15,2.0141722860674762e-13,6.621726769317156e-14,0.9999999999983518,3.478977630002453e-14,1.701598079662639e-20,3.2716103002255536e-14,1.2351424171269057e-13,5.697553232038356e-13,1.852100155678907e-13,1.7015980796626358e-14
SAMN11335409,0.0,0.0,0.0,0.0,0.0,0.0,0.0,0.0,0.0,1.0,0.0,0.0,0.0,0.0,0.0,0.0,0.0
SAMN27404336,0.0,0.0,0.0,0.0,0.0,0.0,0.0,0.0,0.0,0.0,0.0,0.0,0.0,0.0,0.0,1.0,0.0
SAMN13082278,0.0,0.0,0.0,0.0,0.0,0.0,0.0,0.0,0.0,0.0,1.0,0.0,0.0,0.0,0.0,0.0,0.0
n264,0.9999999999989309,6.027194647606278e-21,5.6559344173928184e-14,3.3526628814428586e-14,1.1022034913254111e-14,3.161928344560205e-14,1.5579940232592413e-15,7.134357147732481e-14,2.3454678645553102e-14,1.1596786111429244e-14,4.999274671035148e-13,6.027194647606278e-21,1.1588301800671111e-14,4.3749718894483565e-14,2.0181183063768058e-13,6.560284874927364e-14,6.027194647606277e-15
SAMN02801838,1.0,0.0,0.0,0.0,0.0,0.0,0.0,0.0,0.0,0.0,0.0,0.0,0.0,0.0,0.0,0.0,0.0
n266266,9.571662847550673e-19,4.250062841619804e-25,8.849039258799668e-11,9.859753980745605e-16,7.772163296980677e-19,2.2296267087482512e-18,1.0986160051010928e-19,1.3071111500887811e-10,1.653901425154817e-18,3.542408714286429e-16,0.99999999971995,4.250062841619804e-25,8.171465127655695e-19,3.281266345494686e-16,4.587355014505795e-16,6.084632327403502e-11,2.5673187786530713e-17
SAMN15868644,0.0,0.0,0.0,0.0,0.0,0.0,0.0,0.0,0.0,0.0,0.0,0.0,0.0,1.0,0.0,0.0,0.0
n327327,0.0001780227173722,7.904663467218979e-11,0.0007417755817602,0.0004397016082327,0.0001445539455816,0.0004146867809432,2.043308563577577e-05,0.0009356706661022,0.0003076080204186,0.0001520918053366,0.9790814955773148,7.904663467218979e-11,0.0001519805336422,0.0005737773953888,0.0159162143016379,0.0008629411878672,7.904663467218945e-05
n331,0.0045610391802972,2.0252179223650624e-09,0.0190046952508917,0.011265395183218,0.0037035509804396,0.0106245016554707,0.0005235068059558,0.0239723931357727,0.0078810853693983,0.0038966750613728,0.3315693253423497,2.0252179223650624e-09,0.0038938242198325,0.0147004900260269,0.540334667652976,0.0220436281631964,0.002025217922365
n336,3.1431184534835855e-05,1.3956248936106988e-11,0.0001309657864262,7.763246504252656e-05,2.5522033387013064e-05,7.321591829123798e-05,3.607607469290616e-06,0.0001651993509135,5.431039696389156e-05,2.6852896460708017e-05,0.9978442105011734,1.3956248936106988e-11,2.6833250673223497e-05,0.0009070512157634,0.0004673046750611,0.0001519064409874,1.3956248939672512e-05
SAMN13082355,0.0,0.0,0.0,0.0,0.0,0.0,0.0,0.0,0.0,0.0,1.0,0.0,0.0,0.0,0.0,0.0,0.0
n337,6.313838894862703e-05,2.8035057764989478e-11,0.0020090225863345,0.0013928363732731,5.1268194165966655e-05,0.0001470747983937,7.246895943028529e-06,0.0003318494364999,0.000109097732714,5.3941607582361326e-05,0.9332841947683044,2.8035057764989478e-11,0.0332499224852929,0.0002034986371114,0.0287637260995511,0.0003051468820492,2.803505776498948e-05
n342342,1.5724600714442835e-10,6.982124288683501e-17,1.2769246527038714e-09,8.288347375431378e-10,1.2768331234550315e-10,3.6628942616304045e-10,1.804837664524798e-11,8.264702150193383e-10,2.7170763684830607e-10,1.343414419291033e-10,0.9999999704544544,6.982124288683501e-17,1.1955171595193558e-08,5.068185016837038e-10,1.2246220728400274e-08,7.599675644088642e-10,6.982124368030658e-11
SAMN13082347,0.0,0.0,0.0,0.0,0.0,0.0,0.0,0.0,0.0,0.0,1.0,0.0,0.0,0.0,0.0,0.0,0.0
SAMN13082353,0.0,0.0,0.0,0.0,0.0,0.0,0.0,0.0,0.0,0.0,1.0,0.0,0.0,0.0,0.0,0.0,0.0
SAMN13082313,0.0,0.0,0.0,0.0,0.0,0.0,0.0,0.0,0.0,0.0,1.0,0.0,0.0,0.0,0.0,0.0,0.0
SAMN13082312,0.0,0.0,0.0,0.0,0.0,0.0,0.0,0.0,0.0,0.0,1.0,0.0,0.0,0.0,0.0,0.0,0.0
SAMN26308789,0.0,0.0,0.0,0.0,0.0,0.0,0.0,0.0,0.0,0.0,0.0,0.0,0.0,0.0,1.0,0.0,0.0
SAMN09400878,0.0,0.0,0.0,0.0,0.0,0.0,0.0,1.0,0.0,0.0,0.0,0.0,0.0,0.0,0.0,0.0,0.0
n349,0.004643795570112,2.0230364199791446e-09,0.0446765731922088,0.0112534238836815,0.0036995616293623,0.0106130572694347,0.0005229429005441,0.0439290133959728,0.007872596106911,0.0038924776829822,0.4294729156157286,2.0230364199791446e-09,0.0039411682268607,0.040526632636323,0.2677733585634461,0.0220196890979703,0.105162790182388
n350,0.0021182772418067,8.831822869938628e-10,0.046163514700688,0.0049129949557523,0.0016150906965524,0.0046332651743921,0.0002282973763144,0.0399123351030045,0.0034368819886852,0.0016993106541128,0.6288379392979375,8.831822869938628e-10,0.0017740453052039,0.04450706555311,0.1791215356452064,0.0096129754187221,0.0314264691221466
n352,0.0051884181784147,2.248225383507773e-09,0.021130806234988,0.0125061207431258,0.0041113685749017,0.0117944217484779,0.0005811529103072,0.0267470025273341,0.008748913379347,0.0043257585702329,0.6117200072139976,2.248225383507773e-09,0.0043961593262048,0.1142204765240668,0.1477834746676836,0.0244707527151273,0.0022751621893391
SAMN13422994,0.0,0.0,0.0,0.0,0.0,0.0,0.0,0.0,0.0,0.0,0.0,0.0,1.0,0.0,0.0,0.0,0.0
SAMN26304551,0.0,0.0,0.0,0.0,0.0,0.0,0.0,0.0,0.0,0.0,0.0,0.0,0.0,0.0,1.0,0.0,0.0
SAMN26304552,0.0,0.0,0.0,0.0,0.0,0.0,0.0,0.0,0.0,0.0,0.0,0.0,0.0,0.0,1.0,0.0,0.0
n7575,0.0003583689642553,1.5912497580915138e-10,0.0014932327225935,0.000885142145057,0.0002909945905881,0.0014067914789257,4.113286126579469e-05,0.0520427857090464,0.0006192309009841,0.0003061686932697,0.9327746632381808,1.5912497580915138e-10,0.0003059446975772,0.002256358945983,0.0053280679559723,0.0017319918022413,0.0001591249758091
SAMN15868741,0.0,0.0,0.0,0.0,0.0,0.0,0.0,0.0,0.0,0.0,0.0,0.0,0.0,1.0,0.0,0.0,0.0
n83,0.0003654994434466,1.6229109074093448e-10,0.0015229436236987,0.0009027538477326,0.0002967845196275,0.0008513957649711,4.195128317334482e-05,0.0093039165952607,0.0006315517587995,0.0003122605419345,0.9769180595134976,1.6229109074093448e-10,0.0003120320893921,0.0011780256012962,0.0054340807011569,0.0017664533006888,0.0001622910907409
SAMN27404328,0.0,0.0,0.0,0.0,0.0,0.0,0.0,0.0,0.0,0.0,0.0,0.0,0.0,0.0,0.0,1.0,0.0
n90,8.875944725497609e-05,3.9411462224772896e-11,0.0406371020782356,0.0002192286034048,7.207242141757335e-05,0.0002067565870455,1.0187628935874818e-05,0.097148081212793,0.0001533687288148,7.58306848302858e-05,0.7838461221981765,3.9411462224772896e-11,7.577520643833894e-05,0.0736018601627932,0.0033964704281761,0.0004289730706354,3.9411462224772576e-05
n9292,0.0017471294511943,7.757701123321722e-10,0.2812994329466228,0.0043152674041841,0.0014186641982549,0.0040697698512921,0.0002005319670431,0.0376593669853269,0.0030188901721636,0.0014926413679733,0.3331494560664642,7.757701123321722e-10,0.0014915493384996,0.2944585212607819,0.026459157024695,0.0084438503016312,0.0007757701123321
n9393,0.0004406014039841,1.9563827993903022e-10,0.0067174200587255,0.0010882495716334,0.0003577671002602,0.0010263385515857,5.0571333545164525e-05,0.0516306086297728,0.0007613215193756,0.0003764230990006,0.4410782080427174,1.9563827993903022e-10,0.0003761477045706,0.4870846371378767,0.006686647231846,0.0021294199438898,0.000195638279939
SAMN15868237,0.0,0.0,0.0,0.0,0.0,0.0,0.0,0.0,0.0,0.0,0.0,0.0,0.0,1.0,0.0,0.0,0.0
n9797,1.4618477734273528e-06,6.490977589720232e-13,6.091149481283541e-06,3.6106450398147608e-06,1.1870162786405896e-06,3.405233648489059e-06,1.6778791595705604e-07,7.683334464794169e-06,2.525947847414679e-06,1.0807405070487628e-05,3.58068089301235e-05,6.490977589720232e-13,1.2480003001221216e-06,4.711618945452222e-06,2.1734092823034787e-05,0.9998989100124238,6.490977589720179e-07
SAMN11335398,0.0,0.0,0.0,0.0,0.0,0.0,0.0,0.0,0.0,1.0,0.0,0.0,0.0,0.0,0.0,0.0,0.0
n114114,3.2255910153432014e-05,1.4322448188368866e-11,0.9982756491886854,7.966947015989185e-05,2.6191708282131086e-05,8.017817099371084e-05,3.702267801286466e-06,0.0004169455307231,5.573545228135336e-05,2.755749198992167e-05,0.0001053856316132,1.4322448188368866e-11,2.753733068786991e-05,0.0002107637047006,0.0004882133375444,0.0001558923275503,1.4322448188368748e-05
SAMN15868269,0.0,0.0,0.0,0.0,0.0,0.0,0.0,0.0,0.0,0.0,0.0,0.0,0.0,1.0,0.0,0.0,0.0
SAMN26308747,0.0,0.0,0.0,0.0,0.0,0.0,0.0,0.0,0.0,0.0,0.0,0.0,0.0,0.0,1.0,0.0,0.0
SAMN26308845,0.0,0.0,0.0,0.0,0.0,0.0,0.0,0.0,0.0,0.0,0.0,0.0,0.0,0.0,1.0,0.0,0.0
n133,4.502650881319219e-55,1.999292025903214e-61,1.0,1.1121180841691419e-54,3.6561398459638266e-55,1.0488491734347481e-54,5.168051156841526e-56,2.3665509725588907e-54,7.780195385640304e-55,3.846791642373355e-55,4.0876542864715755e-55,1.999292025903214e-61,3.8439772959784896e-55,1.4512301200447038e-54,6.694338034415153e-54,2.1761243837070426e-54,1.9992920259032136e-55
SAMN04122817,0.0,0.0,1.0,0.0,0.0,0.0,0.0,0.0,0.0,0.0,0.0,0.0,0.0,0.0,0.0,0.0,0.0
SAMN04122816,0.0,0.0,1.0,0.0,0.0,0.0,0.0,0.0,0.0,0.0,0.0,0.0,0.0,0.0,0.0,0.0,0.0
SAMN04096285,0.0,0.0,1.0,0.0,0.0,0.0,0.0,0.0,0.0,0.0,0.0,0.0,0.0,0.0,0.0,0.0,0.0
n152,2.028046249349192e-06,9.00504347629712e-13,8.450355149346444e-06,5.0091090090729744e-06,1.6467678479061817e-06,0.0010426552422533,2.327750261198636e-07,0.9986568429089302,3.5042903584895724e-06,1.732639631180415e-06,0.0002287758854578,9.00504347629712e-13,1.7313720168791924e-06,6.5365090020856395e-06,3.0152075966843356e-05,9.801516952612048e-06,9.00504347629712e-07
SAMN10093590,0.0,0.0,0.0,0.0,0.0,1.0,0.0,0.0,0.0,0.0,0.0,0.0,0.0,0.0,0.0,0.0,0.0
n159,9.275593536073964e-05,4.1186005046784375e-11,0.0003864904936263,0.0002290996034284,7.531755851403776e-05,0.0002160660213251,1.06463377170504e-05,0.0004875164760148,0.0001602743182418,7.924504171677526e-05,0.000394753052366,4.1186005046784375e-11,7.9187065351482e-05,0.0121120671586706,0.9849080375953564,0.0007273572548914,4.1186005046784376e-05
SAMN15868989,0.0,0.0,0.0,0.0,0.0,0.0,0.0,0.0,0.0,0.0,0.0,0.0,0.0,1.0,0.0,0.0,0.0
n162,3.099265452511487e-07,1.376153041549583e-13,1.2913854299056252e-06,9.19827161755726e-06,1.5929466123962737e-05,7.219440489174728e-07,3.5572738880696174e-08,4.335573321095832e-06,5.355265466515321e-07,2.6478243049405096e-07,0.999790393172995,1.376153041549583e-13,2.6458871335309284e-07,0.0001057034341977,3.3509553430448015e-05,3.724913307545365e-05,2.576685101517483e-07
SAMN26304562,0.0,0.0,0.0,0.0,0.0,0.0,0.0,0.0,0.0,0.0,0.0,0.0,0.0,0.0,1.0,0.0,0.0
n173173,4.3310520222780806e-11,1.9230977484480406e-17,1.8046397004155695e-10,1.069736822660102e-10,3.516844046836577e-11,1.0088768712928347e-10,4.971093474499449e-12,2.2763609504406606e-10,7.483687242663461e-11,3.700187991724151e-11,0.9999999981397067,1.9230977484480406e-17,3.6974809018417344e-11,1.3959508709150942e-10,6.439220339584981e-10,2.0932004894456068e-10,1.9230980699995168e-11
SAMN13082410,0.0,0.0,0.0,0.0,0.0,0.0,0.0,0.0,0.0,0.0,1.0,0.0,0.0,0.0,0.0,0.0,0.0
n175175,3.3573150746293403e-05,1.49073366647172e-11,0.0001398908172729,8.292294710743911e-05,2.726130393705083e-05,7.820542240115423e-05,3.8534579989990634e-06,0.9985312233173116,5.8011531296245955e-05,2.8682862407743072e-05,0.0002031887826777,1.49073366647172e-11,2.8661877774855235e-05,0.0001082081841831,0.0004991504469256,0.0001622585314797,1.49073366647172e-05
n176,2.2938579952164664e-05,1.0185315538048038e-11,9.557925381616436e-05,5.665642365434232e-05,1.862606237602949e-05,5.343321358183045e-05,2.632843579988017e-06,0.9991110904304462,3.96359030715446e-05,1.95973305445451e-05,2.420701451923895e-05,1.0185315538048038e-11,1.958299296619544e-05,7.39323545508411e-05,0.0003410404498966,0.0001108618111357,1.0185315538048035e-05
n177,5.4846033549105635e-05,2.4353040112899115e-11,0.00022852953288,0.0001354652345087,4.453482491478486e-05,0.0001277585548389,6.29511624602304e-06,0.9978611078350148,9.476925224422582e-05,4.685712240079636e-05,7.139254459313096e-05,2.4353040112899115e-11,4.682284132041483e-05,0.0001767719015961,0.0008154260636725,0.0002650700534011,2.435304011289912e-05
SAMN09400855,0.0,0.0,0.0,0.0,0.0,0.0,0.0,1.0,0.0,0.0,0.0,0.0,0.0,0.0,0.0,0.0,0.0
n180,7.883998198441652e-05,3.5006966220214055e-11,0.0003285062399116,0.0016509567771702,6.401784352949213e-05,0.0001836501476963,9.049092875272027e-06,0.0103565852523794,0.000136228741736,6.735609572597044e-05,0.9838001224589914,3.5006966220214055e-11,6.73068174174287e-05,0.000254105769102,0.0011721572556745,0.0003810324445076,0.0014500850112842
SAMN13622033,0.0,0.0,0.0,0.0,0.0,0.0,0.0,1.0,0.0,0.0,0.0,0.0,0.0,0.0,0.0,0.0,0.0
n182,0.0014415777911863,6.40097368995578e-10,0.2809209262320641,0.0298930727966841,0.001170557110097,0.0033580166763555,0.0001654613685979,0.0075767973437739,0.0024909230528092,0.0012315965739148,0.5583765668389413,6.40097368995578e-10,0.0012306955270943,0.0046462876338843,0.0998902986707493,0.0069671237346569,0.0006400973689955
SAMN26304497,0.0,0.0,0.0,0.0,0.0,0.0,0.0,0.0,0.0,0.0,0.0,0.0,0.0,0.0,1.0,0.0,0.0
n183,0.0004189848844131,1.860399929864578e-10,0.0041470754285086,0.0012648628624575,0.0003402145471936,0.0009759849503801,4.809023336838925e-05,0.0022021451625509,0.0007239700235006,0.0003579552566084,0.0052461417376107,1.860399929864578e-10,0.0003576933734134,0.0013504122352155,0.9803554813090646,0.0020249476306475,0.0001860399929864
n184,0.0002498921808978,1.1095851261250309e-10,0.0023154650792404,0.9854370136000024,0.0002029117477363,0.0005820997769777,2.8682116571209795e-05,0.0013134098097459,0.0004317923027954,0.0002134927131393,0.002808868485471,1.1095851261250309e-10,0.000213336520004,0.0008054167850035,0.0040789350044467,0.0012077251434384,0.0001109585126125
SAMN27404333,0.0,0.0,0.0,0.0,0.0,0.0,0.0,0.0,0.0,0.0,0.0,0.0,0.0,0.0,0.0,1.0,0.0
SAMN27404332,0.0,0.0,0.0,0.0,0.0,0.0,0.0,0.0,0.0,0.0,0.0,0.0,0.0,0.0,0.0,1.0,0.0
n186,4.768235703330875e-05,2.117218472088875e-11,0.0001986803069302,0.0001177715371461,3.871793974128251e-05,0.0001110714600798,5.47288401704197e-06,0.0002506139858172,8.239103229302687e-05,4.073691195677591e-05,0.9964061426919392,2.117218472088875e-11,4.07071084758575e-05,0.0001536829626488,0.0007089197556553,0.0017762368392007,2.1172184720888755e-05
n186186,2.4144196764983533e-08,1.0720640204271463e-14,1.0060275377119177e-07,5.963419895927914e-08,1.9605019835644492e-08,5.624158187627216e-08,2.771221827123371e-09,1.2689962833425106e-07,4.1719105747296474e-08,2.0627336379263662e-08,0.9999989569725,1.0720640204271463e-14,2.0612245239639985e-08,7.781812646190219e-08,3.589650163302806e-07,1.2266640673942957e-07,1.0720640204271418e-08
n190,5.491662254081548e-09,2.438438342863953e-15,2.359367698285794e-08,1.3563958356735411e-08,4.459214297742842e-09,1.2792298509913853e-08,6.303218307006267e-10,2.8863660521142653e-08,9.489122398088757e-09,4.691742935119374e-09,0.9999997634089708,2.438438342863953e-15,4.68831041497195e-09,1.7699941395191454e-08,8.164755489301719e-08,2.6541120893408422e-08,2.4384383428639422e-09
SAMN13082271,0.0,0.0,0.0,0.0,0.0,0.0,0.0,0.0,0.0,0.0,1.0,0.0,0.0,0.0,0.0,0.0,0.0
SAMN10435690,0.0,0.0,0.0,0.0,0.0,0.0,0.0,1.0,0.0,0.0,0.0,0.0,0.0,0.0,0.0,0.0,0.0
SAMN07450853,0.0,0.0,1.0,0.0,0.0,0.0,0.0,0.0,0.0,0.0,0.0,0.0,0.0,0.0,0.0,0.0,0.0
n192,0.0,0.0,0.0,0.0,0.0,0.0,0.0,0.0,0.0,1.0,0.0,0.0,0.0,0.0,0.0,0.0,0.0
SAMN11335385,0.0,0.0,0.0,0.0,0.0,0.0,0.0,0.0,0.0,1.0,0.0,0.0,0.0,0.0,0.0,0.0,0.0
SAMN27404460,0.0,0.0,0.0,0.0,0.0,0.0,0.0,0.0,0.0,0.0,0.0,0.0,0.0,0.0,0.0,1.0,0.0
SAMN27404320,0.0,0.0,0.0,0.0,0.0,0.0,0.0,0.0,0.0,0.0,0.0,0.0,0.0,0.0,0.0,1.0,0.0
SAMN07450858,0.0,0.0,1.0,0.0,0.0,0.0,0.0,0.0,0.0,0.0,0.0,0.0,0.0,0.0,0.0,0.0,0.0
SAMN13082315,0.0,0.0,0.0,0.0,0.0,0.0,0.0,0.0,0.0,0.0,1.0,0.0,0.0,0.0,0.0,0.0,0.0
SAMN11335418,0.0,0.0,0.0,0.0,0.0,0.0,0.0,0.0,0.0,1.0,0.0,0.0,0.0,0.0,0.0,0.0,0.0
SAMN11335410,0.0,0.0,0.0,0.0,0.0,0.0,0.0,0.0,0.0,1.0,0.0,0.0,0.0,0.0,0.0,0.0,0.0
n264264,1.0,0.0,0.0,0.0,0.0,0.0,0.0,0.0,0.0,0.0,0.0,0.0,0.0,0.0,0.0,0.0,0.0
SAMN02801902,1.0,0.0,0.0,0.0,0.0,0.0,0.0,0.0,0.0,0.0,0.0,0.0,0.0,0.0,0.0,0.0,0.0
n267,9.571662847550673e-19,4.250062841619804e-25,8.849039258799668e-11,9.859753980745605e-16,7.772163296980677e-19,2.2296267087482512e-18,1.0986160051010928e-19,1.3071111500887811e-10,1.653901425154817e-18,3.542408714286429e-16,0.99999999971995,4.250062841619804e-25,8.171465127655695e-19,3.281266345494686e-16,4.587355014505795e-16,6.084632327403502e-11,2.5673187786530713e-17
SAMN16826310,0.0,0.0,0.0,1.0,0.0,0.0,0.0,0.0,0.0,0.0,0.0,0.0,0.0,0.0,0.0,0.0,0.0
n328,8.00246450413474e-08,3.5532986883501223e-14,3.334424308699885e-07,1.976543535696553e-07,6.497978659830283e-08,1.8640970623384158e-07,9.185066092901184e-09,4.2060201099978267e-07,1.382757381149165e-07,6.836819994330916e-08,0.999988738782435,3.5532986883501223e-14,6.831818117054758e-08,2.5792400585999593e-07,4.9198549821645316e-06,4.480645400422725e-06,3.5532986883501216e-08
SAMN26308454,0.0,0.0,0.0,0.0,0.0,0.0,0.0,0.0,0.0,0.0,0.0,0.0,0.0,0.0,1.0,0.0,0.0
SAMN26308799,0.0,0.0,0.0,0.0,0.0,0.0,0.0,0.0,0.0,0.0,0.0,0.0,0.0,0.0,1.0,0.0,0.0
SAMN26308793,0.0,0.0,0.0,0.0,0.0,0.0,0.0,0.0,0.0,0.0,0.0,0.0,0.0,0.0,1.0,0.0,0.0
SAMN15869147,0.0,0.0,0.0,0.0,0.0,0.0,0.0,0.0,0.0,0.0,0.0,0.0,0.0,1.0,0.0,0.0,0.0
SAMN13082359,0.0,0.0,0.0,0.0,0.0,0.0,0.0,0.0,0.0,0.0,1.0,0.0,0.0,0.0,0.0,0.0,0.0
n337337,0.0037383407591826,1.659918804931439e-09,0.372878642631726,0.0095912549590636,0.0030355221774231,0.0087081048889524,0.0004290791534675,0.0196483675785413,0.0064595329043193,0.0031938114608064,0.2733956590626618,1.659918804931439e-09,0.012795772217366,0.0120488859823111,0.2543497595615183,0.018067344537891,0.0016599188049314
n338,6.313838894862703e-05,2.8035057764989478e-11,0.0020090225863345,0.0013928363732731,5.1268194165966655e-05,0.0001470747983937,7.246895943028529e-06,0.0003318494364999,0.000109097732714,5.3941607582361326e-05,0.9332841947683044,2.8035057764989478e-11,0.0332499224852929,0.0002034986371114,0.0287637260995511,0.0003051468820492,2.803505776498948e-05
n343,1.5724600714442835e-10,6.982124288683501e-17,1.2769246527038714e-09,8.288347375431378e-10,1.2768331234550315e-10,3.6628942616304045e-10,1.804837664524798e-11,8.264702150193383e-10,2.7170763684830607e-10,1.343414419291033e-10,0.9999999704544544,6.982124288683501e-17,1.1955171595193558e-08,5.068185016837038e-10,1.2246220728400274e-08,7.599675644088642e-10,6.982124368030658e-11
SAMN13082399,0.0,0.0,0.0,0.0,0.0,0.0,0.0,0.0,0.0,0.0,1.0,0.0,0.0,0.0,0.0,0.0,0.0
n349349,0.0007237907267129,3.2069882868868593e-10,0.0034600618395356,0.0017839091810269,0.0005864674849552,0.0016824190615158,8.289874271136217e-05,0.004146564865419,0.0012479915464159,0.0006170492143893,0.0081156275160771,3.2069882868868593e-10,0.0006175017021935,0.0027811034218483,0.9685343169367598,0.0034906383454435,0.0021296587735973
SAMN28174028,0.0,0.0,0.0,0.0,0.0,0.0,0.0,0.0,0.0,0.0,0.0,0.0,0.0,0.0,0.0,0.0,1.0
n350350,0.0021182772418067,8.831822869938628e-10,0.046163514700688,0.0049129949557523,0.0016150906965524,0.0046332651743921,0.0002282973763144,0.0399123351030045,0.0034368819886852,0.0016993106541128,0.6288379392979375,8.831822869938628e-10,0.0017740453052039,0.04450706555311,0.1791215356452064,0.0096129754187221,0.0314264691221466
SAMN26304622,0.0,0.0,0.0,0.0,0.0,0.0,0.0,0.0,0.0,0.0,0.0,0.0,0.0,0.0,1.0,0.0,0.0
n352352,0.0,0.0,0.0,0.0,0.0,0.0,0.0,0.0,0.0,0.0,0.0,0.0,0.0,0.0,1.0,0.0,0.0
SAMN15868953,0.0,0.0,0.0,0.0,0.0,0.0,0.0,0.0,0.0,0.0,0.0,0.0,0.0,1.0,0.0,0.0,0.0
n76,4.374021717541372e-05,1.9421773909430646e-11,0.0001822544084289,0.0001080347728669,3.5516933269160944e-05,0.0112897852464871,5.020413217283881e-06,0.981297951477882,7.557935198727959e-05,3.7368986914810304e-05,0.0058584294132105,1.9421773909430646e-11,3.7341647437297866e-05,0.0001478497079599,0.0006503098001352,0.0002113958102747,1.942177390943049e-05
SAMN13082351,0.0,0.0,0.0,0.0,0.0,0.0,0.0,0.0,0.0,0.0,1.0,0.0,0.0,0.0,0.0,0.0,0.0
SAMN13082365,0.0,0.0,0.0,0.0,0.0,0.0,0.0,0.0,0.0,0.0,1.0,0.0,0.0,0.0,0.0,0.0,0.0
SAMN16340172,0.0,0.0,0.0,0.0,0.0,0.0,0.0,1.0,0.0,0.0,0.0,0.0,0.0,0.0,0.0,0.0,0.0
n9090,0.0013596109366935,6.037019914956952e-10,0.1547122323972111,0.0033581282448619,0.0011040002548892,0.0031670827801912,0.000156053379652,0.2477768728094889,0.0023492913429766,0.0011615690680908,0.454514946967518,6.037019914956952e-10,0.0011607192540059,0.0467833380517196,0.075221472151351,0.0065709791624501,0.0006037019914956
n92,8.875944725497609e-05,3.9411462224772896e-11,0.0406371020782356,0.0002192286034048,7.207242141757335e-05,0.0002067565870455,1.0187628935874818e-05,0.097148081212793,0.0001533687288148,7.58306848302858e-05,0.7838461221981765,3.9411462224772896e-11,7.577520643833894e-05,0.0736018601627932,0.0033964704281761,0.0004289730706354,3.9411462224772576e-05
SAMN15868506,0.0,0.0,0.0,0.0,0.0,0.0,0.0,0.0,0.0,0.0,0.0,0.0,0.0,1.0,0.0,0.0,0.0
SAMN04339725,0.0,0.0,1.0,0.0,0.0,0.0,0.0,0.0,0.0,0.0,0.0,0.0,0.0,0.0,0.0,0.0,0.0
SAMN09400806,0.0,0.0,0.0,0.0,0.0,0.0,0.0,1.0,0.0,0.0,0.0,0.0,0.0,0.0,0.0,0.0,0.0
SAMN15868188,0.0,0.0,0.0,0.0,0.0,0.0,0.0,0.0,0.0,0.0,0.0,0.0,0.0,1.0,0.0,0.0,0.0
SAMN27404407,0.0,0.0,0.0,0.0,0.0,0.0,0.0,0.0,0.0,0.0,0.0,0.0,0.0,0.0,0.0,1.0,0.0
SAMN27404406,0.0,0.0,0.0,0.0,0.0,0.0,0.0,0.0,0.0,0.0,0.0,0.0,0.0,0.0,0.0,1.0,0.0
SAMN04393388,0.0,0.0,1.0,0.0,0.0,0.0,0.0,0.0,0.0,0.0,0.0,0.0,0.0,0.0,0.0,0.0,0.0
SAMN05510456,0.0,0.0,1.0,0.0,0.0,0.0,0.0,0.0,0.0,0.0,0.0,0.0,0.0,0.0,0.0,0.0,0.0
n133133,4.502650881319219e-55,1.999292025903214e-61,1.0,1.1121180841691419e-54,3.6561398459638266e-55,1.0488491734347481e-54,5.168051156841526e-56,2.3665509725588907e-54,7.780195385640304e-55,3.846791642373355e-55,4.0876542864715755e-55,1.999292025903214e-61,3.8439772959784896e-55,1.4512301200447038e-54,6.694338034415153e-54,2.1761243837070426e-54,1.9992920259032136e-55
SAMN04622924,0.0,0.0,1.0,0.0,0.0,0.0,0.0,0.0,0.0,0.0,0.0,0.0,0.0,0.0,0.0,0.0,0.0
n152152,7.60768168263922e-07,3.37800502961808e-13,3.169928304253813e-06,1.8790353951196367e-06,6.17741611962527e-07,3.988989644151367e-05,8.73194239508228e-08,0.999924179228496,1.314542288149786e-06,6.499541511430507e-07,9.024767877556818e-06,3.37800502961808e-13,6.494786390040676e-07,2.4519992983163924e-06,1.1310757636819943e-05,3.676781089503913e-06,3.3780050296180796e-07
SAMN09400791,0.0,0.0,0.0,0.0,0.0,0.0,0.0,1.0,0.0,0.0,0.0,0.0,0.0,0.0,0.0,0.0,0.0
n159159,0.0,0.0,0.0,0.0,0.0,0.0,0.0,0.0,0.0,0.0,0.0,0.0,0.0,0.0,1.0,0.0,0.0
SAMN26304537,0.0,0.0,0.0,0.0,0.0,0.0,0.0,0.0,0.0,0.0,0.0,0.0,0.0,0.0,1.0,0.0,0.0
n162162,3.099265452511487e-07,1.376153041549583e-13,1.2913854299056252e-06,9.198271617557113e-06,1.5929466123962605e-05,7.219440489174728e-07,3.5572738880696174e-08,4.335573321095868e-06,5.355265466515321e-07,2.6478243049405096e-07,0.999790393172995,1.376153041549583e-13,2.6458871335309284e-07,0.0001057034341977,3.3509553430448015e-05,3.724913307545365e-05,2.5766851015174616e-07
SAMN15868892,0.0,0.0,0.0,0.0,0.0,0.0,0.0,0.0,0.0,0.0,0.0,0.0,0.0,1.0,0.0,0.0,0.0
n174,1.3062330060466539e-10,5.800008265787458e-17,5.44274215266766e-10,3.2262896941072616e-10,1.0606586207994263e-10,3.042744029721031e-10,1.499267692729968e-11,6.865438066325077e-10,2.2570588469070216e-10,1.1159662037089336e-10,0.999999994389423,5.800008265787458e-17,1.115149753078334e-10,4.210070969561168e-10,1.942048458543919e-09,6.313006926165612e-10,5.800008349667939e-11
SAMN13082405,0.0,0.0,0.0,0.0,0.0,0.0,0.0,0.0,0.0,0.0,1.0,0.0,0.0,0.0,0.0,0.0,0.0
SAMN16340143,0.0,0.0,0.0,0.0,0.0,0.0,0.0,1.0,0.0,0.0,0.0,0.0,0.0,0.0,0.0,0.0,0.0
SAMN09400831,0.0,0.0,0.0,0.0,0.0,0.0,0.0,1.0,0.0,0.0,0.0,0.0,0.0,0.0,0.0,0.0,0.0
SAMN10435686,0.0,0.0,0.0,0.0,0.0,0.0,0.0,1.0,0.0,0.0,0.0,0.0,0.0,0.0,0.0,0.0,0.0
SAMN16340184,0.0,0.0,0.0,0.0,0.0,0.0,0.0,1.0,0.0,0.0,0.0,0.0,0.0,0.0,0.0,0.0,0.0
n177177,1.1753931987237145e-08,5.219046094066029e-15,4.8975658087328824e-08,2.90312544046734e-08,9.544159700139948e-09,2.7379652951929282e-08,1.3490924214466371e-09,0.9999995459156016,2.030978857135815e-08,1.0041846131379676e-08,1.1003133655877264e-08,5.219046094066029e-15,1.0034499428962437e-08,3.7883594749939334e-08,1.7475215385350325e-07,5.6806576117149233e-08,5.219046094066007e-09
SAMN16340168,0.0,0.0,0.0,0.0,0.0,0.0,0.0,1.0,0.0,0.0,0.0,0.0,0.0,0.0,0.0,0.0,0.0
SAMN11285018,0.0,0.0,0.0,0.0,0.0,0.0,0.0,1.0,0.0,0.0,0.0,0.0,0.0,0.0,0.0,0.0,0.0
SAMN13082287,0.0,0.0,0.0,0.0,0.0,0.0,0.0,0.0,0.0,0.0,1.0,0.0,0.0,0.0,0.0,0.0,0.0
SAMN04456581,0.0,0.0,1.0,0.0,0.0,0.0,0.0,0.0,0.0,0.0,0.0,0.0,0.0,0.0,0.0,0.0,0.0
SAMN04393390,0.0,0.0,1.0,0.0,0.0,0.0,0.0,0.0,0.0,0.0,0.0,0.0,0.0,0.0,0.0,0.0,0.0
n183183,1.1371930537551615e-05,5.049427690958574e-12,8.151497726902672e-05,3.135696119447599e-05,9.233975597880134e-06,2.648981735215889e-05,1.305247071540583e-06,5.976979779882465e-05,1.9649722758020985e-05,9.715487276838804e-06,7.948456054341371e-05,5.049427690958574e-12,9.70837934141259e-06,3.665238223913957e-05,0.999563736954361,5.496036886905683e-05,5.049427690958573e-06
SAMN26304906,0.0,0.0,0.0,0.0,0.0,0.0,0.0,0.0,0.0,0.0,0.0,0.0,0.0,0.0,1.0,0.0,0.0
SAMN31257659,0.0,0.0,0.0,1.0,0.0,0.0,0.0,0.0,0.0,0.0,0.0,0.0,0.0,0.0,0.0,0.0,0.0
SAMN29440615,0.0,0.0,0.0,1.0,0.0,0.0,0.0,0.0,0.0,0.0,0.0,0.0,0.0,0.0,0.0,0.0,0.0
SAMN13082364,0.0,0.0,0.0,0.0,0.0,0.0,0.0,0.0,0.0,0.0,1.0,0.0,0.0,0.0,0.0,0.0,0.0
SAMN27404436,0.0,0.0,0.0,0.0,0.0,0.0,0.0,0.0,0.0,0.0,0.0,0.0,0.0,0.0,0.0,1.0,0.0
n187,1.6141113546550088e-11,7.167066790965832e-18,6.725593265836229e-11,3.986723542840281e-11,1.310653878154504e-11,3.759917001749717e-11,1.8526442030637418e-12,8.483617533007546e-11,2.78904628504468e-11,1.3789987792985679e-11,0.9999999993065968,7.167066790965832e-18,1.3779898917361916e-11,5.202373172434816e-11,2.3997878845278247e-10,7.811437182168809e-11,7.167066790965817e-12
SAMN13082390,0.0,0.0,0.0,0.0,0.0,0.0,0.0,0.0,0.0,0.0,1.0,0.0,0.0,0.0,0.0,0.0,0.0
SAMN13082270,0.0,0.0,0.0,0.0,0.0,0.0,0.0,0.0,0.0,0.0,1.0,0.0,0.0,0.0,0.0,0.0,0.0
SAMN13082269,0.0,0.0,0.0,0.0,0.0,0.0,0.0,0.0,0.0,0.0,1.0,0.0,0.0,0.0,0.0,0.0,0.0
n192192,0.0,0.0,0.0,0.0,0.0,0.0,0.0,0.0,0.0,1.0,0.0,0.0,0.0,0.0,0.0,0.0,0.0
SAMN11335383,0.0,0.0,0.0,0.0,0.0,0.0,0.0,0.0,0.0,1.0,0.0,0.0,0.0,0.0,0.0,0.0,0.0
SAMN02801846,1.0,0.0,0.0,0.0,0.0,0.0,0.0,0.0,0.0,0.0,0.0,0.0,0.0,0.0,0.0,0.0,0.0
SAMN02801844,1.0,0.0,0.0,0.0,0.0,0.0,0.0,0.0,0.0,0.0,0.0,0.0,0.0,0.0,0.0,0.0,0.0
n267267,9.571662847550673e-19,4.250062841619804e-25,8.849039258799668e-11,9.859753980745605e-16,7.772163296980677e-19,2.2296267087482512e-18,1.0986160051010928e-19,1.3071111500887811e-10,1.653901425154817e-18,3.542408714286429e-16,0.99999999971995,4.250062841619804e-25,8.171465127655695e-19,3.281266345494686e-16,4.587355014505795e-16,6.084632327403502e-11,2.5673187786530713e-17
n316,9.571662847550713e-19,4.250062841619822e-25,8.849039258799668e-11,9.8597539807456e-16,7.772163296980708e-19,2.2296267087482597e-18,1.0986160051010971e-19,1.3071111500887863e-10,1.6539014251548236e-18,3.542408714286443e-16,0.99999999971995,4.250062841619822e-25,8.171465127655729e-19,3.281266345494699e-16,4.5873550145058145e-16,6.084632327403525e-11,2.5673187786530818e-17
n328328,8.00246450413474e-08,3.5532986883501223e-14,3.334424308699885e-07,1.976543535696553e-07,6.497978659830283e-08,1.8640970623384158e-07,9.185066092901184e-09,4.2060201099978267e-07,1.382757381149165e-07,6.836819994330916e-08,0.999988738782435,3.5532986883501223e-14,6.831818117054758e-08,2.5792400585999593e-07,4.9198549821645316e-06,4.480645400422725e-06,3.5532986883501216e-08
SAMN27404368,0.0,0.0,0.0,0.0,0.0,0.0,0.0,0.0,0.0,0.0,0.0,0.0,0.0,0.0,0.0,1.0,0.0
SAMN07605641,0.0,0.0,1.0,0.0,0.0,0.0,0.0,0.0,0.0,0.0,0.0,0.0,0.0,0.0,0.0,0.0,0.0
SAMN26304623,0.0,0.0,0.0,0.0,0.0,0.0,0.0,0.0,0.0,0.0,0.0,0.0,0.0,0.0,1.0,0.0,0.0
n338338,6.313838894862703e-05,2.8035057764989478e-11,0.0020090225863345,0.0013928363732731,5.1268194165966655e-05,0.0001470747983937,7.246895943028529e-06,0.0003318494364999,0.000109097732714,5.3941607582361326e-05,0.9332841947683044,2.8035057764989478e-11,0.0332499224852929,0.0002034986371114,0.0287637260995511,0.0003051468820492,2.803505776498948e-05
SAMN22066475,0.0,0.0,0.0,1.0,0.0,0.0,0.0,0.0,0.0,0.0,0.0,0.0,0.0,0.0,0.0,0.0,0.0
n343343,2.582682883814952e-07,1.1467771832966476e-13,1.07614339234121e-06,6.379050577609203e-07,2.097131234442283e-07,6.016111129494096e-07,2.9643509162190864e-08,1.3574338432190912e-06,4.462654996991444e-07,2.2064875101860386e-07,0.9999889065965863,1.1467771832966476e-13,2.2057929241784218e-07,8.324134583170946e-07,3.8398933924614365e-06,1.2482067446466744e-06,1.1467771832967037e-07
SAMN13082272,0.0,0.0,0.0,0.0,0.0,0.0,0.0,0.0,0.0,0.0,1.0,0.0,0.0,0.0,0.0,0.0,0.0
SAMN26308772,0.0,0.0,0.0,0.0,0.0,0.0,0.0,0.0,0.0,0.0,0.0,0.0,0.0,0.0,1.0,0.0,0.0
SAMN26308771,0.0,0.0,0.0,0.0,0.0,0.0,0.0,0.0,0.0,0.0,0.0,0.0,0.0,0.0,1.0,0.0,0.0
SAMN15869013,0.0,0.0,0.0,0.0,0.0,0.0,0.0,0.0,0.0,0.0,0.0,0.0,0.0,1.0,0.0,0.0,0.0
SAMN04096278,0.0,0.0,1.0,0.0,0.0,0.0,0.0,0.0,0.0,0.0,0.0,0.0,0.0,0.0,0.0,0.0,0.0
n353,0.0,0.0,0.0,0.0,0.0,0.0,0.0,0.0,0.0,0.0,0.0,0.0,0.0,0.0,1.0,0.0,0.0
SAMN26304754,0.0,0.0,0.0,0.0,0.0,0.0,0.0,0.0,0.0,0.0,0.0,0.0,0.0,0.0,1.0,0.0,0.0
n7676,8.54503704552438e-06,3.794214758475625e-12,3.560500546877296e-05,2.1105545330307185e-05,6.93854603673506e-06,0.0001936252704941,9.807819827114345e-07,0.9994059476887258,1.4765092729604682e-05,7.3003610443951775e-06,9.810778516162704e-05,3.794214758475625e-12,7.295020036434073e-06,2.76478556776457e-05,0.000127043752685,4.1298035234296536e-05,3.794214758475594e-06
n7878,4.374021717541372e-05,1.9421773909430646e-11,0.0001822544084289,0.0001080347728669,3.5516933269160944e-05,0.0112897852464871,5.020413217283881e-06,0.981297951477882,7.557935198727959e-05,3.7368986914810304e-05,0.0058584294132105,1.9421773909430646e-11,3.7341647437297866e-05,0.0001478497079599,0.0006503098001352,0.0002113958102747,1.942177390943049e-05
n91,0.0013596109366935,6.037019914956952e-10,0.1547122323972111,0.0033581282448619,0.0011040002548892,0.0031670827801912,0.000156053379652,0.2477768728094889,0.0023492913429766,0.0011615690680908,0.454514946967518,6.037019914956952e-10,0.0011607192540059,0.0467833380517196,0.075221472151351,0.0065709791624501,0.0006037019914956
SAMN07775518,0.0,0.0,1.0,0.0,0.0,0.0,0.0,0.0,0.0,0.0,0.0,0.0,0.0,0.0,0.0,0.0,0.0
SAMN13622038,0.0,0.0,0.0,0.0,0.0,0.0,0.0,1.0,0.0,0.0,0.0,0.0,0.0,0.0,0.0,0.0,0.0
SAMN13082249,0.0,0.0,0.0,0.0,0.0,0.0,0.0,0.0,0.0,0.0,1.0,0.0,0.0,0.0,0.0,0.0,0.0
n134,7.033995038419913e-15,3.1232735029271194e-21,0.9999999999997208,1.7373394678760668e-14,5.711584178772477e-15,1.6385014242608285e-14,8.073476526093236e-16,3.6970016636666055e-14,1.215414145644302e-14,6.0094184602563806e-15,6.38564346006841e-15,3.1232735029271194e-21,6.005021917175524e-15,2.2670968132020008e-14,1.045782623630503e-13,3.3995191991201463e-14,3.12327350292712e-15
SAMN04622923,0.0,0.0,1.0,0.0,0.0,0.0,0.0,0.0,0.0,0.0,0.0,0.0,0.0,0.0,0.0,0.0,0.0
n153,9.047245396509318e-09,4.017208096829203e-15,3.769758049074376e-08,2.234595904185703e-08,7.3463378046088024e-09,2.8806887403125004e-08,1.0384244364057879e-09,0.99999964131505,1.5632865781069484e-08,7.729417379922662e-09,9.903904006583424e-09,4.017208096829203e-15,7.72376247059563e-09,2.9159789130716034e-08,1.3451035969902938e-07,4.37252006243862e-08,4.0172080968291874e-09
SAMN16340123,0.0,0.0,0.0,0.0,0.0,0.0,0.0,1.0,0.0,0.0,0.0,0.0,0.0,0.0,0.0,0.0,0.0
SAMN26304538,0.0,0.0,0.0,0.0,0.0,0.0,0.0,0.0,0.0,0.0,0.0,0.0,0.0,0.0,1.0,0.0,0.0
SAMN26305028,0.0,0.0,0.0,0.0,0.0,0.0,0.0,0.0,0.0,0.0,0.0,0.0,0.0,0.0,1.0,0.0,0.0
n163,2.2573988534369014e-06,1.0023427633894556e-12,9.406009370541275e-06,8.273970408947943e-06,6.84969531620877e-06,5.258393297519295e-06,2.590996518153162e-07,7.347392176449498e-05,3.900592030336101e-06,1.928584576461776e-06,0.9994007179838732,1.0023427633894556e-12,1.927173607125615e-06,0.0002962756019264,4.505327434739168e-05,0.000140683262247,3.735036724135021e-06
n170170,3.099265452511487e-07,1.376153041549583e-13,1.2913854299056252e-06,9.19827161755726e-06,1.5929466123962605e-05,7.219440489174728e-07,3.5572738880696174e-08,4.335573321095868e-06,5.355265466515321e-07,2.6478243049405096e-07,0.999790393172995,1.376153041549583e-13,2.6458871335309284e-07,0.0001057034341977,3.3509553430448015e-05,3.724913307545365e-05,2.5766851015174616e-07
SAMN13082407,0.0,0.0,0.0,0.0,0.0,0.0,0.0,0.0,0.0,0.0,1.0,0.0,0.0,0.0,0.0,0.0,0.0
SAMN13082406,0.0,0.0,0.0,0.0,0.0,0.0,0.0,0.0,0.0,0.0,1.0,0.0,0.0,0.0,0.0,0.0,0.0
SAMN13622050,0.0,0.0,0.0,0.0,0.0,0.0,0.0,1.0,0.0,0.0,0.0,0.0,0.0,0.0,0.0,0.0,0.0
SAMN16340132,0.0,0.0,0.0,0.0,0.0,0.0,0.0,1.0,0.0,0.0,0.0,0.0,0.0,0.0,0.0,0.0,0.0
SAMN26308781,0.0,0.0,0.0,0.0,0.0,0.0,0.0,0.0,0.0,0.0,0.0,0.0,0.0,0.0,1.0,0.0,0.0
SAMN26308777,0.0,0.0,0.0,0.0,0.0,0.0,0.0,0.0,0.0,0.0,0.0,0.0,0.0,0.0,1.0,0.0,0.0
SAMN13082389,0.0,0.0,0.0,0.0,0.0,0.0,0.0,0.0,0.0,0.0,1.0,0.0,0.0,0.0,0.0,0.0,0.0
SAMN13082388,0.0,0.0,0.0,0.0,0.0,0.0,0.0,0.0,0.0,0.0,1.0,0.0,0.0,0.0,0.0,0.0,0.0
SAMN11335378,0.0,0.0,0.0,0.0,0.0,0.0,0.0,0.0,0.0,1.0,0.0,0.0,0.0,0.0,0.0,0.0,0.0
SAMN11335384,0.0,0.0,0.0,0.0,0.0,0.0,0.0,0.0,0.0,1.0,0.0,0.0,0.0,0.0,0.0,0.0,0.0
n268,9.571662847550673e-19,4.250062841619804e-25,8.849039258799668e-11,9.859753980745605e-16,7.772163296980677e-19,2.2296267087482512e-18,1.0986160051010928e-19,1.3071111500887811e-10,1.653901425154817e-18,3.542408714286429e-16,0.99999999971995,4.250062841619804e-25,8.171465127655695e-19,3.281266345494686e-16,4.587355014505795e-16,6.084632327403502e-11,2.5673187786530713e-17
SAMN12220349,0.0,0.0,0.0,0.0,0.0,0.0,0.0,1.0,0.0,0.0,0.0,0.0,0.0,0.0,0.0,0.0,0.0
SAMN13082363,0.0,0.0,0.0,0.0,0.0,0.0,0.0,0.0,0.0,0.0,1.0,0.0,0.0,0.0,0.0,0.0,0.0
SAMN26304933,0.0,0.0,0.0,0.0,0.0,0.0,0.0,0.0,0.0,0.0,0.0,0.0,0.0,0.0,1.0,0.0,0.0
n329,5.038036942340087e-19,2.2370171151433507e-25,2.0992224132936984e-18,1.2443540794011148e-18,4.090871821030575e-19,1.1735622019086938e-18,5.782556394965865e-20,2.6479448529194726e-18,8.705296680695724e-19,4.3041929997654814e-19,1.0,2.2370171151433507e-25,4.3010440145389195e-19,1.6237881082354142e-18,1.2297724945129238e-17,7.711150235675372e-18,2.23701711514335e-19
SAMN13082401,0.0,0.0,0.0,0.0,0.0,0.0,0.0,0.0,0.0,0.0,1.0,0.0,0.0,0.0,0.0,0.0,0.0
n339,8.429735379009929e-05,3.743017872793838e-11,0.000355017638501,0.0002108797594962,6.844921407963844e-05,0.0001963625699081,9.675478918009323e-06,0.000443058966494,0.0001456586131739,7.201854298304728e-05,0.0020926608012101,3.743017872793838e-11,0.0001436821848467,0.0002716951904217,0.9954617055924082,0.0004074078401807,3.743017872793837e-05
n340340,6.313838894862703e-05,2.8035057764989478e-11,0.0020090225863345,0.0013928363732731,5.1268194165966655e-05,0.0001470747983937,7.246895943028529e-06,0.0003318494364999,0.000109097732714,5.3941607582361326e-05,0.9332841947683044,2.8035057764989478e-11,0.0332499224852929,0.0002034986371114,0.0287637260995511,0.0003051468820492,2.803505776498948e-05
SAMN13082260,0.0,0.0,0.0,0.0,0.0,0.0,0.0,0.0,0.0,0.0,1.0,0.0,0.0,0.0,0.0,0.0,0.0
SAMN13082240,0.0,0.0,0.0,0.0,0.0,0.0,0.0,0.0,0.0,0.0,1.0,0.0,0.0,0.0,0.0,0.0,0.0
SAMN26308770,0.0,0.0,0.0,0.0,0.0,0.0,0.0,0.0,0.0,0.0,0.0,0.0,0.0,0.0,1.0,0.0,0.0
SAMN26308769,0.0,0.0,0.0,0.0,0.0,0.0,0.0,0.0,0.0,0.0,0.0,0.0,0.0,0.0,1.0,0.0,0.0
n7777,8.54503704552438e-06,3.794214758475625e-12,3.560500546877296e-05,2.1105545330307185e-05,6.93854603673506e-06,0.0001936252704941,9.807819827114345e-07,0.9994059476887258,1.4765092729604682e-05,7.3003610443951775e-06,9.810778516162704e-05,3.794214758475625e-12,7.295020036434073e-06,2.76478556776457e-05,0.000127043752685,4.1298035234296536e-05,3.794214758475594e-06
SAMN12220328,0.0,0.0,0.0,0.0,0.0,0.0,0.0,1.0,0.0,0.0,0.0,0.0,0.0,0.0,0.0,0.0,0.0
n79,4.374021717541372e-05,1.9421773909430646e-11,0.0001822544084289,0.0001080347728669,3.5516933269160944e-05,0.0112897852464871,5.020413217283881e-06,0.981297951477882,7.557935198727959e-05,3.7368986914810304e-05,0.0058584294132105,1.9421773909430646e-11,3.7341647437297866e-05,0.0001478497079599,0.0006503098001352,0.0002113958102747,1.942177390943049e-05
n7979,7.657740163786361e-07,3.400232274151218e-13,3.1907864056933864e-06,1.891399432131881e-06,6.218063465461092e-07,0.0121592139890807,8.789398502211495e-08,0.987798620941392,1.3231919652910668e-06,6.542308439620771e-07,1.5064948272093447e-05,3.400232274151218e-13,6.537522029572346e-07,2.485105545550067e-06,1.1385182326435364e-05,3.700974277984884e-06,3.40023227415119e-07
n9191,0.000222059343533,9.860002174382379e-11,0.0051157876960457,0.0005484684871447,0.0001803115621129,0.0005172658619489,2.548752007389023e-05,0.9717541759936508,0.0003836995417659,0.0001897140260991,0.0129457716933833,9.860002174382379e-11,0.0001895752296591,0.0019078388814256,0.0048480344842097,0.0010732094600029,9.8600021743823e-05
SAMN26304908,0.0,0.0,0.0,0.0,0.0,0.0,0.0,0.0,0.0,0.0,0.0,0.0,0.0,0.0,1.0,0.0,0.0
SAMN04622927,0.0,0.0,1.0,0.0,0.0,0.0,0.0,0.0,0.0,0.0,0.0,0.0,0.0,0.0,0.0,0.0,0.0
SAMN05178547,0.0,0.0,1.0,0.0,0.0,0.0,0.0,0.0,0.0,0.0,0.0,0.0,0.0,0.0,0.0,0.0,0.0
SAMN16340190,0.0,0.0,0.0,0.0,0.0,0.0,0.0,1.0,0.0,0.0,0.0,0.0,0.0,0.0,0.0,0.0,0.0
SAMN09400846,0.0,0.0,0.0,0.0,0.0,0.0,0.0,1.0,0.0,0.0,0.0,0.0,0.0,0.0,0.0,0.0,0.0
n163163,4.835754995654686e-07,2.1471987628766497e-13,2.014936648590849e-06,1.5880933014914782e-06,1.1246118790847132e-06,1.1264425699021384e-06,5.550381288316389e-08,1.1530592023351893e-05,8.355770788131079e-07,4.131375581221935e-07,0.999404325286552,2.1471987628766497e-13,4.128353030729509e-07,0.0003814006741966,1.1844631311367571e-05,0.0001786171761351,4.226925700843795e-06
SAMN16340142,0.0,0.0,0.0,0.0,0.0,0.0,0.0,1.0,0.0,0.0,0.0,0.0,0.0,0.0,0.0,0.0,0.0
n171,3.099265452511513e-07,1.3761530415495945e-13,1.2913854299056358e-06,9.19827161755726e-06,1.5929466123962737e-05,7.219440489174787e-07,3.5572738880696465e-08,4.335573321095903e-06,5.355265466515365e-07,2.647824304940531e-07,0.999790393172995,1.3761530415495945e-13,2.645887133530972e-07,0.0001057034341977,3.3509553430448015e-05,3.724913307545365e-05,2.576685101517483e-07
n172,3.099265452511487e-07,1.376153041549583e-13,1.2913854299056252e-06,9.19827161755726e-06,1.5929466123962605e-05,7.219440489174728e-07,3.5572738880696174e-08,4.335573321095868e-06,5.355265466515321e-07,2.6478243049405096e-07,0.999790393172995,1.376153041549583e-13,2.6458871335309284e-07,0.0001057034341977,3.3509553430448015e-05,3.724913307545365e-05,2.5766851015174616e-07
n268268,9.571662847550673e-19,4.250062841619804e-25,8.849039258799668e-11,9.859753980745605e-16,7.772163296980677e-19,2.2296267087482512e-18,1.0986160051010928e-19,1.3071111500887811e-10,1.653901425154817e-18,3.542408714286429e-16,0.99999999971995,4.250062841619804e-25,8.171465127655695e-19,3.281266345494686e-16,4.587355014505795e-16,6.084632327403502e-11,2.5673187786530713e-17
n315315,2.0502742935569135e-05,9.10374167144337e-12,8.542973785440319e-05,5.0640104673265826e-05,1.6648169572570792e-05,4.775916576240591e-05,2.3532631585140355e-06,0.0001077604894207,3.542698516602477e-05,1.7516299231080923e-05,0.0005602157025647,9.10374167144337e-12,1.7503484153432787e-05,6.608151259311985e-05,0.000304825524921,9.908944758500928e-05,0.9985682473522006
n329329,5.038036942340087e-19,2.2370171151433507e-25,2.0992224132936984e-18,1.2443540794011148e-18,4.090871821030575e-19,1.1735622019086938e-18,5.782556394965865e-20,2.6479448529194726e-18,8.705296680695724e-19,4.3041929997654814e-19,1.0,2.2370171151433507e-25,4.3010440145389195e-19,1.6237881082354142e-18,1.2297724945129238e-17,7.711150235675372e-18,2.23701711514335e-19
n330330,6.051740245994097e-09,2.687127280254225e-15,2.521606909440704e-08,1.4947305366682948e-08,4.913996051214904e-09,1.4096946270444608e-08,6.946064441498728e-10,3.180737779215746e-08,1.045688923658724e-08,5.170239579685975e-09,0.9999997400636244,2.687127280254225e-15,5.166456987210365e-09,1.950510478196397e-08,8.997454160002604e-08,2.9247969385796272e-08,2.687127280254213e-09
n339339,9.922412738527262e-07,4.4058047556300627e-13,4.158617403006626e-06,2.467898784033936e-06,8.056971223760419e-07,2.311330519197069e-06,1.1388743649825429e-07,5.2151268520317805e-06,1.7145080051174337e-06,8.477107242114767e-07,1.3835597578688976e-05,4.4058047556300627e-13,1.307197712923971e-06,3.198050350607509e-06,0.9999577960677613,4.795487119620576e-06,4.405804755630062e-07
SAMN26308773,0.0,0.0,0.0,0.0,0.0,0.0,0.0,0.0,0.0,0.0,0.0,0.0,0.0,0.0,1.0,0.0,0.0
n341,6.313838894862703e-05,2.8035057764989478e-11,0.0020090225863345,0.0013928363732731,5.1268194165966655e-05,0.0001470747983937,7.246895943028529e-06,0.0003318494364999,0.000109097732714,5.3941607582361326e-05,0.9332841947683044,2.8035057764989478e-11,0.0332499224852929,0.0002034986371114,0.0287637260995511,0.0003051468820492,2.8035057764989703e-05
n341341,6.313838894862703e-05,2.8035057764989478e-11,0.0020090225863345,0.0013928363732731,5.1268194165966655e-05,0.0001470747983937,7.246895943028529e-06,0.0003318494364999,0.000109097732714,5.3941607582361326e-05,0.9332841947683044,2.8035057764989478e-11,0.0332499224852929,0.0002034986371114,0.0287637260995511,0.0003051468820492,2.803505776498948e-05
n78,1.8439314373804422e-08,8.187526673146974e-15,7.683195352132445e-08,4.554360423515619e-08,1.4972671386542713e-08,4.5302045609433484e-08,2.1164270224962366e-09,0.9999992845912004,3.186155719970283e-08,1.5753431099562285e-08,1.7961609547445712e-08,8.187526673146974e-15,1.5741905751650743e-08,5.943240758527643e-08,2.741474007083832e-07,8.911692841688646e-08,8.187526673146976e-09
SAMN16340130,0.0,0.0,0.0,0.0,0.0,0.0,0.0,1.0,0.0,0.0,0.0,0.0,0.0,0.0,0.0,0.0,0.0
SAMN10093584,0.0,0.0,0.0,0.0,0.0,1.0,0.0,0.0,0.0,0.0,0.0,0.0,0.0,0.0,0.0,0.0,0.0
SAMN16340124,0.0,0.0,0.0,0.0,0.0,0.0,0.0,1.0,0.0,0.0,0.0,0.0,0.0,0.0,0.0,0.0,0.0
n80,7.657740163786361e-07,3.400232274151218e-13,3.1907864056933864e-06,1.891399432131881e-06,6.218063465461092e-07,0.0121592139890807,8.789398502211495e-08,0.987798620941392,1.3231919652910668e-06,6.542308439620771e-07,1.5064948272093447e-05,3.400232274151218e-13,6.537522029572346e-07,2.485105545550067e-06,1.1385182326435364e-05,3.700974277984884e-06,3.40023227415119e-07
SAMN09400830,0.0,0.0,0.0,0.0,0.0,0.0,0.0,1.0,0.0,0.0,0.0,0.0,0.0,0.0,0.0,0.0,0.0
SAMN10435682,0.0,0.0,0.0,0.0,0.0,0.0,0.0,1.0,0.0,0.0,0.0,0.0,0.0,0.0,0.0,0.0,0.0
SAMN16340175,0.0,0.0,0.0,0.0,0.0,0.0,0.0,1.0,0.0,0.0,0.0,0.0,0.0,0.0,0.0,0.0,0.0
n164,6.106088427218356e-06,2.711259261215665e-12,2.5442524202723043e-05,1.5193733137152524e-05,5.166708823988581e-06,1.422354512622358e-05,7.008444179180273e-07,3.465459269918996e-05,1.055079824262042e-05,5.2166713672756054e-06,0.9795725461146682,2.711259261215665e-12,5.212854804898301e-06,0.0131002777746723,0.0002164656200012,0.0068077495427779,0.0001804925812086
SAMN13082404,0.0,0.0,0.0,0.0,0.0,0.0,0.0,0.0,0.0,0.0,1.0,0.0,0.0,0.0,0.0,0.0,0.0
n171171,0.0002477454046737,1.1000528912274548e-10,0.001032292363541,0.0075189904634916,0.0002164691680618,0.000577099068445,2.843571395992819e-05,0.0013047680624388,0.0004280828572014,0.0002116586378235,0.9759599416851524,1.1000528912274548e-10,0.0002115037865138,0.0009006829213121,0.0037115731456579,0.0075406340478825,0.000110122453833
SAMN13082344,0.0,0.0,0.0,0.0,0.0,0.0,0.0,0.0,0.0,0.0,1.0,0.0,0.0,0.0,0.0,0.0,0.0
n172172,0.0001241915270215,5.514421086675403e-11,0.000517474643494,0.0003067728071766,0.0001008986725227,0.0002892922056305,1.425445102919835e-05,0.0006527485723508,0.0002145923303707,0.0001061017033725,0.0036521670246189,5.514421086675403e-11,0.0001060240784388,0.0004006470628069,0.9928593478315576,0.0006003423434453,5.5144635875004634e-05
SAMN06702076,0.0,0.0,0.0,0.0,1.0,0.0,0.0,0.0,0.0,0.0,0.0,0.0,0.0,0.0,0.0,0.0,0.0
n269,9.571662847550673e-19,4.250062841619804e-25,8.849039258799668e-11,9.859753980745605e-16,7.772163296980677e-19,2.2296267087482512e-18,1.0986160051010928e-19,1.3071111500887811e-10,1.653901425154817e-18,3.542408714286429e-16,0.99999999971995,4.250062841619804e-25,8.171465127655695e-19,3.281266345494686e-16,4.587355014505795e-16,6.084632327403502e-11,2.5673187786530713e-17
SAMN27404372,0.0,0.0,0.0,0.0,0.0,0.0,0.0,0.0,0.0,0.0,0.0,0.0,0.0,0.0,0.0,1.0,0.0
SAMN28174052,0.0,0.0,0.0,0.0,0.0,0.0,0.0,0.0,0.0,0.0,0.0,0.0,0.0,0.0,0.0,0.0,1.0
SAMN28174053,0.0,0.0,0.0,0.0,0.0,0.0,0.0,0.0,0.0,0.0,0.0,0.0,0.0,0.0,0.0,0.0,1.0
n330,5.038036942340087e-19,2.2370171151433507e-25,2.0992224132936984e-18,1.2443540794011148e-18,4.090871821030575e-19,1.1735622019086938e-18,5.782556394965865e-20,2.6479448529194726e-18,8.705296680695724e-19,4.3041929997654814e-19,1.0,2.2370171151433507e-25,4.3010440145389195e-19,1.6237881082354142e-18,1.2297724945129238e-17,7.711150235675372e-18,2.23701711514335e-19
SAMN13082322,0.0,0.0,0.0,0.0,0.0,0.0,0.0,0.0,0.0,0.0,1.0,0.0,0.0,0.0,0.0,0.0,0.0
SAMN13082324,0.0,0.0,0.0,0.0,0.0,0.0,0.0,0.0,0.0,0.0,1.0,0.0,0.0,0.0,0.0,0.0,0.0
SAMN13082325,0.0,0.0,0.0,0.0,0.0,0.0,0.0,0.0,0.0,0.0,1.0,0.0,0.0,0.0,0.0,0.0,0.0
n340,1.8376985024949857e-08,8.159850849853263e-15,7.662924738154963e-08,4.543003991750927e-08,1.4922060130656628e-08,4.2807417367419974e-08,2.1092729865306804e-09,9.658770562010179e-08,3.175385741903358e-08,1.5700180686734797e-08,4.7152695966224854e-08,8.159850849853263e-15,1.6772534898334753e-08,5.92300733207278e-08,0.9999994355523706,8.881569161341645e-08,8.159850849853261e-09
SAMN26308776,0.0,0.0,0.0,0.0,0.0,0.0,0.0,0.0,0.0,0.0,0.0,0.0,0.0,0.0,1.0,0.0,0.0
SAMN13082349,0.0,0.0,0.0,0.0,0.0,0.0,0.0,0.0,0.0,0.0,1.0,0.0,0.0,0.0,0.0,0.0,0.0
SAMN26308890,0.0,0.0,0.0,0.0,0.0,0.0,0.0,0.0,0.0,0.0,0.0,0.0,0.0,0.0,1.0,0.0,0.0
n342,6.105456731547327e-05,2.7109787721990332e-11,0.0003124612919472,0.000191933357606,4.957613686335388e-05,0.0001422207365197,7.007719131729425e-06,0.0003208970659019,0.0001054970672656,5.216131684832575e-05,0.0310904779484831,2.7109787721990332e-11,0.9653146746076354,0.0001967823608579,0.0018330701781749,0.0002950758035074,2.710978772199033e-05
SAMN26304412,0.0,0.0,0.0,0.0,0.0,0.0,0.0,0.0,0.0,0.0,0.0,0.0,0.0,0.0,1.0,0.0,0.0
SAMN09400849,0.0,0.0,0.0,0.0,0.0,0.0,0.0,1.0,0.0,0.0,0.0,0.0,0.0,0.0,0.0,0.0,0.0
SAMN11285021,0.0,0.0,0.0,0.0,0.0,0.0,0.0,1.0,0.0,0.0,0.0,0.0,0.0,0.0,0.0,0.0,0.0
n8080,2.767644073204287e-06,1.228904676809963e-12,1.153207198951453e-05,6.835855378270568e-06,2.247319199778429e-06,0.0125075745409912,3.176645609721021e-07,0.9873777147702474,4.782252103260997e-06,2.364507124911109e-06,1.6810463059178977e-05,1.228904676809963e-12,2.3627772308275917e-06,8.937162338565988e-06,4.114808248146263e-05,1.3375982086707091e-05,1.2289046768099528e-06
n81,4.990865943265809e-06,2.216071986420562e-12,2.0795674525128637e-05,1.232703226936318e-05,4.05256910251322e-06,0.0124768158425048,5.728414481066567e-07,0.9873355051406948,8.623789231193843e-06,4.26389296101405e-06,1.1159105216770691e-05,2.216071986420562e-12,4.260773459648148e-06,1.6093674897952675e-05,7.420194145472614e-05,2.4120779872171225e-05,2.2160719864205435e-06
n164164,0.0016962862265578,7.531944216409926e-10,0.0070679951475258,0.0041897457776052,0.0013774856071266,0.0039513354544437,0.0001946962850677,0.0089168222644547,0.0029310374311596,0.0014492040025727,0.4991808865992221,7.531944216409926e-10,0.0014481437522553,0.029337469826278,0.09345896785181,0.3439564111382225,0.0008435111293088
n167167,6.106088427218404e-06,2.711259261215686e-12,2.5442524202723243e-05,1.5193733137152647e-05,5.1667088239886225e-06,1.4223545126223693e-05,7.008444179180329e-07,3.465459269919024e-05,1.0550798242620506e-05,5.216671367275647e-06,0.979572546114668,2.711259261215686e-12,5.2128548048983424e-06,0.0131002777746724,0.0002164656200012,0.0068077495427779,0.0001804925812086
SAMN14669297,0.0,0.0,0.0,1.0,0.0,0.0,0.0,0.0,0.0,0.0,0.0,0.0,0.0,0.0,0.0,0.0,0.0
SAMN27404417,0.0,0.0,0.0,0.0,0.0,0.0,0.0,0.0,0.0,0.0,0.0,0.0,0.0,0.0,0.0,1.0,0.0
SAMN26308831,0.0,0.0,0.0,0.0,0.0,0.0,0.0,0.0,0.0,0.0,0.0,0.0,0.0,0.0,1.0,0.0,0.0
SAMN26308836,0.0,0.0,0.0,0.0,0.0,0.0,0.0,0.0,0.0,0.0,0.0,0.0,0.0,0.0,1.0,0.0,0.0
n269269,9.571662847550673e-19,4.250062841619804e-25,8.849039258799668e-11,9.859753980745605e-16,7.772163296980677e-19,2.2296267087482512e-18,1.0986160051010928e-19,1.3071111500887811e-10,1.653901425154817e-18,3.542408714286429e-16,0.99999999971995,4.250062841619804e-25,8.171465127655695e-19,3.281266345494686e-16,4.587355014505795e-16,6.084632327403502e-11,2.5673187786530713e-17
SAMN07325901,0.0,0.0,1.0,0.0,0.0,0.0,0.0,0.0,0.0,0.0,0.0,0.0,0.0,0.0,0.0,0.0,0.0
SAMN13082323,0.0,0.0,0.0,0.0,0.0,0.0,0.0,0.0,0.0,0.0,1.0,0.0,0.0,0.0,0.0,0.0,0.0
SAMN13082321,0.0,0.0,0.0,0.0,0.0,0.0,0.0,0.0,0.0,0.0,1.0,0.0,0.0,0.0,0.0,0.0,0.0
SAMN26308774,0.0,0.0,0.0,0.0,0.0,0.0,0.0,0.0,0.0,0.0,0.0,0.0,0.0,0.0,1.0,0.0,0.0
SAMN26308775,0.0,0.0,0.0,0.0,0.0,0.0,0.0,0.0,0.0,0.0,0.0,0.0,0.0,0.0,1.0,0.0,0.0
SAMN13423000,0.0,0.0,0.0,0.0,0.0,0.0,0.0,0.0,0.0,0.0,0.0,0.0,1.0,0.0,0.0,0.0,0.0
SAMN13423006,0.0,0.0,0.0,0.0,0.0,0.0,0.0,0.0,0.0,0.0,0.0,0.0,1.0,0.0,0.0,0.0,0.0
SAMN10093608,0.0,0.0,0.0,0.0,0.0,1.0,0.0,0.0,0.0,0.0,0.0,0.0,0.0,0.0,0.0,0.0,0.0
SAMN12220347,0.0,0.0,0.0,0.0,0.0,0.0,0.0,1.0,0.0,0.0,0.0,0.0,0.0,0.0,0.0,0.0,0.0
n8181,3.960213554563977e-05,1.7584359945299408e-11,0.0001650120701836,9.781404837481047e-05,3.21568226296181e-05,0.0215282318205893,4.545452619237416e-06,0.9770318928013596,6.842910106843919e-05,3.383366111486526e-05,3.926173217175313e-05,1.7584359945299408e-11,3.380890811261442e-05,0.0001276438561621,0.000588786670819,0.0001913965241348,1.7584359945299267e-05
SAMN16340165,0.0,0.0,0.0,0.0,0.0,0.0,0.0,1.0,0.0,0.0,0.0,0.0,0.0,0.0,0.0,0.0,0.0
n165,1.0299223831966798e-05,4.573118507960071e-12,4.2914257586906486e-05,2.543836439452838e-05,8.363165016439818e-06,2.399105035656872e-05,1.1821239763490443e-06,5.413450612183492e-05,1.7796177373109595e-05,8.799031771287254e-06,0.0010624746892102,4.573118507960071e-12,8.792594322720788e-06,0.0464917601224796,0.0002975346535959,0.9519417557810064,4.7642498099778985e-06
SAMN26304558,0.0,0.0,0.0,0.0,0.0,0.0,0.0,0.0,0.0,0.0,0.0,0.0,0.0,0.0,1.0,0.0,0.0
n168,6.1060884272184535e-06,2.711259261215708e-12,2.544252420272345e-05,1.5193733137152768e-05,5.166708823988663e-06,1.4223545126223806e-05,7.008444179180385e-07,3.465459269919052e-05,1.0550798242620587e-05,5.216671367275688e-06,0.9795725461146678,2.711259261215708e-12,5.212854804898384e-06,0.0131002777746725,0.0002164656200012,0.006807749542778,0.0001804925812086
n170,6.106088427218404e-06,2.711259261215686e-12,2.5442524202723243e-05,1.5193733137152647e-05,5.1667088239886225e-06,1.4223545126223693e-05,7.008444179180329e-07,3.465459269919024e-05,1.0550798242620506e-05,5.216671367275647e-06,0.979572546114668,2.711259261215686e-12,5.2128548048983424e-06,0.0131002777746724,0.0002164656200012,0.0068077495427779,0.0001804925812086
n270,5.403539041404041e-05,2.399309385046221e-11,0.9345863208048288,0.000133463012009,4.387658497011924e-05,0.0001258702397006,6.20207227476289e-06,0.0027025895439455,9.336853028174764e-05,4.616455810498368e-05,0.0032294233962409,2.399309385046221e-11,4.613078371069473e-05,0.0567135692769651,0.0019338404371744,0.0002611522275424,2.3993093850462302e-05
n273273,9.571662847550673e-19,4.250062841619804e-25,8.849039258799668e-11,9.859753980745605e-16,7.772163296980677e-19,2.2296267087482512e-18,1.0986160051010928e-19,1.3071111500887811e-10,1.653901425154817e-18,3.542408714286429e-16,0.99999999971995,4.250062841619804e-25,8.171465127655695e-19,3.281266345494686e-16,4.587355014505795e-16,6.084632327403502e-11,2.5673187786530713e-17
n82,2.122480189818373e-05,9.424354298146666e-12,8.843837465330486e-05,5.242353148410683e-05,1.7234479418467173e-05,0.0024686901363053,2.436139618524099e-06,0.9967610093353791,3.667464125955007e-05,1.813318258621974e-05,1.9641977749360636e-05,9.424354298146666e-12,1.811991619131623e-05,6.840919110964222e-05,0.0003155607715655,0.0001025791476341,9.424354298146588e-06
SAMN10093574,0.0,0.0,0.0,0.0,0.0,1.0,0.0,0.0,0.0,0.0,0.0,0.0,0.0,0.0,0.0,0.0,0.0
n165165,4.719403200761242e-06,2.095535593365752e-12,1.96645580208992e-05,1.1656542322606909e-05,3.8321438129618654e-06,1.0993395394611285e-05,5.416835063203889e-07,2.4804760336878675e-05,8.154724843952586e-06,4.031971669177991e-06,1.2237666365305993e-05,2.095535593365752e-12,4.029021843456624e-06,0.0003660691281168,7.125655339059883e-05,0.9994559114639548,2.096979029867954e-06
n166,1.0299223831966798e-05,4.573118507960071e-12,4.2914257586906486e-05,2.543836439452838e-05,8.363165016439818e-06,2.399105035656872e-05,1.1821239763490443e-06,5.413450612183492e-05,1.7796177373109595e-05,8.799031771287254e-06,0.0010624746892102,4.573118507960071e-12,8.792594322720788e-06,0.0464917601224796,0.0002975346535959,0.9519417557810064,4.7642498099778985e-06
n168168,0.00211643637564,9.397518219109663e-10,0.008818654422153,0.0052274677576114,0.0017186190941437,0.0049300347766846,0.0002429202651461,0.0111247572732773,0.0036570209322851,0.0018081547905934,0.3715793244893017,9.397518219109663e-10,0.0018068319287414,0.3784387422688712,0.0315136493123246,0.0127866005976556,0.1642307838360665
SAMN27404426,0.0,0.0,0.0,0.0,0.0,0.0,0.0,0.0,0.0,0.0,0.0,0.0,0.0,0.0,0.0,1.0,0.0
SAMN13082342,0.0,0.0,0.0,0.0,0.0,0.0,0.0,0.0,0.0,0.0,1.0,0.0,0.0,0.0,0.0,0.0,0.0
SAMN15869019,0.0,0.0,0.0,0.0,0.0,0.0,0.0,0.0,0.0,0.0,0.0,0.0,0.0,1.0,0.0,0.0,0.0
n270270,5.403539041404041e-05,2.399309385046221e-11,0.9345863208048288,0.000133463012009,4.387658497011924e-05,0.0001258702397006,6.20207227476289e-06,0.0027025895439455,9.336853028174764e-05,4.616455810498368e-05,0.0032294233962409,2.399309385046221e-11,4.613078371069473e-05,0.0567135692769651,0.0019338404371744,0.0002611522275424,2.3993093850462302e-05
SAMN06754733,0.0,0.0,1.0,0.0,0.0,0.0,0.0,0.0,0.0,0.0,0.0,0.0,0.0,0.0,0.0,0.0,0.0
n274,2.0106568437602985e-05,8.927830072803497e-12,0.0003693755407632,0.000219589232547,1.6326476994987612e-05,4.683631541117918e-05,2.3077910549356784e-06,0.0012691748612878,3.4742429538189475e-05,1.7177831784454192e-05,0.9901182847143044,8.92783007280357e-12,1.7165264332361212e-05,0.0006460521107715,0.0026169302614183,0.0045970027534253,8.927830072816934e-06
n280,9.571662847550673e-19,4.250062841619804e-25,8.849039258799668e-11,9.859753980745605e-16,7.772163296980677e-19,2.2296267087482512e-18,1.0986160051010928e-19,1.3071111500887811e-10,1.653901425154817e-18,3.542408714286429e-16,0.99999999971995,4.250062841619804e-25,8.171465127655695e-19,3.281266345494686e-16,4.587355014505795e-16,6.084632327403502e-11,2.5673187786530713e-17
SAMN09400822,0.0,0.0,0.0,0.0,0.0,0.0,0.0,1.0,0.0,0.0,0.0,0.0,0.0,0.0,0.0,0.0,0.0
SAMN09400803,0.0,0.0,0.0,0.0,0.0,0.0,0.0,1.0,0.0,0.0,0.0,0.0,0.0,0.0,0.0,0.0,0.0
SAMN27404380,0.0,0.0,0.0,0.0,0.0,0.0,0.0,0.0,0.0,0.0,0.0,0.0,0.0,0.0,0.0,1.0,0.0
SAMN27404379,0.0,0.0,0.0,0.0,0.0,0.0,0.0,0.0,0.0,0.0,0.0,0.0,0.0,0.0,0.0,1.0,0.0
n166166,1.0299223831966798e-05,4.573118507960071e-12,4.2914257586906486e-05,2.543836439452838e-05,8.363165016439818e-06,2.399105035656872e-05,1.1821239763490443e-06,5.413450612183492e-05,1.7796177373109595e-05,8.799031771287254e-06,0.0010624746892102,4.573118507960071e-12,8.792594322720788e-06,0.0464917601224796,0.0002975346535959,0.9519417557810064,4.7642498099778985e-06
SAMN27404337,0.0,0.0,0.0,0.0,0.0,0.0,0.0,0.0,0.0,0.0,0.0,0.0,0.0,0.0,0.0,1.0,0.0
n169,4.9179057059762464e-05,2.183675777061694e-11,0.000204916676924,0.0001214686245288,3.9933925719463953e-05,0.0001145578786963,5.644672203757808e-06,0.000258488725767,8.497720185101341e-05,4.2015601623075174e-05,0.0031900859165118,2.183675777061694e-11,4.198486264162003e-05,0.99344443521967,0.0007315755906181,0.0002594469142632,0.0014112890882481
n169169,7.679354032093508e-06,3.4098293838748602e-12,3.199792357278794e-05,1.896740391944751e-05,6.235660538411631e-06,1.7888315886294483e-05,8.814206460912375e-07,4.036253601572692e-05,1.3269266567628568e-05,6.560774016933851e-06,0.0002261610695569,3.4098293838748602e-12,6.555974097307635e-06,0.0002451023674066,0.0001142012915502,3.8630912365286946e-05,0.9992255057230084
n271,5.403539041404041e-05,2.399309385046221e-11,0.9345863208048288,0.000133463012009,4.387658497011924e-05,0.0001258702397006,6.20207227476289e-06,0.0027025895439455,9.336853028174764e-05,4.616455810498368e-05,0.0032294233962409,2.399309385046221e-11,4.613078371069473e-05,0.0567135692769651,0.0019338404371744,0.0002611522275424,2.3993093850462302e-05
n272272,5.403539041404041e-05,2.399309385046221e-11,0.9345863208048288,0.000133463012009,4.387658497011924e-05,0.0001258702397006,6.20207227476289e-06,0.0027025895439455,9.336853028174764e-05,4.616455810498368e-05,0.0032294233962409,2.399309385046221e-11,4.613078371069473e-05,0.0567135692769651,0.0019338404371744,0.0002611522275424,2.3993093850462302e-05
n274274,2.0106568437602985e-05,8.927830072803497e-12,0.0003693755407632,0.000219589232547,1.6326476994987612e-05,4.683631541117918e-05,2.3077910549356784e-06,0.0012691748612878,3.4742429538189475e-05,1.7177831784454192e-05,0.9901182847143044,8.92783007280357e-12,1.7165264332361212e-05,0.0006460521107715,0.0026169302614183,0.0045970027534253,8.927830072816934e-06
n277277,0.0019369103891525,8.60037697345808e-10,0.0786361640163535,0.0048502623651243,0.0015727657858668,0.004511846275065,0.000222314637337,0.2976584374044038,0.0033468153914852,0.0016547786833598,0.3877792476317915,8.60037697345808e-10,0.0016535680328086,0.0064693900796587,0.1599052428971855,0.0489422169929859,0.0008600376973458
n280280,2.721441213091456e-09,1.2083894265202249e-15,4.44244714741257e-08,6.721738079173489e-09,2.209802607373502e-09,6.339335298556247e-09,3.1236149060423653e-10,1.4303797516667302e-08,4.702417515031052e-09,2.325034205759079e-09,0.9999998200876836,1.2083894265202249e-15,2.323333189980461e-09,8.771360610995171e-09,4.133793674268813e-08,4.2210894677907486e-08,1.2083894265508096e-09
n285285,9.571662847550673e-19,4.250062841619804e-25,8.849039258799668e-11,9.859753980745605e-16,7.772163296980677e-19,2.2296267087482512e-18,1.0986160051010928e-19,1.3071111500887811e-10,1.653901425154817e-18,3.542408714286429e-16,0.99999999971995,4.250062841619804e-25,8.171465127655695e-19,3.281266345494686e-16,4.587355014505795e-16,6.084632327403502e-11,2.5673187786530713e-17
n167,1.9579187820558412e-05,8.693659605213513e-12,8.158151751843338e-05,4.835911233017173e-05,1.5898456520920028e-05,4.560783303745642e-05,2.247259379710304e-06,0.0001029089630151,3.383116096521863e-05,1.6727269792348494e-05,0.0010091800261414,8.693659605213513e-12,1.6715031975535848e-05,0.0473890220027114,0.0004270416738761,0.95078242689803,8.873589498037036e-06
SAMN15868807,0.0,0.0,0.0,0.0,0.0,0.0,0.0,0.0,0.0,0.0,0.0,0.0,0.0,1.0,0.0,0.0,0.0
SAMN15868211,0.0,0.0,0.0,0.0,0.0,0.0,0.0,0.0,0.0,0.0,0.0,0.0,0.0,1.0,0.0,0.0,0.0
SAMN15868329,0.0,0.0,0.0,0.0,0.0,0.0,0.0,0.0,0.0,0.0,0.0,0.0,0.0,1.0,0.0,0.0,0.0
SAMN28174078,0.0,0.0,0.0,0.0,0.0,0.0,0.0,0.0,0.0,0.0,0.0,0.0,0.0,0.0,0.0,0.0,1.0
SAMN28174077,0.0,0.0,0.0,0.0,0.0,0.0,0.0,0.0,0.0,0.0,0.0,0.0,0.0,0.0,0.0,0.0,1.0
n271271,7.204481888302663e-05,3.1989740199061476e-11,0.932035265532788,0.0001779448330824,5.8500190211572925e-05,0.0001678214694575,8.269157866926986e-06,0.003612423015843,0.0001244872814276,6.15507207776979e-05,0.0032368341455543,3.1989740199061476e-11,6.150568973228882e-05,0.0578047525939619,0.002198419222374,0.0003481915238608,3.198974019906147e-05
SAMN15868458,0.0,0.0,0.0,0.0,0.0,0.0,0.0,0.0,0.0,0.0,0.0,0.0,0.0,1.0,0.0,0.0,0.0
n273,0.0003199030717549,1.420451368049e-10,0.9458211741556218,0.0007901345244331,0.000259760394114,0.0007451834069159,3.6717824313666026e-05,0.0023414950875091,0.0005527651306581,0.000273305769253,0.0011584479097103,1.420451368049e-10,0.0002731058163629,0.0164626083264757,0.0292772664383126,0.0015460867236693,0.0001420451368049
SAMN07332517,0.0,0.0,1.0,0.0,0.0,0.0,0.0,0.0,0.0,0.0,0.0,0.0,0.0,0.0,0.0,0.0,0.0
n275,2.0106568437602985e-05,8.927830072803497e-12,0.0003693755407632,0.000219589232547,1.6326476994987612e-05,4.683631541117918e-05,2.3077910549356784e-06,0.0012691748612878,3.4742429538189475e-05,1.7177831784454192e-05,0.9901182847143044,8.92783007280357e-12,1.7165264332361212e-05,0.0006460521107715,0.0026169302614183,0.0045970027534253,8.927830072816934e-06
n277,2.0106568437602985e-05,8.927830072803497e-12,0.0003693755407632,0.000219589232547,1.6326476994987612e-05,4.683631541117918e-05,2.3077910549356784e-06,0.0012691748612878,3.4742429538189475e-05,1.7177831784454192e-05,0.9901182847143044,8.92783007280357e-12,1.7165264332361212e-05,0.0006460521107715,0.0026169302614183,0.0045970027534253,8.927830072816934e-06
n278,0.0029126173072459,1.293276496528733e-09,0.0580154334874271,0.0072370019074292,0.002365037057891,0.0067846616043693,0.0003343042940903,0.2022169004968666,0.0050327534448621,0.002488363457498,0.253621652802035,1.293276496528733e-09,0.0024865429490387,0.0095348707837921,0.3446169916187312,0.101059589705641,0.0012932764965287
n279,0.001930933969045,8.573840141313424e-10,0.118564582505038,0.004811420203822,0.0015679129495561,0.0044979247798058,0.0002216286759852,0.4603935549709481,0.003336488649002,0.0016496727927352,0.247464161127582,8.573840141313424e-10,0.0016484658776983,0.0063677576361654,0.1121616129550206,0.0345264971786966,0.0008573840141313
n281,5.6080514204486016e-05,2.4901181062638975e-11,0.0002336790505257,0.0001385143011532,4.5537219733342546e-05,0.0001306341586757,6.436807426336505e-06,0.0002947539104025,9.690232916975392e-05,4.791178775082198e-05,0.9941454192380323,2.4901181062638975e-11,4.78767350680503e-05,0.0001807507033219,0.0008337799170483,0.0037168220966221,2.490118106263897e-05
n281281,2.721441213091456e-09,1.2083894265202249e-15,4.44244714741257e-08,6.721738079173489e-09,2.209802607373502e-09,6.339335298556247e-09,3.1236149060423653e-10,1.4303797516667302e-08,4.702417515031052e-09,2.325034205759079e-09,0.9999998200876836,1.2083894265202249e-15,2.323333189980461e-09,8.771360610995171e-09,4.133793674268813e-08,4.2210894677907486e-08,1.2083894265508096e-09
n286,9.571662847550673e-19,4.250062841619804e-25,8.849039258799668e-11,9.859753980745605e-16,7.772163296980677e-19,2.2296267087482512e-18,1.0986160051010928e-19,1.3071111500887811e-10,1.653901425154817e-18,3.542408714286429e-16,0.99999999971995,4.250062841619804e-25,8.171465127655695e-19,3.281266345494686e-16,4.587355014505795e-16,6.084632327403502e-11,2.5673187786530713e-17
n312312,2.0990919877503153e-05,9.320504705701212e-12,0.0200878953757536,5.184586194777482e-05,1.704456787577719e-05,4.8896326949300825e-05,2.4092951155989803e-06,0.00045491847913,3.627051314345885e-05,1.7933367982354883e-05,0.9787533672575864,9.320504705701212e-12,1.7920247773503806e-05,6.765493478538755e-05,0.0003120835192805,0.0001014488094519,9.320504705705369e-06
SAMN15868731,0.0,0.0,0.0,0.0,0.0,0.0,0.0,0.0,0.0,0.0,0.0,0.0,0.0,1.0,0.0,0.0,0.0
SAMN27404437,0.0,0.0,0.0,0.0,0.0,0.0,0.0,0.0,0.0,0.0,0.0,0.0,0.0,0.0,0.0,1.0,0.0
n272,1.956369399813848e-09,8.686779952219888e-16,8.99696675406583e-08,4.832073030300442e-09,1.5885664477695601e-09,4.557174166980048e-09,2.245481030267015e-10,0.9999998372247751,3.380438896603961e-09,1.6714032810809315e-09,2.054534120098469e-09,8.686779952219888e-16,1.6701804678288014e-09,1.1361078900275124e-08,2.9185407011794984e-08,9.455103819271726e-09,8.68677995221985e-10
SAMN15868572,0.0,0.0,0.0,0.0,0.0,0.0,0.0,0.0,0.0,0.0,0.0,0.0,0.0,1.0,0.0,0.0,0.0
SAMN05774079,0.0,0.0,1.0,0.0,0.0,0.0,0.0,0.0,0.0,0.0,0.0,0.0,0.0,0.0,0.0,0.0,0.0
SAMN26304539,0.0,0.0,0.0,0.0,0.0,0.0,0.0,0.0,0.0,0.0,0.0,0.0,0.0,0.0,1.0,0.0,0.0
n275275,2.0106568437602903e-05,8.927830072803497e-12,0.0003693755407632,0.000219589232547,1.6326476994987548e-05,4.683631541117899e-05,2.3077910549356784e-06,0.0012691748612878,3.474242953818933e-05,1.7177831784454192e-05,0.9901182847143044,8.92783007280357e-12,1.716526433236114e-05,0.0006460521107715,0.0026169302614183,0.0045970027534253,8.927830072816896e-06
n276,0.0041007439670756,1.8208350879833183e-09,0.0171392891456404,0.1985606971364964,0.0033297925624933,0.009552288271292,0.0004706750570176,0.0217671173738508,0.0070857346330583,0.0035034267669977,0.1858239214928162,1.8208350879833183e-09,0.0035008636293474,0.0133238364296829,0.2271981900547949,0.3028225847497823,0.0018208350879833
SAMN15868253,0.0,0.0,0.0,0.0,0.0,0.0,0.0,0.0,0.0,0.0,0.0,0.0,0.0,1.0,0.0,0.0,0.0
SAMN13082236,0.0,0.0,0.0,0.0,0.0,0.0,0.0,0.0,0.0,0.0,1.0,0.0,0.0,0.0,0.0,0.0,0.0
n278278,0.0029126173072459,1.2932764965287322e-09,0.0580154334874271,0.0072370019074292,0.002365037057891,0.0067846616043693,0.0003343042940903,0.2022169004968665,0.0050327534448621,0.002488363457498,0.2536216528020354,1.2932764965287322e-09,0.0024865429490387,0.0095348707837921,0.344616991618731,0.101059589705641,0.0012932764965287
SAMN27404376,0.0,0.0,0.0,0.0,0.0,0.0,0.0,0.0,0.0,0.0,0.0,0.0,0.0,0.0,0.0,1.0,0.0
n279279,0.0016064683941696,7.133130093772503e-10,0.0685543921866995,0.0039914501804328,0.0013044478157463,0.0037421134611267,0.0001843871768376,0.6776734559751624,0.0027758399034112,0.0013724690977192,0.1389901471799162,7.133130093772562e-10,0.0013714649873289,0.0052584787770629,0.070595533435362,0.0218660369930208,0.0007133130093772
SAMN04339718,0.0,0.0,1.0,0.0,0.0,0.0,0.0,0.0,0.0,0.0,0.0,0.0,0.0,0.0,0.0,0.0,0.0
SAMN13082366,0.0,0.0,0.0,0.0,0.0,0.0,0.0,0.0,0.0,0.0,1.0,0.0,0.0,0.0,0.0,0.0,0.0
SAMN27404390,0.0,0.0,0.0,0.0,0.0,0.0,0.0,0.0,0.0,0.0,0.0,0.0,0.0,0.0,0.0,1.0,0.0
n282,3.917512905640529e-07,1.7394758154834537e-13,0.0002014497642901,9.675937713501986e-07,3.181009456188046e-07,9.125469154288903e-07,4.4964416823729746e-08,2.0590079573598053e-06,6.769127039829662e-07,3.346885268593799e-07,0.9997780598450592,1.7394758154834537e-13,3.344436658072161e-07,1.2626368053353742e-06,1.1119775057680048e-05,1.8940206645548544e-06,1.739475815483461e-07
SAMN13082273,0.0,0.0,0.0,0.0,0.0,0.0,0.0,0.0,0.0,0.0,1.0,0.0,0.0,0.0,0.0,0.0,0.0
n286286,9.571662847550673e-19,4.250062841619804e-25,8.849039258799668e-11,9.859753980745605e-16,7.772163296980677e-19,2.2296267087482512e-18,1.0986160051010928e-19,1.3071111500887811e-10,1.653901425154817e-18,3.542408714286429e-16,0.99999999971995,4.250062841619804e-25,8.171465127655695e-19,3.281266345494686e-16,4.587355014505795e-16,6.084632327403502e-11,2.5673187786530713e-17
SAMN09400792,0.0,0.0,0.0,0.0,0.0,0.0,0.0,1.0,0.0,0.0,0.0,0.0,0.0,0.0,0.0,0.0,0.0
n313,0.0035420933237755,1.5727799298431816e-09,0.3027630295163831,0.0087486819320789,0.0028761698120783,0.0082509653819358,0.0004065542717408,0.1535821388201551,0.0061204341308096,0.0030261495624582,0.424889567371274,1.5727799298431816e-09,0.0030239356049832,0.0114163692788154,0.0526622442729819,0.0171188836451264,0.0015727799298431
n313313,2.0990919877503153e-05,9.320504705701212e-12,0.0200878953757536,5.184586194777482e-05,1.704456787577719e-05,4.8896326949300825e-05,2.4092951155989803e-06,0.00045491847913,3.627051314345885e-05,1.7933367982354883e-05,0.9787533672575864,9.320504705701212e-12,1.7920247773503806e-05,6.765493478538755e-05,0.0003120835192805,0.0001014488094519,9.320504705705369e-06
SAMN12220351,0.0,0.0,0.0,0.0,0.0,0.0,0.0,1.0,0.0,0.0,0.0,0.0,0.0,0.0,0.0,0.0,0.0
SAMN12220346,0.0,0.0,0.0,0.0,0.0,0.0,0.0,1.0,0.0,0.0,0.0,0.0,0.0,0.0,0.0,0.0,0.0
SAMN26308880,0.0,0.0,0.0,0.0,0.0,0.0,0.0,0.0,0.0,0.0,0.0,0.0,0.0,0.0,1.0,0.0,0.0
SAMN27404392,0.0,0.0,0.0,0.0,0.0,0.0,0.0,0.0,0.0,0.0,0.0,0.0,0.0,0.0,0.0,1.0,0.0
n276276,0.0033884772376732,1.5045704630001761e-09,0.0141495198093176,0.1181165932680009,0.0027514339824118,0.0078931314987821,0.0003889225296312,0.017934152115041,0.0058549986805035,0.0028949093016144,0.1091361354580122,1.5045704630001761e-09,0.0028927913606616,0.0109835193598945,0.2856911102869556,0.4164197316393587,0.0015045704630001
SAMN26367026,0.0,0.0,0.0,1.0,0.0,0.0,0.0,0.0,0.0,0.0,0.0,0.0,0.0,0.0,0.0,0.0,0.0
SAMN26308878,0.0,0.0,0.0,0.0,0.0,0.0,0.0,0.0,0.0,0.0,0.0,0.0,0.0,0.0,1.0,0.0,0.0
SAMN26308807,0.0,0.0,0.0,0.0,0.0,0.0,0.0,0.0,0.0,0.0,0.0,0.0,0.0,0.0,1.0,0.0,0.0
SAMN09400811,0.0,0.0,0.0,0.0,0.0,0.0,0.0,1.0,0.0,0.0,0.0,0.0,0.0,0.0,0.0,0.0,0.0
SAMN12220330,0.0,0.0,0.0,0.0,0.0,0.0,0.0,1.0,0.0,0.0,0.0,0.0,0.0,0.0,0.0,0.0,0.0
n282282,3.917512905640529e-07,1.7394758154834537e-13,0.0002014497642901,9.675937713501986e-07,3.181009456188046e-07,9.125469154288903e-07,4.4964416823729746e-08,2.0590079573598053e-06,6.769127039829662e-07,3.346885268593799e-07,0.9997780598450592,1.7394758154834537e-13,3.344436658072161e-07,1.2626368053353742e-06,1.1119775057680048e-05,1.8940206645548544e-06,1.739475815483461e-07
n284284,1.8861172301972126e-05,8.374842370961558e-12,0.0001791061420836,4.658555894857136e-05,1.5315218837180966e-05,4.3935285014008914e-05,2.1648470179867847e-06,9.913254843024828e-05,3.259049159693595e-05,1.6113840910386666e-05,0.9985825328260404,8.374842370961558e-12,1.6102051883506693e-05,6.079063659484796e-05,0.0007872384113973,9.115610982224293e-05,8.374842370961521e-06
n287,9.571662847550673e-19,4.250062841619804e-25,8.849039258799668e-11,9.859753980745605e-16,7.772163296980677e-19,2.2296267087482512e-18,1.0986160051010928e-19,1.3071111500887811e-10,1.653901425154817e-18,3.542408714286429e-16,0.99999999971995,4.250062841619804e-25,8.171465127655695e-19,3.281266345494686e-16,4.587355014505795e-16,6.084632327403502e-11,2.5673187786530713e-17
n295,9.571662847550673e-19,4.250062841619804e-25,8.849039258799668e-11,9.859753980745605e-16,7.772163296980677e-19,2.2296267087482512e-18,1.0986160051010928e-19,1.3071111500887811e-10,1.653901425154817e-18,3.542408714286429e-16,0.99999999971995,4.250062841619804e-25,8.171465127655695e-19,3.281266345494686e-16,4.587355014505795e-16,6.084632327403502e-11,2.5673187786530713e-17
SAMN04339721,0.0,0.0,1.0,0.0,0.0,0.0,0.0,0.0,0.0,0.0,0.0,0.0,0.0,0.0,0.0,0.0,0.0
SAMN16340135,0.0,0.0,0.0,0.0,0.0,0.0,0.0,1.0,0.0,0.0,0.0,0.0,0.0,0.0,0.0,0.0,0.0
n314,1.4298029971688858e-07,6.348690596271032e-14,1.752162961741241e-05,3.531496915624737e-07,1.1609960104870623e-07,3.330588427312698e-07,1.641098816750634e-08,1.0431107882075669e-06,2.470577216434956e-07,1.2215369045313185e-07,0.9999766411755424,6.348690596271032e-14,1.2206432174525813e-07,4.608336799618678e-07,2.125766540190745e-06,6.910216418120385e-07,6.34869059627137e-08
n315,0.0006891018336467,3.0597881944637926e-10,0.8925279864623258,0.0017020253873383,0.0005595487499098,0.0016051963780523,7.909370773859208e-05,0.0036500528472745,0.0011907089951428,0.0005887267843515,0.080716595044646,3.0597881944637926e-10,0.0005882960666893,0.0022210146047859,0.0102452549312798,0.003330418775414,0.0003059788194463
SAMN27404361,0.0,0.0,0.0,0.0,0.0,0.0,0.0,0.0,0.0,0.0,0.0,0.0,0.0,0.0,0.0,1.0,0.0
SAMN26308883,0.0,0.0,0.0,0.0,0.0,0.0,0.0,0.0,0.0,0.0,0.0,0.0,0.0,0.0,1.0,0.0,0.0
n283,3.917512905640529e-07,1.7394758154834537e-13,0.0002014497642901,9.675937713501986e-07,3.181009456188046e-07,9.125469154288903e-07,4.4964416823729746e-08,2.0590079573598053e-06,6.769127039829662e-07,3.346885268593799e-07,0.9997780598450592,1.7394758154834537e-13,3.344436658072161e-07,1.2626368053353742e-06,1.1119775057680048e-05,1.8940206645548544e-06,1.739475815483461e-07
n283283,2.9858444408895803e-09,1.3257912146875117e-15,1.7555682715949033e-08,7.374792509465681e-09,2.4244972843614148e-09,6.955237162234141e-09,3.4270915564226936e-10,1.5693317673943156e-08,5.159283665013494e-09,2.550924276251183e-09,0.9999998665010278,1.3257912146875117e-15,2.5490579977500647e-09,9.62354732934e-09,4.4527725224338034e-08,1.443055890159442e-08,1.325791214687511e-09
n285,1.1512167117012856e-08,5.1116963150306785e-15,7.02651205383716e-08,2.8434114872029004e-08,9.347847305801634e-09,2.6816484962706988e-08,1.3213431410742663e-09,6.050686807686662e-08,1.989203956587047e-08,9.835296899224732e-09,0.999999370804597,5.1116963150306785e-15,9.828101310031424e-09,3.710437275186296e-08,2.835817324787517e-07,5.5638207426217226e-08,5.111696315030656e-09
SAMN26304503,0.0,0.0,0.0,0.0,0.0,0.0,0.0,0.0,0.0,0.0,0.0,0.0,0.0,0.0,1.0,0.0,0.0
n287287,0.00010818281334,4.8035932998483365e-11,0.00508055254198,0.0002672027351957,8.784414002474768e-05,0.000252001448352,1.2417003413526945e-05,0.0005685987519306,0.0001869306431564,9.242482998900224e-05,0.9871418394916648,4.8035932998483365e-11,9.235721117523856e-05,0.0003486793920482,0.0016084132239017,0.0041045197447573,4.8035932998494086e-05
n288288,9.571662847550673e-19,4.250062841619804e-25,8.849039258799668e-11,9.859753980745605e-16,7.772163296980677e-19,2.2296267087482512e-18,1.0986160051010928e-19,1.3071111500887811e-10,1.653901425154817e-18,3.542408714286429e-16,0.99999999971995,4.250062841619804e-25,8.171465127655695e-19,3.281266345494686e-16,4.587355014505795e-16,6.084632327403502e-11,2.5673187786530713e-17
n295295,9.571662847550673e-19,4.250062841619804e-25,8.849039258799668e-11,9.859753980745605e-16,7.772163296980677e-19,2.2296267087482512e-18,1.0986160051010928e-19,1.3071111500887811e-10,1.653901425154817e-18,3.542408714286429e-16,0.99999999971995,4.250062841619804e-25,8.171465127655695e-19,3.281266345494686e-16,4.587355014505795e-16,6.084632327403502e-11,2.5673187786530713e-17
n309309,3.0952615788237246e-05,1.3743752193405206e-11,0.0011888096679858,7.645043925885322e-05,2.5133436924833653e-05,7.21011385089314e-05,3.5526783232370847e-06,0.0009312319413324,5.3483471154349025e-05,2.6444036382746045e-05,0.996277557670618,1.3743752193405206e-11,2.642468969441161e-05,9.976205020132018e-05,0.0010247588347403,0.0001495935494052,1.3743752193415045e-05
n314314,4.730252360844876e-10,2.1003528976193215e-16,6.863738689559854e-09,1.1683337953215395e-09,3.8409516069081414e-10,1.1018667468520923e-09,5.429287508618546e-11,2.570474732677602e-09,8.173471264104946e-10,4.0412405331066415e-10,0.9999999747054004,2.1003528976193215e-16,4.0382839262032615e-10,1.524587378060154e-09,7.032725637904298e-09,2.2861238381487773e-09,2.1003528976193296e-10
SAMN13082285,0.0,0.0,0.0,0.0,0.0,0.0,0.0,0.0,0.0,0.0,1.0,0.0,0.0,0.0,0.0,0.0,0.0
SAMN07662565,0.0,0.0,1.0,0.0,0.0,0.0,0.0,0.0,0.0,0.0,0.0,0.0,0.0,0.0,0.0,0.0,0.0
SAMN04393396,0.0,0.0,1.0,0.0,0.0,0.0,0.0,0.0,0.0,0.0,0.0,0.0,0.0,0.0,0.0,0.0,0.0
SAMN04339719,0.0,0.0,1.0,0.0,0.0,0.0,0.0,0.0,0.0,0.0,0.0,0.0,0.0,0.0,0.0,0.0,0.0
SAMN04339726,0.0,0.0,1.0,0.0,0.0,0.0,0.0,0.0,0.0,0.0,0.0,0.0,0.0,0.0,0.0,0.0,0.0
n284,2.956754793985679e-09,1.3128746682742417e-15,1.23327067058988e-08,7.302943451573711e-09,2.4008765729285952e-09,6.887475630383538e-09,3.3937030510074636e-10,1.554042522451788e-08,5.109019244658229e-09,2.526071847417808e-09,0.9999998729874834,1.3128746682742417e-15,2.5242237511708884e-09,9.529789734356225e-09,4.396003075186072e-08,1.4289951393488638e-08,1.3128746682742415e-09
SAMN13082337,0.0,0.0,0.0,0.0,0.0,0.0,0.0,0.0,0.0,0.0,1.0,0.0,0.0,0.0,0.0,0.0,0.0
SAMN13082333,0.0,0.0,0.0,0.0,0.0,0.0,0.0,0.0,0.0,0.0,1.0,0.0,0.0,0.0,0.0,0.0,0.0
SAMN13082332,0.0,0.0,0.0,0.0,0.0,0.0,0.0,0.0,0.0,0.0,1.0,0.0,0.0,0.0,0.0,0.0,0.0
n288,0.0001135406119778,5.041493247573688e-11,0.004628908277882,0.0002804360613261,9.219465744272444e-05,0.0002644819244555,1.3031960650451424e-05,0.0005967588321794,0.0001961884606816,9.700220797466424e-05,0.9867795754798298,5.041493247573688e-11,9.69312403111654e-05,0.0003659478833552,0.0016880705549873,0.0047365168136401,5.041493247574656e-05
SAMN07775514,0.0,0.0,1.0,0.0,0.0,0.0,0.0,0.0,0.0,0.0,0.0,0.0,0.0,0.0,0.0,0.0,0.0
n289,2.3785030816544696e-05,1.0561161347123523e-11,9.910627571986398e-05,0.0002184383958531,1.9313378096142343e-05,5.540493937816425e-05,2.7299974896330633e-06,0.0007817496051374,4.109849772584979e-05,2.0320486791378195e-05,0.9973070126902568,1.0561161347123523e-11,2.030562014529516e-05,7.666051407737113e-05,0.0007220462368652,0.0006014671491775,1.056116134714504e-05
n291291,9.571662847550673e-19,4.250062841619804e-25,8.84903925879963e-11,9.859753980745605e-16,7.772163296980677e-19,2.2296267087482512e-18,1.0986160051010928e-19,1.3071111500887811e-10,1.653901425154817e-18,3.542408714286429e-16,0.99999999971995,4.250062841619804e-25,8.171465127655695e-19,3.281266345494686e-16,4.587355014505795e-16,6.084632327403502e-11,2.5673187786530713e-17
n296,4.289801594261221e-05,1.90478150453462e-11,0.0012203984262955,0.000105954604437,3.483306823793178e-05,9.992679812256938e-05,4.923747071713192e-06,0.0002254679654909,7.412410033265776e-05,3.664946129565693e-05,0.9527281060402232,1.90478150453462e-11,3.662264822930516e-05,0.0001382627577998,0.0010298681848191,0.0442029163285608,1.9047815045351345e-05
n299,9.571662847550673e-19,4.250062841619804e-25,8.849039258799668e-11,9.859753980745605e-16,7.772163296980677e-19,2.2296267087482512e-18,1.0986160051010928e-19,1.3071111500887811e-10,1.653901425154817e-18,3.542408714286429e-16,0.99999999971995,4.250062841619804e-25,8.171465127655695e-19,3.281266345494686e-16,4.587355014505795e-16,6.084632327403502e-11,2.5673187786530713e-17
n310,2.496031320772087e-08,1.1083016755148046e-14,3.991700414539713e-07,6.164994008318e-08,2.026770409073953e-08,5.814264655784323e-08,2.864894013512646e-09,3.452310038992773e-07,4.312928511702637e-08,2.1324576737009675e-08,0.9999982614540232,1.1083016755148046e-14,2.1308975490207197e-08,8.0448516413063e-08,5.283322164680448e-07,1.2063282413412898e-07,1.1083016755150813e-08
n311311,0.0016219428970862,7.20184084017824e-10,0.0790148394461167,0.0040060668146026,0.001317013068572,0.0037781598258598,0.0001861633088275,0.0609220968201721,0.0028025785201417,0.0013856895738473,0.7671891660656363,7.20184084017824e-10,0.0013846757912411,0.0052276146814086,0.0626049820710781,0.0078388255910231,0.0007201840840178
SAMN13082284,0.0,0.0,0.0,0.0,0.0,0.0,0.0,0.0,0.0,0.0,1.0,0.0,0.0,0.0,0.0,0.0,0.0
SAMN13082286,0.0,0.0,0.0,0.0,0.0,0.0,0.0,0.0,0.0,0.0,1.0,0.0,0.0,0.0,0.0,0.0,0.0
SAMN13082338,0.0,0.0,0.0,0.0,0.0,0.0,0.0,0.0,0.0,0.0,1.0,0.0,0.0,0.0,0.0,0.0,0.0
SAMN13082336,0.0,0.0,0.0,0.0,0.0,0.0,0.0,0.0,0.0,0.0,1.0,0.0,0.0,0.0,0.0,0.0,0.0
SAMN13082416,0.0,0.0,0.0,0.0,0.0,0.0,0.0,0.0,0.0,0.0,1.0,0.0,0.0,0.0,0.0,0.0,0.0
SAMN27404345,0.0,0.0,0.0,0.0,0.0,0.0,0.0,0.0,0.0,0.0,0.0,0.0,0.0,0.0,0.0,1.0,0.0
n289289,2.647045542341269e-05,1.1753558480321254e-11,0.000110295758711,0.0002462216516304,2.1493935320606785e-05,6.166037746002949e-05,3.038225067385397e-06,0.0007845309659169,4.57386816276312e-05,2.26147505942324e-05,0.997068617140456,1.1753558480321254e-11,2.259820544469952e-05,8.531579110709306e-05,0.0008107678254441,0.0006788826538089,1.1753558480342456e-05
n291,1.7608170002735754e-05,7.818477338154989e-12,7.336878543843446e-05,4.356848283311277e-05,1.4297784495929044e-05,4.101653679100464e-05,2.02102996104018e-06,0.9988342788001614,3.042541085590827e-05,1.5043351791948878e-05,0.000501462147216,7.818477338154989e-12,1.503234594426623e-05,5.6752138552103135e-05,0.0002619696683007,8.533685468026322e-05,7.818477338154958e-06
n292,9.571662847550673e-19,4.250062841619804e-25,8.84903925879963e-11,9.859753980745605e-16,7.772163296980677e-19,2.2296267087482512e-18,1.0986160051010928e-19,1.3071111500887811e-10,1.653901425154817e-18,3.542408714286429e-16,0.99999999971995,4.250062841619804e-25,8.171465127655695e-19,3.281266345494686e-16,4.587355014505795e-16,6.084632327403502e-11,2.5673187786530713e-17
n294,9.571662847550673e-19,4.250062841619804e-25,8.84903925879963e-11,9.859753980745561e-16,7.772163296980677e-19,2.2296267087482512e-18,1.0986160051010928e-19,1.3071111500887811e-10,1.653901425154817e-18,3.542408714286429e-16,0.99999999971995,4.250062841619804e-25,8.171465127655695e-19,3.281266345494686e-16,4.587355014505795e-16,6.084632327403502e-11,2.5673187786530713e-17
n296296,4.289801594261221e-05,1.90478150453462e-11,0.0012203984262955,0.000105954604437,3.483306823793178e-05,9.992679812256938e-05,4.923747071713192e-06,0.0002254679654909,7.412410033265776e-05,3.664946129565693e-05,0.9527281060402232,1.90478150453462e-11,3.662264822930516e-05,0.0001382627577998,0.0010298681848191,0.0442029163285608,1.9047815045351345e-05
SAMN13082274,0.0,0.0,0.0,0.0,0.0,0.0,0.0,0.0,0.0,0.0,1.0,0.0,0.0,0.0,0.0,0.0,0.0
n299299,9.571662847550673e-19,4.250062841619804e-25,8.849039258799668e-11,9.859753980745605e-16,7.772163296980677e-19,2.2296267087482512e-18,1.0986160051010928e-19,1.3071111500887811e-10,1.653901425154817e-18,3.542408714286429e-16,0.99999999971995,4.250062841619804e-25,8.171465127655695e-19,3.281266345494686e-16,4.587355014505795e-16,6.084632327403502e-11,2.5673187786530713e-17
n306,9.571662847550673e-19,4.250062841619804e-25,8.84903925879963e-11,9.859753980745605e-16,7.772163296980677e-19,2.2296267087482512e-18,1.0986160051010928e-19,1.3071111500887811e-10,1.653901425154817e-18,3.542408714286429e-16,0.99999999971995,4.250062841619804e-25,8.171465127655695e-19,3.281266345494686e-16,4.587355014505795e-16,6.084632327403502e-11,2.5673187786530713e-17
n310310,7.2236047495945934e-09,3.207465058874319e-15,3.3241498366836244e-08,1.7841715217683127e-08,5.865546730717974e-09,1.6826691810073892e-08,8.29110669841018e-10,4.0245438656494806e-08,1.248177081053618e-08,6.171409489871294e-09,0.9999996826338632,3.207465058874319e-15,6.166894432736591e-09,2.328209107084582e-08,1.0907132032905289e-07,3.4911572937954044e-08,3.2074650588743447e-09
n311,4.3029834713515135e-10,1.9106345947358608e-16,1.820165113701272e-09,1.0628018606161444e-09,3.494010470899013e-10,1.002338572585071e-09,4.938876962291311e-11,2.2813470357955413e-09,7.43518718877154e-10,3.676207925322465e-10,0.9999999814562204,1.9106345947358608e-16,3.6735183794662205e-10,1.3868761723427835e-09,6.411981937144651e-09,2.079625426058821e-09,1.9106345947358682e-10
n312,0.0016219428970862,7.20184084017824e-10,0.0790148394461167,0.0040060668146026,0.001317013068572,0.0037781598258598,0.0001861633088275,0.0609220968201721,0.0028025785201417,0.0013856895738473,0.7671891660656363,7.20184084017824e-10,0.0013846757912411,0.0052276146814086,0.0626049820710781,0.0078388255910231,0.0007201840840178
SAMN06007768,0.0,0.0,1.0,0.0,0.0,0.0,0.0,0.0,0.0,0.0,0.0,0.0,0.0,0.0,0.0,0.0,0.0
n290,2.647045542341269e-05,1.1753558480321254e-11,0.000110295758711,0.0002462216516304,2.1493935320606785e-05,6.166037746002949e-05,3.038225067385397e-06,0.0007845309659169,4.57386816276312e-05,2.26147505942324e-05,0.997068617140456,1.1753558480321254e-11,2.259820544469952e-05,8.531579110709306e-05,0.0008107678254441,0.0006788826538089,1.1753558480342456e-05
n290290,9.13893593716492e-05,4.057921039407979e-11,0.0003807963414021,0.0021675194731883,7.420790265620102e-05,0.0002128827141259,1.0489484902841908e-05,0.0006878547266575,0.0001579129918843,7.80775221307281e-05,0.9936139965626202,4.057921039407979e-11,7.80203999328752e-05,0.0002945531298507,0.0014928860240842,0.0006188340756398,4.057921039408659e-05
SAMN09400841,0.0,0.0,0.0,0.0,0.0,0.0,0.0,1.0,0.0,0.0,0.0,0.0,0.0,0.0,0.0,0.0,0.0
SAMN09400874,0.0,0.0,0.0,0.0,0.0,0.0,0.0,1.0,0.0,0.0,0.0,0.0,0.0,0.0,0.0,0.0,0.0
n292292,1.7139032062199305e-07,7.610168106929736e-14,7.141402461253906e-07,4.233201286090643e-07,1.391684580828507e-07,3.99237251248814e-07,1.9671832618353406e-08,9.008116812531778e-07,2.961478064352967e-07,1.4642548808102996e-07,0.9999926383849252,7.610168106929736e-14,1.4631836191314682e-07,5.524008014989218e-07,2.5481539038058152e-06,8.28326961244239e-07,7.610168106934932e-08
SAMN09400815,0.0,0.0,0.0,0.0,0.0,0.0,0.0,1.0,0.0,0.0,0.0,0.0,0.0,0.0,0.0,0.0,0.0
n294294,0.0001869019157026,8.298922557835578e-11,0.0007787729532286,0.0004616325047121,0.0001517638296414,0.000435370018607,2.1452221971517373e-05,0.0009823388985766,0.0003229505152509,0.0001596776535021,0.006349939606854,8.298922557835578e-11,0.0001595608319349,0.0006023955592184,0.0027787732959364,0.9865254808033064,8.298922557835579e-05
SAMN27404318,0.0,0.0,0.0,0.0,0.0,0.0,0.0,0.0,0.0,0.0,0.0,0.0,0.0,0.0,0.0,1.0,0.0
n297,0.000349788957389,1.5531523355682518e-10,0.0014712253885009,0.0008639502271183,0.0002840276491553,0.0008147997002304,4.014806551813457e-05,0.0018384578757642,0.0006044053833969,0.0002988384561328,0.0128871533373854,1.5531523355682518e-10,0.0002986198233058,0.0011273898065872,0.0052056773173429,0.973760202467985,0.0001553152335568
n297297,4.289801594261221e-05,1.90478150453462e-11,0.0012203984262955,0.000105954604437,3.483306823793178e-05,9.992679812256938e-05,4.923747071713192e-06,0.0002254679654909,7.412410033265776e-05,3.664946129565693e-05,0.9527281060402232,1.90478150453462e-11,3.662264822930516e-05,0.0001382627577998,0.0010298681848191,0.0442029163285608,1.9047815045351345e-05
n300,0.0011049141878529,4.906101279685725e-10,0.0330601732796762,0.0027290480256082,0.0008971872115025,0.0025737912247515,0.0001268198045385,0.029693362208342,0.0019091971579514,0.0009439716236957,0.8799850362469387,4.906101279685725e-10,0.0009432810058031,0.0035612015937761,0.0164273652731928,0.0255540400471808,0.0004906101279685
n302,9.571662847550673e-19,4.250062841619804e-25,8.849039258799668e-11,9.859753980745605e-16,7.772163296980677e-19,2.2296267087482512e-18,1.0986160051010928e-19,1.3071111500887811e-10,1.653901425154817e-18,3.542408714286429e-16,0.99999999971995,4.250062841619804e-25,8.171465127655695e-19,3.281266345494686e-16,4.587355014505795e-16,6.084632327403502e-11,2.5673187786530713e-17
n306306,0.0011482808189184,5.09866020100749e-10,0.00478459546787,0.0028361600712202,0.0009324007939016,0.0026748096166868,0.0001317973383015,0.0298218726764358,0.0019841309851123,0.0228901585601125,0.9049829034817248,5.09866020100749e-10,0.0009803037174485,0.0037009747249069,0.017072120763721,0.005549623943806,0.0005098660201007
SAMN16340134,0.0,0.0,0.0,0.0,0.0,0.0,0.0,1.0,0.0,0.0,0.0,0.0,0.0,0.0,0.0,0.0,0.0
SAMN13082259,0.0,0.0,0.0,0.0,0.0,0.0,0.0,0.0,0.0,0.0,1.0,0.0,0.0,0.0,0.0,0.0,0.0
SAMN13082254,0.0,0.0,0.0,0.0,0.0,0.0,0.0,0.0,0.0,0.0,1.0,0.0,0.0,0.0,0.0,0.0,0.0
SAMN13082257,0.0,0.0,0.0,0.0,0.0,0.0,0.0,0.0,0.0,0.0,1.0,0.0,0.0,0.0,0.0,0.0,0.0
SAMN13082253,0.0,0.0,0.0,0.0,0.0,0.0,0.0,0.0,0.0,0.0,1.0,0.0,0.0,0.0,0.0,0.0,0.0
SAMN26308879,0.0,0.0,0.0,0.0,0.0,0.0,0.0,0.0,0.0,0.0,0.0,0.0,0.0,0.0,1.0,0.0,0.0
SAMN13622044,0.0,0.0,0.0,0.0,0.0,0.0,0.0,1.0,0.0,0.0,0.0,0.0,0.0,0.0,0.0,0.0,0.0
SAMN27404393,0.0,0.0,0.0,0.0,0.0,0.0,0.0,0.0,0.0,0.0,0.0,0.0,0.0,0.0,0.0,1.0,0.0
SAMN26308885,0.0,0.0,0.0,0.0,0.0,0.0,0.0,0.0,0.0,0.0,0.0,0.0,0.0,0.0,1.0,0.0,0.0
SAMN13082277,0.0,0.0,0.0,0.0,0.0,0.0,0.0,0.0,0.0,0.0,1.0,0.0,0.0,0.0,0.0,0.0,0.0
SAMN30965858,0.0,0.0,0.0,1.0,0.0,0.0,0.0,0.0,0.0,0.0,0.0,0.0,0.0,0.0,0.0,0.0,0.0
n293,2.5309793340362842e-08,1.1238194862627247e-14,1.0545950063967357e-07,6.251312753823788e-08,2.05514809750692e-08,5.8956726880557474e-08,2.905006632754053e-09,1.3302589599074072e-07,4.3733156877689586e-08,2.1623151351987304e-08,0.9999989128852694,1.1238194862627247e-14,2.1607331665420513e-08,8.157491085980409e-08,3.762945799429593e-07,1.2232185045974612e-07,1.1238194862627568e-08
SAMN13082307,0.0,0.0,0.0,0.0,0.0,0.0,0.0,0.0,0.0,0.0,1.0,0.0,0.0,0.0,0.0,0.0,0.0
SAMN27404414,0.0,0.0,0.0,0.0,0.0,0.0,0.0,0.0,0.0,0.0,0.0,0.0,0.0,0.0,0.0,1.0,0.0
SAMN27404415,0.0,0.0,0.0,0.0,0.0,0.0,0.0,0.0,0.0,0.0,0.0,0.0,0.0,0.0,0.0,1.0,0.0
SAMN27404402,0.0,0.0,0.0,0.0,0.0,0.0,0.0,0.0,0.0,0.0,0.0,0.0,0.0,0.0,0.0,1.0,0.0
SAMN27404430,0.0,0.0,0.0,0.0,0.0,0.0,0.0,0.0,0.0,0.0,0.0,0.0,0.0,0.0,0.0,1.0,0.0
n298,0.0006524525335725,2.8970559389000716e-10,0.0196527908727239,0.0016115046020079,0.0005297896213742,0.0015198253619487,7.488717557257906e-05,0.003429229202535,0.0011273821410651,0.0005574158466527,0.8918879056616877,2.8970559389000716e-10,0.0005570080363462,0.0021028918154599,0.0160744232299462,0.0599327877258055,0.00028970559389
SAMN27404319,0.0,0.0,0.0,0.0,0.0,0.0,0.0,0.0,0.0,0.0,0.0,0.0,0.0,0.0,0.0,1.0,0.0
n300300,0.0037294531883164,1.6559724964054742e-09,0.1647359834058692,0.0092114455331124,0.0030283054948878,0.0086874021482724,0.0004280590561491,0.0349789780493679,0.0064441759424617,0.0031862184596546,0.5692555911439824,1.6559724964054742e-09,0.0031838873943748,0.0120202408333199,0.05544782614548,0.1240064573964002,0.0016559724964054
SAMN12220332,0.0,0.0,0.0,0.0,0.0,0.0,0.0,1.0,0.0,0.0,0.0,0.0,0.0,0.0,0.0,0.0,0.0
n302302,9.571662847550673e-19,4.250062841619804e-25,8.84903925879963e-11,9.859753980745561e-16,7.772163296980677e-19,2.2296267087482512e-18,1.0986160051010928e-19,1.3071111500887811e-10,1.653901425154817e-18,3.542408714286429e-16,0.99999999971995,4.250062841619804e-25,8.171465127655763e-19,3.281266345494686e-16,4.587355014505795e-16,6.084632327403502e-11,2.5673187786530713e-17
n303,0.0020202500342602,8.97042628951021e-10,0.0084178703177162,0.0049898529929684,0.0016404373431911,0.004705977954801,0.0002318801923992,0.5362947397897265,0.0034908191660167,0.1344716346145733,0.2546670899777715,8.97042628951021e-10,0.0017247162768304,0.0065113813551559,0.0300361653609141,0.0099001402006385,0.000897042628951
n307,0.0,0.0,0.0,0.0,0.0,0.0,0.0,0.0,0.0,1.0,0.0,0.0,0.0,0.0,0.0,0.0,0.0
SAMN10435683,0.0,0.0,0.0,0.0,0.0,0.0,0.0,1.0,0.0,0.0,0.0,0.0,0.0,0.0,0.0,0.0,0.0
n293293,2.1835068288863446e-08,9.69532816681242e-15,9.098120016375481e-08,5.3930839750113234e-08,1.7730014010516637e-08,5.086268940299408e-08,2.506184754366584e-09,1.1476306615293981e-07,3.7729129355990396e-08,1.865455715270599e-08,0.999999062132828,9.69532816681242e-15,1.864090931561184e-08,7.037567337387624e-08,3.246339367252135e-07,1.05528555902004e-07,9.69532816681242e-09
SAMN13082306,0.0,0.0,0.0,0.0,0.0,0.0,0.0,0.0,0.0,0.0,1.0,0.0,0.0,0.0,0.0,0.0,0.0
n298298,0.0030536982005806,1.3559200175313379e-09,0.53801874145038,0.0075423857677934,0.0024795943463019,0.007113295962799,0.0003504972722542,0.0160499506594266,0.0052765291548285,0.002608894410415,0.1372530068821391,1.3559200175313379e-09,0.0026069857204569,0.0098422438759242,0.2431227522048691,0.0233255013624595,0.0013559200175313
SAMN27404449,0.0,0.0,0.0,0.0,0.0,0.0,0.0,0.0,0.0,0.0,0.0,0.0,0.0,0.0,0.0,1.0,0.0
n301,0.0,0.0,0.0,0.0,0.0,0.0,0.0,0.0,0.0,0.0,0.0,0.0,0.0,0.0,0.0,1.0,0.0
SAMN06754736,0.0,0.0,1.0,0.0,0.0,0.0,0.0,0.0,0.0,0.0,0.0,0.0,0.0,0.0,0.0,0.0,0.0
SAMN22657223,0.0,0.0,0.0,1.0,0.0,0.0,0.0,0.0,0.0,0.0,0.0,0.0,0.0,0.0,0.0,0.0,0.0
SAMN06754735,0.0,0.0,1.0,0.0,0.0,0.0,0.0,0.0,0.0,0.0,0.0,0.0,0.0,0.0,0.0,0.0,0.0
n303303,0.0020202500342602,8.97042628951021e-10,0.0084178703177162,0.0049898529929684,0.0016404373431911,0.004705977954801,0.0002318801923992,0.5362947397897265,0.0034908191660167,0.1344716346145733,0.2546670899777715,8.97042628951021e-10,0.0017247162768304,0.0065113813551559,0.0300361653609141,0.0099001402006385,0.000897042628951
SAMN11285029,0.0,0.0,0.0,0.0,0.0,0.0,0.0,1.0,0.0,0.0,0.0,0.0,0.0,0.0,0.0,0.0,0.0
n307307,0.0,0.0,0.0,0.0,0.0,0.0,0.0,0.0,0.0,1.0,0.0,0.0,0.0,0.0,0.0,0.0,0.0
SAMN11335366,0.0,0.0,0.0,0.0,0.0,0.0,0.0,0.0,0.0,1.0,0.0,0.0,0.0,0.0,0.0,0.0,0.0
SAMN13082309,0.0,0.0,0.0,0.0,0.0,0.0,0.0,0.0,0.0,0.0,1.0,0.0,0.0,0.0,0.0,0.0,0.0
SAMN13082308,0.0,0.0,0.0,0.0,0.0,0.0,0.0,0.0,0.0,0.0,1.0,0.0,0.0,0.0,0.0,0.0,0.0
SAMN26308860,0.0,0.0,0.0,0.0,0.0,0.0,0.0,0.0,0.0,0.0,0.0,0.0,0.0,0.0,1.0,0.0,0.0
SAMN06680400,0.0,0.0,1.0,0.0,0.0,0.0,0.0,0.0,0.0,0.0,0.0,0.0,0.0,0.0,0.0,0.0,0.0
n301301,0.0,0.0,0.0,0.0,0.0,0.0,0.0,0.0,0.0,0.0,0.0,0.0,0.0,0.0,0.0,1.0,0.0
SAMN27404427,0.0,0.0,0.0,0.0,0.0,0.0,0.0,0.0,0.0,0.0,0.0,0.0,0.0,0.0,0.0,1.0,0.0
n304,8.216231240645617e-06,3.648216580714986e-12,3.423495495698395e-05,2.029342178037215e-05,6.671556648375103e-06,1.9138919655647536e-05,9.430423207862708e-07,0.0003274933926958,1.4196944438005396e-05,0.99820066341508,0.0001442024734685,3.648216580714986e-12,7.014313829789451e-06,2.6481382998505445e-05,0.0001221552164348,0.0010646465105744,3.6482165807149857e-06
SAMN12220341,0.0,0.0,0.0,0.0,0.0,0.0,0.0,1.0,0.0,0.0,0.0,0.0,0.0,0.0,0.0,0.0,0.0
n308,0.0,0.0,0.0,0.0,0.0,0.0,0.0,0.0,0.0,1.0,0.0,0.0,0.0,0.0,0.0,0.0,0.0
SAMN11335362,0.0,0.0,0.0,0.0,0.0,0.0,0.0,0.0,0.0,1.0,0.0,0.0,0.0,0.0,0.0,0.0,0.0
SAMN27404428,0.0,0.0,0.0,0.0,0.0,0.0,0.0,0.0,0.0,0.0,0.0,0.0,0.0,0.0,0.0,1.0,0.0
SAMN27404432,0.0,0.0,0.0,0.0,0.0,0.0,0.0,0.0,0.0,0.0,0.0,0.0,0.0,0.0,0.0,1.0,0.0
n304304,8.216231240645617e-06,3.648216580714986e-12,3.423495495698395e-05,2.029342178037215e-05,6.671556648375103e-06,1.9138919655647536e-05,9.430423207862708e-07,0.0003274933926958,1.4196944438005396e-05,0.99820066341508,0.0001442024734685,3.648216580714986e-12,7.014313829789451e-06,2.6481382998505445e-05,0.0001221552164348,0.0010646465105744,3.6482165807149857e-06
SAMN11335390,0.0,0.0,0.0,0.0,0.0,0.0,0.0,0.0,0.0,1.0,0.0,0.0,0.0,0.0,0.0,0.0,0.0
n308308,0.0,0.0,0.0,0.0,0.0,0.0,0.0,0.0,0.0,1.0,0.0,0.0,0.0,0.0,0.0,0.0,0.0
SAMN11335372,0.0,0.0,0.0,0.0,0.0,0.0,0.0,0.0,0.0,1.0,0.0,0.0,0.0,0.0,0.0,0.0,0.0
n305,7.521303052422545e-08,3.3396507109838884e-14,3.1339365171834136e-07,1.8577005771908825e-07,6.107276914943624e-08,1.7520151345543237e-07,8.632798759125567e-09,2.120398462550834e-06,1.2996168000774565e-07,0.9999879916642932,8.979897315583788e-07,3.3396507109838884e-14,6.421043721074643e-08,2.424158971983592e-07,1.1182333789432744e-06,6.5824457243566366e-06,3.3396507109838875e-08
SAMN27404352,0.0,0.0,0.0,0.0,0.0,0.0,0.0,0.0,0.0,0.0,0.0,0.0,0.0,0.0,0.0,1.0,0.0
n309,0.0,0.0,0.0,0.0,0.0,0.0,0.0,0.0,0.0,1.0,0.0,0.0,0.0,0.0,0.0,0.0,0.0
SAMN11335373,0.0,0.0,0.0,0.0,0.0,0.0,0.0,0.0,0.0,1.0,0.0,0.0,0.0,0.0,0.0,0.0,0.0
n305305,3.3982451423983064e-08,1.5089076622504458e-14,1.4159626954847682e-07,8.393388643522424e-08,2.7593654935634844e-08,7.915884892432149e-08,3.900436698804683e-09,1.9668620175632179e-07,5.8718767839303546e-08,0.9999984466144264,3.954489698608353e-08,1.5089076622504458e-14,2.9011303602825743e-08,1.0952738366646625e-07,5.052357446011525e-07,2.2940662016857865e-07,1.5089076622504393e-08
SAMN11335387,0.0,0.0,0.0,0.0,0.0,0.0,0.0,0.0,0.0,1.0,0.0,0.0,0.0,0.0,0.0,0.0,0.0
SAMN11335375,0.0,0.0,0.0,0.0,0.0,0.0,0.0,0.0,0.0,1.0,0.0,0.0,0.0,0.0,0.0,0.0,0.0
SAMN11335374,0.0,0.0,0.0,0.0,0.0,0.0,0.0,0.0,0.0,1.0,0.0,0.0,0.0,0.0,0.0,0.0,0.0
SAMN11335392,0.0,0.0,0.0,0.0,0.0,0.0,0.0,0.0,0.0,1.0,0.0,0.0,0.0,0.0,0.0,0.0,0.0
SAMN11335391,0.0,0.0,0.0,0.0,0.0,0.0,0.0,0.0,0.0,1.0,0.0,0.0,0.0,0.0,0.0,0.0,0.0
